id,sura_no,aya_no,jozz,page,sura_name_ar,sura_name_en,aya_text
1,1,1,1,1,الفَاتِحة,Al-Fātiḥah,اِ۬لْحَمْدُ لِلهِ رَبِّ اِ۬لْعَٰلَمِينَ ﰀ
2,1,2,1,1,الفَاتِحة,Al-Fātiḥah,اَ۬لرَّحْمَٰنِ اِ۬لرَّحِيمِ ﰁ
3,1,3,1,1,الفَاتِحة,Al-Fātiḥah,مَلِكِ يَوْمِ اِ۬لدِّينِۖ ﰂ
4,1,4,1,1,الفَاتِحة,Al-Fātiḥah,إِيَّاكَ نَعْبُدُ وَإِيَّاكَ نَسْتَعِينُۖ ﰃ
5,1,5,1,1,الفَاتِحة,Al-Fātiḥah,اُ۪هْدِنَا اَ۬لصِّرَٰطَ اَ۬لْمُسْتَقِيمَ ﰄ
6,1,6,1,1,الفَاتِحة,Al-Fātiḥah,صِرَٰطَ اَ۬لذِينَ أَنْعَمْتَ عَلَيْهِمْ ﰅ
7,1,7,1,1,الفَاتِحة,Al-Fātiḥah,غَيْرِ اِ۬لْمَغْضُوبِ عَلَيْهِمْ وَلَا اَ۬لضَّآلِّينَۖ ﰆ
8,2,1,1,2,البَقَرَة,Al-Baqarah,أَلَٓمِّٓۖ ذَٰلِكَ اَ۬لْكِتَٰبُ لَا رَيْبَۖ فِيهِ هُدىٗ لِّلْمُتَّقِينَ ﰀ
9,2,2,1,2,البَقَرَة,Al-Baqarah,اَ۬لذِينَ يُومِنُونَ بِالْغَيْبِ وَيُقِيمُونَ اَ۬لصَّلَوٰةَ وَمِمَّا رَزَقْنَٰهُمْ يُنفِقُونَۖ ﰁ
10,2,3,1,2,البَقَرَة,Al-Baqarah,وَالذِينَ يُومِنُونَ بِمَآ أُنزِلَ إِلَيْكَ وَمَآ أُنزِلَ مِن قَبْلِكَ وَبِالَاخِرَةِ هُمْ يُوقِنُونَ ﰂ
11,2,4,1,2,البَقَرَة,Al-Baqarah,أُوْلَٰٓئِكَ عَلَىٰ هُدىٗ مِّن رَّبِّهِمْۖ وَأُوْلَٰٓئِكَ هُمُ اُ۬لْمُفْلِحُونَۖ ﰃ
12,2,5,1,3,البَقَرَة,Al-Baqarah,إِنَّ اَ۬لذِينَ كَفَرُواْ سَوَآءٌ عَلَيْهِمُۥٓ ءَآنذَرْتَهُمُۥٓ أَمْ لَمْ تُنذِرْهُمْ لَا يُومِنُونَۖ ﰄ
13,2,6,1,3,البَقَرَة,Al-Baqarah,خَتَمَ اَ۬للَّهُ عَلَىٰ قُلُوبِهِمْ وَعَلَىٰ سَمْعِهِمْۖ وَعَلَىٰٓ أَبْصٰ۪رِهِمْ غِشَٰوَةٞۖ وَلَهُمْ عَذَابٌ عَظِيمٞۖ ﰅ
14,2,7,1,3,البَقَرَة,Al-Baqarah,وَمِنَ اَ۬لنَّاسِ مَنْ يَّقُولُ ءَامَنَّا بِاللَّهِ وَبِالْيَوْمِ اِ۬لَاخِرِ وَمَا هُم بِمُومِنِينَۖ ﰆ
15,2,8,1,3,البَقَرَة,Al-Baqarah,يُخَٰدِعُونَ اَ۬للَّهَ وَالذِينَ ءَامَنُواْۖ وَمَا يُخَٰدِعُونَ إِلَّآ أَنفُسَهُمْ وَمَا يَشْعُرُونَۖ ﰇ
16,2,9,1,3,البَقَرَة,Al-Baqarah,فِے قُلُوبِهِم مَّرَضٞۖ فَزَادَهُمُ اُ۬للَّهُ مَرَضاٗۖ وَلَهُمْ عَذَابٌ اَلِيمُۢ بِمَا كَانُواْ يُكَذِّبُونَۖ ﰈ
17,2,10,1,3,البَقَرَة,Al-Baqarah,وَإِذَا قِيلَ لَهُمْ لَا تُفْسِدُواْ فِے اِ۬لَارْضِ قَالُوٓاْ إِنَّمَا نَحْنُ مُصْلِحُونَۖ ﰉ
18,2,11,1,3,البَقَرَة,Al-Baqarah,أَلَآ إِنَّهُمْ هُمُ اُ۬لْمُفْسِدُونَ وَلَٰكِن لَّا يَشْعُرُونَۖ ﰊ
19,2,12,1,3,البَقَرَة,Al-Baqarah,وَإِذَا قِيلَ لَهُمُۥٓ ءَامِنُواْ كَمَآ ءَامَنَ اَ۬لنَّاسُ قَالُوٓاْ أَنُومِنُ كَمَآ ءَامَنَ اَ۬لسُّفَهَآءُۖ اَ۬لَآ إِنَّهُمْ هُمُ اُ۬لسُّفَهَآءُ وَلَٰكِن لَّا يَعْلَمُونَۖ ﰋ
20,2,13,1,3,البَقَرَة,Al-Baqarah,وَإِذَا لَقُواْ اُ۬لذِينَ ءَامَنُواْ قَالُوٓاْ ءَامَنَّاۖ وَإِذَا خَلَوِاْ اِلَىٰ شَيَٰطِينِهِمْ قَالُوٓاْ إِنَّا مَعَكُمُۥٓ إِنَّمَا نَحْنُ مُسْتَهْزِءُونَۖ ﰌ
21,2,14,1,3,البَقَرَة,Al-Baqarah,اَ۬للَّهُ يَسْتَهْزِۓُ بِهِمْ وَيَمُدُّهُمْ فِے طُغْيَٰنِهِمْ يَعْمَهُونَۖ ﰍ
22,2,15,1,3,البَقَرَة,Al-Baqarah,أُوْلَٰٓئِكَ اَ۬لذِينَ اَ۪شْتَرَوُاْ اُ۬لضَّلَٰلَةَ بِالْهُد۪ىٰ فَمَا رَبِحَت تِّجَٰرَتُهُمْ وَمَا كَانُواْ مُهْتَدِينَۖ ﰎ
23,2,16,1,4,البَقَرَة,Al-Baqarah,۞ مَثَلُهُمْ كَمَثَلِ اِ۬لذِے اِ۪سْتَوْقَدَ نَاراٗ فَلَمَّآ أَضَآءَتْ مَا حَوْلَهُۥۖ ذَهَبَ اَ۬للَّهُ بِنُورِهِمْ وَتَرَكَهُمْ فِے ظُلُمَٰتٖ لَّا يُبْصِرُونَۖ ﰏ
24,2,17,1,4,البَقَرَة,Al-Baqarah,صُمُّۢ بُكْمٌ عُمْيٞ فَهُمْ لَا يَرْجِعُونَۖ ﰐ
25,2,18,1,4,البَقَرَة,Al-Baqarah,أَوْ كَصَيِّبٖ مِّنَ اَ۬لسَّمَآءِ فِيهِ ظُلُمَٰتٞ وَرَعْدٞ وَبَرْقٞۖ يَجْعَلُونَ أَصَٰبِعَهُمْ فِےٓ ءَاذَانِهِم مِّنَ اَ۬لصَّوَٰعِقِ حَذَرَ اَ۬لْمَوْتِۖ وَاللَّهُ مُحِيطُۢ بِالْكٰ۪فِرِينَۖ ﰑ
26,2,19,1,4,البَقَرَة,Al-Baqarah,يَكَادُ اُ۬لْبَرْقُ يَخْطَفُ أَبْصَٰرَهُمْۖ كُلَّمَآ أَضَآءَ لَهُم مَّشَوْاْ فِيهِۖ وَإِذَآ أَظْلَمَ عَلَيْهِمْ قَامُواْۖ وَلَوْ شَآءَ اَ۬للَّهُ لَذَهَبَ بِسَمْعِهِمْ وَأَبْصٰ۪رِهِمُۥٓۖ إِنَّ اَ۬للَّهَ عَلَىٰ كُلِّ شَےْءٖ قَدِيرٞۖ ﰒ
27,2,20,1,4,البَقَرَة,Al-Baqarah,يَٰٓأَيُّهَا اَ۬لنَّاسُ اُ۟عْبُدُواْ رَبَّكُمُ اُ۬لذِے خَلَقَكُمْ وَالذِينَ مِن قَبْلِكُمْ لَعَلَّكُمْ تَتَّقُونَۖ ﰓ
28,2,21,1,4,البَقَرَة,Al-Baqarah,اَ۬لذِے جَعَلَ لَكُمُ اُ۬لَارْضَ فِرَٰشاٗ وَالسَّمَآءَ بِنَآءٗ وَأَنزَلَ مِنَ اَ۬لسَّمَآءِ مَآءٗ فَأَخْرَجَ بِهِۦ مِنَ اَ۬لثَّمَرَٰتِ رِزْقاٗ لَّكُمْۖ فَلَا تَجْعَلُواْ لِلهِ أَندَاداٗ وَأَنتُمْ تَعْلَمُونَۖ ﰔ
29,2,22,1,4,البَقَرَة,Al-Baqarah,وَإِن كُنتُمْ فِے رَيْبٖ مِّمَّا نَزَّلْنَا عَلَىٰ عَبْدِنَا فَاتُواْ بِسُورَةٖ مِّن مِّثْلِهِۦۖ وَادْعُواْ شُهَدَآءَكُم مِّن دُونِ اِ۬للَّهِ إِن كُنتُمْ صَٰدِقِينَۖ ﰕ
30,2,23,1,4,البَقَرَة,Al-Baqarah,فَإِن لَّمْ تَفْعَلُواْ وَلَن تَفْعَلُواْ فَاتَّقُواْ اُ۬لنَّارَ اَ۬لتِے وَقُودُهَا اَ۬لنَّاسُ وَالْحِجَارَةُۖ أُعِدَّتْ لِلْكٰ۪فِرِينَۖ ﰖ
31,2,24,1,5,البَقَرَة,Al-Baqarah,وَبَشِّرِ اِ۬لذِينَ ءَامَنُواْ وَعَمِلُواْ اُ۬لصَّٰلِحَٰتِ أَنَّ لَهُمْ جَنَّٰتٖ تَجْرِے مِن تَحْتِهَا اَ۬لَانْهَٰرُۖ كُلَّمَا رُزِقُواْ مِنْهَا مِن ثَمَرَةٖ رِّزْقاٗ قَالُواْ هَٰذَا اَ۬لذِے رُزِقْنَا مِن قَبْلُۖ وَأُتُواْ بِهِۦ مُتَشَٰبِهاٗۖ وَلَهُمْ فِيهَآ أَزْوَٰجٞ مُّطَهَّرَةٞۖ وَهُمْ فِيهَا خَٰلِدُونَۖ ﰗ
32,2,25,1,5,البَقَرَة,Al-Baqarah,۞ إِنَّ اَ۬للَّهَ لَا يَسْتَحْيِۦٓ أَنْ يَّضْرِبَ مَثَلاٗ مَّا بَعُوضَةٗ فَمَا فَوْقَهَاۖ فَأَمَّا اَ۬لذِينَ ءَامَنُواْ فَيَعْلَمُونَ أَنَّهُ اُ۬لْحَقُّ مِن رَّبِّهِمْۖ وَأَمَّا اَ۬لذِينَ كَفَرُواْ فَيَقُولُونَ مَاذَآ أَرَادَ اَ۬للَّهُ بِهَٰذَا مَثَلاٗۖ يُضِلُّ بِهِۦ كَثِيراٗ وَيَهْدِے بِهِۦ كَثِيراٗۖ وَمَا يُضِلُّ بِهِۦٓ إِلَّا اَ۬لْفَٰسِقِينَ ﰘ
33,2,26,1,5,البَقَرَة,Al-Baqarah,اَ۬لذِينَ يَنقُضُونَ عَهْدَ اَ۬للَّهِ مِنۢ بَعْدِ مِيثَٰقِهِۦ وَيَقْطَعُونَ مَآ أَمَرَ اَ۬للَّهُ بِهِۦٓ أَنْ يُّوصَلَ وَيُفْسِدُونَ فِے اِ۬لَارْضِۖ أُوْلَٰٓئِكَ هُمُ اُ۬لْخَٰسِرُونَۖ ﰙ
34,2,27,1,5,البَقَرَة,Al-Baqarah,كَيْفَ تَكْفُرُونَ بِاللَّهِ وَكُنتُمُۥٓ أَمْوَٰتاٗ فَأَحْي۪اكُمْ ثُمَّ يُمِيتُكُمْۖ ثُمَّ يُحْيِيكُمْ ثُمَّ إِلَيْهِ تُرْجَعُونَۖ ﰚ
35,2,28,1,5,البَقَرَة,Al-Baqarah,هُوَ اَ۬لذِے خَلَقَ لَكُم مَّا فِے اِ۬لَارْضِ جَمِيعاٗۖ ثُمَّ اَ۪سْتَو۪ىٰٓ إِلَى اَ۬لسَّمَآءِ فَسَوّ۪يٰهُنَّ سَبْعَ سَمَٰوَٰتٖۖ وَهُوَ بِكُلِّ شَےْءٍ عَلِيمٞۖ ﰛ
36,2,29,1,6,البَقَرَة,Al-Baqarah,وَإِذْ قَالَ رَبُّكَ لِلْمَلَٰٓئِكَةِ إِنِّے جَاعِلٞ فِے اِ۬لَارْضِ خَلِيفَةٗۖ قَالُوٓاْ أَتَجْعَلُ فِيهَا مَنْ يُّفْسِدُ فِيهَا وَيَسْفِكُ اُ۬لدِّمَآءَ وَنَحْنُ نُسَبِّحُ بِحَمْدِكَ وَنُقَدِّسُ لَكَۖ قَالَ إِنِّيَ أَعْلَمُ مَا لَا تَعْلَمُونَۖ ﰜ
37,2,30,1,6,البَقَرَة,Al-Baqarah,وَعَلَّمَ ءَادَمَ اَ۬لَاسْمَآءَ كُلَّهَا ثُمَّ عَرَضَهُمْ عَلَى اَ۬لْمَلَٰٓئِكَةِ فَقَالَ أَنۢبِـُٔونِے بِأَسْمَآءِ هَٰٓؤُلَآءِ ان كُنتُمْ صَٰدِقِينَۖ ﰝ
38,2,31,1,6,البَقَرَة,Al-Baqarah,قَالُواْ سُبْحَٰنَكَ لَا عِلْمَ لَنَآ إِلَّا مَا عَلَّمْتَنَآ إِنَّكَ أَنتَ اَ۬لْعَلِيمُ اُ۬لْحَكِيمُۖ ﰞ
39,2,32,1,6,البَقَرَة,Al-Baqarah,قَالَ يَٰٓـَٔادَمُ أَنۢبِئْهُم بِأَسْمَآئِهِمْۖ فَلَمَّآ أَنۢبَأَهُم بِأَسْمَآئِهِمْ قَالَ أَلَمَ اَقُل لَّكُمُۥٓ إِنِّيَ أَعْلَمُ غَيْبَ اَ۬لسَّمَٰوَٰتِ وَالَارْضِ وَأَعْلَمُ مَا تُبْدُونَ وَمَا كُنتُمْ تَكْتُمُونَۖ ﰟ
40,2,33,1,6,البَقَرَة,Al-Baqarah,۞ وَإِذْ قُلْنَا لِلْمَلَٰٓئِكَةِ اِ۟سْجُدُواْ لِأٓدَمَ فَسَجَدُوٓاْۖ إِلَّآ إِبْلِيسَ أَب۪ىٰ وَاسْتَكْبَرَ وَكَانَ مِنَ اَ۬لْكٰ۪فِرِينَۖ ﰠ
41,2,34,1,6,البَقَرَة,Al-Baqarah,وَقُلْنَا يَٰٓـَٔادَمُ اُ۟سْكُنَ اَنتَ وَزَوْجُكَ اَ۬لْجَنَّةَ وَكُلَا مِنْهَا رَغَداً حَيْثُ شِئْتُمَاۖ وَلَا تَقْرَبَا هَٰذِهِ اِ۬لشَّجَرَةَ فَتَكُونَا مِنَ اَ۬لظَّٰلِمِينَۖ ﰡ
42,2,35,1,6,البَقَرَة,Al-Baqarah,فَأَزَلَّهُمَا اَ۬لشَّيْطَٰنُ عَنْهَا فَأَخْرَجَهُمَا مِمَّا كَانَا فِيهِۖ وَقُلْنَا اَ۪هْبِطُواْۖ بَعْضُكُمْ لِبَعْضٍ عَدُوّٞۖ وَلَكُمْ فِے اِ۬لَارْضِ مُسْتَقَرّٞ وَمَتَٰعٌ اِلَىٰ حِينٖۖ ﰢ
43,2,36,1,6,البَقَرَة,Al-Baqarah,فَتَلَقّ۪ىٰٓ ءَادَمُ مِن رَّبِّهِۦ كَلِمَٰتٖ فَتَابَ عَلَيْهِۖ إِنَّهُۥ هُوَ اَ۬لتَّوَّابُ اُ۬لرَّحِيمُۖ ﰣ
44,2,37,1,7,البَقَرَة,Al-Baqarah,قُلْنَا اَ۪هْبِطُواْ مِنْهَا جَمِيعاٗۖ فَإِمَّا يَاتِيَنَّكُم مِّنِّے هُدىٗ فَمَن تَبِعَ هُد۪ايَ فَلَا خَوْفٌ عَلَيْهِمْ وَلَا هُمْ يَحْزَنُونَۖ ﰤ
45,2,38,1,7,البَقَرَة,Al-Baqarah,وَالذِينَ كَفَرُواْ وَكَذَّبُواْ بِـَٔايَٰتِنَآ أُوْلَٰٓئِكَ أَصْحَٰبُ اُ۬لنّ۪ارِ هُمْ فِيهَا خَٰلِدُونَۖ ﰥ
46,2,39,1,7,البَقَرَة,Al-Baqarah,يَٰبَنِےٓ إِسْرَآءِيلَ اَ۟ذْكُرُواْ نِعْمَتِيَ اَ۬لتِےٓ أَنْعَمْتُ عَلَيْكُمْ وَأَوْفُواْ بِعَهْدِےٓ أُوفِ بِعَهْدِكُمْ وَإِيَّٰيَ فَارْهَبُونِۖ ﰦ
47,2,40,1,7,البَقَرَة,Al-Baqarah,وَءَامِنُواْ بِمَآ أَنزَلْتُ مُصَدِّقاٗ لِّمَا مَعَكُمْ وَلَا تَكُونُوٓاْ أَوَّلَ كَافِرِۢ بِهِۦۖ وَلَا تَشْتَرُواْ بِـَٔايَٰتِے ثَمَناٗ قَلِيلاٗ وَإِيَّٰيَ فَاتَّقُونِۖ ﰧ
48,2,41,1,7,البَقَرَة,Al-Baqarah,۞ وَلَا تَلْبِسُواْ اُ۬لْحَقَّ بِالْبَٰطِلِ وَتَكْتُمُواْ اُ۬لْحَقَّ وَأَنتُمْ تَعْلَمُونَۖ ﰨ
49,2,42,1,7,البَقَرَة,Al-Baqarah,وَأَقِيمُواْ اُ۬لصَّلَوٰةَ وَءَاتُواْ اُ۬لزَّكَوٰةَۖ وَارْكَعُواْ مَعَ اَ۬لرَّٰكِعِينَۖ ﰩ
50,2,43,1,7,البَقَرَة,Al-Baqarah,أَتَامُرُونَ اَ۬لنَّاسَ بِالْبِرِّ وَتَنسَوْنَ أَنفُسَكُمْ وَأَنتُمْ تَتْلُونَ اَ۬لْكِتَٰبَۖ أَفَلَا تَعْقِلُونَۖ ﰪ
51,2,44,1,7,البَقَرَة,Al-Baqarah,وَاسْتَعِينُواْ بِالصَّبْرِ وَالصَّلَوٰةِۖ وَإِنَّهَا لَكَبِيرَةٌ اِلَّا عَلَى اَ۬لْخَٰشِعِينَ ﰫ
52,2,45,1,7,البَقَرَة,Al-Baqarah,اَ۬لذِينَ يَظُنُّونَ أَنَّهُم مُّلَٰقُواْ رَبِّهِمْ وَأَنَّهُمُۥٓ إِلَيْهِ رَٰجِعُونَۖ ﰬ
53,2,46,1,7,البَقَرَة,Al-Baqarah,يَٰبَنِےٓ إِسْرَآءِيلَ اَ۟ذْكُرُواْ نِعْمَتِيَ اَ۬لتِےٓ أَنْعَمْتُ عَلَيْكُمْ وَأَنِّے فَضَّلْتُكُمْ عَلَى اَ۬لْعَٰلَمِينَۖ ﰭ
54,2,47,1,7,البَقَرَة,Al-Baqarah,وَاتَّقُواْ يَوْماٗ لَّا تَجْزِے نَفْسٌ عَن نَّفْسٖ شَئْاٗ وَلَا يُقْبَلُ مِنْهَا شَفَٰعَةٞ وَلَا يُوخَذُ مِنْهَا عَدْلٞ وَلَا هُمْ يُنصَرُونَۖ ﰮ
55,2,48,1,8,البَقَرَة,Al-Baqarah,وَإِذْ نَجَّيْنَٰكُم مِّنَ اٰلِ فِرْعَوْنَ يَسُومُونَكُمْ سُوٓءَ اَ۬لْعَذَابِ يُذَبِّحُونَ أَبْنَآءَكُمْ وَيَسْتَحْيُونَ نِسَآءَكُمْۖ وَفِے ذَٰلِكُم بَلَآءٞ مِّن رَّبِّكُمْ عَظِيمٞۖ ﰯ
56,2,49,1,8,البَقَرَة,Al-Baqarah,وَإِذْ فَرَقْنَا بِكُمُ اُ۬لْبَحْرَ فَأَنجَيْنَٰكُمْ وَأَغْرَقْنَآ ءَالَ فِرْعَوْنَ وَأَنتُمْ تَنظُرُونَۖ ﰰ
57,2,50,1,8,البَقَرَة,Al-Baqarah,وَإِذْ وَٰعَدْنَا مُوس۪ىٰٓ أَرْبَعِينَ لَيْلَةٗ ثُمَّ اَ۪تَّخَذتُّمُ اُ۬لْعِجْلَ مِنۢ بَعْدِهِۦ وَأَنتُمْ ظَٰلِمُونَۖ ﰱ
58,2,51,1,8,البَقَرَة,Al-Baqarah,ثُمَّ عَفَوْنَا عَنكُم مِّنۢ بَعْدِ ذَٰلِكَ لَعَلَّكُمْ تَشْكُرُونَۖ ﰲ
59,2,52,1,8,البَقَرَة,Al-Baqarah,وَإِذَ اٰتَيْنَا مُوسَى اَ۬لْكِتَٰبَۖ وَالْفُرْقَانَ لَعَلَّكُمْ تَهْتَدُونَۖ ﰳ
60,2,53,1,8,البَقَرَة,Al-Baqarah,۞ وَإِذْ قَالَ مُوس۪ىٰ لِقَوْمِهِۦ يَٰقَوْمِ إِنَّكُمْ ظَلَمْتُمُۥٓ أَنفُسَكُم بِاتِّخَاذِكُمُ اُ۬لْعِجْلَ فَتُوبُوٓاْ إِلَىٰ بَارِئِكُمْ فَاقْتُلُوٓاْ أَنفُسَكُمْۖ ذَٰلِكُمْ خَيْرٞ لَّكُمْ عِندَ بَارِئِكُمْۖ فَتَابَ عَلَيْكُمُۥٓۖ إِنَّهُۥ هُوَ اَ۬لتَّوَّابُ اُ۬لرَّحِيمُۖ ﰴ
61,2,54,1,8,البَقَرَة,Al-Baqarah,وَإِذْ قُلْتُمْ يَٰمُوس۪ىٰ لَن نُّومِنَ لَكَ حَتَّىٰ نَرَى اَ۬للَّهَ جَهْرَةٗ فَأَخَذَتْكُمُ اُ۬لصَّٰعِقَةُ وَأَنتُمْ تَنظُرُونَۖ ﰵ
62,2,55,1,8,البَقَرَة,Al-Baqarah,ثُمَّ بَعَثْنَٰكُم مِّنۢ بَعْدِ مَوْتِكُمْ لَعَلَّكُمْ تَشْكُرُونَۖ ﰶ
63,2,56,1,8,البَقَرَة,Al-Baqarah,وَظَلَّلْنَا عَلَيْكُمُ اُ۬لْغَمَٰمَ وَأَنزَلْنَا عَلَيْكُمُ اُ۬لْمَنَّ وَالسَّلْو۪ىٰۖ كُلُواْ مِن طَيِّبَٰتِ مَا رَزَقْنَٰكُمْۖ وَمَا ظَلَمُونَاۖ وَلَٰكِن كَانُوٓاْ أَنفُسَهُمْ يَظْلِمُونَۖ ﰷ
64,2,57,1,9,البَقَرَة,Al-Baqarah,وَإِذْ قُلْنَا اَ۟دْخُلُواْ هَٰذِهِ اِ۬لْقَرْيَةَ فَكُلُواْ مِنْهَا حَيْثُ شِئْتُمْ رَغَداٗ وَادْخُلُواْ اُ۬لْبَابَ سُجَّداٗ وَقُولُواْ حِطَّةٞ يُغْفَرْ لَكُمْ خَطَٰيٰ۪كُمْۖ وَسَنَزِيدُ اُ۬لْمُحْسِنِينَۖ ﰸ
65,2,58,1,9,البَقَرَة,Al-Baqarah,فَبَدَّلَ اَ۬لذِينَ ظَلَمُواْ قَوْلاً غَيْرَ اَ۬لذِے قِيلَ لَهُمْ فَأَنزَلْنَا عَلَى اَ۬لذِينَ ظَلَمُواْ رِجْزاٗ مِّنَ اَ۬لسَّمَآءِ بِمَا كَانُواْ يَفْسُقُونَۖ ﰹ
66,2,59,1,9,البَقَرَة,Al-Baqarah,۞ وَإِذِ اِ۪سْتَسْق۪ىٰ مُوس۪ىٰ لِقَوْمِهِۦ فَقُلْنَا اَ۪ضْرِب بِّعَصَاكَ اَ۬لْحَجَرَۖ فَانفَجَرَتْ مِنْهُ اُ۪ثْنَتَا عَشْرَةَ عَيْناٗۖ قَدْ عَلِمَ كُلُّ أُنَاسٖ مَّشْرَبَهُمْۖ كُلُواْ وَاشْرَبُواْ مِن رِّزْقِ اِ۬للَّهِۖ وَلَا تَعْثَوْاْ فِے اِ۬لَارْضِ مُفْسِدِينَۖ ﰺ
67,2,60,1,9,البَقَرَة,Al-Baqarah,وَإِذْ قُلْتُمْ يَٰمُوس۪ىٰ لَن نَّصْبِرَ عَلَىٰ طَعَامٖ وَٰحِدٖ فَادْعُ لَنَا رَبَّكَ يُخْرِجْ لَنَا مِمَّا تُنۢبِتُ اُ۬لَارْضُ مِنۢ بَقْلِهَا وَقِثَّآئِهَا وَفُومِهَا وَعَدَسِهَا وَبَصَلِهَاۖ قَالَ أَتَسْتَبْدِلُونَ اَ۬لذِے هُوَ أَدْن۪ىٰ بِالذِے هُوَ خَيْرٌۖ اِ۪هْبِطُواْ مِصْراٗ فَإِنَّ لَكُم مَّا سَأَلْتُمْۖ وَضُرِبَتْ عَلَيْهِمُ اُ۬لذِّلَّةُ وَالْمَسْكَنَةُ وَبَآءُو بِغَضَبٖ مِّنَ اَ۬للَّهِۖ ذَٰلِكَ بِأَنَّهُمْ كَانُواْ يَكْفُرُونَ بِـَٔايَٰتِ اِ۬للَّهِ وَيَقْتُلُونَ اَ۬لنَّبِيٓـِٕۧنَ بِغَيْرِ اِ۬لْحَقِّۖ ذَٰلِكَ بِمَا عَصَواْ وَّكَانُواْ يَعْتَدُونَۖ ﰻ
68,2,61,1,10,البَقَرَة,Al-Baqarah,إِنَّ اَ۬لذِينَ ءَامَنُواْ وَالذِينَ هَادُواْ وَالنَّصَٰر۪ىٰ وَالصَّٰبِينَ مَنَ اٰمَنَ بِاللَّهِ وَالْيَوْمِ اِ۬لَاخِرِ وَعَمِلَ صَٰلِحاٗ فَلَهُمُۥٓ أَجْرُهُمْ عِندَ رَبِّهِمْ وَلَا خَوْفٌ عَلَيْهِمْ وَلَا هُمْ يَحْزَنُونَۖ ﰼ
69,2,62,1,10,البَقَرَة,Al-Baqarah,وَإِذَ اَخَذْنَا مِيثَٰقَكُمْ وَرَفَعْنَا فَوْقَكُمُ اُ۬لطُّورَۖ خُذُواْ مَآ ءَاتَيْنَٰكُم بِقُوَّةٖ وَاذْكُرُواْ مَا فِيهِ لَعَلَّكُمْ تَتَّقُونَۖ ﰽ
70,2,63,1,10,البَقَرَة,Al-Baqarah,ثُمَّ تَوَلَّيْتُم مِّنۢ بَعْدِ ذَٰلِكَۖ فَلَوْلَا فَضْلُ اُ۬للَّهِ عَلَيْكُمْ وَرَحْمَتُهُۥ لَكُنتُم مِّنَ اَ۬لْخَٰسِرِينَۖ ﰾ
71,2,64,1,10,البَقَرَة,Al-Baqarah,وَلَقَدْ عَلِمْتُمُ اُ۬لذِينَ اَ۪عْتَدَوْاْ مِنكُمْ فِے اِ۬لسَّبْتِ فَقُلْنَا لَهُمْ كُونُواْ قِرَدَةً خَٰسِـِٕينَۖ ﰿ
72,2,65,1,10,البَقَرَة,Al-Baqarah,فَجَعَلْنَٰهَا نَكَٰلاٗ لِّمَا بَيْنَ يَدَيْهَا وَمَا خَلْفَهَا وَمَوْعِظَةٗ لِّلْمُتَّقِينَۖ ﱀ
73,2,66,1,10,البَقَرَة,Al-Baqarah,۞ وَإِذْ قَالَ مُوس۪ىٰ لِقَوْمِهِۦٓ إِنَّ اَ۬للَّهَ يَامُرُكُمُۥٓ أَن تَذْبَحُواْ بَقَرَةٗۖ قَالُوٓاْ أَتَتَّخِذُنَا هُزُؤاٗۖ قَالَ أَعُوذُ بِاللَّهِ أَنَ اَكُونَ مِنَ اَ۬لْجَٰهِلِينَۖ ﱁ
74,2,67,1,10,البَقَرَة,Al-Baqarah,قَالُواْ اُ۟دْعُ لَنَا رَبَّكَ يُبَيِّن لَّنَا مَا هِيَۖ قَالَ إِنَّهُۥ يَقُولُ إِنَّهَا بَقَرَةٞ لَّا فَارِضٞ وَلَا بِكْرٌۖ عَوَانُۢ بَيْنَ ذَٰلِكَۖ فَافْعَلُواْ مَا تُومَرُونَۖ ﱂ
75,2,68,1,10,البَقَرَة,Al-Baqarah,قَالُواْ اُ۟دْعُ لَنَا رَبَّكَ يُبَيِّن لَّنَا مَا لَوْنُهَاۖ قَالَ إِنَّهُۥ يَقُولُ إِنَّهَا بَقَرَةٞ صَفْرَآءُ فَاقِعٞ لَّوْنُهَاۖ تَسُرُّ اُ۬لنَّٰظِرِينَۖ ﱃ
76,2,69,1,11,البَقَرَة,Al-Baqarah,قَالُواْ اُ۟دْعُ لَنَا رَبَّكَ يُبَيِّن لَّنَا مَا هِيَ إِنَّ اَ۬لْبَقَرَ تَشَٰبَهَ عَلَيْنَا وَإِنَّآ إِن شَآءَ اَ۬للَّهُ لَمُهْتَدُونَۖ ﱄ
77,2,70,1,11,البَقَرَة,Al-Baqarah,قَالَ إِنَّهُۥ يَقُولُ إِنَّهَا بَقَرَةٞ لَّا ذَلُولٞ تُثِيرُ اُ۬لَارْضَ وَلَا تَسْقِے اِ۬لْحَرْثَۖ مُسَلَّمَةٞ لَّا شِيَةَ فِيهَاۖ قَالُواْ اُ۬لَٰنَ جِئْتَ بِالْحَقِّۖ فَذَبَحُوهَا وَمَا كَادُواْ يَفْعَلُونَۖ ﱅ
78,2,71,1,11,البَقَرَة,Al-Baqarah,وَإِذْ قَتَلْتُمْ نَفْساٗ فَادَّٰرَٰءْتُمْ فِيهَاۖ وَاللَّهُ مُخْرِجٞ مَّا كُنتُمْ تَكْتُمُونَۖ ﱆ
79,2,72,1,11,البَقَرَة,Al-Baqarah,فَقُلْنَا اَ۪ضْرِبُوهُ بِبَعْضِهَاۖ كَذَٰلِكَ يُحْيِ اِ۬للَّهُ اُ۬لْمَوْت۪ىٰ وَيُرِيكُمُۥٓ ءَايَٰتِهِۦ لَعَلَّكُمْ تَعْقِلُونَۖ ﱇ
80,2,73,1,11,البَقَرَة,Al-Baqarah,ثُمَّ قَسَتْ قُلُوبُكُم مِّنۢ بَعْدِ ذَٰلِكَ فَهِيَ كَالْحِجَارَةِ أَوَ اَشَدُّ قَسْوَةٗۖ وَإِنَّ مِنَ اَ۬لْحِجَارَةِ لَمَا يَتَفَجَّرُ مِنْهُ اُ۬لَانْهَٰرُۖ وَإِنَّ مِنْهَا لَمَا يَشَّقَّقُ فَيَخْرُجُ مِنْهُ اُ۬لْمَآءُۖ وَإِنَّ مِنْهَا لَمَا يَهْبِطُ مِنْ خَشْيَةِ اِ۬للَّهِۖ وَمَا اَ۬للَّهُ بِغَٰفِلٍ عَمَّا تَعْمَلُونَۖ ﱈ
81,2,74,1,11,البَقَرَة,Al-Baqarah,أَفَتَطْمَعُونَ أَنْ يُّومِنُواْ لَكُمْ وَقَدْ كَانَ فَرِيقٞ مِّنْهُمْ يَسْمَعُونَ كَلَٰمَ اَ۬للَّهِ ثُمَّ يُحَرِّفُونَهُۥ مِنۢ بَعْدِ مَا عَقَلُوهُ وَهُمْ يَعْلَمُونَۖ ﱉ
82,2,75,1,11,البَقَرَة,Al-Baqarah,۞ وَإِذَا لَقُواْ اُ۬لذِينَ ءَامَنُواْ قَالُوٓاْ ءَامَنَّاۖ وَإِذَا خَلَا بَعْضُهُمُۥٓ إِلَىٰ بَعْضٖ قَالُوٓاْ أَتُحَدِّثُونَهُم بِمَا فَتَحَ اَ۬للَّهُ عَلَيْكُمْ لِيُحَآجُّوكُم بِهِۦ عِندَ رَبِّكُمُۥٓۖ أَفَلَا تَعْقِلُونَۖ ﱊ
83,2,76,1,12,البَقَرَة,Al-Baqarah,أَوَلَا يَعْلَمُونَ أَنَّ اَ۬للَّهَ يَعْلَمُ مَا يُسِرُّونَ وَمَا يُعْلِنُونَۖ ﱋ
84,2,77,1,12,البَقَرَة,Al-Baqarah,وَمِنْهُمُۥٓ أُمِّيُّونَ لَا يَعْلَمُونَ اَ۬لْكِتَٰبَ إِلَّآ أَمَانِيَّۖ وَإِنْ هُمُۥٓ إِلَّا يَظُنُّونَۖ ﱌ
85,2,78,1,12,البَقَرَة,Al-Baqarah,فَوَيْلٞ لِّلذِينَ يَكْتُبُونَ اَ۬لْكِتَٰبَ بِأَيْدِيهِمْ ثُمَّ يَقُولُونَ هَٰذَا مِنْ عِندِ اِ۬للَّهِ لِيَشْتَرُواْ بِهِۦ ثَمَناٗ قَلِيلاٗۖ فَوَيْلٞ لَّهُم مِّمَّا كَتَبَتَ اَيْدِيهِمْۖ وَوَيْلٞ لَّهُم مِّمَّا يَكْسِبُونَۖ ﱍ
86,2,79,1,12,البَقَرَة,Al-Baqarah,وَقَالُواْ لَن تَمَسَّنَا اَ۬لنَّارُ إِلَّآ أَيَّاماٗ مَّعْدُودَةٗۖ قُلَ اَتَّخَذتُّمْ عِندَ اَ۬للَّهِ عَهْداٗ فَلَنْ يُّخْلِفَ اَ۬للَّهُ عَهْدَهُۥٓۖ أَمْ تَقُولُونَ عَلَى اَ۬للَّهِ مَا لَا تَعْلَمُونَۖ ﱎ
87,2,80,1,12,البَقَرَة,Al-Baqarah,بَل۪ىٰ مَن كَسَبَ سَيِّئَةٗ وَأَحَٰطَتْ بِهِۦ خَطِيٓـَٰٔتُهُۥ فَأُوْلَٰٓئِكَ أَصْحَٰبُ اُ۬لنّ۪ارِ هُمْ فِيهَا خَٰلِدُونَۖ ﱏ
88,2,81,1,12,البَقَرَة,Al-Baqarah,وَالذِينَ ءَامَنُواْ وَعَمِلُواْ اُ۬لصَّٰلِحَٰتِ أُوْلَٰٓئِكَ أَصْحَٰبُ اُ۬لْجَنَّةِ هُمْ فِيهَا خَٰلِدُونَۖ ﱐ
89,2,82,1,12,البَقَرَة,Al-Baqarah,وَإِذَ اَخَذْنَا مِيثَٰقَ بَنِےٓ إِسْرَآءِيلَ لَا تَعْبُدُونَ إِلَّا اَ۬للَّهَۖ وَبِالْوَٰلِدَيْنِ إِحْسَٰناٗ وَذِے اِ۬لْقُرْب۪ىٰ وَالْيَتَٰم۪ىٰ وَالْمَسَٰكِينِۖ وَقُولُواْ لِلنَّاسِ حُسْناٗۖ وَأَقِيمُواْ اُ۬لصَّلَوٰةَ وَءَاتُواْ اُ۬لزَّكَوٰةَۖ ثُمَّ تَوَلَّيْتُمُۥٓ إِلَّا قَلِيلاٗ مِّنكُمْ وَأَنتُم مُّعْرِضُونَۖ ﱑ
90,2,83,1,13,البَقَرَة,Al-Baqarah,وَإِذَ اَخَذْنَا مِيثَٰقَكُمْ لَا تَسْفِكُونَ دِمَآءَكُمْ وَلَا تُخْرِجُونَ أَنفُسَكُم مِّن دِيٰ۪رِكُمْ ثُمَّ أَقْرَرْتُمْ وَأَنتُمْ تَشْهَدُونَۖ ﱒ
91,2,84,1,13,البَقَرَة,Al-Baqarah,ثُمَّ أَنتُمْ هَٰٓؤُلَآءِ تَقْتُلُونَ أَنفُسَكُمْ وَتُخْرِجُونَ فَرِيقاٗ مِّنكُم مِّن دِيٰ۪رِهِمْ تَظَّٰهَرُونَ عَلَيْهِم بِالِاثْمِ وَالْعُدْوَٰنِۖ ۞ وَإِنْ يَّاتُوكُمُۥٓ أُسَٰر۪ىٰ تُفَٰدُوهُمْ وَهُوَ مُحَرَّمٌ عَلَيْكُمُۥٓ إِخْرَاجُهُمُۥٓۖ أَفَتُومِنُونَ بِبَعْضِ اِ۬لْكِتَٰبِ وَتَكْفُرُونَ بِبَعْضٖۖ فَمَا جَزَآءُ مَنْ يَّفْعَلُ ذَٰلِكَ مِنكُمُۥٓ إِلَّا خِزْيٞ فِے اِ۬لْحَيَوٰةِ اِ۬لدُّنْي۪اۖ وَيَوْمَ اَ۬لْقِيَٰمَةِ يُرَدُّونَ إِلَىٰٓ أَشَدِّ اِ۬لْعَذَابِۖ وَمَا اَ۬للَّهُ بِغَٰفِلٍ عَمَّا يَعْمَلُونَۖ ﱓ
92,2,85,1,13,البَقَرَة,Al-Baqarah,أُوْلَٰٓئِكَ اَ۬لذِينَ اَ۪شْتَرَوُاْ اُ۬لْحَيَوٰةَ اَ۬لدُّنْي۪ا بِالَاخِرَةِ فَلَا يُخَفَّفُ عَنْهُمُ اُ۬لْعَذَابُ وَلَا هُمْ يُنصَرُونَۖ ﱔ
93,2,86,1,13,البَقَرَة,Al-Baqarah,وَلَقَدَ اٰتَيْنَا مُوسَى اَ۬لْكِتَٰبَ وَقَفَّيْنَا مِنۢ بَعْدِهِۦ بِالرُّسُلِۖ وَءَاتَيْنَا عِيسَى اَ۪بْنَ مَرْيَمَ اَ۬لْبَيِّنَٰتِ وَأَيَّدْنَٰهُ بِرُوحِ اِ۬لْقُدُسِۖ أَفَكُلَّمَا جَآءَكُمْ رَسُولُۢ بِمَا لَا تَهْو۪ىٰٓ أَنفُسُكُمُ اُ۪سْتَكْبَرْتُمْۖ فَفَرِيقاٗ كَذَّبْتُمْۖ وَفَرِيقاٗ تَقْتُلُونَۖ ﱕ
94,2,87,1,13,البَقَرَة,Al-Baqarah,وَقَالُواْ قُلُوبُنَا غُلْفُۢۖ بَل لَّعَنَهُمُ اُ۬للَّهُ بِكُفْرِهِمْ فَقَلِيلاٗ مَّا يُومِنُونَۖ ﱖ
95,2,88,1,14,البَقَرَة,Al-Baqarah,وَلَمَّا جَآءَهُمْ كِتَٰبٞ مِّنْ عِندِ اِ۬للَّهِ مُصَدِّقٞ لِّمَا مَعَهُمْ وَكَانُواْ مِن قَبْلُ يَسْتَفْتِحُونَ عَلَى اَ۬لذِينَ كَفَرُواْۖ فَلَمَّا جَآءَهُم مَّا عَرَفُواْ كَفَرُواْ بِهِۦۖ فَلَعْنَةُ اُ۬للَّهِ عَلَى اَ۬لْكٰ۪فِرِينَۖ ﱗ
96,2,89,1,14,البَقَرَة,Al-Baqarah,بِيسَمَا اَ۪شْتَرَوْاْ بِهِۦٓ أَنفُسَهُمُۥٓ أَنْ يَّكْفُرُواْ بِمَآ أَنزَلَ اَ۬للَّهُ بَغْياً اَنْ يُّنَزِّلَ اَ۬للَّهُ مِن فَضْلِهِۦ عَلَىٰ مَنْ يَّشَآءُ مِنْ عِبَادِهِۦۖ فَبَآءُو بِغَضَبٍ عَلَىٰ غَضَبٖۖ وَلِلْكٰ۪فِرِينَ عَذَابٞ مُّهِينٞۖ ﱘ
97,2,90,1,14,البَقَرَة,Al-Baqarah,وَإِذَا قِيلَ لَهُمُۥٓ ءَامِنُواْ بِمَآ أَنزَلَ اَ۬للَّهُ قَالُواْ نُومِنُ بِمَآ أُنزِلَ عَلَيْنَا وَيَكْفُرُونَ بِمَا وَرَآءَهُۥۖ وَهُوَ اَ۬لْحَقُّ مُصَدِّقاٗ لِّمَا مَعَهُمْۖ قُلْ فَلِمَ تَقْتُلُونَ أَنۢبِئَآءَ اَ۬للَّهِ مِن قَبْلُ إِن كُنتُم مُّومِنِينَۖ ﱙ
98,2,91,1,14,البَقَرَة,Al-Baqarah,۞ وَلَقَدْ جَآءَكُم مُّوس۪ىٰ بِالْبَيِّنَٰتِ ثُمَّ اَ۪تَّخَذتُّمُ اُ۬لْعِجْلَ مِنۢ بَعْدِهِۦ وَأَنتُمْ ظَٰلِمُونَۖ ﱚ
99,2,92,1,14,البَقَرَة,Al-Baqarah,وَإِذَ اَخَذْنَا مِيثَٰقَكُمْ وَرَفَعْنَا فَوْقَكُمُ اُ۬لطُّورَۖ خُذُواْ مَآ ءَاتَيْنَٰكُم بِقُوَّةٖ وَاسْمَعُواْۖ قَالُواْ سَمِعْنَا وَعَصَيْنَاۖ وَأُشْرِبُواْ فِے قُلُوبِهِمُ اُ۬لْعِجْلَ بِكُفْرِهِمْۖ قُلْ بِيسَمَا يَامُرُكُم بِهِۦٓ إِيمَٰنُكُمُۥٓ إِن كُنتُم مُّومِنِينَۖ ﱛ
100,2,93,1,15,البَقَرَة,Al-Baqarah,قُلِ اِن كَانَتْ لَكُمُ اُ۬لدَّارُ اُ۬لَاخِرَةُ عِندَ اَ۬للَّهِ خَالِصَةٗ مِّن دُونِ اِ۬لنَّاسِ فَتَمَنَّوُاْ اُ۬لْمَوْتَ إِن كُنتُمْ صَٰدِقِينَۖ ﱜ
101,2,94,1,15,البَقَرَة,Al-Baqarah,وَلَنْ يَّتَمَنَّوْهُ أَبَداَۢ بِمَا قَدَّمَتَ اَيْدِيهِمْۖ وَاللَّهُ عَلِيمُۢ بِالظَّٰلِمِينَۖ ﱝ
102,2,95,1,15,البَقَرَة,Al-Baqarah,وَلَتَجِدَنَّهُمُۥٓ أَحْرَصَ اَ۬لنَّاسِ عَلَىٰ حَيَوٰةٖۖ وَمِنَ اَ۬لذِينَ أَشْرَكُواْ يَوَدُّ أَحَدُهُمْ لَوْ يُعَمَّرُ أَلْفَ سَنَةٖۖ وَمَا هُوَ بِمُزَحْزِحِهِۦ مِنَ اَ۬لْعَذَابِ أَنْ يُّعَمَّرَۖ وَاللَّهُ بَصِيرُۢ بِمَا يَعْمَلُونَۖ ﱞ
103,2,96,1,15,البَقَرَة,Al-Baqarah,قُلْ مَن كَانَ عَدُوّاٗ لِّـجِبْرِيلَ فَإِنَّهُۥ نَزَّلَهُۥ عَلَىٰ قَلْبِكَ بِإِذْنِ اِ۬للَّهِ مُصَدِّقاٗ لِّمَا بَيْنَ يَدَيْهِ وَهُدىٗ وَبُشْر۪ىٰ لِلْمُومِنِينَۖ ﱟ
104,2,97,1,15,البَقَرَة,Al-Baqarah,مَن كَانَ عَدُوّاٗ لِّلهِ وَمَلَٰٓئِكَتِهِۦ وَرُسُلِهِۦ وَجِبْرِيلَ وَمِيكَٰٓئِلَ فَإِنَّ اَ۬للَّهَ عَدُوّٞ لِّلْكٰ۪فِرِينَۖ ﱠ
105,2,98,1,15,البَقَرَة,Al-Baqarah,وَلَقَدَ اَنزَلْنَآ إِلَيْكَ ءَايَٰتِۢ بَيِّنَٰتٖۖ وَمَا يَكْفُرُ بِهَآ إِلَّا اَ۬لْفَٰسِقُونَۖ ﱡ
106,2,99,1,15,البَقَرَة,Al-Baqarah,أَوَكُلَّمَا عَٰهَدُواْ عَهْداٗ نَّبَذَهُۥ فَرِيقٞ مِّنْهُمۖ بَلَ اَكْثَرُهُمْ لَا يُومِنُونَۖ ﱢ
107,2,100,1,15,البَقَرَة,Al-Baqarah,۞ وَلَمَّا جَآءَهُمْ رَسُولٞ مِّنْ عِندِ اِ۬للَّهِ مُصَدِّقٞ لِّمَا مَعَهُمْ نَبَذَ فَرِيقٞ مِّنَ اَ۬لذِينَ أُوتُواْ اُ۬لْكِتَٰبَ كِتَٰبَ اَ۬للَّهِ وَرَآءَ ظُهُورِهِمْ كَأَنَّهُمْ لَا يَعْلَمُونَۖ ﱣ
108,2,101,1,16,البَقَرَة,Al-Baqarah,وَاتَّبَعُواْ مَا تَتْلُواْ اُ۬لشَّيَٰطِينُ عَلَىٰ مُلْكِ سُلَيْمَٰنَۖ وَمَا كَفَرَ سُلَيْمَٰنُۖ وَلَٰكِنَّ اَ۬لشَّيَٰطِينَ كَفَرُواْ يُعَلِّمُونَ اَ۬لنَّاسَ اَ۬لسِّحْرَ وَمَآ أُنزِلَ عَلَى اَ۬لْمَلَكَيْنِ بِبَابِلَ هَارُوتَ وَمَارُوتَۖ وَمَا يُعَلِّمَٰنِ مِنَ اَحَدٍ حَتَّىٰ يَقُولَآ إِنَّمَا نَحْنُ فِتْنَةٞ فَلَا تَكْفُرْۖ فَيَتَعَلَّمُونَ مِنْهُمَا مَا يُفَرِّقُونَ بِهِۦ بَيْنَ اَ۬لْمَرْءِ وَزَوْجِهِۦۖ وَمَا هُم بِضَآرِّينَ بِهِۦ مِنَ اَحَدٍ اِلَّا بِإِذْنِ اِ۬للَّهِۖ وَيَتَعَلَّمُونَ مَا يَضُرُّهُمْ وَلَا يَنفَعُهُمْۖ وَلَقَدْ عَلِمُواْ لَمَنِ اِ۪شْتَر۪يٰهُ مَا لَهُۥ فِے اِ۬لَاخِرَةِ مِنْ خَلَٰقٖۖ وَلَبِيسَ مَا شَرَوْاْ بِهِۦٓ أَنفُسَهُمْ لَوْ كَانُواْ يَعْلَمُونَۖ ﱤ
109,2,102,1,16,البَقَرَة,Al-Baqarah,وَلَوَ اَنَّهُمُۥٓ ءَامَنُواْ وَاتَّقَوْاْ لَمَثُوبَةٞ مِّنْ عِندِ اِ۬للَّهِ خَيْرٞ لَّوْ كَانُواْ يَعْلَمُونَۖ ﱥ
110,2,103,1,16,البَقَرَة,Al-Baqarah,يَٰٓأَيُّهَا اَ۬لذِينَ ءَامَنُواْ لَا تَقُولُواْ رَٰعِنَا وَقُولُواْ اُ۟نظُرْنَا وَاسْمَعُواْۖ وَلِلْكٰ۪فِرِينَ عَذَابٌ اَلِيمٞۖ ﱦ
111,2,104,1,16,البَقَرَة,Al-Baqarah,مَّا يَوَدُّ اُ۬لذِينَ كَفَرُواْ مِنَ اَهْلِ اِ۬لْكِتَٰبِ وَلَا اَ۬لْمُشْرِكِينَ أَنْ يُّنَزَّلَ عَلَيْكُم مِّنْ خَيْرٖ مِّن رَّبِّكُمْۖ وَاللَّهُ يَخْتَصُّ بِرَحْمَتِهِۦ مَنْ يَّشَآءُۖ وَاللَّهُ ذُو اُ۬لْفَضْلِ اِ۬لْعَظِيمِۖ ﱧ
112,2,105,1,17,البَقَرَة,Al-Baqarah,۞ مَا نَنسَخْ مِنَ اٰيَةٍ اَوْ نُنسِهَا نَاتِ بِخَيْرٖ مِّنْهَآ أَوْ مِثْلِهَآۖ أَلَمْ تَعْلَمَ اَنَّ اَ۬للَّهَ عَلَىٰ كُلِّ شَےْءٖ قَدِيرٌۖ ﱨ
113,2,106,1,17,البَقَرَة,Al-Baqarah,اَلَمْ تَعْلَمَ اَنَّ اَ۬للَّهَ لَهُۥ مُلْكُ اُ۬لسَّمَٰوَٰتِ وَالَارْضِ وَمَا لَكُم مِّن دُونِ اِ۬للَّهِ مِنْ وَّلِيّٖ وَلَا نَصِيرٍۖ ﱩ
114,2,107,1,17,البَقَرَة,Al-Baqarah,اَمْ تُرِيدُونَ أَن تَسْـَٔلُواْ رَسُولَكُمْ كَمَا سُئِلَ مُوس۪ىٰ مِن قَبْلُۖ وَمَنْ يَّتَبَدَّلِ اِ۬لْكُفْرَ بِالِايمَٰنِ فَقَد ضَّلَّ سَوَآءَ اَ۬لسَّبِيلِۖ ﱪ
115,2,108,1,17,البَقَرَة,Al-Baqarah,وَدَّ كَثِيرٞ مِّنَ اَهْلِ اِ۬لْكِتَٰبِ لَوْ يَرُدُّونَكُم مِّنۢ بَعْدِ إِيمَٰنِكُمْ كُفَّاراًۖ حَسَداٗ مِّنْ عِندِ أَنفُسِهِم مِّنۢ بَعْدِ مَا تَبَيَّنَ لَهُمُ اُ۬لْحَقُّۖ فَاعْفُواْ وَاصْفَحُواْ حَتَّىٰ يَاتِيَ اَ۬للَّهُ بِأَمْرِهِۦٓۖ إِنَّ اَ۬للَّهَ عَلَىٰ كُلِّ شَےْءٖ قَدِيرٞۖ ﱫ
116,2,109,1,17,البَقَرَة,Al-Baqarah,وَأَقِيمُواْ اُ۬لصَّلَوٰةَ وَءَاتُواْ اُ۬لزَّكَوٰةَۖ وَمَا تُقَدِّمُواْ لِأَنفُسِكُم مِّنْ خَيْرٖ تَجِدُوهُ عِندَ اَ۬للَّهِۖ إِنَّ اَ۬للَّهَ بِمَا تَعْمَلُونَ بَصِيرٞۖ ﱬ
117,2,110,1,17,البَقَرَة,Al-Baqarah,وَقَالُواْ لَنْ يَّدْخُلَ اَ۬لْجَنَّةَ إِلَّا مَن كَانَ هُوداً اَوْ نَصَٰر۪ىٰۖ تِلْكَ أَمَانِيُّهُمْۖ قُلْ هَاتُواْ بُرْهَٰنَكُمُۥٓ إِن كُنتُمْ صَٰدِقِينَۖ ﱭ
118,2,111,1,17,البَقَرَة,Al-Baqarah,بَل۪ىٰ مَنَ اَسْلَمَ وَجْهَهُۥ لِلهِ وَهُوَ مُحْسِنٞ فَلَهُۥٓ أَجْرُهُۥ عِندَ رَبِّهِۦ وَلَا خَوْفٌ عَلَيْهِمْ وَلَا هُمْ يَحْزَنُونَۖ ﱮ
119,2,112,1,18,البَقَرَة,Al-Baqarah,وَقَالَتِ اِ۬لْيَهُودُ لَيْسَتِ اِ۬لنَّصَٰر۪ىٰ عَلَىٰ شَےْءٖ وَقَالَتِ اِ۬لنَّصَٰر۪ىٰ لَيْسَتِ اِ۬لْيَهُودُ عَلَىٰ شَےْءٖ وَهُمْ يَتْلُونَ اَ۬لْكِتَٰبَۖ كَذَٰلِكَ قَالَ اَ۬لذِينَ لَا يَعْلَمُونَ مِثْلَ قَوْلِهِمْۖ فَاللَّهُ يَحْكُمُ بَيْنَهُمْ يَوْمَ اَ۬لْقِيَٰمَةِ فِيمَا كَانُواْ فِيهِ يَخْتَلِفُونَۖ ﱯ
120,2,113,1,18,البَقَرَة,Al-Baqarah,۞ وَمَنَ اَظْلَمُ مِمَّن مَّنَعَ مَسَٰجِدَ اَ۬للَّهِ أَنْ يُّذْكَرَ فِيهَا اَ۪سْمُهُۥ وَسَع۪ىٰ فِے خَرَابِهَآۖ أُوْلَٰٓئِكَ مَا كَانَ لَهُمُۥٓ أَنْ يَّدْخُلُوهَآ إِلَّا خَآئِفِينَۖ لَهُمْ فِے اِ۬لدُّنْي۪ا خِزْيٞۖ وَلَهُمْ فِے اِ۬لَاخِرَةِ عَذَابٌ عَظِيمٞۖ ﱰ
121,2,114,1,18,البَقَرَة,Al-Baqarah,وَلِلهِ اِ۬لْمَشْرِقُ وَالْمَغْرِبُۖ فَأَيْنَمَا تُوَلُّواْ فَثَمَّ وَجْهُ اُ۬للَّهِۖ إِنَّ اَ۬للَّهَ وَٰسِعٌ عَلِيمٞۖ ﱱ
122,2,115,1,18,البَقَرَة,Al-Baqarah,وَقَالُواْ اُ۪تَّخَذَ اَ۬للَّهُ وَلَداٗۖ سُبْحَٰنَهُۥۖ بَل لَّهُۥ مَا فِے اِ۬لسَّمَٰوَٰتِ وَالَارْضِۖ كُلّٞ لَّهُۥ قَٰنِتُونَۖ ﱲ
123,2,116,1,18,البَقَرَة,Al-Baqarah,بَدِيعُ اُ۬لسَّمَٰوَٰتِ وَالَارْضِۖ وَإِذَا قَض۪ىٰٓ أَمْراٗ فَإِنَّمَا يَقُولُ لَهُۥ كُنۖ فَيَكُونُۖ ﱳ
124,2,117,1,18,البَقَرَة,Al-Baqarah,وَقَالَ اَ۬لذِينَ لَا يَعْلَمُونَ لَوْلَا يُكَلِّمُنَا اَ۬للَّهُ أَوْ تَاتِينَآ ءَايَةٞۖ كَذَٰلِكَ قَالَ اَ۬لذِينَ مِن قَبْلِهِم مِّثْلَ قَوْلِهِمْۖ تَشَٰبَهَتْ قُلُوبُهُمْۖ قَدْ بَيَّنَّا اَ۬لَايَٰتِ لِقَوْمٖ يُوقِنُونَۖ ﱴ
125,2,118,1,18,البَقَرَة,Al-Baqarah,إِنَّآ أَرْسَلْنَٰكَ بِالْحَقِّ بَشِيراٗ وَنَذِيراٗۖ وَلَا تَسْـَٔلْ عَنَ اَصْحَٰبِ اِ۬لْجَحِيمِۖ ﱵ
126,2,119,1,19,البَقَرَة,Al-Baqarah,وَلَن تَرْض۪ىٰ عَنكَ اَ۬لْيَهُودُ وَلَا اَ۬لنَّصَٰر۪ىٰ حَتَّىٰ تَتَّبِعَ مِلَّتَهُمْۖ قُلِ اِنَّ هُدَى اَ۬للَّهِ هُوَ اَ۬لْهُد۪ىٰۖ وَلَئِنِ اِ۪تَّبَعْتَ أَهْوَآءَهُم بَعْدَ اَ۬لذِے جَآءَكَ مِنَ اَ۬لْعِلْمِ مَا لَكَ مِنَ اَ۬للَّهِ مِنْ وَّلِيّٖ وَلَا نَصِيرٍۖ ﱶ
127,2,120,1,19,البَقَرَة,Al-Baqarah,اِ۬لذِينَ ءَاتَيْنَٰهُمُ اُ۬لْكِتَٰبَ يَتْلُونَهُۥ حَقَّ تِلَٰوَتِهِۦٓ أُوْلَٰٓئِكَ يُومِنُونَ بِهِۦۖ وَمَنْ يَّكْفُرْ بِهِۦ فَأُوْلَٰٓئِكَ هُمُ اُ۬لْخَٰسِرُونَۖ ﱷ
128,2,121,1,19,البَقَرَة,Al-Baqarah,يَٰبَنِےٓ إِسْرَآءِيلَ اَ۟ذْكُرُواْ نِعْمَتِيَ اَ۬لتِےٓ أَنْعَمْتُ عَلَيْكُمْ وَأَنِّے فَضَّلْتُكُمْ عَلَى اَ۬لْعَٰلَمِينَۖ ﱸ
129,2,122,1,19,البَقَرَة,Al-Baqarah,وَاتَّقُواْ يَوْماٗ لَّا تَجْزِے نَفْسٌ عَن نَّفْسٖ شَئْاٗ وَلَا يُقْبَلُ مِنْهَا عَدْلٞ وَلَا تَنفَعُهَا شَفَٰعَةٞ وَلَا هُمْ يُنصَرُونَۖ ﱹ
130,2,123,1,19,البَقَرَة,Al-Baqarah,۞ وَإِذِ اِ۪بْتَل۪ىٰٓ إِبْرَٰهِـيمَ رَبُّهُۥ بِكَلِمَٰتٖ فَأَتَمَّهُنَّۖ قَالَ إِنِّے جَاعِلُكَ لِلنَّاسِ إِمَاماٗۖ قَالَ وَمِن ذُرِّيَّتِےۖ قَالَ لَا يَنَالُ عَهْدِيَ اَ۬لظَّٰلِمِينَۖ ﱺ
131,2,124,1,19,البَقَرَة,Al-Baqarah,وَإِذْ جَعَلْنَا اَ۬لْبَيْتَ مَثَابَةٗ لِّلنَّاسِ وَأَمْناٗ وَاتَّخَذُواْ مِن مَّقَامِ إِبْرَٰهِيمَ مُصَلّىٗۖ وَعَهِدْنَآ إِلَىٰٓ إِبْرَٰهِيمَ وَإِسْمَٰعِيلَ أَن طَهِّرَا بَيْتِيَ لِلطَّآئِفِينَ وَالْعَٰكِفِينَ وَالرُّكَّعِ اِ۬لسُّجُودِۖ ﱻ
132,2,125,1,19,البَقَرَة,Al-Baqarah,وَإِذْ قَالَ إِبْرَٰهِيمُ رَبِّ اِ۪جْعَلْ هَٰذَا بَلَداً اٰمِناٗ وَارْزُقَ اَهْلَهُۥ مِنَ اَ۬لثَّمَرَٰتِ مَنَ اٰمَنَ مِنْهُم بِاللَّهِ وَالْيَوْمِ اِ۬لَاخِرِۖ قَالَ وَمَن كَفَرَ فَأُمَتِّعُهُۥ قَلِيلاٗ ثُمَّ أَضْطَرُّهُۥٓ إِلَىٰ عَذَابِ اِ۬لنّ۪ارِۖ وَبِيسَ اَ۬لْمَصِيرُۖ ﱼ
133,2,126,1,20,البَقَرَة,Al-Baqarah,وَإِذْ يَرْفَعُ إِبْرَٰهِيمُ اُ۬لْقَوَاعِدَ مِنَ اَ۬لْبَيْتِ وَإِسْمَٰعِيلُۖ رَبَّنَا تَقَبَّلْ مِنَّآ إِنَّكَ أَنتَ اَ۬لسَّمِيعُ اُ۬لْعَلِيمُۖ ﱽ
134,2,127,1,20,البَقَرَة,Al-Baqarah,رَبَّنَا وَاجْعَلْنَا مُسْلِمَيْنِ لَكَ وَمِن ذُرِّيَّتِنَآ أُمَّةٗ مُّسْلِمَةٗ لَّكَۖ وَأَرِنَا مَنَاسِكَنَاۖ وَتُبْ عَلَيْنَآۖ إِنَّكَ أَنتَ اَ۬لتَّوَّابُ اُ۬لرَّحِيمُۖ ﱾ
135,2,128,1,20,البَقَرَة,Al-Baqarah,رَبَّنَا وَابْعَثْ فِيهِمْ رَسُولاٗ مِّنْهُمْ يَتْلُواْ عَلَيْهِمُۥٓ ءَايَٰتِكَ وَيُعَلِّمُهُمُ اُ۬لْكِتَٰبَ وَالْحِكْمَةَ وَيُزَكِّيهِمُۥٓۖ إِنَّكَ أَنتَ اَ۬لْعَزِيزُ اُ۬لْحَكِيمُۖ ﱿ
136,2,129,1,20,البَقَرَة,Al-Baqarah,وَمَنْ يَّرْغَبُ عَن مِّلَّةِ إِبْرَٰهِيمَ إِلَّا مَن سَفِهَ نَفْسَهُۥۖ وَلَقَدِ اِ۪صْطَفَيْنَٰهُ فِے اِ۬لدُّنْي۪اۖ وَإِنَّهُۥ فِے اِ۬لَاخِرَةِ لَمِنَ اَ۬لصَّٰلِحِينَۖ ﲀ
137,2,130,1,20,البَقَرَة,Al-Baqarah,إِذْ قَالَ لَهُۥ رَبُّهُۥٓ أَسْلِمْۖ قَالَ أَسْلَمْتُ لِرَبِّ اِ۬لْعَٰلَمِينَۖ ﲁ
138,2,131,1,20,البَقَرَة,Al-Baqarah,وَأَوْص۪ىٰ بِهَآ إِبْرَٰهِيمُ بَنِيهِۖ وَيَعْقُوبُ يَٰبَنِيَّ إِنَّ اَ۬للَّهَ اَ۪صْطَف۪ىٰ لَكُمُ اُ۬لدِّينَ فَلَا تَمُوتُنَّ إِلَّا وَأَنتُم مُّسْلِمُونَۖ ﲂ
139,2,132,1,20,البَقَرَة,Al-Baqarah,۞ أَمْ كُنتُمْ شُهَدَآءَ ا۪ذْ حَضَرَ يَعْقُوبَ اَ۬لْمَوْتُ إِذْ قَالَ لِبَنِيهِ مَا تَعْبُدُونَ مِنۢ بَعْدِےۖ قَالُواْ نَعْبُدُ إِلَٰهَكَ وَإِلَٰهَ ءَابَآئِكَ إِبْرَٰهِيمَ وَإِسْمَٰعِيلَ وَإِسْحَٰقَ إِلَٰهاٗ وَٰحِداٗ وَنَحْنُ لَهُۥ مُسْلِمُونَۖ ﲃ
140,2,133,1,20,البَقَرَة,Al-Baqarah,تِلْكَ أُمَّةٞ قَدْ خَلَتْۖ لَهَا مَا كَسَبَتْۖ وَلَكُم مَّا كَسَبْتُمْۖ وَلَا تُسْـَٔلُونَ عَمَّا كَانُواْ يَعْمَلُونَۖ ﲄ
141,2,134,1,21,البَقَرَة,Al-Baqarah,وَقَالُواْ كُونُواْ هُوداً اَوْ نَصَٰر۪ىٰ تَهْتَدُواْۖ قُلْ بَلْ مِلَّةَ إِبْرَٰهِيمَ حَنِيفاٗۖ وَمَا كَانَ مِنَ اَ۬لْمُشْرِكِينَۖ ﲅ
142,2,135,1,21,البَقَرَة,Al-Baqarah,قُولُوٓاْ ءَامَنَّا بِاللَّهِ وَمَآ أُنزِلَ إِلَيْنَا وَمَآ أُنزِلَ إِلَىٰٓ إِبْرَٰهِيمَ وَإِسْمَٰعِيلَ وَإِسْحَٰقَ وَيَعْقُوبَ وَالَاسْبَاطِ وَمَآ أُوتِيَ مُوس۪ىٰ وَعِيس۪ىٰ وَمَآ أُوتِيَ اَ۬لنَّبِيٓـُٔونَ مِن رَّبِّهِمْ لَا نُفَرِّقُ بَيْنَ أَحَدٖ مِّنْهُمْ وَنَحْنُ لَهُۥ مُسْلِمُونَۖ ﲆ
143,2,136,1,21,البَقَرَة,Al-Baqarah,فَإِنَ اٰمَنُواْ بِمِثْلِ مَآ ءَامَنتُم بِهِۦ فَقَدِ اِ۪هْتَدَواْۖ وَّإِن تَوَلَّوْاْ فَإِنَّمَا هُمْ فِے شِقَاقٖۖ فَسَيَكْفِيكَهُمُ اُ۬للَّهُۖ وَهُوَ اَ۬لسَّمِيعُ اُ۬لْعَلِيمُۖ ﲇ
144,2,137,1,21,البَقَرَة,Al-Baqarah,صِبْغَةَ اَ۬للَّهِۖ وَمَنَ اَحْسَنُ مِنَ اَ۬للَّهِ صِبْغَةٗۖ وَنَحْنُ لَهُۥ عَٰبِدُونَۖ ﲈ
145,2,138,1,21,البَقَرَة,Al-Baqarah,قُلَ اَتُحَآجُّونَنَا فِے اِ۬للَّهِ وَهُوَ رَبُّنَا وَرَبُّكُمْ وَلَنَآ أَعْمَٰلُنَا وَلَكُمُۥٓ أَعْمَٰلُكُمْۖ وَنَحْنُ لَهُۥ مُخْلِصُونَۖ ﲉ
146,2,139,1,21,البَقَرَة,Al-Baqarah,أَمْ يَقُولُونَ إِنَّ إِبْرَٰهِيمَ وَإِسْمَٰعِيلَ وَإِسْحَٰقَ وَيَعْقُوبَ وَالَاسْبَاطَ كَانُواْ هُوداً اَوْ نَصَٰر۪ىٰۖ قُلَ آٰنتُمُۥٓ أَعْلَمُ أَمِ اِ۬للَّهُۖ وَمَنَ اَظْلَمُ مِمَّن كَتَمَ شَهَٰدَةً عِندَهُۥ مِنَ اَ۬للَّهِۖ وَمَا اَ۬للَّهُ بِغَٰفِلٍ عَمَّا تَعْمَلُونَۖ ﲊ
147,2,140,1,21,البَقَرَة,Al-Baqarah,تِلْكَ أُمَّةٞ قَدْ خَلَتْۖ لَهَا مَا كَسَبَتْۖ وَلَكُم مَّا كَسَبْتُمْۖ وَلَا تُسْـَٔلُونَ عَمَّا كَانُواْ يَعْمَلُونَۖ ﲋ
148,2,141,2,22,البَقَرَة,Al-Baqarah,۞ سَيَقُولُ اُ۬لسُّفَهَآءُ مِنَ اَ۬لنَّاسِ مَا وَلّ۪يٰهُمْ عَن قِبْلَتِهِمُ اُ۬لتِے كَانُواْ عَلَيْهَاۖ قُل لِّلهِ اِ۬لْمَشْرِقُ وَالْمَغْرِبُۖ يَهْدِے مَنْ يَّشَآءُ اِ۪لَىٰ صِرَٰطٖ مُّسْتَقِيمٖۖ ﲌ
149,2,142,2,22,البَقَرَة,Al-Baqarah,وَكَذَٰلِكَ جَعَلْنَٰكُمُۥٓ أُمَّةٗ وَسَطاٗۖ لِّتَكُونُواْ شُهَدَآءَ عَلَى اَ۬لنَّاسِ وَيَكُونَ اَ۬لرَّسُولُ عَلَيْكُمْ شَهِيداٗۖ وَمَا جَعَلْنَا اَ۬لْقِبْلَةَ اَ۬لتِے كُنتَ عَلَيْهَآ إِلَّا لِنَعْلَمَ مَنْ يَّتَّبِعُ اُ۬لرَّسُولَ مِمَّنْ يَّنقَلِبُ عَلَىٰ عَقِبَيْهِۖ وَإِن كَانَتْ لَكَبِيرَةً اِلَّا عَلَى اَ۬لذِينَ هَدَى اَ۬للَّهُۖ وَمَا كَانَ اَ۬للَّهُ لِيُضِيعَ إِيمَٰنَكُمُۥٓۖ إِنَّ اَ۬للَّهَ بِالنَّاسِ لَرَءُوفٞ رَّحِيمٞۖ ﲍ
150,2,143,2,22,البَقَرَة,Al-Baqarah,قَدْ نَر۪ىٰ تَقَلُّبَ وَجْهِكَ فِے اِ۬لسَّمَآءِ فَلَنُوَلِّيَنَّكَ قِبْلَةٗ تَرْض۪يٰهَاۖ فَوَلِّ وَجْهَكَ شَطْرَ اَ۬لْمَسْجِدِ اِ۬لْحَرَامِۖ وَحَيْثُ مَا كُنتُمْ فَوَلُّواْ وُجُوهَكُمْ شَطْرَهُۥۖ وَإِنَّ اَ۬لذِينَ أُوتُواْ اُ۬لْكِتَٰبَ لَيَعْلَمُونَ أَنَّهُ اُ۬لْحَقُّ مِن رَّبِّهِمْۖ وَمَا اَ۬للَّهُ بِغَٰفِلٍ عَمَّا يَعْمَلُونَۖ ﲎ
151,2,144,2,22,البَقَرَة,Al-Baqarah,وَلَئِنَ اَتَيْتَ اَ۬لذِينَ أُوتُواْ اُ۬لْكِتَٰبَ بِكُلِّ ءَايَةٖ مَّا تَبِعُواْ قِبْلَتَكَۖ وَمَآ أَنتَ بِتَابِعٖ قِبْلَتَهُمْۖ وَمَا بَعْضُهُم بِتَابِعٖ قِبْلَةَ بَعْضٖۖ وَلَئِنِ اِ۪تَّبَعْتَ أَهْوَآءَهُم مِّنۢ بَعْدِ مَا جَآءَكَ مِنَ اَ۬لْعِلْمِ إِنَّكَ إِذاٗ لَّمِنَ اَ۬لظَّٰلِمِينَۖ ﲏ
152,2,145,2,23,البَقَرَة,Al-Baqarah,اَ۬لذِينَ ءَاتَيْنَٰهُمُ اُ۬لْكِتَٰبَ يَعْرِفُونَهُۥ كَمَا يَعْرِفُونَ أَبْنَآءَهُمْۖ وَإِنَّ فَرِيقاٗ مِّنْهُمْ لَيَكْتُمُونَ اَ۬لْحَقَّ وَهُمْ يَعْلَمُونَۖ ﲐ
153,2,146,2,23,البَقَرَة,Al-Baqarah,اَ۬لْحَقُّ مِن رَّبِّكَۖ فَلَا تَكُونَنَّ مِنَ اَ۬لْمُمْتَرِينَۖ ﲑ
154,2,147,2,23,البَقَرَة,Al-Baqarah,۞ وَلِكُلّٖ وِجْهَةٌ هُوَ مُوَلِّيهَا فَاسْتَبِقُواْ اُ۬لْخَيْرَٰتِۖ أَيْنَ مَا تَكُونُواْ يَاتِ بِكُمُ اُ۬للَّهُ جَمِيعاًۖ اِنَّ اَ۬للَّهَ عَلَىٰ كُلِّ شَےْءٖ قَدِيرٞۖ ﲒ
155,2,148,2,23,البَقَرَة,Al-Baqarah,وَمِنْ حَيْثُ خَرَجْتَ فَوَلِّ وَجْهَكَ شَطْرَ اَ۬لْمَسْجِدِ اِ۬لْحَرَامِۖ وَإِنَّهُۥ لَلْحَقُّ مِن رَّبِّكَۖ وَمَا اَ۬للَّهُ بِغَٰفِلٍ عَمَّا تَعْمَلُونَۖ ﲓ
156,2,149,2,23,البَقَرَة,Al-Baqarah,وَمِنْ حَيْثُ خَرَجْتَ فَوَلِّ وَجْهَكَ شَطْرَ اَ۬لْمَسْجِدِ اِ۬لْحَرَامِۖ وَحَيْثُ مَا كُنتُمْ فَوَلُّواْ وُجُوهَكُمْ شَطْرَهُۥ لِيَ۬لَّا يَكُونَ لِلنَّاسِ عَلَيْكُمْ حُجَّةٌ اِلَّا اَ۬لذِينَ ظَلَمُواْ مِنْهُمْ فَلَا تَخْشَوْهُمْ وَاخْشَوْنِےۖ وَلِأُتِمَّ نِعْمَتِے عَلَيْكُمْ وَلَعَلَّكُمْ تَهْتَدُونَۖ ﲔ
157,2,150,2,23,البَقَرَة,Al-Baqarah,كَمَآ أَرْسَلْنَا فِيكُمْ رَسُولاٗ مِّنكُمْ يَتْلُواْ عَلَيْكُمُۥٓ ءَايَٰتِنَا وَيُزَكِّيكُمْ وَيُعَلِّمُكُمُ اُ۬لْكِتَٰبَ وَالْحِكْمَةَ وَيُعَلِّمُكُم مَّا لَمْ تَكُونُواْ تَعْلَمُونَ ﲕ
158,2,151,2,23,البَقَرَة,Al-Baqarah,فَاذْكُرُونِےٓ أَذْكُرْكُمْ وَاشْكُرُواْ لِے وَلَا تَكْفُرُونِۖ ﲖ
159,2,152,2,23,البَقَرَة,Al-Baqarah,يَٰٓأَيُّهَا اَ۬لذِينَ ءَامَنُواْ اُ۪سْتَعِينُواْ بِالصَّبْرِ وَالصَّلَوٰةِۖ إِنَّ اَ۬للَّهَ مَعَ اَ۬لصَّٰبِرِينَۖ ﲗ
160,2,153,2,24,البَقَرَة,Al-Baqarah,وَلَا تَقُولُواْ لِمَنْ يُّقْتَلُ فِے سَبِيلِ اِ۬للَّهِ أَمْوَٰتُۢۖ بَلَ اَحْيَآءٞۖ وَلَٰكِن لَّا تَشْعُرُونَۖ ﲘ
161,2,154,2,24,البَقَرَة,Al-Baqarah,وَلَنَبْلُوَنَّكُم بِشَےْءٖ مِّنَ اَ۬لْخَوْفِ وَالْجُوعِ وَنَقْصٖ مِّنَ اَ۬لَامْوَٰلِ وَالَانفُسِ وَالثَّمَرَٰتِۖ وَبَشِّرِ اِ۬لصَّٰبِرِينَ ﲙ
162,2,155,2,24,البَقَرَة,Al-Baqarah,اَ۬لذِينَ إِذَآ أَصَٰبَتْهُم مُّصِيبَةٞ قَالُوٓاْ إِنَّا لِلهِ وَإِنَّآ إِلَيْهِ رَٰجِعُونَۖ ﲚ
163,2,156,2,24,البَقَرَة,Al-Baqarah,أُوْلَٰٓئِكَ عَلَيْهِمْ صَلَوَٰتٞ مِّن رَّبِّهِمْ وَرَحْمَةٞۖ وَأُوْلَٰٓئِكَ هُمُ اُ۬لْمُهْتَدُونَۖ ﲛ
164,2,157,2,24,البَقَرَة,Al-Baqarah,۞ إِنَّ اَ۬لصَّفَا وَالْمَرْوَةَ مِن شَعَٰٓئِرِ اِ۬للَّهِۖ فَمَنْ حَجَّ اَ۬لْبَيْتَ أَوِ اِ۪عْتَمَرَ فَلَا جُنَاحَ عَلَيْهِ أَنْ يَّطَّوَّفَ بِهِمَاۖ وَمَن تَطَوَّعَ خَيْراٗ فَإِنَّ اَ۬للَّهَ شَاكِرٌ عَلِيمٌۖ ﲜ
165,2,158,2,24,البَقَرَة,Al-Baqarah,اِنَّ اَ۬لذِينَ يَكْتُمُونَ مَآ أَنزَلْنَا مِنَ اَ۬لْبَيِّنَٰتِ وَالْهُد۪ىٰ مِنۢ بَعْدِ مَا بَيَّنَّٰهُ لِلنَّاسِ فِے اِ۬لْكِتَٰبِ أُوْلَٰٓئِكَ يَلْعَنُهُمُ اُ۬للَّهُ وَيَلْعَنُهُمُ اُ۬للَّٰعِنُونَ ﲝ
166,2,159,2,24,البَقَرَة,Al-Baqarah,إِلَّا اَ۬لذِينَ تَابُواْ وَأَصْلَحُواْ وَبَيَّنُواْ فَأُوْلَٰٓئِكَ أَتُوبُ عَلَيْهِمْ وَأَنَا اَ۬لتَّوَّابُ اُ۬لرَّحِيمُۖ ﲞ
167,2,160,2,24,البَقَرَة,Al-Baqarah,إِنَّ اَ۬لذِينَ كَفَرُواْ وَمَاتُواْ وَهُمْ كُفَّارٌ ا۟وْلَٰٓئِكَ عَلَيْهِمْ لَعْنَةُ اُ۬للَّهِ وَالْمَلَٰٓئِكَةِ وَالنَّاسِ أَجْمَعِينَ ﲟ
168,2,161,2,24,البَقَرَة,Al-Baqarah,خَٰلِدِينَ فِيهَاۖ لَا يُخَفَّفُ عَنْهُمُ اُ۬لْعَذَابُ وَلَا هُمْ يُنظَرُونَۖ ﲠ
169,2,162,2,24,البَقَرَة,Al-Baqarah,وَإِلَٰهُكُمُۥٓ إِلَٰهٞ وَٰحِدٞۖ لَّآ إِلَٰهَ إِلَّا هُوَۖ اَ۬لرَّحْمَٰنُ اُ۬لرَّحِيمُۖ ﲡ
170,2,163,2,25,البَقَرَة,Al-Baqarah,إِنَّ فِے خَلْقِ اِ۬لسَّمَٰوَٰتِ وَالَارْضِ وَاخْتِلَٰفِ اِ۬ليْلِ وَالنَّه۪ارِ وَالْفُلْكِ اِ۬لتِے تَجْرِے فِے اِ۬لْبَحْرِ بِمَا يَنفَعُ اُ۬لنَّاسَ وَمَآ أَنزَلَ اَ۬للَّهُ مِنَ اَ۬لسَّمَآءِ مِن مَّآءٖ فَأَحْي۪ا بِهِ اِ۬لَارْضَ بَعْدَ مَوْتِهَا وَبَثَّ فِيهَا مِن كُلِّ دَآبَّةٖ وَتَصْرِيفِ اِ۬لرِّيَٰحِ وَالسَّحَابِ اِ۬لْمُسَخَّرِ بَيْنَ اَ۬لسَّمَآءِ وَالَارْضِ لَأٓيَٰتٖ لِّقَوْمٖ يَعْقِلُونَۖ ﲢ
171,2,164,2,25,البَقَرَة,Al-Baqarah,وَمِنَ اَ۬لنَّاسِ مَنْ يَّتَّخِذُ مِن دُونِ اِ۬للَّهِ أَندَاداٗ يُحِبُّونَهُمْ كَحُبِّ اِ۬للَّهِۖ وَالذِينَ ءَامَنُوٓاْ أَشَدُّ حُبّاٗ لِّلهِۖ وَلَوْ تَرَى اَ۬لذِينَ ظَلَمُوٓاْ إِذْ يَرَوْنَ اَ۬لْعَذَابَ أَنَّ اَ۬لْقُوَّةَ لِلهِ جَمِيعاٗ وَأَنَّ اَ۬للَّهَ شَدِيدُ اُ۬لْعَذَابِۖ ﲣ
172,2,165,2,25,البَقَرَة,Al-Baqarah,۞ إِذْ تَبَرَّأَ اَ۬لذِينَ اَ۟تُّبِعُواْ مِنَ اَ۬لذِينَ اَ۪تَّبَعُواْ وَرَأَوُاْ اُ۬لْعَذَابَ وَتَقَطَّعَتْ بِهِمُ اُ۬لَاسْبَٰبُۖ ﲤ
173,2,166,2,25,البَقَرَة,Al-Baqarah,وَقَالَ اَ۬لذِينَ اَ۪تَّبَعُواْ لَوَ اَنَّ لَنَا كَرَّةٗ فَنَتَبَرَّأَ مِنْهُمْ كَمَا تَبَرَّءُواْ مِنَّاۖ كَذَٰلِكَ يُرِيهِمُ اُ۬للَّهُ أَعْمَٰلَهُمْ حَسَرَٰتٍ عَلَيْهِمْۖ وَمَا هُم بِخَٰرِجِينَ مِنَ اَ۬لنّ۪ارِۖ ﲥ
174,2,167,2,25,البَقَرَة,Al-Baqarah,يَٰٓأَيُّهَا اَ۬لنَّاسُ كُلُواْ مِمَّا فِے اِ۬لَارْضِ حَلَٰلاٗ طَيِّباٗۖ وَلَا تَتَّبِعُواْ خُطْوَٰتِ اِ۬لشَّيْطَٰنِۖ إِنَّهُۥ لَكُمْ عَدُوّٞ مُّبِينٌۖ ﲦ
175,2,168,2,25,البَقَرَة,Al-Baqarah,اِنَّمَا يَامُرُكُم بِالسُّوٓءِ وَالْفَحْشَآءِ وَأَن تَقُولُواْ عَلَى اَ۬للَّهِ مَا لَا تَعْلَمُونَۖ ﲧ
176,2,169,2,26,البَقَرَة,Al-Baqarah,وَإِذَا قِيلَ لَهُمُ اُ۪تَّبِعُواْ مَآ أَنزَلَ اَ۬للَّهُ قَالُواْ بَلْ نَتَّبِعُ مَآ أَلْفَيْنَا عَلَيْهِ ءَابَآءَنَآۖ أَوَلَوْ كَانَ ءَابَآؤُهُمْ لَا يَعْقِلُونَ شَئْاٗ وَلَا يَهْتَدُونَۖ ﲨ
177,2,170,2,26,البَقَرَة,Al-Baqarah,وَمَثَلُ اُ۬لذِينَ كَفَرُواْ كَمَثَلِ اِ۬لذِے يَنْعِقُ بِمَا لَا يَسْمَعُ إِلَّا دُعَآءٗ وَنِدَآءٗۖ صُمُّۢ بُكْمٌ عُمْيٞ فَهُمْ لَا يَعْقِلُونَۖ ﲩ
178,2,171,2,26,البَقَرَة,Al-Baqarah,يَٰٓأَيُّهَا اَ۬لذِينَ ءَامَنُواْ كُلُواْ مِن طَيِّبَٰتِ مَا رَزَقْنَٰكُمْ وَاشْكُرُواْ لِلهِ إِن كُنتُمُۥٓ إِيَّاهُ تَعْبُدُونَۖ ﲪ
179,2,172,2,26,البَقَرَة,Al-Baqarah,إِنَّمَا حَرَّمَ عَلَيْكُمُ اُ۬لْمَيْتَةَ وَالدَّمَ وَلَحْمَ اَ۬لْخِنزِيرِ وَمَآ أُهِلَّ بِهِۦ لِغَيْرِ اِ۬للَّهِۖ فَمَنُ اُ۟ضْطُرَّ غَيْرَ بَاغٖ وَلَا عَادٖ فَلَآ إِثْمَ عَلَيْهِۖ إِنَّ اَ۬للَّهَ غَفُورٞ رَّحِيمٌۖ ﲫ
180,2,173,2,26,البَقَرَة,Al-Baqarah,اِنَّ اَ۬لذِينَ يَكْتُمُونَ مَآ أَنزَلَ اَ۬للَّهُ مِنَ اَ۬لْكِتَٰبِ وَيَشْتَرُونَ بِهِۦ ثَمَناٗ قَلِيلاً ا۟وْلَٰٓئِكَ مَا يَاكُلُونَ فِے بُطُونِهِمُۥٓ إِلَّا اَ۬لنَّارَ وَلَا يُكَلِّمُهُمُ اُ۬للَّهُ يَوْمَ اَ۬لْقِيَٰمَةِ وَلَا يُزَكِّيهِمْۖ وَلَهُمْ عَذَابٌ اَلِيمٌۖ ﲬ
181,2,174,2,26,البَقَرَة,Al-Baqarah,ا۟وْلَٰٓئِكَ اَ۬لذِينَ اَ۪شْتَرَوُاْ اُ۬لضَّلَٰلَةَ بِالْهُد۪ىٰ وَالْعَذَابَ بِالْمَغْفِرَةِ فَمَآ أَصْبَرَهُمْ عَلَى اَ۬لنّ۪ارِۖ ﲭ
182,2,175,2,26,البَقَرَة,Al-Baqarah,ذَٰلِكَ بِأَنَّ اَ۬للَّهَ نَزَّلَ اَ۬لْكِتَٰبَ بِالْحَقِّۖ وَإِنَّ اَ۬لذِينَ اَ۪خْتَلَفُواْ فِے اِ۬لْكِتَٰبِ لَفِے شِقَاقِۢ بَعِيدٖۖ ﲮ
183,2,176,2,27,البَقَرَة,Al-Baqarah,۞ لَّيْسَ اَ۬لْبِرُّ أَن تُوَلُّواْ وُجُوهَكُمْ قِبَلَ اَ۬لْمَشْرِقِ وَالْمَغْرِبِۖ وَلَٰكِنِ اِ۬لْبِرُّ مَنَ اٰمَنَ بِاللَّهِ وَالْيَوْمِ اِ۬لَاخِرِ وَالْمَلَٰٓئِكَةِ وَالْكِتَٰبِ وَالنَّبِيٓـِٕۧنَ وَءَاتَى اَ۬لْمَالَ عَلَىٰ حُبِّهِۦ ذَوِے اِ۬لْقُرْب۪ىٰ وَالْيَتَٰم۪ىٰ وَالْمَسَٰكِينَ وَابْنَ اَ۬لسَّبِيلِ وَالسَّآئِلِينَ وَفِے اِ۬لرِّقَابِ وَأَقَامَ اَ۬لصَّلَوٰةَ وَءَاتَى اَ۬لزَّكَوٰةَۖ وَالْمُوفُونَ بِعَهْدِهِمُۥٓ إِذَا عَٰهَدُواْۖ وَالصَّٰبِرِينَ فِے اِ۬لْبَأْسَآءِ وَالضَّرَّآءِ وَحِينَ اَ۬لْبَأْسِۖ أُوْلَٰٓئِكَ اَ۬لذِينَ صَدَقُواْۖ وَأُوْلَٰٓئِكَ هُمُ اُ۬لْمُتَّقُونَۖ ﲯ
184,2,177,2,27,البَقَرَة,Al-Baqarah,يَٰٓأَيُّهَا اَ۬لذِينَ ءَامَنُواْ كُتِبَ عَلَيْكُمُ اُ۬لْقِصَاصُ فِے اِ۬لْقَتْلَىۖ اَ۬لْحُرُّ بِالْحُرِّ وَالْعَبْدُ بِالْعَبْدِ وَالُانث۪ىٰ بِالُانث۪ىٰۖ فَمَنْ عُفِيَ لَهُۥ مِنَ اَخِيهِ شَےْءٞ فَاتِّبَاعُۢ بِالْمَعْرُوفِ وَأَدَآءٌ اِلَيْهِ بِإِحْسَٰنٖۖ ذَٰلِكَ تَخْفِيفٞ مِّن رَّبِّكُمْ وَرَحْمَةٞۖ فَمَنِ اِ۪عْتَد۪ىٰ بَعْدَ ذَٰلِكَ فَلَهُۥ عَذَابٌ اَلِيمٞۖ ﲰ
185,2,178,2,27,البَقَرَة,Al-Baqarah,وَلَكُمْ فِے اِ۬لْقِصَاصِ حَيَوٰةٞ يَٰٓأُوْلِے اِ۬لَالْبَٰبِ لَعَلَّكُمْ تَتَّقُونَۖ ﲱ
186,2,179,2,27,البَقَرَة,Al-Baqarah,كُتِبَ عَلَيْكُمُۥٓ إِذَا حَضَرَ أَحَدَكُمُ اُ۬لْمَوْتُ إِن تَرَكَ خَيْراًۖ اِ۬لْوَصِيَّةُ لِلْوَٰلِدَيْنِ وَالَاقْرَبِينَ بِالْمَعْرُوفِۖ حَقّاً عَلَى اَ۬لْمُتَّقِينَۖ ﲲ
187,2,180,2,27,البَقَرَة,Al-Baqarah,فَمَنۢ بَدَّلَهُۥ بَعْدَ مَا سَمِعَهُۥ فَإِنَّمَآ إِثْمُهُۥ عَلَى اَ۬لذِينَ يُبَدِّلُونَهُۥٓۖ إِنَّ اَ۬للَّهَ سَمِيعٌ عَلِيمٞۖ ﲳ
188,2,181,2,28,البَقَرَة,Al-Baqarah,فَمَنْ خَافَ مِن مُّوصٖ جَنَفاً اَوِ اِثْماٗ فَأَصْلَحَ بَيْنَهُمْ فَلَآ إِثْمَ عَلَيْهِۖ إِنَّ اَ۬للَّهَ غَفُورٞ رَّحِيمٞۖ ﲴ
189,2,182,2,28,البَقَرَة,Al-Baqarah,يَٰٓأَيُّهَا اَ۬لذِينَ ءَامَنُواْ كُتِبَ عَلَيْكُمُ اُ۬لصِّيَامُ كَمَا كُتِبَ عَلَى اَ۬لذِينَ مِن قَبْلِكُمْ لَعَلَّكُمْ تَتَّقُونَ ﲵ
190,2,183,2,28,البَقَرَة,Al-Baqarah,أَيَّاماٗ مَّعْدُودَٰتٖۖ فَمَن كَانَ مِنكُم مَّرِيضاً اَوْ عَلَىٰ سَفَرٖ فَعِدَّةٞ مِّنَ اَيَّامٍ ا۟خَرَۖ وَعَلَى اَ۬لذِينَ يُطِيقُونَهُۥ فِدْيَةُ طَعَامِ مَسَٰكِينَۖ فَمَن تَطَوَّعَ خَيْراٗ فَهُوَ خَيْرٞ لَّهُۥۖ وَأَن تَصُومُواْ خَيْرٞ لَّكُمُۥٓ إِن كُنتُمْ تَعْلَمُونَۖ ﲶ
191,2,184,2,28,البَقَرَة,Al-Baqarah,۞ شَهْرُ رَمَضَانَ اَ۬لذِےٓ أُنزِلَ فِيهِ اِ۬لْقُرْءَانُ هُدىٗ لِّلنَّاسِ وَبَيِّنَٰتٖ مِّنَ اَ۬لْهُد۪ىٰ وَالْفُرْقَانِۖ فَمَن شَهِدَ مِنكُمُ اُ۬لشَّهْرَ فَلْيَصُمْهُۖ وَمَن كَانَ مَرِيضاً اَوْ عَلَىٰ سَفَرٖ فَعِدَّةٞ مِّنَ اَيَّامٍ ا۟خَرَۖ يُرِيدُ اُ۬للَّهُ بِكُمُ اُ۬لْيُسْرَ وَلَا يُرِيدُ بِكُمُ اُ۬لْعُسْرَۖ وَلِتُكْمِلُواْ اُ۬لْعِدَّةَ وَلِتُكَبِّرُواْ اُ۬للَّهَ عَلَىٰ مَا هَد۪يٰكُمْ وَلَعَلَّكُمْ تَشْكُرُونَۖ ﲷ
192,2,185,2,28,البَقَرَة,Al-Baqarah,وَإِذَا سَأَلَكَ عِبَادِے عَنِّے فَإِنِّے قَرِيبٌۖ ا۟جِيبُ دَعْوَةَ اَ۬لدَّاعِۦٓ إِذَا دَعَانِۦۖ فَلْيَسْتَجِيبُواْ لِے وَلْيُومِنُواْ بِيَ لَعَلَّهُمْ يَرْشُدُونَۖ ﲸ
193,2,186,2,29,البَقَرَة,Al-Baqarah,أُحِلَّ لَكُمْ لَيْلَةَ اَ۬لصِّيَامِ اِ۬لرَّفَثُ إِلَىٰ نِسَآئِكُمْۖ هُنَّ لِبَاسٞ لَّكُمْ وَأَنتُمْ لِبَاسٞ لَّهُنَّۖ عَلِمَ اَ۬للَّهُ أَنَّكُمْ كُنتُمْ تَخْتَانُونَ أَنفُسَكُمْ فَتَابَ عَلَيْكُمْ وَعَفَا عَنكُمْۖ فَالَٰنَ بَٰشِرُوهُنَّۖ وَابْتَغُواْ مَا كَتَبَ اَ۬للَّهُ لَكُمْۖ وَكُلُواْ وَاشْرَبُواْ حَتَّىٰ يَتَبَيَّنَ لَكُمُ اُ۬لْخَيْطُ اُ۬لَابْيَضُ مِنَ اَ۬لْخَيْطِ اِ۬لَاسْوَدِ مِنَ اَ۬لْفَجْرِۖ ثُمَّ أَتِمُّواْ اُ۬لصِّيَامَ إِلَى اَ۬ليْلِۖ وَلَا تُبَٰشِرُوهُنَّ وَأَنتُمْ عَٰكِفُونَ فِے اِ۬لْمَسَٰجِدِۖ تِلْكَ حُدُودُ اُ۬للَّهِۖ فَلَا تَقْرَبُوهَاۖ كَذَٰلِكَ يُبَيِّنُ اُ۬للَّهُ ءَايَٰتِهِۦ لِلنَّاسِ لَعَلَّهُمْ يَتَّقُونَۖ ﲹ
194,2,187,2,29,البَقَرَة,Al-Baqarah,وَلَا تَاكُلُوٓاْ أَمْوَٰلَكُم بَيْنَكُم بِالْبَٰطِلِ وَتُدْلُواْ بِهَآ إِلَى اَ۬لْحُكَّامِ لِتَاكُلُواْ فَرِيقاٗ مِّنَ اَمْوَٰلِ اِ۬لنَّاسِ بِالِاثْمِ وَأَنتُمْ تَعْلَمُونَۖ ﲺ
195,2,188,2,29,البَقَرَة,Al-Baqarah,۞ يَسْـَٔلُونَكَ عَنِ اِ۬لَاهِلَّةِۖ قُلْ هِيَ مَوَٰقِيتُ لِلنَّاسِ وَالْحَجِّۖ وَلَيْسَ اَ۬لْبِرُّ بِأَن تَاتُواْ اُ۬لْبُيُوتَ مِن ظُهُورِهَاۖ وَلَٰكِنِ اِ۬لْبِرُّ مَنِ اِ۪تَّق۪ىٰۖ وَاتُواْ اُ۬لْبُيُوتَ مِنَ اَبْوَٰبِهَاۖ وَاتَّقُواْ اُ۬للَّهَ لَعَلَّكُمْ تُفْلِحُونَۖ ﲻ
196,2,189,2,29,البَقَرَة,Al-Baqarah,وَقَٰتِلُواْ فِے سَبِيلِ اِ۬للَّهِ اِ۬لذِينَ يُقَٰتِلُونَكُمْ وَلَا تَعْتَدُوٓاْۖ إِنَّ اَ۬للَّهَ لَا يُحِبُّ اُ۬لْمُعْتَدِينَۖ ﲼ
197,2,190,2,30,البَقَرَة,Al-Baqarah,وَاقْتُلُوهُمْ حَيْثُ ثَقِفْتُمُوهُمْ وَأَخْرِجُوهُم مِّنْ حَيْثُ أَخْرَجُوكُمْۖ وَالْفِتْنَةُ أَشَدُّ مِنَ اَ۬لْقَتْلِۖ وَلَا تُقَٰتِلُوهُمْ عِندَ اَ۬لْمَسْجِدِ اِ۬لْحَرَامِ حَتَّىٰ يُقَٰتِلُوكُمْ فِيهِۖ فَإِن قَٰتَلُوكُمْ فَاقْتُلُوهُمْۖ كَذَٰلِكَ جَزَآءُ اُ۬لْكٰ۪فِرِينَۖ ﲽ
198,2,191,2,30,البَقَرَة,Al-Baqarah,فَإِنِ اِ۪نتَهَوْاْ فَإِنَّ اَ۬للَّهَ غَفُورٞ رَّحِيمٞۖ ﲾ
199,2,192,2,30,البَقَرَة,Al-Baqarah,وَقَٰتِلُوهُمْ حَتَّىٰ لَا تَكُونَ فِتْنَةٞ وَيَكُونَ اَ۬لدِّينُ لِلهِۖ فَإِنِ اِ۪نتَهَوْاْ فَلَا عُدْوَٰنَ إِلَّا عَلَى اَ۬لظَّٰلِمِينَۖ ﲿ
200,2,193,2,30,البَقَرَة,Al-Baqarah,اَ۬لشَّهْرُ اُ۬لْحَرَامُ بِالشَّهْرِ اِ۬لْحَرَامِ وَالْحُرُمَٰتُ قِصَاصٞۖ فَمَنِ اِ۪عْتَد۪ىٰ عَلَيْكُمْ فَاعْتَدُواْ عَلَيْهِ بِمِثْلِ مَا اَ۪عْتَد۪ىٰ عَلَيْكُمْۖ وَاتَّقُواْ اُ۬للَّهَ وَاعْلَمُوٓاْ أَنَّ اَ۬للَّهَ مَعَ اَ۬لْمُتَّقِينَۖ ﳀ
201,2,194,2,30,البَقَرَة,Al-Baqarah,وَأَنفِقُواْ فِے سَبِيلِ اِ۬للَّهِ وَلَا تُلْقُواْ بِأَيْدِيكُمُۥٓ إِلَى اَ۬لتَّهْلُكَةِ وَأَحْسِنُوٓاْۖ إِنَّ اَ۬للَّهَ يُحِبُّ اُ۬لْمُحْسِنِينَۖ ﳁ
202,2,195,2,30,البَقَرَة,Al-Baqarah,وَأَتِمُّواْ اُ۬لْحَجَّ وَالْعُمْرَةَ لِلهِۖ فَإِنُ ا۟حْصِرْتُمْ فَمَا اَ۪سْتَيْسَرَ مِنَ اَ۬لْهَدْيِۖ وَلَا تَحْلِقُواْ رُءُوسَكُمْ حَتَّىٰ يَبْلُغَ اَ۬لْهَدْيُ مَحِلَّهُۥۖ فَمَن كَانَ مِنكُم مَّرِيضاً اَوْ بِهِۦٓ أَذىٗ مِّن رَّأْسِهِۦ فَفِدْيَةٞ مِّن صِيَامٍ اَوْ صَدَقَةٍ اَوْ نُسُكٖۖ فَإِذَآ أَمِنتُمْ فَمَن تَمَتَّعَ بِالْعُمْرَةِ إِلَى اَ۬لْحَجِّ فَمَا اَ۪سْتَيْسَرَ مِنَ اَ۬لْهَدْيِۖ ۞ فَمَن لَّمْ يَجِدْ فَصِيَامُ ثَلَٰثَةِ أَيَّامٖ فِے اِ۬لْحَجِّ وَسَبْعَةٍ اِذَا رَجَعْتُمْ تِلْكَ عَشَرَةٞ كَامِلَةٞۖ ذَٰلِكَ لِمَن لَّمْ يَكُنَ اَهْلُهُۥ حَاضِرِے اِ۬لْمَسْجِدِ اِ۬لْحَرَامِۖ وَاتَّقُواْ اُ۬للَّهَ وَاعْلَمُوٓاْ أَنَّ اَ۬للَّهَ شَدِيدُ اُ۬لْعِقَابِۖ ﳂ
203,2,196,2,31,البَقَرَة,Al-Baqarah,اِ۬لْحَجُّ أَشْهُرٞ مَّعْلُومَٰتٞۖ فَمَن فَرَضَ فِيهِنَّ اَ۬لْحَجَّ فَلَا رَفَثَ وَلَا فُسُوقَ وَلَا جِدَالَ فِے اِ۬لْحَجِّۖ وَمَا تَفْعَلُواْ مِنْ خَيْرٖ يَعْلَمْهُ اُ۬للَّهُۖ وَتَزَوَّدُواْۖ فَإِنَّ خَيْرَ اَ۬لزَّادِ اِ۬لتَّقْو۪ىٰۖ وَاتَّقُونِ يَٰٓأُوْلِے اِ۬لَالْبَٰبِۖ ﳃ
204,2,197,2,31,البَقَرَة,Al-Baqarah,لَيْسَ عَلَيْكُمْ جُنَاحٌ اَن تَبْتَغُواْ فَضْلاٗ مِّن رَّبِّكُمْۖ فَإِذَآ أَفَضْتُم مِّنْ عَرَفَٰتٖ فَاذْكُرُواْ اُ۬للَّهَ عِندَ اَ۬لْمَشْعَرِ اِ۬لْحَرَامِۖ وَاذْكُرُوهُ كَمَا هَد۪يٰكُمْ وَإِن كُنتُم مِّن قَبْلِهِۦ لَمِنَ اَ۬لضَّآلِّينَۖ ﳄ
205,2,198,2,31,البَقَرَة,Al-Baqarah,ثُمَّ أَفِيضُواْ مِنْ حَيْثُ أَفَاضَ اَ۬لنَّاسُۖ وَاسْتَغْفِرُواْ اُ۬للَّهَۖ إِنَّ اَ۬للَّهَ غَفُورٞ رَّحِيمٞۖ ﳅ
206,2,199,2,31,البَقَرَة,Al-Baqarah,فَإِذَا قَضَيْتُم مَّنَٰسِكَكُمْ فَاذْكُرُواْ اُ۬للَّهَ كَذِكْرِكُمُۥٓ ءَابَآءَكُمُۥٓ أَوَ اَشَدَّ ذِكْراٗۖ فَمِنَ اَ۬لنَّاسِ مَنْ يَّقُولُ رَبَّنَآ ءَاتِنَا فِے اِ۬لدُّنْي۪ا وَمَا لَهُۥ فِے اِ۬لَاخِرَةِ مِنْ خَلَٰقٖۖ وَمِنْهُم مَّنْ يَّقُولُ رَبَّنَآ ءَاتِنَا فِے اِ۬لدُّنْي۪ا حَسَنَةٗ وَفِے اِ۬لَاخِرَةِ حَسَنَةٗ وَقِنَا عَذَابَ اَ۬لنّ۪ارِۖ ﳆ
207,2,200,2,31,البَقَرَة,Al-Baqarah,أُوْلَٰٓئِكَ لَهُمْ نَصِيبٞ مِّمَّا كَسَبُواْۖ وَاللَّهُ سَرِيعُ اُ۬لْحِسَابِۖ ﳇ
208,2,201,2,32,البَقَرَة,Al-Baqarah,۞ وَاذْكُرُواْ اُ۬للَّهَ فِےٓ أَيَّامٖ مَّعْدُودَٰتٖۖ فَمَن تَعَجَّلَ فِے يَوْمَيْنِ فَلَآ إِثْمَ عَلَيْهِۖ وَمَن تَأَخَّرَ فَلَآ إِثْمَ عَلَيْهِ لِمَنِ اِ۪تَّق۪ىٰۖ وَاتَّقُواْ اُ۬للَّهَ وَاعْلَمُوٓاْ أَنَّكُمُۥٓ إِلَيْهِ تُحْشَرُونَۖ ﳈ
209,2,202,2,32,البَقَرَة,Al-Baqarah,وَمِنَ اَ۬لنَّاسِ مَنْ يُّعْجِبُكَ قَوْلُهُۥ فِے اِ۬لْحَيَوٰةِ اِ۬لدُّنْي۪ا وَيُشْهِدُ اُ۬للَّهَ عَلَىٰ مَا فِے قَلْبِهِۦ وَهُوَ أَلَدُّ اُ۬لْخِصَامِۖ ﳉ
210,2,203,2,32,البَقَرَة,Al-Baqarah,وَإِذَا تَوَلّ۪ىٰ سَع۪ىٰ فِے اِ۬لَارْضِ لِيُفْسِدَ فِيهَا وَيُهْلِكَ اَ۬لْحَرْثَ وَالنَّسْلَۖ وَاللَّهُ لَا يُحِبُّ اُ۬لْفَسَادَۖ ﳊ
211,2,204,2,32,البَقَرَة,Al-Baqarah,وَإِذَا قِيلَ لَهُ اُ۪تَّقِ اِ۬للَّهَ أَخَذَتْهُ اُ۬لْعِزَّةُ بِالِاثْمِ فَحَسْبُهُۥ جَهَنَّمُۖ وَلَبِيسَ اَ۬لْمِهَادُۖ ﳋ
212,2,205,2,32,البَقَرَة,Al-Baqarah,وَمِنَ اَ۬لنَّاسِ مَنْ يَّشْرِے نَفْسَهُ اُ۪بْتِغَآءَ مَرْضَاتِ اِ۬للَّهِۖ وَاللَّهُ رَءُوفُۢ بِالْعِبَادِۖ ﳌ
213,2,206,2,32,البَقَرَة,Al-Baqarah,يَٰٓأَيُّهَا اَ۬لذِينَ ءَامَنُواْ اُ۟دْخُلُواْ فِے اِ۬لسَّلْمِ كَآفَّةٗۖ وَلَا تَتَّبِعُواْ خُطْوَٰتِ اِ۬لشَّيْطَٰنِۖ إِنَّهُۥ لَكُمْ عَدُوّٞ مُّبِينٞۖ ﳍ
214,2,207,2,32,البَقَرَة,Al-Baqarah,فَإِن زَلَلْتُم مِّنۢ بَعْدِ مَا جَآءَتْكُمُ اُ۬لْبَيِّنَٰتُ فَاعْلَمُوٓاْ أَنَّ اَ۬للَّهَ عَزِيزٌ حَكِيمٌۖ ﳎ
215,2,208,2,32,البَقَرَة,Al-Baqarah,هَلْ يَنظُرُونَ إِلَّآ أَنْ يَّاتِيَهُمُ اُ۬للَّهُ فِے ظُلَلٖ مِّنَ اَ۬لْغَمَٰمِۖ وَالْمَلَٰٓئِكَةُ وَقُضِيَ اَ۬لَامْرُۖ وَإِلَى اَ۬للَّهِ تُرْجَعُ اُ۬لُامُورُۖ ﳏ
216,2,209,2,33,البَقَرَة,Al-Baqarah,سَلْ بَنِےٓ إِسْرَآءِيلَ كَمَ اٰتَيْنَٰهُم مِّنَ اٰيَةِۢ بَيِّنَةٖۖ وَمَنْ يُّبَدِّلْ نِعْمَةَ اَ۬للَّهِ مِنۢ بَعْدِ مَا جَآءَتْهُ فَإِنَّ اَ۬للَّهَ شَدِيدُ اُ۬لْعِقَابِۖ ﳐ
217,2,210,2,33,البَقَرَة,Al-Baqarah,زُيِّنَ لِلذِينَ كَفَرُواْ اُ۬لْحَيَوٰةُ اُ۬لدُّنْي۪ا وَيَسْخَرُونَ مِنَ اَ۬لذِينَ ءَامَنُواْۖ وَالذِينَ اَ۪تَّقَوْاْ فَوْقَهُمْ يَوْمَ اَ۬لْقِيَٰمَةِۖ وَاللَّهُ يَرْزُقُ مَنْ يَّشَآءُ بِغَيْرِ حِسَابٖۖ ﳑ
218,2,211,2,33,البَقَرَة,Al-Baqarah,۞ كَانَ اَ۬لنَّاسُ أُمَّةٗ وَٰحِدَةٗ فَبَعَثَ اَ۬للَّهُ اُ۬لنَّبِيٓـِٕۧنَ مُبَشِّرِينَ وَمُنذِرِينَ وَأَنزَلَ مَعَهُمُ اُ۬لْكِتَٰبَ بِالْحَقِّ لِيَحْكُمَ بَيْنَ اَ۬لنَّاسِ فِيمَا اَ۪خْتَلَفُواْ فِيهِۖ وَمَا اَ۪خْتَلَفَ فِيهِ إِلَّا اَ۬لذِينَ أُوتُوهُۖ مِنۢ بَعْدِ مَا جَآءَتْهُمُ اُ۬لْبَيِّنَٰتُ بَغْياَۢ بَيْنَهُمْۖ فَهَدَى اَ۬للَّهُ اُ۬لذِينَ ءَامَنُواْ لِمَا اَ۪خْتَلَفُواْ فِيهِ مِنَ اَ۬لْحَقِّ بِإِذْنِهِۦۖ وَاللَّهُ يَهْدِے مَنْ يَّشَآءُ اِ۪لَىٰ صِرَٰطٖ مُّسْتَقِيمٍۖ ﳒ
219,2,212,2,33,البَقَرَة,Al-Baqarah,اَمْ حَسِبْتُمُۥٓ أَن تَدْخُلُواْ اُ۬لْجَنَّةَ وَلَمَّا يَاتِكُم مَّثَلُ اُ۬لذِينَ خَلَوْاْ مِن قَبْلِكُم مَّسَّتْهُمُ اُ۬لْبَأْسَآءُ وَالضَّرَّآءُ وَزُلْزِلُواْ حَتَّىٰ يَقُولُ اُ۬لرَّسُولُ وَالذِينَ ءَامَنُواْ مَعَهُۥ مَت۪ىٰ نَصْرُ اُ۬للَّهِۖ أَلَآ إِنَّ نَصْرَ اَ۬للَّهِ قَرِيبٞۖ ﳓ
220,2,213,2,33,البَقَرَة,Al-Baqarah,يَسْـَٔلُونَكَ مَاذَا يُنفِقُونَۖ قُلْ مَآ أَنفَقْتُم مِّنْ خَيْرٖ فَلِلْوَٰلِدَيْنِ وَالَاقْرَبِينَ وَالْيَتَٰم۪ىٰ وَالْمَسَٰكِينِ وَابْنِ اِ۬لسَّبِيلِۖ وَمَا تَفْعَلُواْ مِنْ خَيْرٖ فَإِنَّ اَ۬للَّهَ بِهِۦ عَلِيمٞۖ ﳔ
221,2,214,2,34,البَقَرَة,Al-Baqarah,كُتِبَ عَلَيْكُمُ اُ۬لْقِتَالُ وَهُوَ كُرْهٞ لَّكُمْۖ وَعَس۪ىٰٓ أَن تَكْرَهُواْ شَئْاٗ وَهُوَ خَيْرٞ لَّكُمْۖ وَعَس۪ىٰٓ أَن تُحِبُّواْ شَئْاٗ وَهُوَ شَرّٞ لَّكُمْۖ وَاللَّهُ يَعْلَمُۖ وَأَنتُمْ لَا تَعْلَمُونَۖ ﳕ
222,2,215,2,34,البَقَرَة,Al-Baqarah,يَسْـَٔلُونَكَ عَنِ اِ۬لشَّهْرِ اِ۬لْحَرَامِ قِتَالٖ فِيهِۖ قُلْ قِتَالٞ فِيهِ كَبِيرٞۖ وَصَدٌّ عَن سَبِيلِ اِ۬للَّهِ وَكُفْرُۢ بِهِۦ وَالْمَسْجِدِ اِ۬لْحَرَامِ وَإِخْرَاجُ أَهْلِهِۦ مِنْهُ أَكْبَرُ عِندَ اَ۬للَّهِۖ وَالْفِتْنَةُ أَكْبَرُ مِنَ اَ۬لْقَتْلِۖ وَلَا يَزَالُونَ يُقَٰتِلُونَكُمْ حَتَّىٰ يَرُدُّوكُمْ عَن دِينِكُمُۥٓ إِنِ اِ۪سْتَطَٰعُواْۖ وَمَنْ يَّرْتَدِدْ مِنكُمْ عَن دِينِهِۦ فَيَمُتْ وَهُوَ كَافِرٞ فَأُوْلَٰٓئِكَ حَبِطَتَ اَعْمَٰلُهُمْ فِے اِ۬لدُّنْي۪ا وَالَاخِرَةِۖ وَأُوْلَٰٓئِكَ أَصْحَٰبُ اُ۬لنّ۪ارِ هُمْ فِيهَا خَٰلِدُونَۖ ﳖ
223,2,216,2,34,البَقَرَة,Al-Baqarah,إِنَّ اَ۬لذِينَ ءَامَنُواْ وَالذِينَ هَاجَرُواْ وَجَٰهَدُواْ فِے سَبِيلِ اِ۬للَّهِ أُوْلَٰٓئِكَ يَرْجُونَ رَحْمَتَ اَ۬للَّهِۖ وَاللَّهُ غَفُورٞ رَّحِيمٞۖ ﳗ
224,2,217,2,34,البَقَرَة,Al-Baqarah,۞ يَسْـَٔلُونَكَ عَنِ اِ۬لْخَمْرِ وَالْمَيْسِرِۖ قُلْ فِيهِمَآ إِثْمٞ كَبِيرٞ وَمَنَٰفِعُ لِلنَّاسِۖ وَإِثْمُهُمَآ أَكْبَرُ مِن نَّفْعِهِمَاۖ وَيَسْـَٔلُونَكَ مَاذَا يُنفِقُونَ قُلِ اِ۬لْعَفْوَۖ كَذَٰلِكَ يُبَيِّنُ اُ۬للَّهُ لَكُمُ اُ۬لَايَٰتِ لَعَلَّكُمْ تَتَفَكَّرُونَ ﳘ
225,2,218,2,35,البَقَرَة,Al-Baqarah,فِے اِ۬لدُّنْي۪ا وَالَاخِرَةِۖ وَيَسْـَٔلُونَكَ عَنِ اِ۬لْيَتَٰم۪ىٰ قُلِ اِصْلَٰحٞ لَّهُمْ خَيْرٞۖ وَإِن تُخَالِطُوهُمْ فَإِخْوَٰنُكُمْۖ وَاللَّهُ يَعْلَمُ اُ۬لْمُفْسِدَ مِنَ اَ۬لْمُصْلِحِۖ وَلَوْ شَآءَ اَ۬للَّهُ لَأَعْنَتَكُمُۥٓۖ إِنَّ اَ۬للَّهَ عَزِيزٌ حَكِيمٞۖ ﳙ
226,2,219,2,35,البَقَرَة,Al-Baqarah,وَلَا تَنكِحُواْ اُ۬لْمُشْرِكَٰتِ حَتَّىٰ يُومِنَّۖ وَلَأَمَةٞ مُّومِنَةٌ خَيْرٞ مِّن مُّشْرِكَةٖ وَلَوَ اَعْجَبَتْكُمْۖ وَلَا تُنكِحُواْ اُ۬لْمُشْرِكِينَ حَتَّىٰ يُومِنُواْۖ وَلَعَبْدٞ مُّومِنٌ خَيْرٞ مِّن مُّشْرِكٖ وَلَوَ اَعْجَبَكُمُۥٓۖ أُوْلَٰٓئِكَ يَدْعُونَ إِلَى اَ۬لنّ۪ارِۖ وَاللَّهُ يَدْعُوٓاْ إِلَى اَ۬لْجَنَّةِ وَالْمَغْفِرَةِ بِإِذْنِهِۦۖ وَيُبَيِّنُ ءَايَٰتِهِۦ لِلنَّاسِ لَعَلَّهُمْ يَتَذَكَّرُونَۖ ﳚ
227,2,220,2,35,البَقَرَة,Al-Baqarah,وَيَسْـَٔلُونَكَ عَنِ اِ۬لْمَحِيضِ قُلْ هُوَ أَذىٗۖ فَاعْتَزِلُواْ اُ۬لنِّسَآءَ فِے اِ۬لْمَحِيضِۖ وَلَا تَقْرَبُوهُنَّ حَتَّىٰ يَطْهُرْنَۖ فَإِذَا تَطَهَّرْنَ فَاتُوهُنَّ مِنْ حَيْثُ أَمَرَكُمُ اُ۬للَّهُۖ إِنَّ اَ۬للَّهَ يُحِبُّ اُ۬لتَّوَّٰبِينَ وَيُحِبُّ اُ۬لْمُتَطَهِّرِينَۖ ﳛ
228,2,221,2,35,البَقَرَة,Al-Baqarah,نِسَآؤُكُمْ حَرْثٞ لَّكُمْ فَاتُواْ حَرْثَكُمُۥٓ أَنّ۪ىٰ شِئْتُمْۖ وَقَدِّمُواْ لِأَنفُسِكُمْۖ وَاتَّقُواْ اُ۬للَّهَۖ وَاعْلَمُوٓاْ أَنَّكُم مُّلَٰقُوهُۖ وَبَشِّرِ اِ۬لْمُومِنِينَۖ ﳜ
229,2,222,2,35,البَقَرَة,Al-Baqarah,وَلَا تَجْعَلُواْ اُ۬للَّهَ عُرْضَةٗ لِّأَيْمَٰنِكُمُۥٓۖ أَن تَبَرُّواْ وَتَتَّقُواْ وَتُصْلِحُواْ بَيْنَ اَ۬لنَّاسِۖ وَاللَّهُ سَمِيعٌ عَلِيمٞۖ ﳝ
230,2,223,2,36,البَقَرَة,Al-Baqarah,لَّا يُوَ۬اخِذُكُمُ اُ۬للَّهُ بِاللَّغْوِ فِےٓ أَيْمَٰنِكُمْۖ وَلَٰكِنْ يُّوَ۬اخِذُكُم بِمَا كَسَبَتْ قُلُوبُكُمْۖ وَاللَّهُ غَفُورٌ حَلِيمٞۖ ﳞ
231,2,224,2,36,البَقَرَة,Al-Baqarah,لِّلذِينَ يُولُونَ مِن نِّسَآئِهِمْ تَرَبُّصُ أَرْبَعَةِ أَشْهُرٖۖ فَإِن فَآءُو فَإِنَّ اَ۬للَّهَ غَفُورٞ رَّحِيمٞۖ ﳟ
232,2,225,2,36,البَقَرَة,Al-Baqarah,وَإِنْ عَزَمُواْ اُ۬لطَّلَٰقَ فَإِنَّ اَ۬للَّهَ سَمِيعٌ عَلِيمٞۖ ﳠ
233,2,226,2,36,البَقَرَة,Al-Baqarah,۞ وَالْمُطَلَّقَٰتُ يَتَرَبَّصْنَ بِأَنفُسِهِنَّ ثَلَٰثَةَ قُرُوٓءٖۖ وَلَا يَحِلُّ لَهُنَّ أَنْ يَّكْتُمْنَ مَا خَلَقَ اَ۬للَّهُ فِےٓ أَرْحَامِهِنَّ إِن كُنَّ يُومِنَّ بِاللَّهِ وَالْيَوْمِ اِ۬لَاخِرِۖ وَبُعُولَتُهُنَّ أَحَقُّ بِرَدِّهِنَّ فِے ذَٰلِكَ إِنَ اَرَادُوٓاْ إِصْلَٰحاٗۖ وَلَهُنَّ مِثْلُ اُ۬لذِے عَلَيْهِنَّ بِالْمَعْرُوفِۖ وَلِلرِّجَالِ عَلَيْهِنَّ دَرَجَةٞۖ وَاللَّهُ عَزِيزٌ حَكِيمٌۖ ﳡ
234,2,227,2,36,البَقَرَة,Al-Baqarah,اِ۬لطَّلَٰقُ مَرَّتَٰنِۖ فَإِمْسَاكُۢ بِمَعْرُوفٍ اَوْ تَسْرِيحُۢ بِإِحْسَٰنٖۖ وَلَا يَحِلُّ لَكُمُۥٓ أَن تَاخُذُواْ مِمَّآ ءَاتَيْتُمُوهُنَّ شَئْاً اِلَّآ أَنْ يَّخَافَآ أَلَّا يُقِيمَا حُدُودَ اَ۬للَّهِۖ فَإِنْ خِفْتُمُۥٓ أَلَّا يُقِيمَا حُدُودَ اَ۬للَّهِ فَلَا جُنَاحَ عَلَيْهِمَا فِيمَا اَ۪فْتَدَتْ بِهِۦۖ تِلْكَ حُدُودُ اُ۬للَّهِۖ فَلَا تَعْتَدُوهَاۖ وَمَنْ يَّتَعَدَّ حُدُودَ اَ۬للَّهِ فَأُوْلَٰٓئِكَ هُمُ اُ۬لظَّٰلِمُونَۖ ﳢ
235,2,228,2,36,البَقَرَة,Al-Baqarah,فَإِن طَلَّقَهَا فَلَا تَحِلُّ لَهُۥ مِنۢ بَعْدُ حَتَّىٰ تَنكِحَ زَوْجاً غَيْرَهُۥۖ فَإِن طَلَّقَهَا فَلَا جُنَاحَ عَلَيْهِمَآ أَنْ يَّتَرَاجَعَآ إِن ظَنَّآ أَنْ يُّقِيمَا حُدُودَ اَ۬للَّهِۖ وَتِلْكَ حُدُودُ اُ۬للَّهِ يُبَيِّنُهَا لِقَوْمٖ يَعْلَمُونَۖ ﳣ
236,2,229,2,37,البَقَرَة,Al-Baqarah,وَإِذَا طَلَّقْتُمُ اُ۬لنِّسَآءَ فَبَلَغْنَ أَجَلَهُنَّ فَأَمْسِكُوهُنَّ بِمَعْرُوفٍ اَوْ سَرِّحُوهُنَّ بِمَعْرُوفٖۖ وَلَا تُمْسِكُوهُنَّ ضِرَاراٗ لِّتَعْتَدُواْۖ وَمَنْ يَّفْعَلْ ذَٰلِكَ فَقَد ظَّلَمَ نَفْسَهُۥۖ وَلَا تَتَّخِذُوٓاْ ءَايَٰتِ اِ۬للَّهِ هُزُؤاٗۖ وَاذْكُرُواْ نِعْمَتَ اَ۬للَّهِ عَلَيْكُمْ وَمَآ أَنزَلَ عَلَيْكُم مِّنَ اَ۬لْكِتَٰبِ وَالْحِكْمَةِ يَعِظُكُم بِهِۦۖ وَاتَّقُواْ اُ۬للَّهَۖ وَاعْلَمُوٓاْ أَنَّ اَ۬للَّهَ بِكُلِّ شَےْءٍ عَلِيمٞۖ ﳤ
237,2,230,2,37,البَقَرَة,Al-Baqarah,وَإِذَا طَلَّقْتُمُ اُ۬لنِّسَآءَ فَبَلَغْنَ أَجَلَهُنَّ فَلَا تَعْضُلُوهُنَّ أَنْ يَّنكِحْنَ أَزْوَٰجَهُنَّ إِذَا تَرَٰضَوْاْ بَيْنَهُم بِالْمَعْرُوفِۖ ذَٰلِكَ يُوعَظُ بِهِۦ مَن كَانَ مِنكُمْ يُومِنُ بِاللَّهِ وَالْيَوْمِ اِ۬لَاخِرِۖ ذَٰلِكُمُۥٓ أَزْك۪ىٰ لَكُمْ وَأَطْهَرُۖ وَاللَّهُ يَعْلَمُۖ وَأَنتُمْ لَا تَعْلَمُونَۖ ﳥ
238,2,231,2,37,البَقَرَة,Al-Baqarah,۞ وَالْوَٰلِدَٰتُ يُرْضِعْنَ أَوْلَٰدَهُنَّ حَوْلَيْنِ كَامِلَيْنِۖ لِمَنَ اَرَادَ أَنْ يُّتِمَّ اَ۬لرَّضَٰعَةَۖ وَعَلَى اَ۬لْمَوْلُودِ لَهُۥ رِزْقُهُنَّ وَكِسْوَتُهُنَّ بِالْمَعْرُوفِۖ لَا تُكَلَّفُ نَفْسٌ اِلَّا وُسْعَهَاۖ لَا تُضَآرَّ وَٰلِدَةُۢ بِوَلَدِهَا وَلَا مَوْلُودٞ لَّهُۥ بِوَلَدِهِۦۖ وَعَلَى اَ۬لْوَارِثِ مِثْلُ ذَٰلِكَۖ فَإِنَ اَرَادَا فِصَالاً عَن تَرَاضٖ مِّنْهُمَا وَتَشَاوُرٖ فَلَا جُنَاحَ عَلَيْهِمَاۖ وَإِنَ اَرَدتُّمُۥٓ أَن تَسْتَرْضِعُوٓاْ أَوْلَٰدَكُمْ فَلَا جُنَاحَ عَلَيْكُمُۥٓ إِذَا سَلَّمْتُم مَّآ ءَاتَيْتُم بِالْمَعْرُوفِۖ وَاتَّقُواْ اُ۬للَّهَۖ وَاعْلَمُوٓاْ أَنَّ اَ۬للَّهَ بِمَا تَعْمَلُونَ بَصِيرٞۖ ﳦ
239,2,232,2,38,البَقَرَة,Al-Baqarah,وَالذِينَ يُتَوَفَّوْنَ مِنكُمْ وَيَذَرُونَ أَزْوَٰجاٗ يَتَرَبَّصْنَ بِأَنفُسِهِنَّ أَرْبَعَةَ أَشْهُرٖ وَعَشْراٗۖ فَإِذَا بَلَغْنَ أَجَلَهُنَّ فَلَا جُنَاحَ عَلَيْكُمْ فِيمَا فَعَلْنَ فِےٓ أَنفُسِهِنَّ بِالْمَعْرُوفِۖ وَاللَّهُ بِمَا تَعْمَلُونَ خَبِيرٞۖ ﳧ
240,2,233,2,38,البَقَرَة,Al-Baqarah,وَلَا جُنَاحَ عَلَيْكُمْ فِيمَا عَرَّضْتُم بِهِۦ مِنْ خِطْبَةِ اِ۬لنِّسَآءِ اَ۬وَ اَكْنَنتُمْ فِےٓ أَنفُسِكُمْۖ عَلِمَ اَ۬للَّهُ أَنَّكُمْ سَتَذْكُرُونَهُنَّ وَلَٰكِن لَّا تُوَاعِدُوهُنَّ سِرّاًۖ اِلَّآ أَن تَقُولُواْ قَوْلاٗ مَّعْرُوفاٗۖ ۞ وَلَا تَعْزِمُواْ عُقْدَةَ اَ۬لنِّكَاحِ حَتَّىٰ يَبْلُغَ اَ۬لْكِتَٰبُ أَجَلَهُۥۖ وَاعْلَمُوٓاْ أَنَّ اَ۬للَّهَ يَعْلَمُ مَا فِےٓ أَنفُسِكُمْ فَاحْذَرُوهُۖ وَاعْلَمُوٓاْ أَنَّ اَ۬للَّهَ غَفُورٌ حَلِيمٞۖ ﳨ
241,2,234,2,38,البَقَرَة,Al-Baqarah,لَّا جُنَاحَ عَلَيْكُمُۥٓ إِن طَلَّقْتُمُ اُ۬لنِّسَآءَ مَا لَمْ تَمَسُّوهُنَّ أَوْ تَفْرِضُواْ لَهُنَّ فَرِيضَةٗۖ وَمَتِّعُوهُنَّ عَلَى اَ۬لْمُوسِعِ قَدْرُهُۥ وَعَلَى اَ۬لْمُقْتِرِ قَدْرُهُۥ مَتَٰعاَۢ بِالْمَعْرُوفِۖ حَقّاً عَلَى اَ۬لْمُحْسِنِينَۖ ﳩ
242,2,235,2,38,البَقَرَة,Al-Baqarah,وَإِن طَلَّقْتُمُوهُنَّ مِن قَبْلِ أَن تَمَسُّوهُنَّ وَقَدْ فَرَضْتُمْ لَهُنَّ فَرِيضَةٗ فَنِصْفُ مَا فَرَضْتُمُۥٓ إِلَّآ أَنْ يَّعْفُونَ أَوْ يَعْفُوَاْ اَ۬لذِے بِيَدِهِۦ عُقْدَةُ اُ۬لنِّكَاحِۖ وَأَن تَعْفُوٓاْ أَقْرَبُ لِلتَّقْو۪ىٰۖ وَلَا تَنسَوُاْ اُ۬لْفَضْلَ بَيْنَكُمُۥٓۖ إِنَّ اَ۬للَّهَ بِمَا تَعْمَلُونَ بَصِيرٌۖ ﳪ
243,2,236,2,39,البَقَرَة,Al-Baqarah,حَٰفِظُواْ عَلَى اَ۬لصَّلَوَٰتِ وَالصَّلَوٰةِ اِ۬لْوُسْط۪ىٰ وَقُومُواْ لِلهِ قَٰنِتِينَۖ ﳫ
244,2,237,2,39,البَقَرَة,Al-Baqarah,فَإِنْ خِفْتُمْ فَرِجَالاً اَوْ رُكْبَاناٗۖ فَإِذَآ أَمِنتُمْ فَاذْكُرُواْ اُ۬للَّهَ كَمَا عَلَّمَكُم مَّا لَمْ تَكُونُواْ تَعْلَمُونَۖ ﳬ
245,2,238,2,39,البَقَرَة,Al-Baqarah,وَالذِينَ يُتَوَفَّوْنَ مِنكُمْ وَيَذَرُونَ أَزْوَٰجاٗ وَصِيَّةٞ لِّأَزْوَٰجِهِم مَّتَٰعاً اِلَى اَ۬لْحَوْلِ غَيْرَ إِخْرَاجٖۖ فَإِنْ خَرَجْنَ فَلَا جُنَاحَ عَلَيْكُمْ فِے مَا فَعَلْنَ فِےٓ أَنفُسِهِنَّ مِن مَّعْرُوفٖۖ وَاللَّهُ عَزِيزٌ حَكِيمٞۖ ﳭ
246,2,239,2,39,البَقَرَة,Al-Baqarah,وَلِلْمُطَلَّقَٰتِ مَتَٰعُۢ بِالْمَعْرُوفِۖ حَقّاً عَلَى اَ۬لْمُتَّقِينَۖ ﳮ
247,2,240,2,39,البَقَرَة,Al-Baqarah,كَذَٰلِكَ يُبَيِّنُ اُ۬للَّهُ لَكُمُۥٓ ءَايَٰتِهِۦ لَعَلَّكُمْ تَعْقِلُونَۖ ﳯ
248,2,241,2,39,البَقَرَة,Al-Baqarah,۞ أَلَمْ تَرَ إِلَى اَ۬لذِينَ خَرَجُواْ مِن دِيٰ۪رِهِمْ وَهُمُۥٓ أُلُوفٌ حَذَرَ اَ۬لْمَوْتِ فَقَالَ لَهُمُ اُ۬للَّهُ مُوتُواْ ثُمَّ أَحْي۪اهُمُۥٓۖ إِنَّ اَ۬للَّهَ لَذُو فَضْلٍ عَلَى اَ۬لنَّاسِۖ وَلَٰكِنَّ أَكْثَرَ اَ۬لنَّاسِ لَا يَشْكُرُونَۖ ﳰ
249,2,242,2,39,البَقَرَة,Al-Baqarah,وَقَٰتِلُواْ فِے سَبِيلِ اِ۬للَّهِ وَاعْلَمُوٓاْ أَنَّ اَ۬للَّهَ سَمِيعٌ عَلِيمٞۖ ﳱ
250,2,243,2,39,البَقَرَة,Al-Baqarah,مَّن ذَا اَ۬لذِے يُقْرِضُ اُ۬للَّهَ قَرْضاً حَسَناٗ فَيُضَٰعِفُهُۥ لَهُۥٓ أَضْعَافاٗ كَثِيرَةٗۖ وَاللَّهُ يَقْبِضُ وَيَبْصُطُۖ وَإِلَيْهِ تُرْجَعُونَۖ ﳲ
251,2,244,2,40,البَقَرَة,Al-Baqarah,أَلَمْ تَرَ إِلَى اَ۬لْمَلَإِ مِنۢ بَنِےٓ إِسْرَآءِيلَ مِنۢ بَعْدِ مُوس۪ىٰٓ إِذْ قَالُواْ لِنَبِےٓءٖ لَّهُمُ اُ۪بْعَثْ لَنَا مَلِكاٗ نُّقَٰتِلْ فِے سَبِيلِ اِ۬للَّهِۖ قَالَ هَلْ عَسِيتُمُۥٓ إِن كُتِبَ عَلَيْكُمُ اُ۬لْقِتَالُ أَلَّا تُقَٰتِلُواْۖ قَالُواْ وَمَا لَنَآ أَلَّا نُقَٰتِلَ فِے سَبِيلِ اِ۬للَّهِ وَقَدُ ا۟خْرِجْنَا مِن دِيٰ۪رِنَا وَأَبْنَآئِنَاۖ فَلَمَّا كُتِبَ عَلَيْهِمُ اُ۬لْقِتَالُ تَوَلَّوِاْ اِلَّا قَلِيلاٗ مِّنْهُمْۖ وَاللَّهُ عَلِيمُۢ بِالظَّٰلِمِينَۖ ﳳ
252,2,245,2,40,البَقَرَة,Al-Baqarah,وَقَالَ لَهُمْ نَبِيٓـُٔهُمُۥٓ إِنَّ اَ۬للَّهَ قَدْ بَعَثَ لَكُمْ طَالُوتَ مَلِكاٗۖ قَالُوٓاْ أَنّ۪ىٰ يَكُونُ لَهُ اُ۬لْمُلْكُ عَلَيْنَا وَنَحْنُ أَحَقُّ بِالْمُلْكِ مِنْهُ وَلَمْ يُوتَ سَعَةٗ مِّنَ اَ۬لْمَالِۖ قَالَ إِنَّ اَ۬للَّهَ اَ۪صْطَف۪يٰهُ عَلَيْكُمْ وَزَادَهُۥ بَسْطَةٗ فِے اِ۬لْعِلْمِ وَالْجِسْمِۖ وَاللَّهُ يُوتِے مُلْكَهُۥ مَنْ يَّشَآءُۖ وَاللَّهُ وَٰسِعٌ عَلِيمٞۖ ﳴ
253,2,246,2,40,البَقَرَة,Al-Baqarah,۞ وَقَالَ لَهُمْ نَبِيٓـُٔهُمُۥٓ إِنَّ ءَايَةَ مُلْكِهِۦٓ أَنْ يَّاتِيَكُمُ اُ۬لتَّابُوتُ فِيهِ سَكِينَةٞ مِّن رَّبِّكُمْ وَبَقِيَّةٞ مِّمَّا تَرَكَ ءَالُ مُوس۪ىٰ وَءَالُ هَٰرُونَ تَحْمِلُهُ اُ۬لْمَلَٰٓئِكَةُۖ إِنَّ فِے ذَٰلِكَ لَأٓيَةٗ لَّكُمُۥٓ إِن كُنتُم مُّومِنِينَۖ ﳵ
254,2,247,2,41,البَقَرَة,Al-Baqarah,فَلَمَّا فَصَلَ طَالُوتُ بِالْجُنُودِ قَالَ إِنَّ اَ۬للَّهَ مُبْتَلِيكُم بِنَهَرٖ فَمَن شَرِبَ مِنْهُ فَلَيْسَ مِنِّے وَمَن لَّمْ يَطْعَمْهُ فَإِنَّهُۥ مِنِّيَ إِلَّا مَنِ اِ۪غْتَرَفَ غَرْفَةَۢ بِيَدِهِۦۖ فَشَرِبُواْ مِنْهُ إِلَّا قَلِيلاٗ مِّنْهُمْۖ فَلَمَّا جَاوَزَهُۥ هُوَ وَالذِينَ ءَامَنُواْ مَعَهُۥ قَالُواْ لَا طَاقَةَ لَنَا اَ۬لْيَوْمَ بِجَالُوتَ وَجُنُودِهِۦۖ قَالَ اَ۬لذِينَ يَظُنُّونَ أَنَّهُم مُّلَٰقُواْ اُ۬للَّهِ كَم مِّن فِئَةٖ قَلِيلَةٍ غَلَبَتْ فِئَةٗ كَثِيرَةَۢ بِإِذْنِ اِ۬للَّهِۖ وَاللَّهُ مَعَ اَ۬لصَّٰبِرِينَۖ ﳶ
255,2,248,2,41,البَقَرَة,Al-Baqarah,وَلَمَّا بَرَزُواْ لِجَالُوتَ وَجُنُودِهِۦ قَالُواْ رَبَّنَآ أَفْرِغْ عَلَيْنَا صَبْراٗ وَثَبِّتَ اَقْدَامَنَا وَانصُرْنَا عَلَى اَ۬لْقَوْمِ اِ۬لْكٰ۪فِرِينَ ﳷ
256,2,249,2,41,البَقَرَة,Al-Baqarah,فَهَزَمُوهُم بِإِذْنِ اِ۬للَّهِۖ وَقَتَلَ دَاوُۥدُ جَالُوتَ وَءَات۪يٰهُ اُ۬للَّهُ اُ۬لْمُلْكَ وَالْحِكْمَةَ وَعَلَّمَهُۥ مِمَّا يَشَآءُۖ وَلَوْلَا دِفَٰعُ اُ۬للَّهِ اِ۬لنَّاسَ بَعْضَهُم بِبَعْضٖ لَّفَسَدَتِ اِ۬لَارْضُۖ وَلَٰكِنَّ اَ۬للَّهَ ذُو فَضْلٍ عَلَى اَ۬لْعَٰلَمِينَۖ ﳸ
257,2,250,2,41,البَقَرَة,Al-Baqarah,تِلْكَ ءَايَٰتُ اُ۬للَّهِ نَتْلُوهَا عَلَيْكَ بِالْحَقِّۖ وَإِنَّكَ لَمِنَ اَ۬لْمُرْسَلِينَۖ ﳹ
258,2,251,3,42,البَقَرَة,Al-Baqarah,۞ تِلْكَ اَ۬لرُّسُلُۖ فَضَّلْنَا بَعْضَهُمْ عَلَىٰ بَعْضٖۖ مِّنْهُم مَّن كَلَّمَ اَ۬للَّهُۖ وَرَفَعَ بَعْضَهُمْ دَرَجَٰتٖۖ وَءَاتَيْنَا عِيسَى اَ۪بْنَ مَرْيَمَ اَ۬لْبَيِّنَٰتِ وَأَيَّدْنَٰهُ بِرُوحِ اِ۬لْقُدُسِۖ وَلَوْ شَآءَ اَ۬للَّهُ مَا اَ۪قْتَتَلَ اَ۬لذِينَ مِنۢ بَعْدِهِم مِّنۢ بَعْدِ مَا جَآءَتْهُمُ اُ۬لْبَيِّنَٰتُۖ وَلَٰكِنِ اِ۪خْتَلَفُواْۖ فَمِنْهُم مَّنَ اٰمَنَ وَمِنْهُم مَّن كَفَرَۖ وَلَوْ شَآءَ اَ۬للَّهُ مَا اَ۪قْتَتَلُواْۖ وَلَٰكِنَّ اَ۬للَّهَ يَفْعَلُ مَا يُرِيدُۖ ﳺ
259,2,252,3,42,البَقَرَة,Al-Baqarah,يَٰٓأَيُّهَا اَ۬لذِينَ ءَامَنُوٓاْ أَنفِقُواْ مِمَّا رَزَقْنَٰكُم مِّن قَبْلِ أَنْ يَّاتِيَ يَوْمٞ لَّا بَيْعٞ فِيهِ وَلَا خُلَّةٞ وَلَا شَفَٰعَةٞۖ وَالْكَٰفِرُونَ هُمُ اُ۬لظَّٰلِمُونَۖ ﳻ
260,2,253,3,42,البَقَرَة,Al-Baqarah,اَ۬للَّهُ لَآ إِلَٰهَ إِلَّا هُوَۖ اَ۬لْحَيُّ اُ۬لْقَيُّومُۖ ﳼ
261,2,254,3,42,البَقَرَة,Al-Baqarah,لَا تَاخُذُهُۥ سِنَةٞ وَلَا نَوْمٞۖ لَّهُۥ مَا فِے اِ۬لسَّمَٰوَٰتِ وَمَا فِے اِ۬لَارْضِۖ مَن ذَا اَ۬لذِے يَشْفَعُ عِندَهُۥٓ إِلَّا بِإِذْنِهِۦۖ يَعْلَمُ مَا بَيْنَ أَيْدِيهِمْ وَمَا خَلْفَهُمْۖ وَلَا يُحِيطُونَ بِشَےْءٖ مِّنْ عِلْمِهِۦٓ إِلَّا بِمَا شَآءَۖ وَسِعَ كُرْسِيُّهُ اُ۬لسَّمَٰوَٰتِ وَالَارْضَۖ وَلَا يَـُٔودُهُۥ حِفْظُهُمَاۖ وَهُوَ اَ۬لْعَلِيُّ اُ۬لْعَظِيمُۖ ﳽ
262,2,255,3,42,البَقَرَة,Al-Baqarah,لَآ إِكْرَاهَ فِے اِ۬لدِّينِۖ قَد تَّبَيَّنَ اَ۬لرُّشْدُ مِنَ اَ۬لْغَيِّۖ فَمَنْ يَّكْفُرْ بِالطَّٰغُوتِ وَيُومِنۢ بِاللَّهِ فَقَدِ اِ۪سْتَمْسَكَ بِالْعُرْوَةِ اِ۬لْوُثْق۪ىٰ لَا اَ۪نفِصَامَ لَهَاۖ وَاللَّهُ سَمِيعٌ عَلِيمٌۖ ﳾ
263,2,256,3,43,البَقَرَة,Al-Baqarah,اِ۬للَّهُ وَلِيُّ اُ۬لذِينَ ءَامَنُواْ يُخْرِجُهُم مِّنَ اَ۬لظُّلُمَٰتِ إِلَى اَ۬لنُّورِۖ وَالذِينَ كَفَرُوٓاْ أَوْلِيَآؤُهُمُ اُ۬لطَّٰغُوتُ يُخْرِجُونَهُم مِّنَ اَ۬لنُّورِ إِلَى اَ۬لظُّلُمَٰتِۖ أُوْلَٰٓئِكَ أَصْحَٰبُ اُ۬لنّ۪ارِ هُمْ فِيهَا خَٰلِدُونَۖ ﳿ
264,2,257,3,43,البَقَرَة,Al-Baqarah,۞ أَلَمْ تَرَ إِلَى اَ۬لذِے حَآجَّ إِبْرَٰهِيمَ فِے رَبِّهِۦٓ أَنَ اٰت۪يٰهُ اُ۬للَّهُ اُ۬لْمُلْكَ إِذْ قَالَ إِبْرَٰهِيمُ رَبِّيَ اَ۬لذِے يُحْيِۦ وَيُمِيتُۖ قَالَ أَنَآ أُحْيِۦ وَأُمِيتُۖ قَالَ إِبْرَٰهِيمُ فَإِنَّ اَ۬للَّهَ يَاتِے بِالشَّمْسِ مِنَ اَ۬لْمَشْرِقِ فَاتِ بِهَا مِنَ اَ۬لْمَغْرِبِ فَبُهِتَ اَ۬لذِے كَفَرَۖ وَاللَّهُ لَا يَهْدِے اِ۬لْقَوْمَ اَ۬لظَّٰلِمِينَۖ ﴀ
265,2,258,3,43,البَقَرَة,Al-Baqarah,أَوْ كَالذِے مَرَّ عَلَىٰ قَرْيَةٖ وَهِيَ خَاوِيَةٌ عَلَىٰ عُرُوشِهَاۖ قَالَ أَنّ۪ىٰ يُحْيِۦ هَٰذِهِ اِ۬للَّهُ بَعْدَ مَوْتِهَا فَأَمَاتَهُ اُ۬للَّهُ مِاْئَةَ عَامٖ ثُمَّ بَعَثَهُۥۖ قَالَ كَمْ لَبِثْتَۖ قَالَ لَبِثْتُ يَوْماً اَوْ بَعْضَ يَوْمٖۖ قَالَ بَل لَّبِثْتَ مِاْئَةَ عَامٖۖ فَانظُرِ اِلَىٰ طَعَامِكَ وَشَرَابِكَ لَمْ يَتَسَنَّهْۖ وَانظُرِ اِلَىٰ حِم۪ارِكَۖ وَلِنَجْعَلَكَ ءَايَةٗ لِّلنَّاسِۖ وَانظُرِ اِلَى اَ۬لْعِظَٰمِ كَيْفَ نُنشِرُهَا ثُمَّ نَكْسُوهَا لَحْماٗۖ فَلَمَّا تَبَيَّنَ لَهُۥ قَالَ أَعْلَمُ أَنَّ اَ۬للَّهَ عَلَىٰ كُلِّ شَےْءٖ قَدِيرٞۖ ﴁ
266,2,259,3,44,البَقَرَة,Al-Baqarah,وَإِذْ قَالَ إِبْرَٰهِيمُ رَبِّ أَرِنِے كَيْفَ تُحْيِ اِ۬لْمَوْت۪ىٰۖ قَالَ أَوَلَمْ تُومِنۖ قَالَ بَل۪ىٰ وَلَٰكِن لِّيَطْمَئِنَّ قَلْبِےۖ قَالَ فَخُذَ اَرْبَعَةٗ مِّنَ اَ۬لطَّيْرِ فَصُرْهُنَّ إِلَيْكَ ثُمَّ اَ۪جْعَلْ عَلَىٰ كُلِّ جَبَلٖ مِّنْهُنَّ جُزْءاٗ ثُمَّ اَ۟دْعُهُنَّ يَاتِينَكَ سَعْياٗۖ وَاعْلَمَ اَنَّ اَ۬للَّهَ عَزِيزٌ حَكِيمٞۖ ﴂ
267,2,260,3,44,البَقَرَة,Al-Baqarah,مَّثَلُ اُ۬لذِينَ يُنفِقُونَ أَمْوَٰلَهُمْ فِے سَبِيلِ اِ۬للَّهِ كَمَثَلِ حَبَّةٍ اَنۢبَتَتْ سَبْعَ سَنَابِلَۖ فِے كُلِّ سُنۢبُلَةٖ مِّاْئَةُ حَبَّةٖۖ وَاللَّهُ يُضَٰعِفُ لِمَنْ يَّشَآءُۖ وَاللَّهُ وَٰسِعٌ عَلِيمٌۖ ﴃ
268,2,261,3,44,البَقَرَة,Al-Baqarah,اِ۬لذِينَ يُنفِقُونَ أَمْوَٰلَهُمْ فِے سَبِيلِ اِ۬للَّهِ ثُمَّ لَا يُتْبِعُونَ مَآ أَنفَقُواْ مَنّاٗ وَلَآ أَذىٗ لَّهُمُۥٓ أَجْرُهُمْ عِندَ رَبِّهِمْ وَلَا خَوْفٌ عَلَيْهِمْ وَلَا هُمْ يَحْزَنُونَۖ ﴄ
269,2,262,3,44,البَقَرَة,Al-Baqarah,۞ قَوْلٞ مَّعْرُوفٞ وَمَغْفِرَةٌ خَيْرٞ مِّن صَدَقَةٖ يَتْبَعُهَآ أَذىٗۖ وَاللَّهُ غَنِيٌّ حَلِيمٞۖ ﴅ
270,2,263,3,44,البَقَرَة,Al-Baqarah,يَٰٓأَيُّهَا اَ۬لذِينَ ءَامَنُواْ لَا تُبْطِلُواْ صَدَقَٰتِكُم بِالْمَنِّ وَالَاذ۪ىٰ كَالذِے يُنفِقُ مَالَهُۥ رِئَآءَ اَ۬لنَّاسِ وَلَا يُومِنُ بِاللَّهِ وَالْيَوْمِ اِ۬لَاخِرِۖ فَمَثَلُهُۥ كَمَثَلِ صَفْوَانٍ عَلَيْهِ تُرَابٞ فَأَصَابَهُۥ وَابِلٞ فَتَرَكَهُۥ صَلْداٗۖ لَّا يَقْدِرُونَ عَلَىٰ شَےْءٖ مِّمَّا كَسَبُواْۖ وَاللَّهُ لَا يَهْدِے اِ۬لْقَوْمَ اَ۬لْكٰ۪فِرِينَۖ ﴆ
271,2,264,3,45,البَقَرَة,Al-Baqarah,وَمَثَلُ اُ۬لذِينَ يُنفِقُونَ أَمْوَٰلَهُمُ اُ۪بْتِغَآءَ مَرْضَاتِ اِ۬للَّهِ وَتَثْبِيتاٗ مِّنَ اَنفُسِهِمْ كَمَثَلِ جَنَّةِۢ بِرُبْوَةٍ اَصَابَهَا وَابِلٞ فَـَٔاتَتُ ا۟كْلَهَا ضِعْفَيْنِ فَإِن لَّمْ يُصِبْهَا وَابِلٞ فَطَلّٞۖ وَاللَّهُ بِمَا تَعْمَلُونَ بَصِيرٌۖ ﴇ
272,2,265,3,45,البَقَرَة,Al-Baqarah,اَيَوَدُّ أَحَدُكُمُۥٓ أَن تَكُونَ لَهُۥ جَنَّةٞ مِّن نَّخِيلٖ وَأَعْنَٰبٖ تَجْرِے مِن تَحْتِهَا اَ۬لَانْهَٰرُ لَهُۥ فِيهَا مِن كُلِّ اِ۬لثَّمَرَٰتِ وَأَصَابَهُ اُ۬لْكِبَرُ وَلَهُۥ ذُرِّيَّةٞ ضُعَفَآءُ فَأَصَابَهَآ إِعْصَارٞ فِيهِ نَارٞ فَاحْتَرَقَتْۖ كَذَٰلِكَ يُبَيِّنُ اُ۬للَّهُ لَكُمُ اُ۬لَايَٰتِ لَعَلَّكُمْ تَتَفَكَّرُونَۖ ﴈ
273,2,266,3,45,البَقَرَة,Al-Baqarah,۞ يَٰٓأَيُّهَا اَ۬لذِينَ ءَامَنُوٓاْ أَنفِقُواْ مِن طَيِّبَٰتِ مَا كَسَبْتُمْ وَمِمَّآ أَخْرَجْنَا لَكُم مِّنَ اَ۬لَارْضِۖ وَلَا تَيَمَّمُواْ اُ۬لْخَبِيثَ مِنْهُ تُنفِقُونَ وَلَسْتُم بِـَٔاخِذِيهِ إِلَّآ أَن تُغْمِضُواْ فِيهِۖ وَاعْلَمُوٓاْ أَنَّ اَ۬للَّهَ غَنِيٌّ حَمِيدٌۖ ﴉ
274,2,267,3,45,البَقَرَة,Al-Baqarah,اِ۬لشَّيْطَٰنُ يَعِدُكُمُ اُ۬لْفَقْرَ وَيَامُرُكُم بِالْفَحْشَآءِۖ وَاللَّهُ يَعِدُكُم مَّغْفِرَةٗ مِّنْهُ وَفَضْلاٗۖ وَاللَّهُ وَٰسِعٌ عَلِيمٞۖ ﴊ
275,2,268,3,45,البَقَرَة,Al-Baqarah,يُوتِے اِ۬لْحِكْمَةَ مَنْ يَّشَآءُۖ وَمَنْ يُّوتَ اَ۬لْحِكْمَةَ فَقَدُ ا۟وتِيَ خَيْراٗ كَثِيراٗۖ وَمَا يَذَّكَّرُ إِلَّآ أُوْلُواْ اُ۬لَالْبَٰبِۖ ﴋ
276,2,269,3,46,البَقَرَة,Al-Baqarah,وَمَآ أَنفَقْتُم مِّن نَّفَقَةٍ اَوْ نَذَرْتُم مِّن نَّذْرٖ فَإِنَّ اَ۬للَّهَ يَعْلَمُهُۥۖ وَمَا لِلظَّٰلِمِينَ مِنَ اَنص۪ارٍۖ ﴌ
277,2,270,3,46,البَقَرَة,Al-Baqarah,اِن تُبْدُواْ اُ۬لصَّدَقَٰتِ فَنِعِمَّا هِيَۖ وَإِن تُخْفُوهَا وَتُوتُوهَا اَ۬لْفُقَرَآءَ فَهُوَ خَيْرٞ لَّكُمْ وَنُكَفِّرْ عَنكُم مِّن سَيِّـَٔاتِكُمْۖ وَاللَّهُ بِمَا تَعْمَلُونَ خَبِيرٞۖ ﴍ
278,2,271,3,46,البَقَرَة,Al-Baqarah,۞ لَّيْسَ عَلَيْكَ هُد۪يٰهُمْۖ وَلَٰكِنَّ اَ۬للَّهَ يَهْدِے مَنْ يَّشَآءُۖ وَمَا تُنفِقُواْ مِنْ خَيْرٖ فَلِأَنفُسِكُمْۖ وَمَا تُنفِقُونَ إِلَّا اَ۪بْتِغَآءَ وَجْهِ اِ۬للَّهِۖ وَمَا تُنفِقُواْ مِنْ خَيْرٖ يُوَفَّ إِلَيْكُمْ وَأَنتُمْ لَا تُظْلَمُونَۖ ﴎ
279,2,272,3,46,البَقَرَة,Al-Baqarah,لِلْفُقَرَآءِ اِ۬لذِينَ أُحْصِرُواْ فِے سَبِيلِ اِ۬للَّهِ لَا يَسْتَطِيعُونَ ضَرْباٗ فِے اِ۬لَارْضِ يَحْسِبُهُمُ اُ۬لْجَاهِلُ أَغْنِيَآءَ مِنَ اَ۬لتَّعَفُّفِۖ تَعْرِفُهُم بِسِيمٰ۪هُمْ لَا يَسْـَٔلُونَ اَ۬لنَّاسَ إِلْحَافاٗۖ وَمَا تُنفِقُواْ مِنْ خَيْرٖ فَإِنَّ اَ۬للَّهَ بِهِۦ عَلِيمٌۖ ﴏ
280,2,273,3,46,البَقَرَة,Al-Baqarah,اِ۬لذِينَ يُنفِقُونَ أَمْوَٰلَهُم بِاليْلِ وَالنَّه۪ارِ سِرّاٗ وَعَلَٰنِيَةٗ فَلَهُمُۥٓ أَجْرُهُمْ عِندَ رَبِّهِمْ وَلَا خَوْفٌ عَلَيْهِمْ وَلَا هُمْ يَحْزَنُونَۖ ﴐ
281,2,274,3,47,البَقَرَة,Al-Baqarah,اَ۬لذِينَ يَاكُلُونَ اَ۬لرِّبَوٰاْ لَا يَقُومُونَ إِلَّا كَمَا يَقُومُ اُ۬لذِے يَتَخَبَّطُهُ اُ۬لشَّيْطَٰنُ مِنَ اَ۬لْمَسِّۖ ذَٰلِكَ بِأَنَّهُمْ قَالُوٓاْ إِنَّمَا اَ۬لْبَيْعُ مِثْلُ اُ۬لرِّبَوٰاْۖ وَأَحَلَّ اَ۬للَّهُ اُ۬لْبَيْعَ وَحَرَّمَ اَ۬لرِّبَوٰاْۖ فَمَن جَآءَهُۥ مَوْعِظَةٞ مِّن رَّبِّهِۦ فَانتَه۪ىٰ فَلَهُۥ مَا سَلَفَۖ وَأَمْرُهُۥٓ إِلَى اَ۬للَّهِۖ وَمَنْ عَادَ فَأُوْلَٰٓئِكَ أَصْحَٰبُ اُ۬لنّ۪ارِ هُمْ فِيهَا خَٰلِدُونَۖ ﴑ
282,2,275,3,47,البَقَرَة,Al-Baqarah,يَمْحَقُ اُ۬للَّهُ اُ۬لرِّبَوٰاْ وَيُرْبِے اِ۬لصَّدَقَٰتِۖ وَاللَّهُ لَا يُحِبُّ كُلَّ كَفّ۪ارٍ اَثِيمٍۖ ﴒ
283,2,276,3,47,البَقَرَة,Al-Baqarah,اِنَّ اَ۬لذِينَ ءَامَنُواْ وَعَمِلُواْ اُ۬لصَّٰلِحَٰتِ وَأَقَامُواْ اُ۬لصَّلَوٰةَ وَءَاتَوُاْ اُ۬لزَّكَوٰةَ لَهُمُۥٓ أَجْرُهُمْ عِندَ رَبِّهِمْ وَلَا خَوْفٌ عَلَيْهِمْ وَلَا هُمْ يَحْزَنُونَۖ ﴓ
284,2,277,3,47,البَقَرَة,Al-Baqarah,يَٰٓأَيُّهَا اَ۬لذِينَ ءَامَنُواْ اُ۪تَّقُواْ اُ۬للَّهَ وَذَرُواْ مَا بَقِيَ مِنَ اَ۬لرِّبَوٰٓاْ إِن كُنتُم مُّومِنِينَۖ ﴔ
285,2,278,3,47,البَقَرَة,Al-Baqarah,فَإِن لَّمْ تَفْعَلُواْ فَاذَنُواْ بِحَرْبٖ مِّنَ اَ۬للَّهِ وَرَسُولِهِۦۖ وَإِن تُبْتُمْ فَلَكُمْ رُءُوسُ أَمْوَٰلِكُمْ لَا تَظْلِمُونَ وَلَا تُظْلَمُونَۖ ﴕ
286,2,279,3,47,البَقَرَة,Al-Baqarah,۞ وَإِن كَانَ ذُو عُسْرَةٖ فَنَظِرَةٌ اِلَىٰ مَيْسُرَةٖۖ وَأَن تَصَّدَّقُواْ خَيْرٞ لَّكُمُۥٓ إِن كُنتُمْ تَعْلَمُونَۖ ﴖ
287,2,280,3,47,البَقَرَة,Al-Baqarah,وَاتَّقُواْ يَوْماٗ تُرْجَعُونَ فِيهِ إِلَى اَ۬للَّهِۖ ثُمَّ تُوَفّ۪ىٰ كُلُّ نَفْسٖ مَّا كَسَبَتْ وَهُمْ لَا يُظْلَمُونَۖ ﴗ
288,2,281,3,48,البَقَرَة,Al-Baqarah,يَٰٓأَيُّهَا اَ۬لذِينَ ءَامَنُوٓاْ إِذَا تَدَايَنتُم بِدَيْنٍ اِلَىٰٓ أَجَلٖ مُّسَمّىٗ فَاكْتُبُوهُۖ وَلْيَكْتُب بَّيْنَكُمْ كَاتِبُۢ بِالْعَدْلِۖ وَلَا يَابَ كَاتِبٌ اَنْ يَّكْتُبَۖ كَمَا عَلَّمَهُ اُ۬للَّهُ فَلْيَكْتُبْۖ وَلْيُمْلِلِ اِ۬لذِے عَلَيْهِ اِ۬لْحَقُّ وَلْيَتَّقِ اِ۬للَّهَ رَبَّهُۥ وَلَا يَبْخَسْ مِنْهُ شَئْاٗۖ فَإِن كَانَ اَ۬لذِے عَلَيْهِ اِ۬لْحَقُّ سَفِيهاً اَوْ ضَعِيفاً اَوْ لَا يَسْتَطِيعُ أَنْ يُّمِلَّ هُوَ فَلْيُمْلِلْ وَلِيُّهُۥ بِالْعَدْلِۖ وَاسْتَشْهِدُواْ شَهِيدَيْنِ مِن رِّجَالِكُمْۖ فَإِن لَّمْ يَكُونَا رَجُلَيْنِ فَرَجُلٞ وَامْرَأَتَٰنِ مِمَّن تَرْضَوْنَ مِنَ اَ۬لشُّهَدَآءِ اَ۬ن تَضِلَّ إِحْد۪يٰهُمَا فَتُذَكِّرَ إِحْد۪يٰهُمَا اَ۬لُاخْر۪ىٰۖ وَلَا يَابَ اَ۬لشُّهَدَآءُ اِ۪ذَا مَا دُعُواْۖ وَلَا تَسْـَٔمُوٓاْ أَن تَكْتُبُوهُ صَغِيراً اَوْ كَبِيراً اِلَىٰٓ أَجَلِهِۦۖ ذَٰلِكُمُۥٓ أَقْسَطُ عِندَ اَ۬للَّهِ وَأَقْوَمُ لِلشَّهَٰدَةِ وَأَدْن۪ىٰٓ أَلَّا تَرْتَابُوٓاْ إِلَّآ أَن تَكُونَ تِجَٰرَةٌ حَاضِرَةٞ تُدِيرُونَهَا بَيْنَكُمْ فَلَيْسَ عَلَيْكُمْ جُنَاحٌ اَلَّا تَكْتُبُوهَاۖ وَأَشْهِدُوٓاْ إِذَا تَبَايَعْتُمْۖ وَلَا يُضَآرَّ كَاتِبٞ وَلَا شَهِيدٞۖ وَإِن تَفْعَلُواْ فَإِنَّهُۥ فُسُوقُۢ بِكُمْۖ وَاتَّقُواْ اُ۬للَّهَۖ وَيُعَلِّمُكُمُ اُ۬للَّهُۖ وَاللَّهُ بِكُلِّ شَےْءٍ عَلِيمٞۖ ﴘ
289,2,282,3,49,البَقَرَة,Al-Baqarah,۞ وَإِن كُنتُمْ عَلَىٰ سَفَرٖ وَلَمْ تَجِدُواْ كَاتِباٗ فَرِهَٰنٞ مَّقْبُوضَةٞۖ فَإِنَ اَمِنَ بَعْضُكُم بَعْضاٗ فَلْيُوَ۬دِّ اِ۬لذِے اِ۟وتُمِنَ أَمَٰنَتَهُۥۖ وَلْيَتَّقِ اِ۬للَّهَ رَبَّهُۥۖ وَلَا تَكْتُمُواْ اُ۬لشَّهَٰدَةَۖ وَمَنْ يَّكْتُمْهَا فَإِنَّهُۥٓ ءَاثِمٞ قَلْبُهُۥۖ وَاللَّهُ بِمَا تَعْمَلُونَ عَلِيمٞۖ ﴙ
290,2,283,3,49,البَقَرَة,Al-Baqarah,لِّلهِ مَا فِے اِ۬لسَّمَٰوَٰتِ وَمَا فِے اِ۬لَارْضِۖ وَإِن تُبْدُواْ مَا فِےٓ أَنفُسِكُمُۥٓ أَوْ تُخْفُوهُ يُحَاسِبْكُم بِهِ اِ۬للَّهُ فَيَغْفِرْ لِمَنْ يَّشَآءُ وَيُعَذِّبْ مَنْ يَّشَآءُۖ وَاللَّهُ عَلَىٰ كُلِّ شَےْءٖ قَدِيرٌۖ ﴚ
291,2,284,3,49,البَقَرَة,Al-Baqarah,اٰمَنَ اَ۬لرَّسُولُ بِمَآ أُنزِلَ إِلَيْهِ مِن رَّبِّهِۦ وَالْمُومِنُونَۖ كُلٌّ اٰمَنَ بِاللَّهِ وَمَلَٰٓئِكَتِهِۦ وَكُتُبِهِۦ وَرُسُلِهِۦۖ لَا نُفَرِّقُ بَيْنَ أَحَدٖ مِّن رُّسُلِهِۦۖ وَقَالُواْ سَمِعْنَا وَأَطَعْنَاۖ غُفْرَانَكَ رَبَّنَاۖ وَإِلَيْكَ اَ۬لْمَصِيرُۖ ﴛ
292,2,285,3,49,البَقَرَة,Al-Baqarah,لَا يُكَلِّفُ اُ۬للَّهُ نَفْساً اِلَّا وُسْعَهَاۖ لَهَا مَا كَسَبَتْۖ وَعَلَيْهَا مَا اَ۪كْتَسَبَتْۖ رَبَّنَا لَا تُوَ۬اخِذْنَآ إِن نَّسِينَآ أَوَ اَخْطَأْنَاۖ رَبَّنَا وَلَا تَحْمِلْ عَلَيْنَآ إِصْراٗ كَمَا حَمَلْتَهُۥ عَلَى اَ۬لذِينَ مِن قَبْلِنَاۖ رَبَّنَا وَلَا تُحَمِّلْنَا مَا لَا طَاقَةَ لَنَا بِهِۦۖ وَاعْفُ عَنَّاۖ وَاغْفِرْ لَنَاۖ وَارْحَمْنَآۖ أَنتَ مَوْل۪يٰنَا فَانصُرْنَا عَلَى اَ۬لْقَوْمِ اِ۬لْكٰ۪فِرِينَۖ ﴜ
293,3,1,3,50,آل عِمران,Āl-‘Imrān,أَلَٓمِّٓۖ اَ۬للَّهُ لَآ إِلَٰهَ إِلَّا هُوَۖ اَ۬لْحَيُّ اُ۬لْقَيُّومُ ﰀ
294,3,2,3,50,آل عِمران,Āl-‘Imrān,نَزَّلَ عَلَيْكَ اَ۬لْكِتَٰبَ بِالْحَقِّ مُصَدِّقاٗ لِّمَا بَيْنَ يَدَيْهِۖ وَأَنزَلَ اَ۬لتَّوْر۪يٰةَ وَالِانجِيلَ ﰁ
295,3,3,3,50,آل عِمران,Āl-‘Imrān,مِن قَبْلُ هُدىٗ لِّلنَّاسِ وَأَنزَلَ اَ۬لْفُرْقَانَۖ ﰂ
296,3,4,3,50,آل عِمران,Āl-‘Imrān,إِنَّ اَ۬لذِينَ كَفَرُواْ بِـَٔايَٰتِ اِ۬للَّهِ لَهُمْ عَذَابٞ شَدِيدٞۖ وَاللَّهُ عَزِيزٞ ذُو اُ۪نتِقَامٍۖ ﰃ
297,3,5,3,50,آل عِمران,Āl-‘Imrān,۞ اِنَّ اَ۬للَّهَ لَا يَخْف۪ىٰ عَلَيْهِ شَےْءٞ فِے اِ۬لَارْضِ وَلَا فِے اِ۬لسَّمَآءِۖ ﰄ
298,3,6,3,50,آل عِمران,Āl-‘Imrān,هُوَ اَ۬لذِے يُصَوِّرُكُمْ فِے اِ۬لَارْحَامِ كَيْفَ يَشَآءُۖ لَآ إِلَٰهَ إِلَّا هُوَۖ اَ۬لْعَزِيزُ اُ۬لْحَكِيمُۖ ﰅ
299,3,7,3,50,آل عِمران,Āl-‘Imrān,هُوَ اَ۬لذِےٓ أَنزَلَ عَلَيْكَ اَ۬لْكِتَٰبَ مِنْهُۖ ءَايَٰتٞ مُّحْكَمَٰتٌ هُنَّ أُمُّ اُ۬لْكِتَٰبِ وَأُخَرُ مُتَشَٰبِهَٰتٞۖ فَأَمَّا اَ۬لذِينَ فِے قُلُوبِهِمْ زَيْغٞ فَيَتَّبِعُونَ مَا تَشَٰبَهَ مِنْهُ اُ۪بْتِغَآءَ اَ۬لْفِتْنَةِ وَابْتِغَآءَ تَاوِيلِهِۦۖ وَمَا يَعْلَمُ تَاوِيلَهُۥٓ إِلَّا اَ۬للَّهُۖ وَالرَّٰسِخُونَ فِے اِ۬لْعِلْمِ يَقُولُونَ ءَامَنَّا بِهِۦ كُلّٞ مِّنْ عِندِ رَبِّنَاۖ وَمَا يَذَّكَّرُ إِلَّآ أُوْلُواْ اُ۬لَالْبَٰبِۖ ﰆ
300,3,8,3,50,آل عِمران,Āl-‘Imrān,رَبَّنَا لَا تُزِغْ قُلُوبَنَا بَعْدَ إِذْ هَدَيْتَنَا وَهَبْ لَنَا مِن لَّدُنكَ رَحْمَةًۖ اِنَّكَ أَنتَ اَ۬لْوَهَّابُۖ ﰇ
301,3,9,3,50,آل عِمران,Āl-‘Imrān,رَبَّنَآ إِنَّكَ جَامِعُ اُ۬لنَّاسِ لِيَوْمٖ لَّا رَيْبَ فِيهِۖ إِنَّ اَ۬للَّهَ لَا يُخْلِفُ اُ۬لْمِيعَادَۖ ﰈ
302,3,10,3,51,آل عِمران,Āl-‘Imrān,إِنَّ اَ۬لذِينَ كَفَرُواْ لَن تُغْنِيَ عَنْهُمُۥٓ أَمْوَٰلُهُمْ وَلَآ أَوْلَٰدُهُم مِّنَ اَ۬للَّهِ شَئْاٗۖ وَأُوْلَٰٓئِكَ هُمْ وَقُودُ اُ۬لنّ۪ارِ ﰉ
303,3,11,3,51,آل عِمران,Āl-‘Imrān,كَدَأْبِ ءَالِ فِرْعَوْنَۖ وَالذِينَ مِن قَبْلِهِمْ كَذَّبُواْ بِـَٔايَٰتِنَا فَأَخَذَهُمُ اُ۬للَّهُ بِذُنُوبِهِمْۖ وَاللَّهُ شَدِيدُ اُ۬لْعِقَابِۖ ﰊ
304,3,12,3,51,آل عِمران,Āl-‘Imrān,قُل لِّلذِينَ كَفَرُواْ سَتُغْلَبُونَ وَتُحْشَرُونَ إِلَىٰ جَهَنَّمَۖ وَبِيسَ اَ۬لْمِهَادُۖ ﰋ
305,3,13,3,51,آل عِمران,Āl-‘Imrān,قَدْ كَانَ لَكُمُۥٓ ءَايَةٞ فِے فِئَتَيْنِ اِ۪لْتَقَتَاۖ فِئَةٞ تُقَٰتِلُ فِے سَبِيلِ اِ۬للَّهِ وَأُخْر۪ىٰ كَافِرَةٞ تَرَوْنَهُم مِّثْلَيْهِمْ رَأْيَ اَ۬لْعَيْنِۖ وَاللَّهُ يُوَ۬يِّدُ بِنَصْرِهِۦ مَنْ يَّشَآءُۖ اِ۪نَّ فِے ذَٰلِكَ لَعِبْرَةٗ لِّأُوْلِے اِ۬لَابْصٰ۪رِۖ ﰌ
306,3,14,3,51,آل عِمران,Āl-‘Imrān,زُيِّنَ لِلنَّاسِ حُبُّ اُ۬لشَّهَوَٰتِ مِنَ اَ۬لنِّسَآءِ وَالْبَنِينَ وَالْقَنَٰطِيرِ اِ۬لْمُقَنطَرَةِ مِنَ اَ۬لذَّهَبِ وَالْفِضَّةِ وَالْخَيْلِ اِ۬لْمُسَوَّمَةِ وَالَانْعَٰمِ وَالْحَرْثِۖ ذَٰلِكَ مَتَٰعُ اُ۬لْحَيَوٰةِ اِ۬لدُّنْي۪اۖ وَاللَّهُ عِندَهُۥ حُسْنُ اُ۬لْمَـَٔابِۖ ﰍ
307,3,15,3,51,آل عِمران,Āl-‘Imrān,۞ قُلَ اَوْ۟نَبِّئُكُم بِخَيْرٖ مِّن ذَٰلِكُمْۖ لِلذِينَ اَ۪تَّقَوْاْ عِندَ رَبِّهِمْ جَنَّٰتٞ تَجْرِے مِن تَحْتِهَا اَ۬لَانْهَٰرُ خَٰلِدِينَ فِيهَا وَأَزْوَٰجٞ مُّطَهَّرَةٞ وَرِضْوَٰنٞ مِّنَ اَ۬للَّهِۖ وَاللَّهُ بَصِيرُۢ بِالْعِبَادِۖ ﰎ
308,3,16,3,52,آل عِمران,Āl-‘Imrān,اِ۬لذِينَ يَقُولُونَ رَبَّنَآ إِنَّنَآ ءَامَنَّا فَاغْفِرْ لَنَا ذُنُوبَنَا وَقِنَا عَذَابَ اَ۬لنّ۪ارِۖ ﰏ
309,3,17,3,52,آل عِمران,Āl-‘Imrān,اِ۬لصَّٰبِرِينَ وَالصَّٰدِقِينَ وَالْقَٰنِتِينَ وَالْمُنفِقِينَ وَالْمُسْتَغْفِرِينَ بِالَاسْح۪ارِۖ ﰐ
310,3,18,3,52,آل عِمران,Āl-‘Imrān,شَهِدَ اَ۬للَّهُ أَنَّهُۥ لَآ إِلَٰهَ إِلَّا هُوَ وَالْمَلَٰٓئِكَةُ وَأُوْلُواْ اُ۬لْعِلْمِ قَآئِماَۢ بِالْقِسْطِۖ لَآ إِلَٰهَ إِلَّا هُوَۖ اَ۬لْعَزِيزُ اُ۬لْحَكِيمُۖ ﰑ
311,3,19,3,52,آل عِمران,Āl-‘Imrān,إِنَّ اَ۬لدِّينَ عِندَ اَ۬للَّهِ اِ۬لِاسْلَٰمُۖ وَمَا اَ۪خْتَلَفَ اَ۬لذِينَ أُوتُواْ اُ۬لْكِتَٰبَ إِلَّا مِنۢ بَعْدِ مَا جَآءَهُمُ اُ۬لْعِلْمُۖ بَغْياَۢ بَيْنَهُمْۖ وَمَنْ يَّكْفُرْ بِـَٔايَٰتِ اِ۬للَّهِ فَإِنَّ اَ۬للَّهَ سَرِيعُ اُ۬لْحِسَابِۖ ﰒ
312,3,20,3,52,آل عِمران,Āl-‘Imrān,فَإِنْ حَآجُّوكَ فَقُلَ اَسْلَمْتُ وَجْهِيَ لِلهِ وَمَنِ اِ۪تَّبَعَنِۦۖ وَقُل لِّلذِينَ أُوتُواْ اُ۬لْكِتَٰبَ وَالُامِّيِّۧنَ ءَآسْلَمْتُمْۖ فَإِنَ اَسْلَمُواْ فَقَدِ اِ۪هْتَدَواْۖ وَّإِن تَوَلَّوْاْ فَإِنَّمَا عَلَيْكَ اَ۬لْبَلَٰغُۖ وَاللَّهُ بَصِيرُۢ بِالْعِبَادِۖ ﰓ
313,3,21,3,52,آل عِمران,Āl-‘Imrān,إِنَّ اَ۬لذِينَ يَكْفُرُونَ بِـَٔايَٰتِ اِ۬للَّهِ وَيَقْتُلُونَ اَ۬لنَّبِيٓـِٕۧنَ بِغَيْرِ حَقّٖ وَيَقْتُلُونَ اَ۬لذِينَ يَامُرُونَ بِالْقِسْطِ مِنَ اَ۬لنَّاسِ فَبَشِّرْهُم بِعَذَابٍ اَلِيمٍۖ ﰔ
314,3,22,3,52,آل عِمران,Āl-‘Imrān,ا۟وْلَٰٓئِكَ اَ۬لذِينَ حَبِطَتَ اَعْمَٰلُهُمْ فِے اِ۬لدُّنْي۪ا وَالَاخِرَةِۖ وَمَا لَهُم مِّن نَّٰصِرِينَۖ ﰕ
315,3,23,3,53,آل عِمران,Āl-‘Imrān,۞ أَلَمْ تَرَ إِلَى اَ۬لذِينَ أُوتُواْ نَصِيباٗ مِّنَ اَ۬لْكِتَٰبِ يُدْعَوْنَ إِلَىٰ كِتَٰبِ اِ۬للَّهِ لِيَحْكُمَ بَيْنَهُمْ ثُمَّ يَتَوَلّ۪ىٰ فَرِيقٞ مِّنْهُمْ وَهُم مُّعْرِضُونَۖ ﰖ
316,3,24,3,53,آل عِمران,Āl-‘Imrān,ذَٰلِكَ بِأَنَّهُمْ قَالُواْ لَن تَمَسَّنَا اَ۬لنَّارُ إِلَّآ أَيَّاماٗ مَّعْدُودَٰتٖ وَغَرَّهُمْ فِے دِينِهِم مَّا كَانُواْ يَفْتَرُونَۖ ﰗ
317,3,25,3,53,آل عِمران,Āl-‘Imrān,فَكَيْفَ إِذَا جَمَعْنَٰهُمْ لِيَوْمٖ لَّا رَيْبَ فِيهِ وَوُفِّيَتْ كُلُّ نَفْسٖ مَّا كَسَبَتْ وَهُمْ لَا يُظْلَمُونَۖ ﰘ
318,3,26,3,53,آل عِمران,Āl-‘Imrān,قُلِ اِ۬للَّهُمَّ مَٰلِكَ اَ۬لْمُلْكِ تُوتِے اِ۬لْمُلْكَ مَن تَشَآءُ وَتَنزِعُ اُ۬لْمُلْكَ مِمَّن تَشَآءُ وَتُعِزُّ مَن تَشَآءُ وَتُذِلُّ مَن تَشَآءُ بِيَدِكَ اَ۬لْخَيْرُۖ إِنَّكَ عَلَىٰ كُلِّ شَےْءٖ قَدِيرٞۖ ﰙ
319,3,27,3,53,آل عِمران,Āl-‘Imrān,تُولِجُ اُ۬ليْلَ فِے اِ۬لنَّه۪ارِ وَتُولِجُ اُ۬لنَّهَارَ فِے اِ۬ليْلِ وَتُخْرِجُ اُ۬لْحَيَّ مِنَ اَ۬لْمَيِّتِ وَتُخْرِجُ اُ۬لْمَيِّتَ مِنَ اَ۬لْحَيِّ وَتَرْزُقُ مَن تَشَآءُ بِغَيْرِ حِسَابٖۖ ﰚ
320,3,28,3,53,آل عِمران,Āl-‘Imrān,لَّا يَتَّخِذِ اِ۬لْمُومِنُونَ اَ۬لْكٰ۪فِرِينَ أَوْلِيَآءَ مِن دُونِ اِ۬لْمُومِنِينَۖ وَمَنْ يَّفْعَلْ ذَٰلِكَ فَلَيْسَ مِنَ اَ۬للَّهِ فِے شَےْءٍ اِلَّآ أَن تَتَّقُواْ مِنْهُمْ تُق۪يٰةٗۖ وَيُحَذِّرُكُمُ اُ۬للَّهُ نَفْسَهُۥۖ وَإِلَى اَ۬للَّهِ اِ۬لْمَصِيرُۖ ﰛ
321,3,29,3,53,آل عِمران,Āl-‘Imrān,قُلِ اِن تُخْفُواْ مَا فِے صُدُورِكُمُۥٓ أَوْ تُبْدُوهُ يَعْلَمْهُ اُ۬للَّهُۖ وَيَعْلَمُ مَا فِے اِ۬لسَّمَٰوَٰتِ وَمَا فِے اِ۬لَارْضِۖ وَاللَّهُ عَلَىٰ كُلِّ شَےْءٖ قَدِيرٞۖ ﰜ
322,3,30,3,54,آل عِمران,Āl-‘Imrān,يَوْمَ تَجِدُ كُلُّ نَفْسٖ مَّا عَمِلَتْ مِنْ خَيْرٖ مُّحْضَراٗۖ وَمَا عَمِلَتْ مِن سُوٓءٖ تَوَدُّ لَوَ اَنَّ بَيْنَهَا وَبَيْنَهُۥٓ أَمَداَۢ بَعِيداٗۖ وَيُحَذِّرُكُمُ اُ۬للَّهُ نَفْسَهُۥۖ وَاللَّهُ رَءُوفُۢ بِالْعِبَادِۖ ﰝ
323,3,31,3,54,آل عِمران,Āl-‘Imrān,قُلِ اِن كُنتُمْ تُحِبُّونَ اَ۬للَّهَ فَاتَّبِعُونِے يُحْبِبْكُمُ اُ۬للَّهُ وَيَغْفِرْ لَكُمْ ذُنُوبَكُمْۖ وَاللَّهُ غَفُورٞ رَّحِيمٞۖ ﰞ
324,3,32,3,54,آل عِمران,Āl-‘Imrān,قُلَ اَطِيعُواْ اُ۬للَّهَ وَالرَّسُولَۖ فَإِن تَوَلَّوْاْ فَإِنَّ اَ۬للَّهَ لَا يُحِبُّ اُ۬لْكٰ۪فِرِينَۖ ﰟ
325,3,33,3,54,آل عِمران,Āl-‘Imrān,۞ إِنَّ اَ۬للَّهَ اَ۪صْطَف۪ىٰٓ ءَادَمَ وَنُوحاٗ وَءَالَ إِبْرَٰهِيمَ وَءَالَ عِمْرَٰنَ عَلَى اَ۬لْعَٰلَمِينَ ﰠ
326,3,34,3,54,آل عِمران,Āl-‘Imrān,ذُرِّيَّةَۢ بَعْضُهَا مِنۢ بَعْضٖۖ وَاللَّهُ سَمِيعٌ عَلِيمٌۖ ﰡ
327,3,35,3,54,آل عِمران,Āl-‘Imrān,اِذْ قَالَتِ اِ۪مْرَأَتُ عِمْرَٰنَ رَبِّ إِنِّے نَذَرْتُ لَكَ مَا فِے بَطْنِے مُحَرَّراٗ فَتَقَبَّلْ مِنِّيَۖ إِنَّكَ أَنتَ اَ۬لسَّمِيعُ اُ۬لْعَلِيمُۖ ﰢ
328,3,36,3,54,آل عِمران,Āl-‘Imrān,فَلَمَّا وَضَعَتْهَا قَالَتْ رَبِّ إِنِّے وَضَعْتُهَآ أُنث۪ىٰ وَاللَّهُ أَعْلَمُ بِمَا وَضَعَتْۖ وَلَيْسَ اَ۬لذَّكَرُ كَالُانث۪ىٰۖ وَإِنِّے سَمَّيْتُهَا مَرْيَمَۖ وَإِنِّيَ أُعِيذُهَا بِكَ وَذُرِّيَّتَهَا مِنَ اَ۬لشَّيْطَٰنِ اِ۬لرَّجِيمِۖ ﰣ
329,3,37,3,54,آل عِمران,Āl-‘Imrān,فَتَقَبَّلَهَا رَبُّهَا بِقَبُولٍ حَسَنٖ وَأَنۢبَتَهَا نَبَاتاً حَسَناٗۖ وَكَفَلَهَا زَكَرِيَّآءُۖ كُلَّمَا دَخَلَ عَلَيْهَا زَكَرِيَّآءُ اُ۬لْمِحْرَابَ وَجَدَ عِندَهَا رِزْقاٗۖ قَالَ يَٰمَرْيَمُ أَنّ۪ىٰ لَكِ هَٰذَاۖ قَالَتْ هُوَ مِنْ عِندِ اِ۬للَّهِۖ إِنَّ اَ۬للَّهَ يَرْزُقُ مَنْ يَّشَآءُ بِغَيْرِ حِسَابٍۖ ﰤ
330,3,38,3,55,آل عِمران,Āl-‘Imrān,هُنَالِكَ دَعَا زَكَرِيَّآءُ رَبَّهُۥۖ قَالَ رَبِّ هَبْ لِے مِن لَّدُنكَ ذُرِّيَّةٗ طَيِّبَةً اِنَّكَ سَمِيعُ اُ۬لدُّعَآءِۖ ﰥ
331,3,39,3,55,آل عِمران,Āl-‘Imrān,فَنَادَتْهُ اُ۬لْمَلَٰٓئِكَةُ وَهُوَ قَآئِمٞ يُصَلِّے فِے اِ۬لْمِحْرَابِ أَنَّ اَ۬للَّهَ يُبَشِّرُكَ بِيَحْي۪ىٰ مُصَدِّقاَۢ بِكَلِمَةٖ مِّنَ اَ۬للَّهِ وَسَيِّداٗ وَحَصُوراٗ وَنَبِيٓـٔاٗ مِّنَ اَ۬لصَّٰلِحِينَۖ ﰦ
332,3,40,3,55,آل عِمران,Āl-‘Imrān,قَالَ رَبِّ أَنّ۪ىٰ يَكُونُ لِے غُلَٰمٞ وَقَدْ بَلَغَنِيَ اَ۬لْكِبَرُ وَامْرَأَتِے عَاقِرٞۖ قَالَ كَذَٰلِكَۖ اَ۬للَّهُ يَفْعَلُ مَا يَشَآءُۖ ﰧ
333,3,41,3,55,آل عِمران,Āl-‘Imrān,قَالَ رَبِّ اِ۪جْعَل لِّيَ ءَايَةٗۖ قَالَ ءَايَتُكَ أَلَّا تُكَلِّمَ اَ۬لنَّاسَ ثَلَٰثَةَ أَيَّامٍ اِلَّا رَمْزاٗۖ وَاذْكُر رَّبَّكَ كَثِيراٗ وَسَبِّحْ بِالْعَشِيِّ وَالِابْكٰ۪رِۖ ﰨ
334,3,42,3,55,آل عِمران,Āl-‘Imrān,۞ وَإِذْ قَالَتِ اِ۬لْمَلَٰٓئِكَةُ يَٰمَرْيَمُ إِنَّ اَ۬للَّهَ اَ۪صْطَف۪يٰكِ وَطَهَّرَكِ وَاصْطَف۪يٰكِ عَلَىٰ نِسَآءِ اِ۬لْعَٰلَمِينَۖ ﰩ
335,3,43,3,55,آل عِمران,Āl-‘Imrān,يَٰمَرْيَمُ اُ۟قْنُتِے لِرَبِّكِ وَاسْجُدِے وَارْكَعِے مَعَ اَ۬لرَّٰكِعِينَۖ ﰪ
336,3,44,3,55,آل عِمران,Āl-‘Imrān,ذَٰلِكَ مِنَ اَنۢبَآءِ اِ۬لْغَيْبِ نُوحِيهِ إِلَيْكَۖ وَمَا كُنتَ لَدَيْهِمُۥٓ إِذْ يُلْقُونَ أَقْلَٰمَهُمُۥٓ أَيُّهُمْ يَكْفُلُ مَرْيَمَۖ وَمَا كُنتَ لَدَيْهِمُۥٓ إِذْ يَخْتَصِمُونَ ﰫ
337,3,45,3,55,آل عِمران,Āl-‘Imrān,إِذْ قَالَتِ اِ۬لْمَلَٰٓئِكَةُ يَٰمَرْيَمُ إِنَّ اَ۬للَّهَ يُبَشِّرُكِ بِكَلِمَةٖ مِّنْهُۖ اُ۪سْمُهُ اُ۬لْمَسِيحُ عِيسَى اَ۪بْنُ مَرْيَمَ وَجِيهاٗ فِے اِ۬لدُّنْي۪ا وَالَاخِرَةِ وَمِنَ اَ۬لْمُقَرَّبِينَۖ ﰬ
338,3,46,3,56,آل عِمران,Āl-‘Imrān,وَيُكَلِّمُ اُ۬لنَّاسَ فِے اِ۬لْمَهْدِ وَكَهْلاٗۖ وَمِنَ اَ۬لصَّٰلِحِينَۖ ﰭ
339,3,47,3,56,آل عِمران,Āl-‘Imrān,قَالَتْ رَبِّ أَنّ۪ىٰ يَكُونُ لِے وَلَدٞ وَلَمْ يَمْسَسْنِے بَشَرٞۖ قَالَ كَذَٰلِكِۖ اِ۬للَّهُ يَخْلُقُ مَا يَشَآءُۖ اِ۪ذَا قَض۪ىٰٓ أَمْراٗ فَإِنَّمَا يَقُولُ لَهُۥ كُنۖ فَيَكُونُۖ ﰮ
340,3,48,3,56,آل عِمران,Āl-‘Imrān,وَيُعَلِّمُهُ اُ۬لْكِتَٰبَ وَالْحِكْمَةَ وَالتَّوْر۪يٰةَ وَالِانجِيلَ وَرَسُولاً اِلَىٰ بَنِےٓ إِسْرَآءِيلَ أَنِّے قَدْ جِئْتُكُم بِـَٔايَةٖ مِّن رَّبِّكُمُۥٓۖ إِنِّيَ أَخْلُقُ لَكُم مِّنَ اَ۬لطِّينِ كَهَيْـَٔةِ اِ۬لطَّيْرِ فَأَنفُخُ فِيهِ فَيَكُونُ طَٰٓئِراَۢ بِإِذْنِ اِ۬للَّهِۖ وَأُبْرِۓُ اُ۬لَاكْمَهَ وَالَابْرَصَ وَأُحْيِ اِ۬لْمَوْت۪ىٰ بِإِذْنِ اِ۬للَّهِۖ وَأُنَبِّئُكُم بِمَا تَاكُلُونَ وَمَا تَدَّخِرُونَ فِے بُيُوتِكُمُۥٓۖ إِنَّ فِے ذَٰلِكَ لَأٓيَةٗ لَّكُمُۥٓ إِن كُنتُم مُّومِنِينَۖ ﰯ
341,3,49,3,56,آل عِمران,Āl-‘Imrān,وَمُصَدِّقاٗ لِّمَا بَيْنَ يَدَيَّ مِنَ اَ۬لتَّوْر۪يٰةِ وَلِأُحِلَّ لَكُم بَعْضَ اَ۬لذِے حُرِّمَ عَلَيْكُمْۖ وَجِئْتُكُم بِـَٔايَةٖ مِّن رَّبِّكُمْۖ فَاتَّقُواْ اُ۬للَّهَ وَأَطِيعُونِۖ ﰰ
342,3,50,3,56,آل عِمران,Āl-‘Imrān,إِنَّ اَ۬للَّهَ رَبِّے وَرَبُّكُمْ فَاعْبُدُوهُۖ هَٰذَا صِرَٰطٞ مُّسْتَقِيمٞۖ ﰱ
343,3,51,3,56,آل عِمران,Āl-‘Imrān,۞ فَلَمَّآ أَحَسَّ عِيس۪ىٰ مِنْهُمُ اُ۬لْكُفْرَ قَالَ مَنَ اَنصَارِيَ إِلَى اَ۬للَّهِۖ قَالَ اَ۬لْحَوَارِيُّونَ نَحْنُ أَنصَارُ اُ۬للَّهِۖ ءَامَنَّا بِاللَّهِ وَاشْهَدْ بِأَنَّا مُسْلِمُونَۖ ﰲ
344,3,52,3,57,آل عِمران,Āl-‘Imrān,رَبَّنَآ ءَامَنَّا بِمَآ أَنزَلْتَ وَاتَّبَعْنَا اَ۬لرَّسُولَ فَاكْتُبْنَا مَعَ اَ۬لشَّٰهِدِينَۖ ﰳ
345,3,53,3,57,آل عِمران,Āl-‘Imrān,وَمَكَرُواْ وَمَكَرَ اَ۬للَّهُۖ وَاللَّهُ خَيْرُ اُ۬لْمَٰكِرِينَۖ ﰴ
346,3,54,3,57,آل عِمران,Āl-‘Imrān,إِذْ قَالَ اَ۬للَّهُ يَٰعِيس۪ىٰٓ إِنِّے مُتَوَفِّيكَ وَرَافِعُكَ إِلَيَّ وَمُطَهِّرُكَ مِنَ اَ۬لذِينَ كَفَرُواْۖ وَجَاعِلُ اُ۬لذِينَ اَ۪تَّبَعُوكَ فَوْقَ اَ۬لذِينَ كَفَرُوٓاْ إِلَىٰ يَوْمِ اِ۬لْقِيَٰمَةِۖ ثُمَّ إِلَيَّ مَرْجِعُكُمْ فَأَحْكُمُ بَيْنَكُمْ فِيمَا كُنتُمْ فِيهِ تَخْتَلِفُونَۖ ﰵ
347,3,55,3,57,آل عِمران,Āl-‘Imrān,فَأَمَّا اَ۬لذِينَ كَفَرُواْ فَأُعَذِّبُهُمْ عَذَاباٗ شَدِيداٗ فِے اِ۬لدُّنْي۪ا وَالَاخِرَةِۖ وَمَا لَهُم مِّن نَّٰصِرِينَۖ ﰶ
348,3,56,3,57,آل عِمران,Āl-‘Imrān,وَأَمَّا اَ۬لذِينَ ءَامَنُواْ وَعَمِلُواْ اُ۬لصَّٰلِحَٰتِ فَنُوَفِّيهِمُۥٓ أُجُورَهُمْۖ وَاللَّهُ لَا يُحِبُّ اُ۬لظَّٰلِمِينَۖ ﰷ
349,3,57,3,57,آل عِمران,Āl-‘Imrān,ذَٰلِكَ نَتْلُوهُ عَلَيْكَ مِنَ اَ۬لَايَٰتِ وَالذِّكْرِ اِ۬لْحَكِيمِۖ ﰸ
350,3,58,3,57,آل عِمران,Āl-‘Imrān,إِنَّ مَثَلَ عِيس۪ىٰ عِندَ اَ۬للَّهِ كَمَثَلِ ءَادَمَۖ خَلَقَهُۥ مِن تُرَابٖ ثُمَّ قَالَ لَهُۥ كُنۖ فَيَكُونُۖ ﰹ
351,3,59,3,57,آل عِمران,Āl-‘Imrān,اُ۬لْحَقُّ مِن رَّبِّكَۖ فَلَا تَكُن مِّنَ اَ۬لْمُمْتَرِينَۖ ﰺ
352,3,60,3,57,آل عِمران,Āl-‘Imrān,فَمَنْ حَآجَّكَ فِيهِ مِنۢ بَعْدِ مَا جَآءَكَ مِنَ اَ۬لْعِلْمِ فَقُلْ تَعَالَوْاْ نَدْعُ أَبْنَآءَنَا وَأَبْنَآءَكُمْ وَنِسَآءَنَا وَنِسَآءَكُمْ وَأَنفُسَنَا وَأَنفُسَكُمْ ثُمَّ نَبْتَهِلْ فَنَجْعَل لَّعْنَتَ اَ۬للَّهِ عَلَى اَ۬لْكَٰذِبِينَۖ ﰻ
353,3,61,3,58,آل عِمران,Āl-‘Imrān,إِنَّ هَٰذَا لَهُوَ اَ۬لْقَصَصُ اُ۬لْحَقُّۖ وَمَا مِنِ اِلَٰهٍ اِلَّا اَ۬للَّهُۖ وَإِنَّ اَ۬للَّهَ لَهُوَ اَ۬لْعَزِيزُ اُ۬لْحَكِيمُۖ ﰼ
354,3,62,3,58,آل عِمران,Āl-‘Imrān,فَإِن تَوَلَّوْاْ فَإِنَّ اَ۬للَّهَ عَلِيمُۢ بِالْمُفْسِدِينَۖ ﰽ
355,3,63,3,58,آل عِمران,Āl-‘Imrān,۞ قُلْ يَٰٓأَهْلَ اَ۬لْكِتَٰبِ تَعَالَوِاْ اِلَىٰ كَلِمَةٖ سَوَآءِۢ بَيْنَنَا وَبَيْنَكُمُۥٓ أَلَّا نَعْبُدَ إِلَّا اَ۬للَّهَ وَلَا نُشْرِكَ بِهِۦ شَئْاٗ وَلَا يَتَّخِذَ بَعْضُنَا بَعْضاً اَرْبَاباٗ مِّن دُونِ اِ۬للَّهِۖ فَإِن تَوَلَّوْاْ فَقُولُواْ اُ۪شْهَدُواْ بِأَنَّا مُسْلِمُونَۖ ﰾ
356,3,64,3,58,آل عِمران,Āl-‘Imrān,يَٰٓأَهْلَ اَ۬لْكِتَٰبِ لِمَ تُحَآجُّونَ فِےٓ إِبْرَٰهِيمَۖ وَمَآ أُنزِلَتِ اِ۬لتَّوْر۪يٰةُ وَالِانجِيلُ إِلَّا مِنۢ بَعْدِهِۦٓۖ أَفَلَا تَعْقِلُونَۖ ﰿ
357,3,65,3,58,آل عِمران,Āl-‘Imrān,هَآنتُمْ هَٰٓؤُلَآءِ حَٰجَجْتُمْ فِيمَا لَكُم بِهِۦ عِلْمٞ فَلِمَ تُحَآجُّونَ فِيمَا لَيْسَ لَكُم بِهِۦ عِلْمٞۖ وَاللَّهُ يَعْلَمُۖ وَأَنتُمْ لَا تَعْلَمُونَۖ ﱀ
358,3,66,3,58,آل عِمران,Āl-‘Imrān,مَا كَانَ إِبْرَٰهِيمُ يَهُودِيّاٗ وَلَا نَصْرَانِيّاٗ وَلَٰكِن كَانَ حَنِيفاٗ مُّسْلِماٗۖ وَمَا كَانَ مِنَ اَ۬لْمُشْرِكِينَۖ ﱁ
359,3,67,3,58,آل عِمران,Āl-‘Imrān,إِنَّ أَوْلَى اَ۬لنَّاسِ بِإِبْرَٰهِيمَ لَلذِينَ اَ۪تَّبَعُوهُ وَهَٰذَا اَ۬لنَّبِےٓءُ وَالذِينَ ءَامَنُواْۖ وَاللَّهُ وَلِيُّ اُ۬لْمُومِنِينَۖ ﱂ
360,3,68,3,58,آل عِمران,Āl-‘Imrān,وَدَّت طَّآئِفَةٞ مِّنَ اَهْلِ اِ۬لْكِتَٰبِ لَوْ يُضِلُّونَكُمْۖ وَمَا يُضِلُّونَ إِلَّآ أَنفُسَهُمْ وَمَا يَشْعُرُونَۖ ﱃ
361,3,69,3,58,آل عِمران,Āl-‘Imrān,يَٰٓأَهْلَ اَ۬لْكِتَٰبِ لِمَ تَكْفُرُونَ بِـَٔايَٰتِ اِ۬للَّهِ وَأَنتُمْ تَشْهَدُونَۖ ﱄ
362,3,70,3,59,آل عِمران,Āl-‘Imrān,يَٰٓأَهْلَ اَ۬لْكِتَٰبِ لِمَ تَلْبِسُونَ اَ۬لْحَقَّ بِالْبَٰطِلِ وَتَكْتُمُونَ اَ۬لْحَقَّ وَأَنتُمْ تَعْلَمُونَۖ ﱅ
363,3,71,3,59,آل عِمران,Āl-‘Imrān,وَقَالَت طَّآئِفَةٞ مِّنَ اَهْلِ اِ۬لْكِتَٰبِ ءَامِنُواْ بِالذِےٓ أُنزِلَ عَلَى اَ۬لذِينَ ءَامَنُواْ وَجْهَ اَ۬لنَّه۪ارِ وَاكْفُرُوٓاْ ءَاخِرَهُۥ لَعَلَّهُمْ يَرْجِعُونَۖ ﱆ
364,3,72,3,59,آل عِمران,Āl-‘Imrān,وَلَا تُومِنُوٓاْ إِلَّا لِمَن تَبِعَ دِينَكُمْۖ قُلِ اِنَّ اَ۬لْهُد۪ىٰ هُدَى اَ۬للَّهِ أَنْ يُّوت۪ىٰٓ أَحَدٞ مِّثْلَ مَآ أُوتِيتُمُۥٓ أَوْ يُحَآجُّوكُمْ عِندَ رَبِّكُمْۖ قُلِ اِنَّ اَ۬لْفَضْلَ بِيَدِ اِ۬للَّهِۖ يُوتِيهِ مَنْ يَّشَآءُۖ وَاللَّهُ وَٰسِعٌ عَلِيمٞۖ ﱇ
365,3,73,3,59,آل عِمران,Āl-‘Imrān,يَخْتَصُّ بِرَحْمَتِهِۦ مَنْ يَّشَآءُۖ وَاللَّهُ ذُو اُ۬لْفَضْلِ اِ۬لْعَظِيمِۖ ﱈ
366,3,74,3,59,آل عِمران,Āl-‘Imrān,۞ وَمِنَ اَهْلِ اِ۬لْكِتَٰبِ مَنِ اِن تَامَنْهُ بِقِنط۪ارٖ يُوَ۬دِّهِۦٓ إِلَيْكَۖ وَمِنْهُم مَّنِ اِن تَامَنْهُ بِدِين۪ارٖ لَّا يُوَ۬دِّهِۦٓ إِلَيْكَ إِلَّا مَا دُمْتَ عَلَيْهِ قَآئِماٗۖ ذَٰلِكَ بِأَنَّهُمْ قَالُواْ لَيْسَ عَلَيْنَا فِے اِ۬لُامِّيِّۧنَ سَبِيلٞۖ وَيَقُولُونَ عَلَى اَ۬للَّهِ اِ۬لْكَذِبَ وَهُمْ يَعْلَمُونَۖ ﱉ
367,3,75,3,59,آل عِمران,Āl-‘Imrān,بَل۪ىٰ مَنَ اَوْف۪ىٰ بِعَهْدِهِۦ وَاتَّق۪ىٰ فَإِنَّ اَ۬للَّهَ يُحِبُّ اُ۬لْمُتَّقِينَۖ ﱊ
368,3,76,3,59,آل عِمران,Āl-‘Imrān,إِنَّ اَ۬لذِينَ يَشْتَرُونَ بِعَهْدِ اِ۬للَّهِ وَأَيْمَٰنِهِمْ ثَمَناٗ قَلِيلاً ا۟وْلَٰٓئِكَ لَا خَلَٰقَ لَهُمْ فِے اِ۬لَاخِرَةِ وَلَا يُكَلِّمُهُمُ اُ۬للَّهُ وَلَا يَنظُرُ إِلَيْهِمْ يَوْمَ اَ۬لْقِيَٰمَةِ وَلَا يُزَكِّيهِمْۖ وَلَهُمْ عَذَابٌ اَلِيمٞۖ ﱋ
369,3,77,3,60,آل عِمران,Āl-‘Imrān,وَإِنَّ مِنْهُمْ لَفَرِيقاٗ يَلْوُۥنَ أَلْسِنَتَهُم بِالْكِتَٰبِ لِتَحْسِبُوهُ مِنَ اَ۬لْكِتَٰبِ وَمَا هُوَ مِنَ اَ۬لْكِتَٰبِۖ وَيَقُولُونَ هُوَ مِنْ عِندِ اِ۬للَّهِۖ وَمَا هُوَ مِنْ عِندِ اِ۬للَّهِۖ وَيَقُولُونَ عَلَى اَ۬للَّهِ اِ۬لْكَذِبَ وَهُمْ يَعْلَمُونَۖ ﱌ
370,3,78,3,60,آل عِمران,Āl-‘Imrān,مَا كَانَ لِبَشَرٍ اَنْ يُّوتِيَهُ اُ۬للَّهُ اُ۬لْكِتَٰبَ وَالْحُكْمَ وَالنُّبُوٓءَةَ ثُمَّ يَقُولَ لِلنَّاسِ كُونُواْ عِبَاداٗ لِّے مِن دُونِ اِ۬للَّهِ وَلَٰكِن كُونُواْ رَبَّٰنِيِّۧنَ بِمَا كُنتُمْ تَعْلَمُونَ اَ۬لْكِتَٰبَ وَبِمَا كُنتُمْ تَدْرُسُونَۖ ﱍ
371,3,79,3,60,آل عِمران,Āl-‘Imrān,وَلَا يَامُرُكُمُۥٓ أَن تَتَّخِذُواْ اُ۬لْمَلَٰٓئِكَةَ وَالنَّبِيٓـِٕۧنَ أَرْبَاباًۖ اَيَامُرُكُم بِالْكُفْرِ بَعْدَ إِذَ اَنتُم مُّسْلِمُونَۖ ﱎ
372,3,80,3,60,آل عِمران,Āl-‘Imrān,وَإِذَ اَخَذَ اَ۬للَّهُ مِيثَٰقَ اَ۬لنَّبِيٓـِٕۧنَ لَمَآ ءَاتَيْنَٰكُم مِّن كِتَٰبٖ وَحِكْمَةٖ ثُمَّ جَآءَكُمْ رَسُولٞ مُّصَدِّقٞ لِّمَا مَعَكُمْ لَتُومِنُنَّ بِهِۦ وَلَتَنصُرُنَّهُۥۖ ۞ قَالَ ءَآقْرَرْتُمْ وَأَخَذتُّمْ عَلَىٰ ذَٰلِكُمُۥٓ إِصْرِےۖ قَالُوٓاْ أَقْرَرْنَاۖ قَالَ فَاشْهَدُواْ وَأَنَا مَعَكُم مِّنَ اَ۬لشَّٰهِدِينَۖ ﱏ
373,3,81,3,60,آل عِمران,Āl-‘Imrān,فَمَن تَوَلّ۪ىٰ بَعْدَ ذَٰلِكَ فَأُوْلَٰٓئِكَ هُمُ اُ۬لْفَٰسِقُونَۖ ﱐ
374,3,82,3,60,آل عِمران,Āl-‘Imrān,أَفَغَيْرَ دِينِ اِ۬للَّهِ تَبْغُونَ وَلَهُۥٓ أَسْلَمَ مَن فِے اِ۬لسَّمَٰوَٰتِ وَالَارْضِ طَوْعاٗ وَكَرْهاٗۖ وَإِلَيْهِ تُرْجَعُونَۖ ﱑ
375,3,83,3,61,آل عِمران,Āl-‘Imrān,قُلَ اٰمَنَّا بِاللَّهِ وَمَآ أُنزِلَ عَلَيْنَا وَمَآ أُنزِلَ عَلَىٰٓ إِبْرَٰهِيمَ وَإِسْمَٰعِيلَ وَإِسْحَٰقَ وَيَعْقُوبَ وَالَاسْبَاطِ وَمَآ أُوتِيَ مُوس۪ىٰ وَعِيس۪ىٰ وَالنَّبِيٓـُٔونَ مِن رَّبِّهِمْ لَا نُفَرِّقُ بَيْنَ أَحَدٖ مِّنْهُمْ وَنَحْنُ لَهُۥ مُسْلِمُونَۖ ﱒ
376,3,84,3,61,آل عِمران,Āl-‘Imrān,وَمَنْ يَّبْتَغِ غَيْرَ اَ۬لِاسْلَٰمِ دِيناٗ فَلَنْ يُّقْبَلَ مِنْهُۖ وَهُوَ فِے اِ۬لَاخِرَةِ مِنَ اَ۬لْخَٰسِرِينَۖ ﱓ
377,3,85,3,61,آل عِمران,Āl-‘Imrān,كَيْفَ يَهْدِے اِ۬للَّهُ قَوْماٗ كَفَرُواْ بَعْدَ إِيمَٰنِهِمْ وَشَهِدُوٓاْ أَنَّ اَ۬لرَّسُولَ حَقّٞ وَجَآءَهُمُ اُ۬لْبَيِّنَٰتُۖ وَاللَّهُ لَا يَهْدِے اِ۬لْقَوْمَ اَ۬لظَّٰلِمِينَۖ ﱔ
378,3,86,3,61,آل عِمران,Āl-‘Imrān,أُوْلَٰٓئِكَ جَزَآؤُهُمُۥٓ أَنَّ عَلَيْهِمْ لَعْنَةَ اَ۬للَّهِ وَالْمَلَٰٓئِكَةِ وَالنَّاسِ أَجْمَعِينَ ﱕ
379,3,87,3,61,آل عِمران,Āl-‘Imrān,خَٰلِدِينَ فِيهَا لَا يُخَفَّفُ عَنْهُمُ اُ۬لْعَذَابُ وَلَا هُمْ يُنظَرُونَ ﱖ
380,3,88,3,61,آل عِمران,Āl-‘Imrān,إِلَّا اَ۬لذِينَ تَابُواْ مِنۢ بَعْدِ ذَٰلِكَ وَأَصْلَحُواْ فَإِنَّ اَ۬للَّهَ غَفُورٞ رَّحِيمٌۖ ﱗ
381,3,89,3,61,آل عِمران,Āl-‘Imrān,اِنَّ اَ۬لذِينَ كَفَرُواْ بَعْدَ إِيمَٰنِهِمْ ثُمَّ اَ۪زْدَادُواْ كُفْراٗ لَّن تُقْبَلَ تَوْبَتُهُمْۖ وَأُوْلَٰٓئِكَ هُمُ اُ۬لضَّآلُّونَۖ ﱘ
382,3,90,3,61,آل عِمران,Āl-‘Imrān,إِنَّ اَ۬لذِينَ كَفَرُواْ وَمَاتُواْ وَهُمْ كُفَّارٞ فَلَنْ يُّقْبَلَ مِنَ اَحَدِهِم مِّلْءُ اُ۬لَارْضِ ذَهَباٗ وَلَوِ اِ۪فْتَد۪ىٰ بِهِۦٓۖ أُوْلَٰٓئِكَ لَهُمْ عَذَابٌ اَلِيمٞۖ وَمَا لَهُم مِّن نَّٰصِرِينَۖ ﱙ
383,3,91,4,62,آل عِمران,Āl-‘Imrān,۞ لَن تَنَالُواْ اُ۬لْبِرَّ حَتَّىٰ تُنفِقُواْ مِمَّا تُحِبُّونَۖ ﱚ
384,3,92,4,62,آل عِمران,Āl-‘Imrān,وَمَا تُنفِقُواْ مِن شَےْءٖ فَإِنَّ اَ۬للَّهَ بِهِۦ عَلِيمٞۖ ﱛ
385,3,93,4,62,آل عِمران,Āl-‘Imrān,كُلُّ اُ۬لطَّعَامِ كَانَ حِلّاٗ لِّبَنِےٓ إِسْرَآءِيلَ إِلَّا مَا حَرَّمَ إِسْرَآءِيلُ عَلَىٰ نَفْسِهِۦ مِن قَبْلِ أَن تُنَزَّلَ اَ۬لتَّوْر۪يٰةُۖ قُلْ فَاتُواْ بِالتَّوْر۪يٰةِ فَاتْلُوهَآ إِن كُنتُمْ صَٰدِقِينَۖ ﱜ
386,3,94,4,62,آل عِمران,Āl-‘Imrān,فَمَنِ اِ۪فْتَر۪ىٰ عَلَى اَ۬للَّهِ اِ۬لْكَذِبَ مِنۢ بَعْدِ ذَٰلِكَ فَأُوْلَٰٓئِكَ هُمُ اُ۬لظَّٰلِمُونَۖ ﱝ
387,3,95,4,62,آل عِمران,Āl-‘Imrān,قُلْ صَدَقَ اَ۬للَّهُۖ فَاتَّبِعُواْ مِلَّةَ إِبْرَٰهِيمَ حَنِيفاٗۖ وَمَا كَانَ مِنَ اَ۬لْمُشْرِكِينَۖ ﱞ
388,3,96,4,62,آل عِمران,Āl-‘Imrān,إِنَّ أَوَّلَ بَيْتٖ وُضِعَ لِلنَّاسِ لَلذِے بِبَكَّةَ مُبَٰرَكاٗ وَهُدىٗ لِّلْعَٰلَمِينَ ﱟ
389,3,97,4,62,آل عِمران,Āl-‘Imrān,فِيهِ ءَايَٰتُۢ بَيِّنَٰتٞۖ مَّقَامُ إِبْرَٰهِيمَۖ وَمَن دَخَلَهُۥ كَانَ ءَامِناٗۖ وَلِلهِ عَلَى اَ۬لنَّاسِ حَجُّ اُ۬لْبَيْتِ مَنِ اِ۪سْتَطَاعَ إِلَيْهِ سَبِيلاٗۖ وَمَن كَفَرَ فَإِنَّ اَ۬للَّهَ غَنِيٌّ عَنِ اِ۬لْعَٰلَمِينَۖ ﱠ
390,3,98,4,62,آل عِمران,Āl-‘Imrān,قُلْ يَٰٓأَهْلَ اَ۬لْكِتَٰبِ لِمَ تَكْفُرُونَ بِـَٔايَٰتِ اِ۬للَّهِ وَاللَّهُ شَهِيدٌ عَلَىٰ مَا تَعْمَلُونَۖ ﱡ
391,3,99,4,62,آل عِمران,Āl-‘Imrān,قُلْ يَٰٓأَهْلَ اَ۬لْكِتَٰبِ لِمَ تَصُدُّونَ عَن سَبِيلِ اِ۬للَّهِ مَنَ اٰمَنَ تَبْغُونَهَا عِوَجاٗ وَأَنتُمْ شُهَدَآءُۖ وَمَا اَ۬للَّهُ بِغَٰفِلٍ عَمَّا تَعْمَلُونَۖ ﱢ
392,3,100,4,62,آل عِمران,Āl-‘Imrān,يَٰٓأَيُّهَا اَ۬لذِينَ ءَامَنُوٓاْ إِن تُطِيعُواْ فَرِيقاٗ مِّنَ اَ۬لذِينَ أُوتُواْ اُ۬لْكِتَٰبَ يَرُدُّوكُم بَعْدَ إِيمَٰنِكُمْ كٰ۪فِرِينَۖ ﱣ
393,3,101,4,63,آل عِمران,Āl-‘Imrān,وَكَيْفَ تَكْفُرُونَ وَأَنتُمْ تُتْل۪ىٰ عَلَيْكُمُۥٓ ءَايَٰتُ اُ۬للَّهِ وَفِيكُمْ رَسُولُهُۥۖ وَمَنْ يَّعْتَصِم بِاللَّهِ فَقَدْ هُدِيَ إِلَىٰ صِرَٰطٖ مُّسْتَقِيمٖۖ ﱤ
394,3,102,4,63,آل عِمران,Āl-‘Imrān,يَٰٓأَيُّهَا اَ۬لذِينَ ءَامَنُواْ اُ۪تَّقُواْ اُ۬للَّهَ حَقَّ تُق۪اتِهِۦۖ وَلَا تَمُوتُنَّ إِلَّا وَأَنتُم مُّسْلِمُونَۖ ﱥ
395,3,103,4,63,آل عِمران,Āl-‘Imrān,۞ وَاعْتَصِمُواْ بِحَبْلِ اِ۬للَّهِ جَمِيعاٗۖ وَلَا تَفَرَّقُواْۖ وَاذْكُرُواْ نِعْمَتَ اَ۬للَّهِ عَلَيْكُمُۥٓ إِذْ كُنتُمُۥٓ أَعْدَآءٗ فَأَلَّفَ بَيْنَ قُلُوبِكُمْ فَأَصْبَحْتُم بِنِعْمَتِهِۦٓ إِخْوَٰناٗۖ وَكُنتُمْ عَلَىٰ شَفَا حُفْرَةٖ مِّنَ اَ۬لنّ۪ارِ فَأَنقَذَكُم مِّنْهَاۖ كَذَٰلِكَ يُبَيِّنُ اُ۬للَّهُ لَكُمُۥٓ ءَايَٰتِهِۦ لَعَلَّكُمْ تَهْتَدُونَۖ ﱦ
396,3,104,4,63,آل عِمران,Āl-‘Imrān,وَلْتَكُن مِّنكُمُۥٓ أُمَّةٞ يَدْعُونَ إِلَى اَ۬لْخَيْرِ وَيَامُرُونَ بِالْمَعْرُوفِ وَيَنْهَوْنَ عَنِ اِ۬لْمُنكَرِۖ وَأُوْلَٰٓئِكَ هُمُ اُ۬لْمُفْلِحُونَۖ ﱧ
397,3,105,4,63,آل عِمران,Āl-‘Imrān,وَلَا تَكُونُواْ كَالذِينَ تَفَرَّقُواْ وَاخْتَلَفُواْ مِنۢ بَعْدِ مَا جَآءَهُمُ اُ۬لْبَيِّنَٰتُۖ وَأُوْلَٰٓئِكَ لَهُمْ عَذَابٌ عَظِيمٞ ﱨ
398,3,106,4,63,آل عِمران,Āl-‘Imrān,يَوْمَ تَبْيَضُّ وُجُوهٞ وَتَسْوَدُّ وُجُوهٞۖ فَأَمَّا اَ۬لذِينَ اَ۪سْوَدَّتْ وُجُوهُهُمُۥٓ أَكَفَرْتُم بَعْدَ إِيمَٰنِكُمْ فَذُوقُواْ اُ۬لْعَذَابَ بِمَا كُنتُمْ تَكْفُرُونَۖ ﱩ
399,3,107,4,63,آل عِمران,Āl-‘Imrān,وَأَمَّا اَ۬لذِينَ اَ۪بْيَضَّتْ وُجُوهُهُمْ فَفِے رَحْمَةِ اِ۬للَّهِۖ هُمْ فِيهَا خَٰلِدُونَۖ ﱪ
400,3,108,4,63,آل عِمران,Āl-‘Imrān,تِلْكَ ءَايَٰتُ اُ۬للَّهِ نَتْلُوهَا عَلَيْكَ بِالْحَقِّۖ وَمَا اَ۬للَّهُ يُرِيدُ ظُلْماٗ لِّلْعَٰلَمِينَۖ ﱫ
401,3,109,4,64,آل عِمران,Āl-‘Imrān,وَلِلهِ مَا فِے اِ۬لسَّمَٰوَٰتِ وَمَا فِے اِ۬لَارْضِۖ وَإِلَى اَ۬للَّهِ تُرْجَعُ اُ۬لُامُورُۖ ﱬ
402,3,110,4,64,آل عِمران,Āl-‘Imrān,كُنتُمْ خَيْرَ أُمَّةٍ ا۟خْرِجَتْ لِلنَّاسِ تَامُرُونَ بِالْمَعْرُوفِ وَتَنْهَوْنَ عَنِ اِ۬لْمُنكَرِ وَتُومِنُونَ بِاللَّهِۖ وَلَوَ اٰمَنَ أَهْلُ اُ۬لْكِتَٰبِ لَكَانَ خَيْراٗ لَّهُمۖ مِّنْهُمُ اُ۬لْمُومِنُونَۖ وَأَكْثَرُهُمُ اُ۬لْفَٰسِقُونَۖ ﱭ
403,3,111,4,64,آل عِمران,Āl-‘Imrān,لَنْ يَّضُرُّوكُمُۥٓۖ إِلَّآ أَذىٗۖ وَإِنْ يُّقَٰتِلُوكُمْ يُوَلُّوكُمُ اُ۬لَادْبَٰرَۖ ثُمَّ لَا يُنصَرُونَۖ ﱮ
404,3,112,4,64,آل عِمران,Āl-‘Imrān,ضُرِبَتْ عَلَيْهِمُ اُ۬لذِّلَّةُ أَيْنَ مَا ثُقِفُوٓاْۖ إِلَّا بِحَبْلٖ مِّنَ اَ۬للَّهِ وَحَبْلٖ مِّنَ اَ۬لنَّاسِ وَبَآءُو بِغَضَبٖ مِّنَ اَ۬للَّهِۖ وَضُرِبَتْ عَلَيْهِمُ اُ۬لْمَسْكَنَةُۖ ذَٰلِكَ بِأَنَّهُمْ كَانُواْ يَكْفُرُونَ بِـَٔايَٰتِ اِ۬للَّهِ وَيَقْتُلُونَ اَ۬لَانۢبِئَآءَ بِغَيْرِ حَقّٖۖ ذَٰلِكَ بِمَا عَصَواْ وَّكَانُواْ يَعْتَدُونَۖ ﱯ
405,3,113,4,64,آل عِمران,Āl-‘Imrān,۞ لَيْسُواْ سَوَآءٗۖ مِّنَ اَهْلِ اِ۬لْكِتَٰبِ أُمَّةٞ قَآئِمَةٞ يَتْلُونَ ءَايَٰتِ اِ۬للَّهِ ءَانَآءَ اَ۬ليْلِ وَهُمْ يَسْجُدُونَۖ ﱰ
406,3,114,4,64,آل عِمران,Āl-‘Imrān,يُومِنُونَ بِاللَّهِ وَالْيَوْمِ اِ۬لَاخِرِ وَيَامُرُونَ بِالْمَعْرُوفِ وَيَنْهَوْنَ عَنِ اِ۬لْمُنكَرِ وَيُسَٰرِعُونَ فِے اِ۬لْخَيْرَٰتِۖ وَأُوْلَٰٓئِكَ مِنَ اَ۬لصَّٰلِحِينَۖ ﱱ
407,3,115,4,64,آل عِمران,Āl-‘Imrān,وَمَا تَفْعَلُواْ مِنْ خَيْرٖ فَلَن تُكْفَرُوهُۖ وَاللَّهُ عَلِيمُۢ بِالْمُتَّقِينَۖ ﱲ
408,3,116,4,65,آل عِمران,Āl-‘Imrān,إِنَّ اَ۬لذِينَ كَفَرُواْ لَن تُغْنِيَ عَنْهُمُۥٓ أَمْوَٰلُهُمْ وَلَآ أَوْلَٰدُهُم مِّنَ اَ۬للَّهِ شَئْاٗۖ وَأُوْلَٰٓئِكَ أَصْحَٰبُ اُ۬لنّ۪ارِ هُمْ فِيهَا خَٰلِدُونَۖ ﱳ
409,3,117,4,65,آل عِمران,Āl-‘Imrān,مَثَلُ مَا يُنفِقُونَ فِے هَٰذِهِ اِ۬لْحَيَوٰةِ اِ۬لدُّنْي۪ا كَمَثَلِ رِيحٖ فِيهَا صِرٌّ اَصَابَتْ حَرْثَ قَوْمٖ ظَلَمُوٓاْ أَنفُسَهُمْ فَأَهْلَكَتْهُۖ وَمَا ظَلَمَهُمُ اُ۬للَّهُۖ وَلَٰكِنَ اَنفُسَهُمْ يَظْلِمُونَۖ ﱴ
410,3,118,4,65,آل عِمران,Āl-‘Imrān,يَٰٓأَيُّهَا اَ۬لذِينَ ءَامَنُواْ لَا تَتَّخِذُواْ بِطَانَةٗ مِّن دُونِكُمْ لَا يَالُونَكُمْ خَبَالاٗ وَدُّواْ مَا عَنِتُّمْۖ قَدْ بَدَتِ اِ۬لْبَغْضَآءُ مِنَ اَفْوَٰهِهِمْ وَمَا تُخْفِے صُدُورُهُمُۥٓ أَكْبَرُۖ قَدْ بَيَّنَّا لَكُمُ اُ۬لَايَٰتِ إِن كُنتُمْ تَعْقِلُونَۖ ﱵ
411,3,119,4,65,آل عِمران,Āl-‘Imrān,هَآنتُمُۥٓ أُوْلَآءِ تُحِبُّونَهُمْ وَلَا يُحِبُّونَكُمْ وَتُومِنُونَ بِالْكِتَٰبِ كُلِّهِۦۖ وَإِذَا لَقُوكُمْ قَالُوٓاْ ءَامَنَّاۖ وَإِذَا خَلَوْاْ عَضُّواْ عَلَيْكُمُ اُ۬لَانَامِلَ مِنَ اَ۬لْغَيْظِۖ قُلْ مُوتُواْ بِغَيْظِكُمُۥٓۖ إِنَّ اَ۬للَّهَ عَلِيمُۢ بِذَاتِ اِ۬لصُّدُورِۖ ﱶ
412,3,120,4,65,آل عِمران,Āl-‘Imrān,إِن تَمْسَسْكُمْ حَسَنَةٞ تَسُؤْهُمْۖ وَإِن تُصِبْكُمْ سَيِّئَةٞ يَفْرَحُواْ بِهَاۖ وَإِن تَصْبِرُواْ وَتَتَّقُواْ لَا يَضِرْكُمْ كَيْدُهُمْ شَئْاًۖ اِنَّ اَ۬للَّهَ بِمَا يَعْمَلُونَ مُحِيطٞۖ ﱷ
413,3,121,4,65,آل عِمران,Āl-‘Imrān,۞ وَإِذْ غَدَوْتَ مِنَ اَهْلِكَ تُبَوِّۓُ اُ۬لْمُومِنِينَ مَقَٰعِدَ لِلْقِتَالِۖ وَاللَّهُ سَمِيعٌ عَلِيمٌۖ ﱸ
414,3,122,4,66,آل عِمران,Āl-‘Imrān,اِذْ هَمَّت طَّآئِفَتَٰنِ مِنكُمُۥٓ أَن تَفْشَلَا وَاللَّهُ وَلِيُّهُمَاۖ وَعَلَى اَ۬للَّهِ فَلْيَتَوَكَّلِ اِ۬لْمُومِنُونَۖ ﱹ
415,3,123,4,66,آل عِمران,Āl-‘Imrān,وَلَقَدْ نَصَرَكُمُ اُ۬للَّهُ بِبَدْرٖ وَأَنتُمُۥٓ أَذِلَّةٞۖ فَاتَّقُواْ اُ۬للَّهَ لَعَلَّكُمْ تَشْكُرُونَۖ ﱺ
416,3,124,4,66,آل عِمران,Āl-‘Imrān,إِذْ تَقُولُ لِلْمُومِنِينَ أَلَنْ يَّكْفِيَكُمُۥٓ أَنْ يُّمِدَّكُمْ رَبُّكُم بِثَلَٰثَةِ ءَالَٰفٖ مِّنَ اَ۬لْمَلَٰٓئِكَةِ مُنزَلِينَۖ ﱻ
417,3,125,4,66,آل عِمران,Āl-‘Imrān,بَل۪ىٰٓ إِن تَصْبِرُواْ وَتَتَّقُواْ وَيَاتُوكُم مِّن فَوْرِهِمْ هَٰذَا يُمْدِدْكُمْ رَبُّكُم بِخَمْسَةِ ءَالَٰفٖ مِّنَ اَ۬لْمَلَٰٓئِكَةِ مُسَوَّمِينَۖ ﱼ
418,3,126,4,66,آل عِمران,Āl-‘Imrān,وَمَا جَعَلَهُ اُ۬للَّهُ إِلَّا بُشْر۪ىٰ لَكُمْ وَلِتَطْمَئِنَّ قُلُوبُكُم بِهِۦۖ وَمَا اَ۬لنَّصْرُ إِلَّا مِنْ عِندِ اِ۬للَّهِ اِ۬لْعَزِيزِ اِ۬لْحَكِيمِ ﱽ
419,3,127,4,66,آل عِمران,Āl-‘Imrān,لِيَقْطَعَ طَرَفاٗ مِّنَ اَ۬لذِينَ كَفَرُوٓاْ أَوْ يَكْبِتَهُمْ فَيَنقَلِبُواْ خَآئِبِينَ ﱾ
420,3,128,4,66,آل عِمران,Āl-‘Imrān,لَيْسَ لَكَ مِنَ اَ۬لَامْرِ شَےْءٌ اَوْ يَتُوبَ عَلَيْهِمُۥٓ أَوْ يُعَذِّبَهُمْ فَإِنَّهُمْ ظَٰلِمُونَۖ ﱿ
421,3,129,4,66,آل عِمران,Āl-‘Imrān,وَلِلهِ مَا فِے اِ۬لسَّمَٰوَٰتِ وَمَا فِے اِ۬لَارْضِۖ يَغْفِرُ لِمَنْ يَّشَآءُ وَيُعَذِّبُ مَنْ يَّشَآءُۖ وَاللَّهُ غَفُورٞ رَّحِيمٞۖ ﲀ
422,3,130,4,66,آل عِمران,Āl-‘Imrān,يَٰٓأَيُّهَا اَ۬لذِينَ ءَامَنُواْ لَا تَاكُلُواْ اُ۬لرِّبَوٰٓاْ أَضْعَٰفاٗ مُّضَٰعَفَةٗۖ وَاتَّقُواْ اُ۬للَّهَ لَعَلَّكُمْ تُفْلِحُونَۖ ﲁ
423,3,131,4,66,آل عِمران,Āl-‘Imrān,وَاتَّقُواْ اُ۬لنَّارَ اَ۬لتِےٓ أُعِدَّتْ لِلْكٰ۪فِرِينَۖ ﲂ
424,3,132,4,66,آل عِمران,Āl-‘Imrān,وَأَطِيعُواْ اُ۬للَّهَ وَالرَّسُولَ لَعَلَّكُمْ تُرْحَمُونَۖ ﲃ
425,3,133,4,67,آل عِمران,Āl-‘Imrān,۞ سَارِعُوٓاْ إِلَىٰ مَغْفِرَةٖ مِّن رَّبِّكُمْ وَجَنَّةٍ عَرْضُهَا اَ۬لسَّمَٰوَٰتُ وَالَارْضُ أُعِدَّتْ لِلْمُتَّقِينَ ﲄ
426,3,134,4,67,آل عِمران,Āl-‘Imrān,اَ۬لذِينَ يُنفِقُونَ فِے اِ۬لسَّرَّآءِ وَالضَّرَّآءِ وَالْكَٰظِمِينَ اَ۬لْغَيْظَ وَالْعَافِينَ عَنِ اِ۬لنَّاسِۖ وَاللَّهُ يُحِبُّ اُ۬لْمُحْسِنِينَۖ ﲅ
427,3,135,4,67,آل عِمران,Āl-‘Imrān,وَالذِينَ إِذَا فَعَلُواْ فَٰحِشَةً اَوْ ظَلَمُوٓاْ أَنفُسَهُمْ ذَكَرُواْ اُ۬للَّهَ فَاسْتَغْفَرُواْ لِذُنُوبِهِمْۖ وَمَنْ يَّغْفِرُ اُ۬لذُّنُوبَ إِلَّا اَ۬للَّهُۖ وَلَمْ يُصِرُّواْ عَلَىٰ مَا فَعَلُواْ وَهُمْ يَعْلَمُونَۖ ﲆ
428,3,136,4,67,آل عِمران,Āl-‘Imrān,أُوْلَٰٓئِكَ جَزَآؤُهُم مَّغْفِرَةٞ مِّن رَّبِّهِمْ وَجَنَّٰتٞ تَجْرِے مِن تَحْتِهَا اَ۬لَانْهَٰرُ خَٰلِدِينَ فِيهَاۖ وَنِعْمَ أَجْرُ اُ۬لْعَٰمِلِينَۖ ﲇ
429,3,137,4,67,آل عِمران,Āl-‘Imrān,قَدْ خَلَتْ مِن قَبْلِكُمْ سُنَنٞۖ فَسِيرُواْ فِے اِ۬لَارْضِ فَانظُرُواْ كَيْفَ كَانَ عَٰقِبَةُ اُ۬لْمُكَذِّبِينَۖ ﲈ
430,3,138,4,67,آل عِمران,Āl-‘Imrān,هَٰذَا بَيَانٞ لِّلنَّاسِ وَهُدىٗ وَمَوْعِظَةٞ لِّلْمُتَّقِينَۖ ﲉ
431,3,139,4,67,آل عِمران,Āl-‘Imrān,وَلَا تَهِنُواْ وَلَا تَحْزَنُواْ وَأَنتُمُ اُ۬لَاعْلَوْنَ إِن كُنتُم مُّومِنِينَۖ ﲊ
432,3,140,4,67,آل عِمران,Āl-‘Imrān,إِنْ يَّمْسَسْكُمْ قَرْحٞ فَقَدْ مَسَّ اَ۬لْقَوْمَ قَرْحٞ مِّثْلُهُۥۖ وَتِلْكَ اَ۬لَايَّامُ نُدَاوِلُهَا بَيْنَ اَ۬لنَّاسِۖ وَلِيَعْلَمَ اَ۬للَّهُ اُ۬لذِينَ ءَامَنُواْ وَيَتَّخِذَ مِنكُمْ شُهَدَآءَۖ وَاللَّهُ لَا يُحِبُّ اُ۬لظَّٰلِمِينَۖ ﲋ
433,3,141,4,68,آل عِمران,Āl-‘Imrān,وَلِيُمَحِّصَ اَ۬للَّهُ اُ۬لذِينَ ءَامَنُواْ وَيَمْحَقَ اَ۬لْكٰ۪فِرِينَۖ ﲌ
434,3,142,4,68,آل عِمران,Āl-‘Imrān,أَمْ حَسِبْتُمُۥٓ أَن تَدْخُلُواْ اُ۬لْجَنَّةَ وَلَمَّا يَعْلَمِ اِ۬للَّهُ اُ۬لذِينَ جَٰهَدُواْ مِنكُمْ وَيَعْلَمَ اَ۬لصَّٰبِرِينَۖ ﲍ
435,3,143,4,68,آل عِمران,Āl-‘Imrān,وَلَقَدْ كُنتُمْ تَمَنَّوْنَ اَ۬لْمَوْتَ مِن قَبْلِ أَن تَلْقَوْهُ فَقَدْ رَأَيْتُمُوهُ وَأَنتُمْ تَنظُرُونَۖ ﲎ
436,3,144,4,68,آل عِمران,Āl-‘Imrān,۞ وَمَا مُحَمَّدٌ اِلَّا رَسُولٞ قَدْ خَلَتْ مِن قَبْلِهِ اِ۬لرُّسُلُۖ أَفَإِيْن مَّاتَ أَوْ قُتِلَ اَ۪نقَلَبْتُمْ عَلَىٰٓ أَعْقَٰبِكُمْۖ وَمَنْ يَّنقَلِبْ عَلَىٰ عَقِبَيْهِ فَلَنْ يَّضُرَّ اَ۬للَّهَ شَئْاٗۖ وَسَيَجْزِے اِ۬للَّهُ اُ۬لشَّٰكِرِينَۖ ﲏ
437,3,145,4,68,آل عِمران,Āl-‘Imrān,وَمَا كَانَ لِنَفْسٍ اَن تَمُوتَ إِلَّا بِإِذْنِ اِ۬للَّهِۖ كِتَٰباٗ مُّوَ۬جَّلاٗۖ وَمَنْ يُّرِدْ ثَوَابَ اَ۬لدُّنْي۪ا نُوتِهِۦ مِنْهَاۖ وَمَنْ يُّرِدْ ثَوَابَ اَ۬لَاخِرَةِ نُوتِهِۦ مِنْهَاۖ وَسَنَجْزِے اِ۬لشَّٰكِرِينَۖ ﲐ
438,3,146,4,68,آل عِمران,Āl-‘Imrān,وَكَأَيِّن مِّن نَّبِےٓءٖ قُتِلَۖ مَعَهُۥ رِبِّيُّونَ كَثِيرٞۖ فَمَا وَهَنُواْ لِمَآ أَصَابَهُمْ فِے سَبِيلِ اِ۬للَّهِ وَمَا ضَعُفُواْ وَمَا اَ۪سْتَكَانُواْۖ وَاللَّهُ يُحِبُّ اُ۬لصَّٰبِرِينَۖ ﲑ
439,3,147,4,68,آل عِمران,Āl-‘Imrān,وَمَا كَانَ قَوْلَهُمُۥٓ إِلَّآ أَن قَالُواْ رَبَّنَا اَ۪غْفِرْ لَنَا ذُنُوبَنَا وَإِسْرَافَنَا فِےٓ أَمْرِنَا وَثَبِّتَ اَقْدَامَنَا وَانصُرْنَا عَلَى اَ۬لْقَوْمِ اِ۬لْكٰ۪فِرِينَۖ ﲒ
440,3,148,4,68,آل عِمران,Āl-‘Imrān,فَـَٔات۪يٰهُمُ اُ۬للَّهُ ثَوَابَ اَ۬لدُّنْي۪ا وَحُسْنَ ثَوَابِ اِ۬لَاخِرَةِۖ وَاللَّهُ يُحِبُّ اُ۬لْمُحْسِنِينَۖ ﲓ
441,3,149,4,69,آل عِمران,Āl-‘Imrān,يَٰٓأَيُّهَا اَ۬لذِينَ ءَامَنُوٓاْ إِن تُطِيعُواْ اُ۬لذِينَ كَفَرُواْ يَرُدُّوكُمْ عَلَىٰٓ أَعْقَٰبِكُمْ فَتَنقَلِبُواْ خَٰسِرِينَۖ ﲔ
442,3,150,4,69,آل عِمران,Āl-‘Imrān,بَلِ اِ۬للَّهُ مَوْل۪يٰكُمْۖ وَهُوَ خَيْرُ اُ۬لنَّٰصِرِينَۖ ﲕ
443,3,151,4,69,آل عِمران,Āl-‘Imrān,سَنُلْقِے فِے قُلُوبِ اِ۬لذِينَ كَفَرُواْ اُ۬لرُّعْبَ بِمَآ أَشْرَكُواْ بِاللَّهِ مَا لَمْ يُنَزِّلْ بِهِۦ سُلْطَٰناٗۖ وَمَأْو۪يٰهُمُ اُ۬لنَّارُۖ وَبِيسَ مَثْوَى اَ۬لظَّٰلِمِينَۖ ﲖ
444,3,152,4,69,آل عِمران,Āl-‘Imrān,وَلَقَدْ صَدَقَكُمُ اُ۬للَّهُ وَعْدَهُۥٓ إِذْ تَحُسُّونَهُم بِإِذْنِهِۦۖ حَتَّىٰٓ إِذَا فَشِلْتُمْ وَتَنَٰزَعْتُمْ فِے اِ۬لَامْرِ وَعَصَيْتُم مِّنۢ بَعْدِ مَآ أَر۪يٰكُم مَّا تُحِبُّونَۖ مِنكُم مَّنْ يُّرِيدُ اُ۬لدُّنْي۪ا وَمِنكُم مَّنْ يُّرِيدُ اُ۬لَاخِرَةَۖ ثُمَّ صَرَفَكُمْ عَنْهُمْ لِيَبْتَلِيَكُمْۖ وَلَقَدْ عَفَا عَنكُمْۖ وَاللَّهُ ذُو فَضْلٍ عَلَى اَ۬لْمُومِنِينَۖ ﲗ
445,3,153,4,69,آل عِمران,Āl-‘Imrān,۞ إِذْ تُصْعِدُونَ وَلَا تَلْوُۥنَ عَلَىٰٓ أَحَدٖ وَالرَّسُولُ يَدْعُوكُمْ فِےٓ أُخْر۪يٰكُمْ فَأَثَٰبَكُمْ غَمّاَۢ بِغَمّٖ لِّكَيْلَا تَحْزَنُواْ عَلَىٰ مَا فَاتَكُمْ وَلَا مَآ أَصَٰبَكُمْۖ وَاللَّهُ خَبِيرُۢ بِمَا تَعْمَلُونَۖ ﲘ
446,3,154,4,70,آل عِمران,Āl-‘Imrān,ثُمَّ أَنزَلَ عَلَيْكُم مِّنۢ بَعْدِ اِ۬لْغَمِّ أَمَنَةٗ نُّعَاساٗ يَغْش۪ىٰ طَآئِفَةٗ مِّنكُمْۖ وَطَآئِفَةٞ قَدَ اَهَمَّتْهُمُۥٓ أَنفُسُهُمْ يَظُنُّونَ بِاللَّهِ غَيْرَ اَ۬لْحَقِّ ظَنَّ اَ۬لْجَٰهِلِيَّةِۖ يَقُولُونَ هَل لَّنَا مِنَ اَ۬لَامْرِ مِن شَےْءٖۖ قُلِ اِنَّ اَ۬لَامْرَ كُلَّهُۥ لِلهِۖ يُخْفُونَ فِےٓ أَنفُسِهِم مَّا لَا يُبْدُونَ لَكَۖ يَقُولُونَ لَوْ كَانَ لَنَا مِنَ اَ۬لَامْرِ شَےْءٞ مَّا قُتِلْنَا هَٰهُنَاۖ قُل لَّوْ كُنتُمْ فِے بُيُوتِكُمْ لَبَرَزَ اَ۬لذِينَ كُتِبَ عَلَيْهِمُ اُ۬لْقَتْلُ إِلَىٰ مَضَاجِعِهِمْ وَلِيَبْتَلِيَ اَ۬للَّهُ مَا فِے صُدُورِكُمْ وَلِيُمَحِّصَ مَا فِے قُلُوبِكُمْۖ وَاللَّهُ عَلِيمُۢ بِذَاتِ اِ۬لصُّدُورِۖ ﲙ
447,3,155,4,70,آل عِمران,Āl-‘Imrān,إِنَّ اَ۬لذِينَ تَوَلَّوْاْ مِنكُمْ يَوْمَ اَ۪لْتَقَى اَ۬لْجَمْعَٰنِ إِنَّمَا اَ۪سْتَزَلَّهُمُ اُ۬لشَّيْطَٰنُ بِبَعْضِ مَا كَسَبُواْۖ وَلَقَدْ عَفَا اَ۬للَّهُ عَنْهُمُۥٓۖ إِنَّ اَ۬للَّهَ غَفُورٌ حَلِيمٞۖ ﲚ
448,3,156,4,70,آل عِمران,Āl-‘Imrān,يَٰٓأَيُّهَا اَ۬لذِينَ ءَامَنُواْ لَا تَكُونُواْ كَالذِينَ كَفَرُواْ وَقَالُواْ لِإِخْوَٰنِهِمُۥٓ إِذَا ضَرَبُواْ فِے اِ۬لَارْضِ أَوْ كَانُواْ غُزّىٗ لَّوْ كَانُواْ عِندَنَا مَا مَاتُواْ وَمَا قُتِلُواْ لِيَجْعَلَ اَ۬للَّهُ ذَٰلِكَ حَسْرَةٗ فِے قُلُوبِهِمْۖ وَاللَّهُ يُحْيِۦ وَيُمِيتُۖ وَاللَّهُ بِمَا تَعْمَلُونَ بَصِيرٞۖ ﲛ
449,3,157,4,70,آل عِمران,Āl-‘Imrān,وَلَئِن قُتِلْتُمْ فِے سَبِيلِ اِ۬للَّهِ أَوْ مِتُّمْ لَمَغْفِرَةٞ مِّنَ اَ۬للَّهِ وَرَحْمَةٌ خَيْرٞ مِّمَّا تَجْمَعُونَۖ ﲜ
450,3,158,4,71,آل عِمران,Āl-‘Imrān,وَلَئِن مِّتُّمُۥٓ أَوْ قُتِلْتُمْ لَإِلَى اَ۬للَّهِ تُحْشَرُونَۖ ﲝ
451,3,159,4,71,آل عِمران,Āl-‘Imrān,فَبِمَا رَحْمَةٖ مِّنَ اَ۬للَّهِ لِنتَ لَهُمْۖ وَلَوْ كُنتَ فَظّاً غَلِيظَ اَ۬لْقَلْبِ لَانفَضُّواْ مِنْ حَوْلِكَۖ فَاعْفُ عَنْهُمْ وَاسْتَغْفِرْ لَهُمْ وَشَاوِرْهُمْ فِے اِ۬لَامْرِۖ فَإِذَا عَزَمْتَ فَتَوَكَّلْ عَلَى اَ۬للَّهِۖ إِنَّ اَ۬للَّهَ يُحِبُّ اُ۬لْمُتَوَكِّلِينَۖ ﲞ
452,3,160,4,71,آل عِمران,Āl-‘Imrān,۞ إِنْ يَّنصُرْكُمُ اُ۬للَّهُ فَلَا غَالِبَ لَكُمْۖ وَإِنْ يَّخْذُلْكُمْ فَمَن ذَا اَ۬لذِے يَنصُرُكُم مِّنۢ بَعْدِهِۦۖ وَعَلَى اَ۬للَّهِ فَلْيَتَوَكَّلِ اِ۬لْمُومِنُونَۖ ﲟ
453,3,161,4,71,آل عِمران,Āl-‘Imrān,وَمَا كَانَ لِنَبِےٓءٍ اَنْ يُّغَلَّۖ وَمَنْ يَّغْلُلْ يَاتِ بِمَا غَلَّ يَوْمَ اَ۬لْقِيَٰمَةِۖ ثُمَّ تُوَفّ۪ىٰ كُلُّ نَفْسٖ مَّا كَسَبَتْ وَهُمْ لَا يُظْلَمُونَۖ ﲠ
454,3,162,4,71,آل عِمران,Āl-‘Imrān,أَفَمَنِ اِ۪تَّبَعَ رِضْوَٰنَ اَ۬للَّهِ كَمَنۢ بَآءَ بِسَخَطٖ مِّنَ اَ۬للَّهِ وَمَأْو۪يٰهُ جَهَنَّمُۖ وَبِيسَ اَ۬لْمَصِيرُۖ ﲡ
455,3,163,4,71,آل عِمران,Āl-‘Imrān,هُمْ دَرَجَٰتٌ عِندَ اَ۬للَّهِۖ وَاللَّهُ بَصِيرُۢ بِمَا يَعْمَلُونَۖ ﲢ
456,3,164,4,71,آل عِمران,Āl-‘Imrān,لَقَدْ مَنَّ اَ۬للَّهُ عَلَى اَ۬لْمُومِنِينَ إِذْ بَعَثَ فِيهِمْ رَسُولاٗ مِّنَ اَنفُسِهِمْ يَتْلُواْ عَلَيْهِمُۥٓ ءَايَٰتِهِۦ وَيُزَكِّيهِمْ وَيُعَلِّمُهُمُ اُ۬لْكِتَٰبَ وَالْحِكْمَةَ وَإِن كَانُواْ مِن قَبْلُ لَفِے ضَلَٰلٖ مُّبِينٍۖ ﲣ
457,3,165,4,71,آل عِمران,Āl-‘Imrān,اَوَلَمَّآ أَصَٰبَتْكُم مُّصِيبَةٞ قَدَ اَصَبْتُم مِّثْلَيْهَا قُلْتُمُۥٓ أَنّ۪ىٰ هَٰذَاۖ قُلْ هُوَ مِنْ عِندِ أَنفُسِكُمُۥٓۖ إِنَّ اَ۬للَّهَ عَلَىٰ كُلِّ شَےْءٖ قَدِيرٞۖ ﲤ
458,3,166,4,72,آل عِمران,Āl-‘Imrān,وَمَآ أَصَٰبَكُمْ يَوْمَ اَ۪لْتَقَى اَ۬لْجَمْعَٰنِ فَبِإِذْنِ اِ۬للَّهِ وَلِيَعْلَمَ اَ۬لْمُومِنِينَ ﲥ
459,3,167,4,72,آل عِمران,Āl-‘Imrān,وَلِيَعْلَمَ اَ۬لذِينَ نَافَقُواْۖ وَقِيلَ لَهُمْ تَعَالَوْاْ قَٰتِلُواْ فِے سَبِيلِ اِ۬للَّهِ أَوِ اِ۪دْفَعُواْۖ قَالُواْ لَوْ نَعْلَمُ قِتَالاٗ لَّاتَّبَعْنَٰكُمْۖ هُمْ لِلْكُفْرِ يَوْمَئِذٍ اَقْرَبُ مِنْهُمْ لِلِايمَٰنِۖ يَقُولُونَ بِأَفْوَٰهِهِم مَّا لَيْسَ فِے قُلُوبِهِمْۖ وَاللَّهُ أَعْلَمُ بِمَا يَكْتُمُونَۖ ﲦ
460,3,168,4,72,آل عِمران,Āl-‘Imrān,اَ۬لذِينَ قَالُواْ لِإِخْوَٰنِهِمْ وَقَعَدُواْ لَوَ اَطَاعُونَا مَا قُتِلُواْۖ قُلْ فَادْرَءُواْ عَنَ اَنفُسِكُمُ اُ۬لْمَوْتَ إِن كُنتُمْ صَٰدِقِينَۖ ﲧ
461,3,169,4,72,آل عِمران,Āl-‘Imrān,وَلَا تَحْسِبَنَّ اَ۬لذِينَ قُتِلُواْ فِے سَبِيلِ اِ۬للَّهِ أَمْوَٰتاَۢۖ بَلَ اَحْيَآءٌۖ عِندَ رَبِّهِمْ يُرْزَقُونَ ﲨ
462,3,170,4,72,آل عِمران,Āl-‘Imrān,فَرِحِينَ بِمَآ ءَات۪يٰهُمُ اُ۬للَّهُ مِن فَضْلِهِۦ وَيَسْتَبْشِرُونَ بِالذِينَ لَمْ يَلْحَقُواْ بِهِم مِّنْ خَلْفِهِمُۥٓ أَلَّا خَوْفٌ عَلَيْهِمْ وَلَا هُمْ يَحْزَنُونَۖ ﲩ
463,3,171,4,72,آل عِمران,Āl-‘Imrān,۞ يَسْتَبْشِرُونَ بِنِعْمَةٖ مِّنَ اَ۬للَّهِ وَفَضْلٖ وَأَنَّ اَ۬للَّهَ لَا يُضِيعُ أَجْرَ اَ۬لْمُومِنِينَ ﲪ
464,3,172,4,72,آل عِمران,Āl-‘Imrān,اَ۬لذِينَ اَ۪سْتَجَابُواْ لِلهِ وَالرَّسُولِ مِنۢ بَعْدِ مَآ أَصَابَهُمُ اُ۬لْقَرْحُۖ لِلذِينَ أَحْسَنُواْ مِنْهُمْ وَاتَّقَوَاْ اَجْرٌ عَظِيمٌۖ ﲫ
465,3,173,4,72,آل عِمران,Āl-‘Imrān,اِ۬لذِينَ قَالَ لَهُمُ اُ۬لنَّاسُ إِنَّ اَ۬لنَّاسَ قَدْ جَمَعُواْ لَكُمْ فَاخْشَوْهُمْ فَزَادَهُمُۥٓ إِيمَٰناٗۖ وَقَالُواْ حَسْبُنَا اَ۬للَّهُ وَنِعْمَ اَ۬لْوَكِيلُۖ ﲬ
466,3,174,4,73,آل عِمران,Āl-‘Imrān,فَانقَلَبُواْ بِنِعْمَةٖ مِّنَ اَ۬للَّهِ وَفَضْلٖ لَّمْ يَمْسَسْهُمْ سُوٓءٞ وَاتَّبَعُواْ رِضْوَٰنَ اَ۬للَّهِۖ وَاللَّهُ ذُو فَضْلٍ عَظِيمٍۖ ﲭ
467,3,175,4,73,آل عِمران,Āl-‘Imrān,اِنَّمَا ذَٰلِكُمُ اُ۬لشَّيْطَٰنُ يُخَوِّفُ أَوْلِيَآءَهُۥ فَلَا تَخَافُوهُمْۖ وَخَافُونِ إِن كُنتُم مُّومِنِينَۖ ﲮ
468,3,176,4,73,آل عِمران,Āl-‘Imrān,وَلَا يُحْزِنكَ اَ۬لذِينَ يُسَٰرِعُونَ فِے اِ۬لْكُفْرِۖ إِنَّهُمْ لَنْ يَّضُرُّواْ اُ۬للَّهَ شَئْاٗۖ يُرِيدُ اُ۬للَّهُ أَلَّا يَجْعَلَ لَهُمْ حَظّاٗ فِے اِ۬لَاخِرَةِۖ وَلَهُمْ عَذَابٌ عَظِيمٌۖ ﲯ
469,3,177,4,73,آل عِمران,Āl-‘Imrān,اِنَّ اَ۬لذِينَ اَ۪شْتَرَوُاْ اُ۬لْكُفْرَ بِالِايمَٰنِ لَنْ يَّضُرُّواْ اُ۬للَّهَ شَئْاٗۖ وَلَهُمْ عَذَابٌ اَلِيمٞۖ ﲰ
470,3,178,4,73,آل عِمران,Āl-‘Imrān,وَلَا يَحْسِبَنَّ اَ۬لذِينَ كَفَرُوٓاْ أَنَّمَا نُمْلِے لَهُمْ خَيْرٞ لِّأَنفُسِهِمُۥٓۖ إِنَّمَا نُمْلِے لَهُمْ لِيَزْدَادُوٓاْ إِثْماٗۖ وَلَهُمْ عَذَابٞ مُّهِينٞۖ ﲱ
471,3,179,4,73,آل عِمران,Āl-‘Imrān,مَّا كَانَ اَ۬للَّهُ لِيَذَرَ اَ۬لْمُومِنِينَ عَلَىٰ مَآ أَنتُمْ عَلَيْهِ حَتَّىٰ يَمِيزَ اَ۬لْخَبِيثَ مِنَ اَ۬لطَّيِّبِۖ وَمَا كَانَ اَ۬للَّهُ لِيُطْلِعَكُمْ عَلَى اَ۬لْغَيْبِۖ وَلَٰكِنَّ اَ۬للَّهَ يَجْتَبِے مِن رُّسُلِهِۦ مَنْ يَّشَآءُۖ فَـَٔامِنُواْ بِاللَّهِ وَرُسُلِهِۦۖ وَإِن تُومِنُواْ وَتَتَّقُواْ فَلَكُمُۥٓ أَجْرٌ عَظِيمٞۖ ﲲ
472,3,180,4,73,آل عِمران,Āl-‘Imrān,وَلَا يَحْسِبَنَّ اَ۬لذِينَ يَبْخَلُونَ بِمَآ ءَات۪يٰهُمُ اُ۬للَّهُ مِن فَضْلِهِۦ هُوَ خَيْراٗ لَّهُمۖ بَلْ هُوَ شَرّٞ لَّهُمْۖ سَيُطَوَّقُونَ مَا بَخِلُواْ بِهِۦ يَوْمَ اَ۬لْقِيَٰمَةِۖ وَلِلهِ مِيرَٰثُ اُ۬لسَّمَٰوَٰتِ وَالَارْضِۖ وَاللَّهُ بِمَا تَعْمَلُونَ خَبِيرٞۖ ﲳ
473,3,181,4,74,آل عِمران,Āl-‘Imrān,۞ لَّقَدْ سَمِعَ اَ۬للَّهُ قَوْلَ اَ۬لذِينَ قَالُوٓاْ إِنَّ اَ۬للَّهَ فَقِيرٞ وَنَحْنُ أَغْنِيَآءُۖ سَنَكْتُبُ مَا قَالُواْ وَقَتْلَهُمُ اُ۬لَانۢبِئَآءَ بِغَيْرِ حَقّٖ وَنَقُولُ ذُوقُواْ عَذَابَ اَ۬لْحَرِيقِۖ ﲴ
474,3,182,4,74,آل عِمران,Āl-‘Imrān,ذَٰلِكَ بِمَا قَدَّمَتَ اَيْدِيكُمْ وَأَنَّ اَ۬للَّهَ لَيْسَ بِظَلَّٰمٖ لِّلْعَبِيدِۖ ﲵ
475,3,183,4,74,آل عِمران,Āl-‘Imrān,اِ۬لذِينَ قَالُوٓاْ إِنَّ اَ۬للَّهَ عَهِدَ إِلَيْنَآ أَلَّا نُومِنَ لِرَسُولٍ حَتَّىٰ يَاتِيَنَا بِقُرْبَانٖ تَاكُلُهُ اُ۬لنَّارُۖ قُلْ قَدْ جَآءَكُمْ رُسُلٞ مِّن قَبْلِے بِالْبَيِّنَٰتِ وَبِالذِے قُلْتُمْ فَلِمَ قَتَلْتُمُوهُمُۥٓ إِن كُنتُمْ صَٰدِقِينَۖ ﲶ
476,3,184,4,74,آل عِمران,Āl-‘Imrān,فَإِن كَذَّبُوكَ فَقَدْ كُذِّبَ رُسُلٞ مِّن قَبْلِكَ جَآءُو بِالْبَيِّنَٰتِ وَالزُّبُرِ وَالْكِتَٰبِ اِ۬لْمُنِيرِۖ ﲷ
477,3,185,4,74,آل عِمران,Āl-‘Imrān,كُلُّ نَفْسٖ ذَآئِقَةُ اُ۬لْمَوْتِۖ وَإِنَّمَا تُوَفَّوْنَ أُجُورَكُمْ يَوْمَ اَ۬لْقِيَٰمَةِۖ فَمَن زُحْزِحَ عَنِ اِ۬لنّ۪ارِ وَأُدْخِلَ اَ۬لْجَنَّةَ فَقَدْ فَازَۖ وَمَا اَ۬لْحَيَوٰةُ اُ۬لدُّنْي۪آ إِلَّا مَتَٰعُ اُ۬لْغُرُورِۖ ﲸ
478,3,186,4,74,آل عِمران,Āl-‘Imrān,۞ لَتُبْلَوُنَّ فِےٓ أَمْوَٰلِكُمْ وَأَنفُسِكُمْ وَلَتَسْمَعُنَّ مِنَ اَ۬لذِينَ أُوتُواْ اُ۬لْكِتَٰبَ مِن قَبْلِكُمْ وَمِنَ اَ۬لذِينَ أَشْرَكُوٓاْ أَذىٗ كَثِيراٗۖ وَإِن تَصْبِرُواْ وَتَتَّقُواْ فَإِنَّ ذَٰلِكَ مِنْ عَزْمِ اِ۬لُامُورِۖ ﲹ
479,3,187,4,75,آل عِمران,Āl-‘Imrān,وَإِذَ اَخَذَ اَ۬للَّهُ مِيثَٰقَ اَ۬لذِينَ أُوتُواْ اُ۬لْكِتَٰبَ لَتُبَيِّنُنَّهُۥ لِلنَّاسِ وَلَا تَكْتُمُونَهُۥ فَنَبَذُوهُ وَرَآءَ ظُهُورِهِمْ وَاشْتَرَوْاْ بِهِۦ ثَمَناٗ قَلِيلاٗۖ فَبِيسَ مَا يَشْتَرُونَۖ ﲺ
480,3,188,4,75,آل عِمران,Āl-‘Imrān,لَا يَحْسِبَنَّ اَ۬لذِينَ يَفْرَحُونَ بِمَآ أَتَواْ وَّيُحِبُّونَ أَنْ يُّحْمَدُواْ بِمَا لَمْ يَفْعَلُواْ فَلَا تَحْسِبَنَّهُم بِمَفَازَةٖ مِّنَ اَ۬لْعَذَابِۖ وَلَهُمْ عَذَابٌ اَلِيمٞۖ ﲻ
481,3,189,4,75,آل عِمران,Āl-‘Imrān,وَلِلهِ مُلْكُ اُ۬لسَّمَٰوَٰتِ وَالَارْضِۖ وَاللَّهُ عَلَىٰ كُلِّ شَےْءٖ قَدِيرٌۖ ﲼ
482,3,190,4,75,آل عِمران,Āl-‘Imrān,اِنَّ فِے خَلْقِ اِ۬لسَّمَٰوَٰتِ وَالَارْضِ وَاخْتِلَٰفِ اِ۬ليْلِ وَالنَّه۪ارِ لَأٓيَٰتٖ لِّأُوْلِے اِ۬لَالْبَٰبِ ﲽ
483,3,191,4,75,آل عِمران,Āl-‘Imrān,اِ۬لذِينَ يَذْكُرُونَ اَ۬للَّهَ قِيَٰماٗ وَقُعُوداٗ وَعَلَىٰ جُنُوبِهِمْ وَيَتَفَكَّرُونَ فِے خَلْقِ اِ۬لسَّمَٰوَٰتِ وَالَارْضِۖ رَبَّنَا مَا خَلَقْتَ هَٰذَا بَٰطِلاٗ سُبْحَٰنَكَۖ فَقِنَا عَذَابَ اَ۬لنّ۪ارِۖ ﲾ
484,3,192,4,75,آل عِمران,Āl-‘Imrān,رَبَّنَآ إِنَّكَ مَن تُدْخِلِ اِ۬لنَّارَ فَقَدَ اَخْزَيْتَهُۥۖ وَمَا لِلظَّٰلِمِينَ مِنَ اَنص۪ارٖۖ ﲿ
485,3,193,4,75,آل عِمران,Āl-‘Imrān,رَّبَّنَآ إِنَّنَا سَمِعْنَا مُنَادِياٗ يُنَادِے لِلِايمَٰنِ أَنَ اٰمِنُواْ بِرَبِّكُمْ فَـَٔامَنَّاۖ رَبَّنَا فَاغْفِرْ لَنَا ذُنُوبَنَا وَكَفِّرْ عَنَّا سَيِّـَٔاتِنَا وَتَوَفَّنَا مَعَ اَ۬لَابْر۪ارِۖ ﳀ
486,3,194,4,75,آل عِمران,Āl-‘Imrān,رَبَّنَا وَءَاتِنَا مَا وَعَدتَّنَا عَلَىٰ رُسُلِكَ وَلَا تُخْزِنَا يَوْمَ اَ۬لْقِيَٰمَةِۖ إِنَّكَ لَا تُخْلِفُ اُ۬لْمِيعَادَۖ ﳁ
487,3,195,4,76,آل عِمران,Āl-‘Imrān,فَاسْتَجَابَ لَهُمْ رَبُّهُمُۥٓ أَنِّے لَآ أُضِيعُ عَمَلَ عَٰمِلٖ مِّنكُم مِّن ذَكَرٍ اَوُ ا۟نث۪ىٰۖ بَعْضُكُم مِّنۢ بَعْضٖۖ فَالذِينَ هَاجَرُواْ وَأُخْرِجُواْ مِن دِيٰ۪رِهِمْ وَأُوذُواْ فِے سَبِيلِے وَقَٰتَلُواْ وَقُتِلُواْ لَأُكَفِّرَنَّ عَنْهُمْ سَيِّـَٔاتِهِمْ وَلَأُدْخِلَنَّهُمْ جَنَّٰتٖ تَجْرِے مِن تَحْتِهَا اَ۬لَانْهَٰرُ ثَوَاباٗ مِّنْ عِندِ اِ۬للَّهِۖ وَاللَّهُ عِندَهُۥ حُسْنُ اُ۬لثَّوَابِۖ ﳂ
488,3,196,4,76,آل عِمران,Āl-‘Imrān,۞ لَا يَغُرَّنَّكَ تَقَلُّبُ اُ۬لذِينَ كَفَرُواْ فِے اِ۬لْبِلَٰدِۖ ﳃ
489,3,197,4,76,آل عِمران,Āl-‘Imrān,مَتَٰعٞ قَلِيلٞۖ ثُمَّ مَأْو۪يٰهُمْ جَهَنَّمُۖ وَبِيسَ اَ۬لْمِهَادُۖ ﳄ
490,3,198,4,76,آل عِمران,Āl-‘Imrān,لَٰكِنِ اِ۬لذِينَ اَ۪تَّقَوْاْ رَبَّهُمْ لَهُمْ جَنَّٰتٞ تَجْرِے مِن تَحْتِهَا اَ۬لَانْهَٰرُ خَٰلِدِينَ فِيهَا نُزُلاٗ مِّنْ عِندِ اِ۬للَّهِۖ وَمَا عِندَ اَ۬للَّهِ خَيْرٞ لِّلَابْر۪ارِۖ ﳅ
491,3,199,4,76,آل عِمران,Āl-‘Imrān,وَإِنَّ مِنَ اَهْلِ اِ۬لْكِتَٰبِ لَمَنْ يُّومِنُ بِاللَّهِ وَمَآ أُنزِلَ إِلَيْكُمْ وَمَآ أُنزِلَ إِلَيْهِمْ خَٰشِعِينَ لِلهِۖ لَا يَشْتَرُونَ بِـَٔايَٰتِ اِ۬للَّهِ ثَمَناٗ قَلِيلاًۖ ا۟وْلَٰٓئِكَ لَهُمُۥٓ أَجْرُهُمْ عِندَ رَبِّهِمُۥٓۖ إِنَّ اَ۬للَّهَ سَرِيعُ اُ۬لْحِسَابِۖ ﳆ
492,3,200,4,76,آل عِمران,Āl-‘Imrān,يَٰٓأَيُّهَا اَ۬لذِينَ ءَامَنُواْ اُ۪صْبِرُواْ وَصَابِرُواْ وَرَابِطُواْ وَاتَّقُواْ اُ۬للَّهَ لَعَلَّكُمْ تُفْلِحُونَۖ ﳇ
493,4,1,4,77,النِّسَاء,An-Nisā’,يَٰٓأَيُّهَا اَ۬لنَّاسُ اُ۪تَّقُواْ رَبَّكُمُ اُ۬لذِے خَلَقَكُم مِّن نَّفْسٖ وَٰحِدَةٖ وَخَلَقَ مِنْهَا زَوْجَهَا وَبَثَّ مِنْهُمَا رِجَالاٗ كَثِيراٗ وَنِسَآءٗۖ وَاتَّقُواْ اُ۬للَّهَ اَ۬لذِے تَسَّآءَلُونَ بِهِۦ وَالَارْحَامَۖ إِنَّ اَ۬للَّهَ كَانَ عَلَيْكُمْ رَقِيباٗۖ ﰀ
494,4,2,4,77,النِّسَاء,An-Nisā’,وَءَاتُواْ اُ۬لْيَتَٰم۪ىٰٓ أَمْوَٰلَهُمْۖ وَلَا تَتَبَدَّلُواْ اُ۬لْخَبِيثَ بِالطَّيِّبِۖ وَلَا تَاكُلُوٓاْ أَمْوَٰلَهُمُۥٓ إِلَىٰٓ أَمْوَٰلِكُمُۥٓۖ إِنَّهُۥ كَانَ حُوباٗ كَبِيراٗۖ ﰁ
495,4,3,4,77,النِّسَاء,An-Nisā’,وَإِنْ خِفْتُمُۥٓ أَلَّا تُقْسِطُواْ فِے اِ۬لْيَتَٰم۪ىٰ فَانكِحُواْ مَا طَابَ لَكُم مِّنَ اَ۬لنِّسَآءِ مَثْن۪ىٰ وَثُلَٰثَ وَرُبَٰعَۖ فَإِنْ خِفْتُمُۥٓ أَلَّا تَعْدِلُواْ فَوَٰحِدَةً اَوْ مَا مَلَكَتَ اَيْمَٰنُكُمْۖ ذَٰلِكَ أَدْن۪ىٰٓ أَلَّا تَعُولُواْۖ ﰂ
496,4,4,4,77,النِّسَاء,An-Nisā’,وَءَاتُواْ اُ۬لنِّسَآءَ صَدُقَٰتِهِنَّ نِحْلَةٗۖ فَإِن طِبْنَ لَكُمْ عَن شَےْءٖ مِّنْهُ نَفْساٗ فَكُلُوهُۖ هَنِيٓـٔاٗ مَّرِيٓـٔاٗۖ ﰃ
497,4,5,4,77,النِّسَاء,An-Nisā’,وَلَا تُوتُواْ اُ۬لسُّفَهَآءَ امْوَٰلَكُمُ اُ۬لتِے جَعَلَ اَ۬للَّهُ لَكُمْ قِيَماٗۖ وَارْزُقُوهُمْ فِيهَا وَاكْسُوهُمْ وَقُولُواْ لَهُمْ قَوْلاٗ مَّعْرُوفاٗۖ ﰄ
498,4,6,4,77,النِّسَاء,An-Nisā’,۞ وَابْتَلُواْ اُ۬لْيَتَٰم۪ىٰ حَتَّىٰٓ إِذَا بَلَغُواْ اُ۬لنِّكَاحَ فَإِنَ اٰنَسْتُم مِّنْهُمْ رُشْداٗ فَادْفَعُوٓاْ إِلَيْهِمُۥٓ أَمْوَٰلَهُمْ وَلَا تَاكُلُوهَآ إِسْرَافاٗ وَبِدَاراً اَنْ يَّكْبَرُواْۖ وَمَن كَانَ غَنِيّاٗ فَلْيَسْتَعْفِفْۖ وَمَن كَانَ فَقِيراٗ فَلْيَاكُلْ بِالْمَعْرُوفِۖ فَإِذَا دَفَعْتُمُۥٓ إِلَيْهِمُۥٓ أَمْوَٰلَهُمْ فَأَشْهِدُواْ عَلَيْهِمْۖ وَكَف۪ىٰ بِاللَّهِ حَسِيباٗۖ ﰅ
499,4,7,4,78,النِّسَاء,An-Nisā’,لِّلرِّجَالِ نَصِيبٞ مِّمَّا تَرَكَ اَ۬لْوَٰلِدَٰنِ وَالَاقْرَبُونَ وَلِلنِّسَآءِ نَصِيبٞ مِّمَّا تَرَكَ اَ۬لْوَٰلِدَٰنِ وَالَاقْرَبُونَ مِمَّا قَلَّ مِنْهُ أَوْ كَثُرَۖ نَصِيباٗ مَّفْرُوضاٗۖ ﰆ
500,4,8,4,78,النِّسَاء,An-Nisā’,وَإِذَا حَضَرَ اَ۬لْقِسْمَةَ أُوْلُواْ اُ۬لْقُرْب۪ىٰ وَالْيَتَٰم۪ىٰ وَالْمَسَٰكِينُ فَارْزُقُوهُم مِّنْهُۖ وَقُولُواْ لَهُمْ قَوْلاٗ مَّعْرُوفاٗۖ ﰇ
501,4,9,4,78,النِّسَاء,An-Nisā’,وَلْيَخْشَ اَ۬لذِينَ لَوْ تَرَكُواْ مِنْ خَلْفِهِمْ ذُرِّيَّةٗ ضِعَٰفاً خَافُواْ عَلَيْهِمْۖ فَلْيَتَّقُواْ اُ۬للَّهَ وَلْيَقُولُواْ قَوْلاٗ سَدِيداًۖ ﰈ
502,4,10,4,78,النِّسَاء,An-Nisā’,اِنَّ اَ۬لذِينَ يَاكُلُونَ أَمْوَٰلَ اَ۬لْيَتَٰم۪ىٰ ظُلْماً اِنَّمَا يَاكُلُونَ فِے بُطُونِهِمْ نَاراٗۖ وَسَيَصْلَوْنَ سَعِيراٗۖ ﰉ
503,4,11,4,78,النِّسَاء,An-Nisā’,۞ يُوصِيكُمُ اُ۬للَّهُ فِےٓ أَوْلَٰدِكُمْۖ لِلذَّكَرِ مِثْلُ حَظِّ اِ۬لُانثَيَيْنِۖ فَإِن كُنَّ نِسَآءٗ فَوْقَ اَ۪ثْنَتَيْنِ فَلَهُنَّ ثُلُثَا مَا تَرَكَۖ وَإِن كَانَتْ وَٰحِدَةٞ فَلَهَا اَ۬لنِّصْفُۖ وَلِأَبَوَيْهِ لِكُلِّ وَٰحِدٖ مِّنْهُمَا اَ۬لسُّدُسُ مِمَّا تَرَكَ إِن كَانَ لَهُۥ وَلَدٞۖ فَإِن لَّمْ يَكُن لَّهُۥ وَلَدٞ وَوَرِثَهُۥٓ أَبَوَٰهُ فَلِأُمِّهِ اِ۬لثُّلُثُۖ فَإِن كَانَ لَهُۥٓ إِخْوَةٞ فَلِأُمِّهِ اِ۬لسُّدُسُۖ مِنۢ بَعْدِ وَصِيَّةٖ يُوصِے بِهَآ أَوْ دَيْنٍۖ اٰبَآؤُكُمْ وَأَبْنَآؤُكُمْ لَا تَدْرُونَ أَيُّهُمُۥٓ أَقْرَبُ لَكُمْ نَفْعاٗۖ فَرِيضَةٗ مِّنَ اَ۬للَّهِۖ إِنَّ اَ۬للَّهَ كَانَ عَلِيماً حَكِيماٗۖ ﰊ
504,4,12,4,79,النِّسَاء,An-Nisā’,وَلَكُمْ نِصْفُ مَا تَرَكَ أَزْوَٰجُكُمُۥٓ إِن لَّمْ يَكُن لَّهُنَّ وَلَدٞۖ فَإِن كَانَ لَهُنَّ وَلَدٞ فَلَكُمُ اُ۬لرُّبُعُ مِمَّا تَرَكْنَ مِنۢ بَعْدِ وَصِيَّةٖ يُوصِينَ بِهَآ أَوْ دَيْنٖۖ وَلَهُنَّ اَ۬لرُّبُعُ مِمَّا تَرَكْتُمُۥٓ إِن لَّمْ يَكُن لَّكُمْ وَلَدٞۖ فَإِن كَانَ لَكُمْ وَلَدٞ فَلَهُنَّ اَ۬لثُّمُنُ مِمَّا تَرَكْتُم مِّنۢ بَعْدِ وَصِيَّةٖ تُوصُونَ بِهَآ أَوْ دَيْنٖۖ وَإِن كَانَ رَجُلٞ يُورَثُ كَلَٰلَةً اَوِ اِ۪مْرَأَةٞ وَلَهُۥٓ أَخٌ اَوُ ا۟خْتٞ فَلِكُلِّ وَٰحِدٖ مِّنْهُمَا اَ۬لسُّدُسُۖ فَإِن كَانُوٓاْ أَكْثَرَ مِن ذَٰلِكَ فَهُمْ شُرَكَآءُ فِے اِ۬لثُّلُثِ مِنۢ بَعْدِ وَصِيَّةٖ يُوصِے بِهَآ أَوْ دَيْنٍ غَيْرَ مُضَآرّٖۖ وَصِيَّةٗ مِّنَ اَ۬للَّهِۖ وَاللَّهُ عَلِيمٌ حَلِيمٞۖ ﰋ
505,4,13,4,79,النِّسَاء,An-Nisā’,۞ تِلْكَ حُدُودُ اُ۬للَّهِۖ وَمَنْ يُّطِعِ اِ۬للَّهَ وَرَسُولَهُۥ نُدْخِلْهُ جَنَّٰتٖ تَجْرِے مِن تَحْتِهَا اَ۬لَانْهَٰرُ خَٰلِدِينَ فِيهَاۖ وَذَٰلِكَ اَ۬لْفَوْزُ اُ۬لْعَظِيمُۖ ﰌ
506,4,14,4,79,النِّسَاء,An-Nisā’,وَمَنْ يَّعْصِ اِ۬للَّهَ وَرَسُولَهُۥ وَيَتَعَدَّ حُدُودَهُۥ نُدْخِلْهُ نَاراً خَٰلِداٗ فِيهَاۖ وَلَهُۥ عَذَابٞ مُّهِينٞۖ ﰍ
507,4,15,4,80,النِّسَاء,An-Nisā’,وَالتِے يَاتِينَ اَ۬لْفَٰحِشَةَ مِن نِّسَآئِكُمْ فَاسْتَشْهِدُواْ عَلَيْهِنَّ أَرْبَعَةٗ مِّنكُمْۖ فَإِن شَهِدُواْ فَأَمْسِكُوهُنَّ فِے اِ۬لْبُيُوتِ حَتَّىٰ يَتَوَفّ۪يٰهُنَّ اَ۬لْمَوْتُ أَوْ يَجْعَلَ اَ۬للَّهُ لَهُنَّ سَبِيلاٗۖ ﰎ
508,4,16,4,80,النِّسَاء,An-Nisā’,وَالذَٰنِ يَاتِيَٰنِهَا مِنكُمْ فَـَٔاذُوهُمَاۖ فَإِن تَابَا وَأَصْلَحَا فَأَعْرِضُواْ عَنْهُمَآۖ إِنَّ اَ۬للَّهَ كَانَ تَوَّاباٗ رَّحِيماًۖ ﰏ
509,4,17,4,80,النِّسَاء,An-Nisā’,اِنَّمَا اَ۬لتَّوْبَةُ عَلَى اَ۬للَّهِ لِلذِينَ يَعْمَلُونَ اَ۬لسُّوٓءَ بِجَهَٰلَةٖ ثُمَّ يَتُوبُونَ مِن قَرِيبٖۖ فَأُوْلَٰٓئِكَ يَتُوبُ اُ۬للَّهُ عَلَيْهِمْۖ وَكَانَ اَ۬للَّهُ عَلِيماً حَكِيماٗۖ ﰐ
510,4,18,4,80,النِّسَاء,An-Nisā’,وَلَيْسَتِ اِ۬لتَّوْبَةُ لِلذِينَ يَعْمَلُونَ اَ۬لسَّيِّـَٔاتِ حَتَّىٰٓ إِذَا حَضَرَ أَحَدَهُمُ اُ۬لْمَوْتُ قَالَ إِنِّے تُبْتُ اُ۬لَٰـنَ وَلَا اَ۬لذِينَ يَمُوتُونَ وَهُمْ كُفَّارٌۖ ا۟وْلَٰٓئِكَ أَعْتَدْنَا لَهُمْ عَذَاباً اَلِيماٗۖ ﰑ
511,4,19,4,80,النِّسَاء,An-Nisā’,يَٰٓأَيُّهَا اَ۬لذِينَ ءَامَنُواْ لَا يَحِلُّ لَكُمُۥٓ أَن تَرِثُواْ اُ۬لنِّسَآءَ كَرْهاٗۖ وَلَا تَعْضُلُوهُنَّ لِتَذْهَبُواْ بِبَعْضِ مَآ ءَاتَيْتُمُوهُنَّ إِلَّآ أَنْ يَّاتِينَ بِفَٰحِشَةٖ مُّبَيِّنَةٖۖ ۞ وَعَاشِرُوهُنَّ بِالْمَعْرُوفِۖ فَإِن كَرِهْتُمُوهُنَّ فَعَس۪ىٰٓ أَن تَكْرَهُواْ شَئْاٗ وَيَجْعَلَ اَ۬للَّهُ فِيهِ خَيْراٗ كَثِيراٗۖ ﰒ
512,4,20,4,81,النِّسَاء,An-Nisā’,وَإِنَ اَرَدتُّمُ اُ۪سْتِبْدَالَ زَوْجٖ مَّكَانَ زَوْجٖ وَءَاتَيْتُمُۥٓ إِحْد۪يٰهُنَّ قِنطَاراٗ فَلَا تَاخُذُواْ مِنْهُ شَئْاًۖ اَتَاخُذُونَهُۥ بُهْتَٰناٗ وَإِثْماٗ مُّبِيناٗۖ ﰓ
513,4,21,4,81,النِّسَاء,An-Nisā’,وَكَيْفَ تَاخُذُونَهُۥ وَقَدَ اَفْض۪ىٰ بَعْضُكُمُۥٓ إِلَىٰ بَعْضٖ وَأَخَذْنَ مِنكُم مِّيثَٰقاً غَلِيظاٗۖ ﰔ
514,4,22,4,81,النِّسَاء,An-Nisā’,وَلَا تَنكِحُواْ مَا نَكَحَ ءَابَآؤُكُم مِّنَ اَ۬لنِّسَآءِ الَّا مَا قَدْ سَلَفَۖ إِنَّهُۥ كَانَ فَٰحِشَةٗ وَمَقْتاٗۖ وَسَآءَ سَبِيلاًۖ ﰕ
515,4,23,4,81,النِّسَاء,An-Nisā’,حُرِّمَتْ عَلَيْكُمُۥٓ أُمَّهَٰتُكُمْ وَبَنَاتُكُمْ وَأَخَوَٰتُكُمْ وَعَمَّٰتُكُمْ وَخَٰلَٰتُكُمْ وَبَنَاتُ اُ۬لَاخِ وَبَنَاتُ اُ۬لُاخْتِۖ وَأُمَّهَٰتُكُمُ اُ۬لتِےٓ أَرْضَعْنَكُمْ وَأَخَوَٰتُكُم مِّنَ اَ۬لرَّضَٰعَةِۖ وَأُمَّهَٰتُ نِسَآئِكُمْ وَرَبَٰٓئِبُكُمُ اُ۬لتِے فِے حُجُورِكُم مِّن نِّسَآئِكُمُ اُ۬لتِے دَخَلْتُم بِهِنَّۖ فَإِن لَّمْ تَكُونُواْ دَخَلْتُم بِهِنَّ فَلَا جُنَاحَ عَلَيْكُمْۖ وَحَلَٰٓئِلُ أَبْنَآئِكُمُ اُ۬لذِينَ مِنَ اَصْلَٰبِكُمْۖ وَأَن تَجْمَعُواْ بَيْنَ اَ۬لُاخْتَيْنِ إِلَّا مَا قَدْ سَلَفَۖ إِنَّ اَ۬للَّهَ كَانَ غَفُوراٗ رَّحِيماٗۖ ﰖ
516,4,24,5,82,النِّسَاء,An-Nisā’,۞ وَالْمُحْصَنَٰتُ مِنَ اَ۬لنِّسَآءِ الَّا مَا مَلَكَتَ اَيْمَٰنُكُمْۖ كِتَٰبَ اَ۬للَّهِ عَلَيْكُمْۖ وَأَحَلَّ لَكُم مَّا وَرَآءَ ذَٰلِكُمُۥٓ أَن تَبْتَغُواْ بِأَمْوَٰلِكُم مُّحْصِنِينَ غَيْرَ مُسَٰفِحِينَۖ فَمَا اَ۪سْتَمْتَعْتُم بِهِۦ مِنْهُنَّ فَـَٔاتُوهُنَّ أُجُورَهُنَّ فَرِيضَةٗۖ وَلَا جُنَاحَ عَلَيْكُمْ فِيمَا تَرَٰضَيْتُم بِهِۦ مِنۢ بَعْدِ اِ۬لْفَرِيضَةِۖ إِنَّ اَ۬للَّهَ كَانَ عَلِيماً حَكِيماٗۖ ﰗ
517,4,25,5,82,النِّسَاء,An-Nisā’,وَمَن لَّمْ يَسْتَطِعْ مِنكُمْ طَوْلاً اَنْ يَّنكِحَ اَ۬لْمُحْصَنَٰتِ اِ۬لْمُومِنَٰتِ فَمِن مَّا مَلَكَتَ اَيْمَٰنُكُم مِّن فَتَيَٰتِكُمُ اُ۬لْمُومِنَٰتِۖ وَاللَّهُ أَعْلَمُ بِإِيمَٰنِكُمۖ بَعْضُكُم مِّنۢ بَعْضٖۖ فَانكِحُوهُنَّ بِإِذْنِ أَهْلِهِنَّۖ وَءَاتُوهُنَّ أُجُورَهُنَّ بِالْمَعْرُوفِ مُحْصَنَٰتٍ غَيْرَ مُسَٰفِحَٰتٖ وَلَا مُتَّخِذَٰتِ أَخْدَانٖۖ فَإِذَآ أُحْصِنَّ فَإِنَ اَتَيْنَ بِفَٰحِشَةٖ فَعَلَيْهِنَّ نِصْفُ مَا عَلَى اَ۬لْمُحْصَنَٰتِ مِنَ اَ۬لْعَذَابِۖ ذَٰلِكَ لِمَنْ خَشِيَ اَ۬لْعَنَتَ مِنكُمْۖ وَأَن تَصْبِرُواْ خَيْرٞ لَّكُمْۖ وَاللَّهُ غَفُورٞ رَّحِيمٞۖ ﰘ
518,4,26,5,82,النِّسَاء,An-Nisā’,يُرِيدُ اُ۬للَّهُ لِيُبَيِّنَ لَكُمْ وَيَهْدِيَكُمْ سُنَنَ اَ۬لذِينَ مِن قَبْلِكُمْ وَيَتُوبَ عَلَيْكُمْۖ وَاللَّهُ عَلِيمٌ حَكِيمٞۖ ﰙ
519,4,27,5,83,النِّسَاء,An-Nisā’,وَاللَّهُ يُرِيدُ أَنْ يَّتُوبَ عَلَيْكُمْۖ وَيُرِيدُ اُ۬لذِينَ يَتَّبِعُونَ اَ۬لشَّهَوَٰتِ أَن تَمِيلُواْ مَيْلاً عَظِيماٗۖ ﰚ
520,4,28,5,83,النِّسَاء,An-Nisā’,يُرِيدُ اُ۬للَّهُ أَنْ يُّخَفِّفَ عَنكُمْۖ وَخُلِقَ اَ۬لِانسَٰنُ ضَعِيفاٗۖ ﰛ
521,4,29,5,83,النِّسَاء,An-Nisā’,۞ يَٰٓأَيُّهَا اَ۬لذِينَ ءَامَنُواْ لَا تَاكُلُوٓاْ أَمْوَٰلَكُم بَيْنَكُم بِالْبَٰطِلِۖ إِلَّآ أَن تَكُونَ تِجَٰرَةٌ عَن تَرَاضٖ مِّنكُمْۖ وَلَا تَقْتُلُوٓاْ أَنفُسَكُمُۥٓۖ إِنَّ اَ۬للَّهَ كَانَ بِكُمْ رَحِيماٗۖ ﰜ
522,4,30,5,83,النِّسَاء,An-Nisā’,وَمَنْ يَّفْعَلْ ذَٰلِكَ عُدْوَٰناٗ وَظُلْماٗ فَسَوْفَ نُصْلِيهِ نَاراٗۖ وَكَانَ ذَٰلِكَ عَلَى اَ۬للَّهِ يَسِيراًۖ ﰝ
523,4,31,5,83,النِّسَاء,An-Nisā’,اِن تَجْتَنِبُواْ كَبَآئِرَ مَا تُنْهَوْنَ عَنْهُ نُكَفِّرْ عَنكُمْ سَيِّـَٔاتِكُمْ وَنُدْخِلْكُم مَّدْخَلاٗ كَرِيماٗۖ ﰞ
524,4,32,5,83,النِّسَاء,An-Nisā’,وَلَا تَتَمَنَّوْاْ مَا فَضَّلَ اَ۬للَّهُ بِهِۦ بَعْضَكُمْ عَلَىٰ بَعْضٖۖ لِّلرِّجَالِ نَصِيبٞ مِّمَّا اَ۪كْتَسَبُواْۖ وَلِلنِّسَآءِ نَصِيبٞ مِّمَّا اَ۪كْتَسَبْنَۖ وَسْـَٔلُواْ اُ۬للَّهَ مِن فَضْلِهِۦٓۖ إِنَّ اَ۬للَّهَ كَانَ بِكُلِّ شَےْءٍ عَلِيماٗۖ ﰟ
525,4,33,5,83,النِّسَاء,An-Nisā’,وَلِكُلّٖ جَعَلْنَا مَوَٰلِيَ مِمَّا تَرَكَۖ اَ۬لْوَٰلِدَٰنِ وَالَاقْرَبُونَۖ وَالذِينَ عَٰقَدَتَ اَيْمَٰنُكُمْ فَـَٔاتُوهُمْ نَصِيبَهُمُۥٓۖ إِنَّ اَ۬للَّهَ كَانَ عَلَىٰ كُلِّ شَےْءٖ شَهِيداًۖ ﰠ
526,4,34,5,84,النِّسَاء,An-Nisā’,اِ۬لرِّجَالُ قَوَّٰمُونَ عَلَى اَ۬لنِّسَآءِ بِمَا فَضَّلَ اَ۬للَّهُ بَعْضَهُمْ عَلَىٰ بَعْضٖ وَبِمَآ أَنفَقُواْ مِنَ اَمْوَٰلِهِمْۖ فَالصَّٰلِحَٰتُ قَٰنِتَٰتٌ حَٰفِظَٰتٞ لِّلْغَيْبِ بِمَا حَفِظَ اَ۬للَّهُۖ وَالتِے تَخَافُونَ نُشُوزَهُنَّ فَعِظُوهُنَّ وَاهْجُرُوهُنَّ فِے اِ۬لْمَضَاجِعِ وَاضْرِبُوهُنَّۖ فَإِنَ اَطَعْنَكُمْ فَلَا تَبْغُواْ عَلَيْهِنَّ سَبِيلاًۖ اِنَّ اَ۬للَّهَ كَانَ عَلِيّاٗ كَبِيراٗۖ ﰡ
527,4,35,5,84,النِّسَاء,An-Nisā’,وَإِنْ خِفْتُمْ شِقَاقَ بَيْنِهِمَا فَابْعَثُواْ حَكَماٗ مِّنَ اَهْلِهِۦ وَحَكَماٗ مِّنَ اَهْلِهَآ إِنْ يُّرِيدَآ إِصْلَٰحاٗ يُوَفِّقِ اِ۬للَّهُ بَيْنَهُمَآۖ إِنَّ اَ۬للَّهَ كَانَ عَلِيماً خَبِيراٗۖ ﰢ
528,4,36,5,84,النِّسَاء,An-Nisā’,۞ وَاعْبُدُواْ اُ۬للَّهَۖ وَلَا تُشْرِكُواْ بِهِۦ شَئْاٗۖ وَبِالْوَٰلِدَيْنِ إِحْسَٰناٗ وَبِذِے اِ۬لْقُرْب۪ىٰ وَالْيَتَٰم۪ىٰ وَالْمَسَٰكِينِ وَالْج۪ارِ ذِے اِ۬لْقُرْب۪ىٰ وَالْج۪ارِ اِ۬لْجُنُبِ وَالصَّٰحِبِ بِالْجَنۢبِ وَابْنِ اِ۬لسَّبِيلِ وَمَا مَلَكَتَ اَيْمَٰنُكُمُۥٓۖ إِنَّ اَ۬للَّهَ لَا يُحِبُّ مَن كَانَ مُخْتَالاٗ فَخُوراًۖ ﰣ
529,4,37,5,84,النِّسَاء,An-Nisā’,اِ۬لذِينَ يَبْخَلُونَ وَيَامُرُونَ اَ۬لنَّاسَ بِالْبُخْلِ وَيَكْتُمُونَ مَآ ءَات۪يٰهُمُ اُ۬للَّهُ مِن فَضْلِهِۦۖ وَأَعْتَدْنَا لِلْكٰ۪فِرِينَ عَذَاباٗ مُّهِيناٗۖ ﰤ
530,4,38,5,85,النِّسَاء,An-Nisā’,وَالذِينَ يُنفِقُونَ أَمْوَٰلَهُمْ رِئَآءَ اَ۬لنَّاسِ وَلَا يُومِنُونَ بِاللَّهِ وَلَا بِالْيَوْمِ اِ۬لَاخِرِۖ وَمَنْ يَّكُنِ اِ۬لشَّيْطَٰنُ لَهُۥ قَرِيناٗ فَسَآءَ قَرِيناٗۖ ﰥ
531,4,39,5,85,النِّسَاء,An-Nisā’,وَمَاذَا عَلَيْهِمْ لَوَ اٰمَنُواْ بِاللَّهِ وَالْيَوْمِ اِ۬لَاخِرِ وَأَنفَقُواْ مِمَّا رَزَقَهُمُ اُ۬للَّهُۖ وَكَانَ اَ۬للَّهُ بِهِمْ عَلِيماًۖ ﰦ
532,4,40,5,85,النِّسَاء,An-Nisā’,اِنَّ اَ۬للَّهَ لَا يَظْلِمُ مِثْقَالَ ذَرَّةٖۖ وَإِن تَكُ حَسَنَةٞ يُضَٰعِفْهَا وَيُوتِ مِن لَّدُنْهُ أَجْراً عَظِيماٗۖ ﰧ
533,4,41,5,85,النِّسَاء,An-Nisā’,فَكَيْفَ إِذَا جِئْنَا مِن كُلِّ أُمَّةِۢ بِشَهِيدٖ وَجِئْنَا بِكَ عَلَىٰ هَٰٓؤُلَآءِ شَهِيداٗۖ ﰨ
534,4,42,5,85,النِّسَاء,An-Nisā’,يَوْمَئِذٖ يَوَدُّ اُ۬لذِينَ كَفَرُواْ وَعَصَوُاْ اُ۬لرَّسُولَ لَوْ تَسَّوّ۪ىٰ بِهِمُ اُ۬لَارْضُ وَلَا يَكْتُمُونَ اَ۬للَّهَ حَدِيثاٗۖ ﰩ
535,4,43,5,85,النِّسَاء,An-Nisā’,يَٰٓأَيُّهَا اَ۬لذِينَ ءَامَنُواْ لَا تَقْرَبُواْ اُ۬لصَّلَوٰةَ وَأَنتُمْ سُكَٰر۪ىٰ حَتَّىٰ تَعْلَمُواْ مَا تَقُولُونَ وَلَا جُنُباً اِلَّا عَابِرِے سَبِيلٍ حَتَّىٰ تَغْتَسِلُواْۖ وَإِن كُنتُم مَّرْض۪ىٰٓ أَوْ عَلَىٰ سَفَرٍ اَوْ جَآءَ احَدٞ مِّنكُم مِّنَ اَ۬لْغَآئِطِ أَوْ لَٰمَسْتُمُ اُ۬لنِّسَآءَ فَلَمْ تَجِدُواْ مَآءٗ فَتَيَمَّمُواْ صَعِيداٗ طَيِّباٗ فَامْسَحُواْ بِوُجُوهِكُمْ وَأَيْدِيكُمُۥٓۖ إِنَّ اَ۬للَّهَ كَانَ عَفُوّاً غَفُوراًۖ ﰪ
536,4,44,5,85-86,النِّسَاء,An-Nisā’,اَلَمْ تَرَ إِلَى اَ۬لذِينَ أُوتُواْ نَصِيباٗ مِّنَ اَ۬لْكِتَٰبِ يَشْتَرُونَ اَ۬لضَّلَٰلَةَ وَيُرِيدُونَ أَن تَضِلُّواْ اُ۬لسَّبِيلَۖ  وَاللَّهُ أَعْلَمُ بِأَعْدَآئِكُمْۖ وَكَف۪ىٰ بِاللَّهِ وَلِيّاٗ وَكَف۪ىٰ بِاللَّهِ نَصِيراٗۖ ﰫ
537,4,45,5,86,النِّسَاء,An-Nisā’,۞ مِّنَ اَ۬لذِينَ هَادُواْ يُحَرِّفُونَ اَ۬لْكَلِمَ عَن مَّوَاضِعِهِۦ وَيَقُولُونَ سَمِعْنَا وَعَصَيْنَا وَاسْمَعْ غَيْرَ مُسْمَعٖ وَرَٰعِنَا لَيّاَۢ بِأَلْسِنَتِهِمْ وَطَعْناٗ فِے اِ۬لدِّينِۖ وَلَوَ اَنَّهُمْ قَالُواْ سَمِعْنَا وَأَطَعْنَا وَاسْمَعْ وَانظُرْنَا لَكَانَ خَيْراٗ لَّهُمْ وَأَقْوَمَۖ وَلَٰكِن لَّعَنَهُمُ اُ۬للَّهُ بِكُفْرِهِمْ فَلَا يُومِنُونَ إِلَّا قَلِيلاٗۖ ﰬ
538,4,46,5,86,النِّسَاء,An-Nisā’,يَٰٓأَيُّهَا اَ۬لذِينَ أُوتُواْ اُ۬لْكِتَٰبَ ءَامِنُواْ بِمَا نَزَّلْنَا مُصَدِّقاٗ لِّمَا مَعَكُم مِّن قَبْلِ أَن نَّطْمِسَ وُجُوهاٗ فَنَرُدَّهَا عَلَىٰٓ أَدْبٰ۪رِهَآ أَوْ نَلْعَنَهُمْ كَمَا لَعَنَّآ أَصْحَٰبَ اَ۬لسَّبْتِۖ وَكَانَ أَمْرُ اُ۬للَّهِ مَفْعُولاًۖ ﰭ
539,4,47,5,86,النِّسَاء,An-Nisā’,اِنَّ اَ۬للَّهَ لَا يَغْفِرُ أَنْ يُّشْرَكَ بِهِۦۖ وَيَغْفِرُ مَا دُونَ ذَٰلِكَ لِمَنْ يَّشَآءُۖ وَمَنْ يُّشْرِكْ بِاللَّهِ فَقَدِ اِ۪فْتَر۪ىٰٓ إِثْماً عَظِيماًۖ ﰮ
540,4,48,5,86,النِّسَاء,An-Nisā’,اَلَمْ تَرَ إِلَى اَ۬لذِينَ يُزَكُّونَ أَنفُسَهُمۖ بَلِ اِ۬للَّهُ يُزَكِّے مَنْ يَّشَآءُۖ وَلَا يُظْلَمُونَ فَتِيلاًۖ ﰯ
541,4,49,5,86,النِّسَاء,An-Nisā’,اُ۟نظُرْ كَيْفَ يَفْتَرُونَ عَلَى اَ۬للَّهِ اِ۬لْكَذِبَ وَكَف۪ىٰ بِهِۦٓ إِثْماٗ مُّبِيناًۖ ﰰ
542,4,50,5,86,النِّسَاء,An-Nisā’,اَلَمْ تَرَ إِلَى اَ۬لذِينَ أُوتُواْ نَصِيباٗ مِّنَ اَ۬لْكِتَٰبِ يُومِنُونَ بِالْجِبْتِ وَالطَّٰغُوتِ وَيَقُولُونَ لِلذِينَ كَفَرُواْ هَٰٓؤُلَآءِ اَ۬هْد۪ىٰ مِنَ اَ۬لذِينَ ءَامَنُواْ سَبِيلاًۖ ﰱ
543,4,51,5,87,النِّسَاء,An-Nisā’,ا۟وْلَٰٓئِكَ اَ۬لذِينَ لَعَنَهُمُ اُ۬للَّهُۖ وَمَنْ يَّلْعَنِ اِ۬للَّهُ فَلَن تَجِدَ لَهُۥ نَصِيراًۖ ﰲ
544,4,52,5,87,النِّسَاء,An-Nisā’,اَمْ لَهُمْ نَصِيبٞ مِّنَ اَ۬لْمُلْكِ فَإِذاٗ لَّا يُوتُونَ اَ۬لنَّاسَ نَقِيراًۖ ﰳ
545,4,53,5,87,النِّسَاء,An-Nisā’,اَمْ يَحْسُدُونَ اَ۬لنَّاسَ عَلَىٰ مَآ ءَات۪يٰهُمُ اُ۬للَّهُ مِن فَضْلِهِۦۖ فَقَدَ اٰتَيْنَآ ءَالَ إِبْرَٰهِيمَ اَ۬لْكِتَٰبَ وَالْحِكْمَةَ وَءَاتَيْنَٰهُم مُّلْكاً عَظِيماٗۖ ﰴ
546,4,54,5,87,النِّسَاء,An-Nisā’,فَمِنْهُم مَّنَ اٰمَنَ بِهِۦ وَمِنْهُم مَّن صَدَّ عَنْهُۖ وَكَف۪ىٰ بِجَهَنَّمَ سَعِيراًۖ ﰵ
547,4,55,5,87,النِّسَاء,An-Nisā’,اِنَّ اَ۬لذِينَ كَفَرُواْ بِـَٔايَٰتِنَا سَوْفَ نُصْلِيهِمْ نَاراٗۖ كُلَّمَا نَضِجَتْ جُلُودُهُم بَدَّلْنَٰهُمْ جُلُوداً غَيْرَهَا لِيَذُوقُواْ اُ۬لْعَذَابَۖ إِنَّ اَ۬للَّهَ كَانَ عَزِيزاً حَكِيماٗۖ ﰶ
548,4,56,5,87,النِّسَاء,An-Nisā’,وَالذِينَ ءَامَنُواْ وَعَمِلُواْ اُ۬لصَّٰلِحَٰتِ سَنُدْخِلُهُمْ جَنَّٰتٖ تَجْرِے مِن تَحْتِهَا اَ۬لَانْهَٰرُ خَٰلِدِينَ فِيهَآ أَبَداٗۖ لَّهُمْ فِيهَآ أَزْوَٰجٞ مُّطَهَّرَةٞۖ وَنُدْخِلُهُمْ ظِلّاٗ ظَلِيلاًۖ ﰷ
549,4,57,5,87,النِّسَاء,An-Nisā’,۞ اِنَّ اَ۬للَّهَ يَامُرُكُمُۥٓ أَن تُوَ۬دُّواْ اُ۬لَامَٰنَٰتِ إِلَىٰٓ أَهْلِهَا وَإِذَا حَكَمْتُم بَيْنَ اَ۬لنَّاسِ أَن تَحْكُمُواْ بِالْعَدْلِۖ إِنَّ اَ۬للَّهَ نِعِمَّا يَعِظُكُم بِهِۦٓۖ إِنَّ اَ۬للَّهَ كَانَ سَمِيعاَۢ بَصِيراٗۖ ﰸ
550,4,58,5,87,النِّسَاء,An-Nisā’,يَٰٓأَيُّهَا اَ۬لذِينَ ءَامَنُوٓاْ أَطِيعُواْ اُ۬للَّهَ وَأَطِيعُواْ اُ۬لرَّسُولَ وَأُوْلِے اِ۬لَامْرِ مِنكُمْۖ فَإِن تَنَٰزَعْتُمْ فِے شَےْءٖ فَرُدُّوهُ إِلَى اَ۬للَّهِ وَالرَّسُولِ إِن كُنتُمْ تُومِنُونَ بِاللَّهِ وَالْيَوْمِ اِ۬لَاخِرِۖ ذَٰلِكَ خَيْرٞ وَأَحْسَنُ تَاوِيلاًۖ ﰹ
551,4,59,5,88,النِّسَاء,An-Nisā’,اَلَمْ تَرَ إِلَى اَ۬لذِينَ يَزْعُمُونَ أَنَّهُمُۥٓ ءَامَنُواْ بِمَآ أُنزِلَ إِلَيْكَ وَمَآ أُنزِلَ مِن قَبْلِكَ يُرِيدُونَ أَنْ يَّتَحَاكَمُوٓاْ إِلَى اَ۬لطَّٰغُوتِ وَقَدُ ا۟مِرُوٓاْ أَنْ يَّكْفُرُواْ بِهِۦۖ وَيُرِيدُ اُ۬لشَّيْطَٰنُ أَنْ يُّضِلَّهُمْ ضَلَٰلاَۢ بَعِيداٗۖ ﰺ
552,4,60,5,88,النِّسَاء,An-Nisā’,وَإِذَا قِيلَ لَهُمْ تَعَالَوِاْ اِلَىٰ مَآ أَنزَلَ اَ۬للَّهُ وَإِلَى اَ۬لرَّسُولِ رَأَيْتَ اَ۬لْمُنَٰفِقِينَ يَصُدُّونَ عَنكَ صُدُوداٗۖ ﰻ
553,4,61,5,88,النِّسَاء,An-Nisā’,فَكَيْفَ إِذَآ أَصَٰبَتْهُم مُّصِيبَةُۢ بِمَا قَدَّمَتَ اَيْدِيهِمْ ثُمَّ جَآءُوكَ يَحْلِفُونَ بِاللَّهِ إِنَ اَرَدْنَآ إِلَّآ إِحْسَٰناٗ وَتَوْفِيقاًۖ ﰼ
554,4,62,5,88,النِّسَاء,An-Nisā’,ا۟وْلَٰٓئِكَ اَ۬لذِينَ يَعْلَمُ اُ۬للَّهُ مَا فِے قُلُوبِهِمْ فَأَعْرِضْ عَنْهُمْ وَعِظْهُمْ وَقُل لَّهُمْ فِےٓ أَنفُسِهِمْ قَوْلاَۢ بَلِيغاٗۖ ﰽ
555,4,63,5,88,النِّسَاء,An-Nisā’,وَمَآ أَرْسَلْنَا مِن رَّسُولٍ اِلَّا لِيُطَاعَ بِإِذْنِ اِ۬للَّهِۖ وَلَوَ اَنَّهُمُۥٓ إِذ ظَّلَمُوٓاْ أَنفُسَهُمْ جَآءُوكَ فَاسْتَغْفَرُواْ اُ۬للَّهَ وَاسْتَغْفَرَ لَهُمُ اُ۬لرَّسُولُ لَوَجَدُواْ اُ۬للَّهَ تَوَّاباٗ رَّحِيماٗۖ ﰾ
556,4,64,5,88,النِّسَاء,An-Nisā’,۞ فَلَا وَرَبِّكَ لَا يُومِنُونَ حَتَّىٰ يُحَكِّمُوكَ فِيمَا شَجَرَ بَيْنَهُمْ ثُمَّ لَا يَجِدُواْ فِےٓ أَنفُسِهِمْ حَرَجاٗ مِّمَّا قَضَيْتَ وَيُسَلِّمُواْ تَسْلِيماٗۖ ﰿ
557,4,65,5,89,النِّسَاء,An-Nisā’,وَلَوَ اَنَّا كَتَبْنَا عَلَيْهِمُۥٓ أَنُ اُ۟قْتُلُوٓاْ أَنفُسَكُمُۥٓ أَوُ اُ۟خْرُجُواْ مِن دِيٰ۪رِكُم مَّا فَعَلُوهُ إِلَّا قَلِيلٞ مِّنْهُمْۖ وَلَوَ اَنَّهُمْ فَعَلُواْ مَا يُوعَظُونَ بِهِۦ لَكَانَ خَيْراٗ لَّهُمْ وَأَشَدَّ تَثْبِيتاٗۖ ﱀ
558,4,66,5,89,النِّسَاء,An-Nisā’,وَإِذاٗ لَّأٓتَيْنَٰهُم مِّن لَّدُنَّآ أَجْراً عَظِيماٗ ﱁ
559,4,67,5,89,النِّسَاء,An-Nisā’,وَلَهَدَيْنَٰهُمْ صِرَٰطاٗ مُّسْتَقِيماٗۖ ﱂ
560,4,68,5,89,النِّسَاء,An-Nisā’,وَمَنْ يُّطِعِ اِ۬للَّهَ وَالرَّسُولَ فَأُوْلَٰٓئِكَ مَعَ اَ۬لذِينَ أَنْعَمَ اَ۬للَّهُ عَلَيْهِم مِّنَ اَ۬لنَّبِيٓـِٕۧنَ وَالصِّدِّيقِينَ وَالشُّهَدَآءِ وَالصَّٰلِحِينَۖ وَحَسُنَ أُوْلَٰٓئِكَ رَفِيقاٗۖ ﱃ
561,4,69,5,89,النِّسَاء,An-Nisā’,ذَٰلِكَ اَ۬لْفَضْلُ مِنَ اَ۬للَّهِۖ وَكَف۪ىٰ بِاللَّهِ عَلِيماٗۖ ﱄ
562,4,70,5,89,النِّسَاء,An-Nisā’,يَٰٓأَيُّهَا اَ۬لذِينَ ءَامَنُواْ خُذُواْ حِذْرَكُمْ فَانفِرُواْ ثُبَاتٍ اَوِ اِ۪نفِرُواْ جَمِيعاٗۖ ﱅ
563,4,71,5,89,النِّسَاء,An-Nisā’,وَإِنَّ مِنكُمْ لَمَن لَّيُبَطِّئَنَّۖ فَإِنَ اَصَٰبَتْكُم مُّصِيبَةٞ قَالَ قَدَ اَنْعَمَ اَ۬للَّهُ عَلَيَّ إِذْ لَمَ اَكُن مَّعَهُمْ شَهِيداٗۖ ﱆ
564,4,72,5,89,النِّسَاء,An-Nisā’,وَلَئِنَ اَصَٰبَكُمْ فَضْلٞ مِّنَ اَ۬للَّهِ لَيَقُولَنَّ كَأَن لَّمْ يَكُنۢ بَيْنَكُمْ وَبَيْنَهُۥ مَوَدَّةٞ يَٰلَيْتَنِے كُنتُ مَعَهُمْ فَأَفُوزَ فَوْزاً عَظِيماٗۖ ﱇ
565,4,73,5,89,النِّسَاء,An-Nisā’,۞ فَلْيُقَٰتِلْ فِے سَبِيلِ اِ۬للَّهِ اِ۬لذِينَ يَشْرُونَ اَ۬لْحَيَوٰةَ اَ۬لدُّنْي۪ا بِالَاخِرَةِۖ وَمَنْ يُّقَٰتِلْ فِے سَبِيلِ اِ۬للَّهِ فَيُقْتَلَ اَوْ يَغْلِبْ فَسَوْفَ نُوتِيهِ أَجْراً عَظِيماٗۖ ﱈ
566,4,74,5,90,النِّسَاء,An-Nisā’,وَمَا لَكُمْ لَا تُقَٰتِلُونَ فِے سَبِيلِ اِ۬للَّهِ وَالْمُسْتَضْعَفِينَ مِنَ اَ۬لرِّجَالِ وَالنِّسَآءِ وَالْوِلْدَٰنِ اِ۬لذِينَ يَقُولُونَ رَبَّنَآ أَخْرِجْنَا مِنْ هَٰذِهِ اِ۬لْقَرْيَةِ اِ۬لظَّالِمِ أَهْلُهَا وَاجْعَل لَّنَا مِن لَّدُنكَ وَلِيّاٗ وَاجْعَل لَّنَا مِن لَّدُنكَ نَصِيراًۖ ﱉ
567,4,75,5,90,النِّسَاء,An-Nisā’,اِ۬لذِينَ ءَامَنُواْ يُقَٰتِلُونَ فِے سَبِيلِ اِ۬للَّهِۖ وَالذِينَ كَفَرُواْ يُقَٰتِلُونَ فِے سَبِيلِ اِ۬لطَّٰغُوتِۖ فَقَٰتِلُوٓاْ أَوْلِيَآءَ اَ۬لشَّيْطَٰنِۖ إِنَّ كَيْدَ اَ۬لشَّيْطَٰنِ كَانَ ضَعِيفاًۖ ﱊ
568,4,76,5,90,النِّسَاء,An-Nisā’,اَلَمْ تَرَ إِلَى اَ۬لذِينَ قِيلَ لَهُمْ كُفُّوٓاْ أَيْدِيَكُمْ وَأَقِيمُواْ اُ۬لصَّلَوٰةَ وَءَاتُواْ اُ۬لزَّكَوٰةَۖ فَلَمَّا كُتِبَ عَلَيْهِمُ اُ۬لْقِتَالُ إِذَا فَرِيقٞ مِّنْهُمْ يَخْشَوْنَ اَ۬لنَّاسَ كَخَشْيَةِ اِ۬للَّهِ أَوَ اَشَدَّ خَشْيَةٗۖ وَقَالُواْ رَبَّنَا لِمَ كَتَبْتَ عَلَيْنَا اَ۬لْقِتَالَ لَوْلَآ أَخَّرْتَنَآ إِلَىٰٓ أَجَلٖ قَرِيبٖۖ قُلْ مَتَٰعُ اُ۬لدُّنْي۪ا قَلِيلٞۖ وَالَاخِرَةُ خَيْرٞ لِّمَنِ اِ۪تَّق۪ىٰۖ وَلَا تُظْلَمُونَ فَتِيلاًۖ ﱋ
569,4,77,5,90,النِّسَاء,An-Nisā’,اَيْنَمَا تَكُونُواْ يُدْرِككُّمُ اُ۬لْمَوْتُ وَلَوْ كُنتُمْ فِے بُرُوجٖ مُّشَيَّدَةٖۖ وَإِن تُصِبْهُمْ حَسَنَةٞ يَقُولُواْ هَٰذِهِۦ مِنْ عِندِ اِ۬للَّهِۖ وَإِن تُصِبْهُمْ سَيِّئَةٞ يَقُولُواْ هَٰذِهِۦ مِنْ عِندِكَۖ قُلْ كُلّٞ مِّنْ عِندِ اِ۬للَّهِۖ فَمَالِ هَٰٓؤُلَآءِ اِ۬لْقَوْمِ لَا يَكَادُونَ يَفْقَهُونَ حَدِيثاٗۖ ﱌ
570,4,78,5,90,النِّسَاء,An-Nisā’,۞ مَّآ أَصَابَكَ مِنْ حَسَنَةٖ فَمِنَ اَ۬للَّهِۖ وَمَآ أَصَابَكَ مِن سَيِّئَةٖ فَمِن نَّفْسِكَۖ وَأَرْسَلْنَٰكَ لِلنَّاسِ رَسُولاٗۖ وَكَف۪ىٰ بِاللَّهِ شَهِيداٗۖ ﱍ
571,4,79,5,91,النِّسَاء,An-Nisā’,مَّنْ يُّطِعِ اِ۬لرَّسُولَ فَقَدَ اَطَاعَ اَ۬للَّهَۖ وَمَن تَوَلّ۪ىٰ فَمَآ أَرْسَلْنَٰكَ عَلَيْهِمْ حَفِيظاٗۖ ﱎ
572,4,80,5,91,النِّسَاء,An-Nisā’,وَيَقُولُونَ طَاعَةٞۖ فَإِذَا بَرَزُواْ مِنْ عِندِكَ بَيَّتَ طَآئِفَةٞ مِّنْهُمْ غَيْرَ اَ۬لذِے تَقُولُۖ وَاللَّهُ يَكْتُبُ مَا يُبَيِّتُونَۖ فَأَعْرِضْ عَنْهُمْ وَتَوَكَّلْ عَلَى اَ۬للَّهِۖ وَكَف۪ىٰ بِاللَّهِ وَكِيلاًۖ ﱏ
573,4,81,5,91,النِّسَاء,An-Nisā’,اَفَلَا يَتَدَبَّرُونَ اَ۬لْقُرْءَانَۖ وَلَوْ كَانَ مِنْ عِندِ غَيْرِ اِ۬للَّهِ لَوَجَدُواْ فِيهِ اِ۪خْتِلَٰفاٗ كَثِيراٗۖ ﱐ
574,4,82,5,91,النِّسَاء,An-Nisā’,وَإِذَا جَآءَهُمُۥٓ أَمْرٞ مِّنَ اَ۬لَامْنِ أَوِ اِ۬لْخَوْفِ أَذَاعُواْ بِهِۦۖ وَلَوْ رَدُّوهُ إِلَى اَ۬لرَّسُولِ وَإِلَىٰٓ أُوْلِے اِ۬لَامْرِ مِنْهُمْ لَعَلِمَهُ اُ۬لذِينَ يَسْتَنۢبِطُونَهُۥ مِنْهُمْۖ وَلَوْلَا فَضْلُ اُ۬للَّهِ عَلَيْكُمْ وَرَحْمَتُهُۥ لَاتَّبَعْتُمُ اُ۬لشَّيْطَٰنَ إِلَّا قَلِيلاٗۖ ﱑ
575,4,83,5,91,النِّسَاء,An-Nisā’,فَقَٰتِلْ فِے سَبِيلِ اِ۬للَّهِۖ لَا تُكَلَّفُ إِلَّا نَفْسَكَۖ وَحَرِّضِ اِ۬لْمُومِنِينَۖ عَسَى اَ۬للَّهُ أَنْ يَّكُفَّ بَأْسَ اَ۬لذِينَ كَفَرُواْۖ وَاللَّهُ أَشَدُّ بَأْساٗ وَأَشَدُّ تَنكِيلاٗۖ ﱒ
576,4,84,5,91,النِّسَاء,An-Nisā’,مَّنْ يَّشْفَعْ شَفَٰعَةً حَسَنَةٗ يَكُن لَّهُۥ نَصِيبٞ مِّنْهَاۖ وَمَنْ يَّشْفَعْ شَفَٰعَةٗ سَيِّئَةٗ يَكُن لَّهُۥ كِفْلٞ مِّنْهَاۖ وَكَانَ اَ۬للَّهُ عَلَىٰ كُلِّ شَےْءٖ مُّقِيتاٗۖ ﱓ
577,4,85,5,91,النِّسَاء,An-Nisā’,وَإِذَا حُيِّيتُم بِتَحِيَّةٖ فَحَيُّواْ بِأَحْسَنَ مِنْهَآ أَوْ رُدُّوهَآۖ إِنَّ اَ۬للَّهَ كَانَ عَلَىٰ كُلِّ شَےْءٍ حَسِيباًۖ ﱔ
578,4,86,5,92,النِّسَاء,An-Nisā’,۞ اِ۬للَّهُ لَآ إِلَٰهَ إِلَّا هُوَۖ لَيَجْمَعَنَّكُمُۥٓ إِلَىٰ يَوْمِ اِ۬لْقِيَٰمَةِ لَا رَيْبَ فِيهِۖ وَمَنَ اَصْدَقُ مِنَ اَ۬للَّهِ حَدِيثاٗۖ ﱕ
579,4,87,5,92,النِّسَاء,An-Nisā’,فَمَا لَكُمْ فِے اِ۬لْمُنَٰفِقِينَ فِئَتَيْنِ وَاللَّهُ أَرْكَسَهُم بِمَا كَسَبُوٓاْۖ أَتُرِيدُونَ أَن تَهْدُواْ مَنَ اَضَلَّ اَ۬للَّهُۖ وَمَنْ يُّضْلِلِ اِ۬للَّهُ فَلَن تَجِدَ لَهُۥ سَبِيلاٗۖ ﱖ
580,4,88,5,92,النِّسَاء,An-Nisā’,وَدُّواْ لَوْ تَكْفُرُونَ كَمَا كَفَرُواْ فَتَكُونُونَ سَوَآءٗۖ فَلَا تَتَّخِذُواْ مِنْهُمُۥٓ أَوْلِيَآءَ حَتَّىٰ يُهَاجِرُواْ فِے سَبِيلِ اِ۬للَّهِۖ فَإِن تَوَلَّوْاْ فَخُذُوهُمْ وَاقْتُلُوهُمْ حَيْثُ وَجَدتُّمُوهُمْ وَلَا تَتَّخِذُواْ مِنْهُمْ وَلِيّاٗ وَلَا نَصِيراً ﱗ
581,4,89,5,92,النِّسَاء,An-Nisā’,اِلَّا اَ۬لذِينَ يَصِلُونَ إِلَىٰ قَوْمِۢ بَيْنَكُمْ وَبَيْنَهُم مِّيثَٰقٌ اَوْ جَآءُوكُمْۖ حَصِرَتْ صُدُورُهُمُۥٓ أَنْ يُّقَٰتِلُوكُمُۥٓ أَوْ يُقَٰتِلُواْ قَوْمَهُمْۖ وَلَوْ شَآءَ اَ۬للَّهُ لَسَلَّطَهُمْ عَلَيْكُمْ فَلَقَٰتَلُوكُمْۖ فَإِنِ اِ۪عْتَزَلُوكُمْ فَلَمْ يُقَٰتِلُوكُمْ وَأَلْقَوِاْ اِلَيْكُمُ اُ۬لسَّلَمَ فَمَا جَعَلَ اَ۬للَّهُ لَكُمْ عَلَيْهِمْ سَبِيلاٗۖ ﱘ
582,4,90,5,92,النِّسَاء,An-Nisā’,سَتَجِدُونَ ءَاخَرِينَ يُرِيدُونَ أَنْ يَّامَنُوكُمْ وَيَامَنُواْ قَوْمَهُمْ كُلَّ مَا رُدُّوٓاْ إِلَى اَ۬لْفِتْنَةِ أُرْكِسُواْ فِيهَاۖ فَإِن لَّمْ يَعْتَزِلُوكُمْ وَيُلْقُوٓاْ إِلَيْكُمُ اُ۬لسَّلَمَ وَيَكُفُّوٓاْ أَيْدِيَهُمْ فَخُذُوهُمْ وَاقْتُلُوهُمْ حَيْثُ ثَقِفْتُمُوهُمْۖ وَأُوْلَٰٓئِكُمْ جَعَلْنَا لَكُمْ عَلَيْهِمْ سُلْطَٰناٗ مُّبِيناٗۖ ﱙ
583,4,91,5,93,النِّسَاء,An-Nisā’,وَمَا كَانَ لِمُومِنٍ اَنْ يَّقْتُلَ مُومِناًۖ اِلَّا خَطَـٔاٗۖ وَمَن قَتَلَ مُومِناً خَطَـٔاٗ فَتَحْرِيرُ رَقَبَةٖ مُّومِنَةٖ وَدِيَةٞ مُّسَلَّمَةٌ اِلَىٰٓ أَهْلِهِۦٓ إِلَّآ أَنْ يَّصَّدَّقُواْۖ فَإِن كَانَ مِن قَوْمٍ عَدُوّٖ لَّكُمْ وَهُوَ مُومِنٞ فَتَحْرِيرُ رَقَبَةٖ مُّومِنَةٖۖ وَإِن كَانَ مِن قَوْمِۢ بَيْنَكُمْ وَبَيْنَهُم مِّيثَٰقٞ فَدِيَةٞ مُّسَلَّمَةٌ اِلَىٰٓ أَهْلِهِۦ وَتَحْرِيرُ رَقَبَةٖ مُّومِنَةٖۖ ۞ فَمَن لَّمْ يَجِدْ فَصِيَامُ شَهْرَيْنِ مُتَتَابِعَيْنِ تَوْبَةٗ مِّنَ اَ۬للَّهِۖ وَكَانَ اَ۬للَّهُ عَلِيماً حَكِيماٗۖ ﱚ
584,4,92,5,93,النِّسَاء,An-Nisā’,وَمَنْ يَّقْتُلْ مُومِناٗ مُّتَعَمِّداٗ فَجَزَآؤُهُۥ جَهَنَّمُ خَٰلِداٗ فِيهَا وَغَضِبَ اَ۬للَّهُ عَلَيْهِ وَلَعَنَهُۥ وَأَعَدَّ لَهُۥ عَذَاباً عَظِيماٗۖ ﱛ
585,4,93,5,93,النِّسَاء,An-Nisā’,يَٰٓأَيُّهَا اَ۬لذِينَ ءَامَنُوٓاْ إِذَا ضَرَبْتُمْ فِے سَبِيلِ اِ۬للَّهِ فَتَبَيَّنُواْۖ وَلَا تَقُولُواْ لِمَنَ اَلْق۪ىٰٓ إِلَيْكُمُ اُ۬لسَّلَمَ لَسْتَ مُومِناٗ تَبْتَغُونَ عَرَضَ اَ۬لْحَيَوٰةِ اِ۬لدُّنْي۪ا فَعِندَ اَ۬للَّهِ مَغَانِمُ كَثِيرَةٞۖ كَذَٰلِكَ كُنتُم مِّن قَبْلُ فَمَنَّ اَ۬للَّهُ عَلَيْكُمْۖ فَتَبَيَّنُوٓاْۖ إِنَّ اَ۬للَّهَ كَانَ بِمَا تَعْمَلُونَ خَبِيراٗۖ ﱜ
586,4,94,5,94,النِّسَاء,An-Nisā’,لَّا يَسْتَوِے اِ۬لْقَٰعِدُونَ مِنَ اَ۬لْمُومِنِينَ غَيْرَ أُوْلِے اِ۬لضَّرَرِ وَالْمُجَٰهِدُونَ فِے سَبِيلِ اِ۬للَّهِ بِأَمْوَٰلِهِمْ وَأَنفُسِهِمْۖ فَضَّلَ اَ۬للَّهُ اُ۬لْمُجَٰهِدِينَ بِأَمْوَٰلِهِمْ وَأَنفُسِهِمْ عَلَى اَ۬لْقَٰعِدِينَ دَرَجَةٗۖ وَكُلّاٗ وَعَدَ اَ۬للَّهُ اُ۬لْحُسْن۪ىٰۖ وَفَضَّلَ اَ۬للَّهُ اُ۬لْمُجَٰهِدِينَ عَلَى اَ۬لْقَٰعِدِينَ أَجْراً عَظِيماٗ ﱝ
587,4,95,5,94,النِّسَاء,An-Nisā’,دَرَجَٰتٖ مِّنْهُ وَمَغْفِرَةٗ وَرَحْمَةٗۖ وَكَانَ اَ۬للَّهُ غَفُوراٗ رَّحِيماًۖ ﱞ
588,4,96,5,94,النِّسَاء,An-Nisā’,اِنَّ اَ۬لذِينَ تَوَفّ۪يٰهُمُ اُ۬لْمَلَٰٓئِكَةُ ظَالِمِےٓ أَنفُسِهِمْ قَالُواْ فِيمَ كُنتُمْۖ قَالُواْ كُنَّا مُسْتَضْعَفِينَ فِے اِ۬لَارْضِۖ قَالُوٓاْ أَلَمْ تَكُنَ اَرْضُ اُ۬للَّهِ وَٰسِعَةٗ فَتُهَاجِرُواْ فِيهَاۖ فَأُوْلَٰٓئِكَ مَأْو۪يٰهُمْ جَهَنَّمُ وَسَآءَتْ مَصِيراً ﱟ
589,4,97,5,94,النِّسَاء,An-Nisā’,اِلَّا اَ۬لْمُسْتَضْعَفِينَ مِنَ اَ۬لرِّجَالِ وَالنِّسَآءِ وَالْوِلْدَٰنِ لَا يَسْتَطِيعُونَ حِيلَةٗ وَلَا يَهْتَدُونَ سَبِيلاٗۖ ﱠ
590,4,98,5,94,النِّسَاء,An-Nisā’,فَأُوْلَٰٓئِكَ عَسَى اَ۬للَّهُ أَنْ يَّعْفُوَ عَنْهُمْۖ وَكَانَ اَ۬للَّهُ عَفُوّاً غَفُوراٗۖ ﱡ
591,4,99,5,94,النِّسَاء,An-Nisā’,۞ وَمَنْ يُّهَاجِرْ فِے سَبِيلِ اِ۬للَّهِ يَجِدْ فِے اِ۬لَارْضِ مُرَٰغَماٗ كَثِيراٗ وَسَعَةٗۖ وَمَنْ يَّخْرُجْ مِنۢ بَيْتِهِۦ مُهَاجِراً اِلَى اَ۬للَّهِ وَرَسُولِهِۦ ثُمَّ يُدْرِكْهُ اُ۬لْمَوْتُ فَقَدْ وَقَعَ أَجْرُهُۥ عَلَى اَ۬للَّهِۖ وَكَانَ اَ۬للَّهُ غَفُوراٗ رَّحِيماٗۖ ﱢ
592,4,100,5,94,النِّسَاء,An-Nisā’,وَإِذَا ضَرَبْتُمْ فِے اِ۬لَارْضِ فَلَيْسَ عَلَيْكُمْ جُنَاحٌ اَن تَقْصُرُواْ مِنَ اَ۬لصَّلَوٰةِ إِنْ خِفْتُمُۥٓ أَنْ يَّفْتِنَكُمُ اُ۬لذِينَ كَفَرُوٓاْۖ إِنَّ اَ۬لْكٰ۪فِرِينَ كَانُواْ لَكُمْ عَدُوّاٗ مُّبِيناٗۖ ﱣ
593,4,101,5,95,النِّسَاء,An-Nisā’,وَإِذَا كُنتَ فِيهِمْ فَأَقَمْتَ لَهُمُ اُ۬لصَّلَوٰةَ فَلْتَقُمْ طَآئِفَةٞ مِّنْهُم مَّعَكَ وَلْيَاخُذُوٓاْ أَسْلِحَتَهُمْۖ فَإِذَا سَجَدُواْ فَلْيَكُونُواْ مِنْ وَّرَآئِكُمْۖ وَلْتَاتِ طَآئِفَةٌ ا۟خْر۪ىٰ لَمْ يُصَلُّواْ فَلْيُصَلُّواْ مَعَكَ وَلْيَاخُذُواْ حِذْرَهُمْ وَأَسْلِحَتَهُمْۖ وَدَّ اَ۬لذِينَ كَفَرُواْ لَوْ تَغْفُلُونَ عَنَ اَسْلِحَتِكُمْ وَأَمْتِعَتِكُمْ فَيَمِيلُونَ عَلَيْكُم مَّيْلَةٗ وَٰحِدَةٗۖ وَلَا جُنَاحَ عَلَيْكُمُۥٓ إِن كَانَ بِكُمُۥٓ أَذىٗ مِّن مَّطَرٍ اَوْ كُنتُم مَّرْض۪ىٰٓ أَن تَضَعُوٓاْ أَسْلِحَتَكُمْۖ وَخُذُواْ حِذْرَكُمُۥٓۖ إِنَّ اَ۬للَّهَ أَعَدَّ لِلْكٰ۪فِرِينَ عَذَاباٗ مُّهِيناٗۖ ﱤ
594,4,102,5,95,النِّسَاء,An-Nisā’,فَإِذَا قَضَيْتُمُ اُ۬لصَّلَوٰةَ فَاذْكُرُواْ اُ۬للَّهَ قِيَٰماٗ وَقُعُوداٗ وَعَلَىٰ جُنُوبِكُمْۖ فَإِذَا اَ۪طْمَأْنَنتُمْ فَأَقِيمُواْ اُ۬لصَّلَوٰةَۖ إِنَّ اَ۬لصَّلَوٰةَ كَانَتْ عَلَى اَ۬لْمُومِنِينَ كِتَٰباٗ مَّوْقُوتاٗۖ ﱥ
595,4,103,5,95,النِّسَاء,An-Nisā’,وَلَا تَهِنُواْ فِے اِ۪بْتِغَآءِ اِ۬لْقَوْمِۖ إِن تَكُونُواْ تَالَمُونَ فَإِنَّهُمْ يَالَمُونَ كَمَا تَالَمُونَ وَتَرْجُونَ مِنَ اَ۬للَّهِ مَا لَا يَرْجُونَۖ وَكَانَ اَ۬للَّهُ عَلِيماً حَكِيماًۖ ﱦ
596,4,104,5,95,النِّسَاء,An-Nisā’,۞ اِنَّآ أَنزَلْنَآ إِلَيْكَ اَ۬لْكِتَٰبَ بِالْحَقِّ لِتَحْكُمَ بَيْنَ اَ۬لنَّاسِ بِمَآ أَر۪يٰكَ اَ۬للَّهُۖ وَلَا تَكُن لِّلْخَآئِنِينَ خَصِيماٗۖ ﱧ
597,4,105,5,96,النِّسَاء,An-Nisā’,وَاسْتَغْفِرِ اِ۬للَّهَۖ إِنَّ اَ۬للَّهَ كَانَ غَفُوراٗ رَّحِيماٗۖ ﱨ
598,4,106,5,96,النِّسَاء,An-Nisā’,وَلَا تُجَٰدِلْ عَنِ اِ۬لذِينَ يَخْتَانُونَ أَنفُسَهُمُۥٓۖ إِنَّ اَ۬للَّهَ لَا يُحِبُّ مَن كَانَ خَوَّاناً اَثِيماٗۖ ﱩ
599,4,107,5,96,النِّسَاء,An-Nisā’,يَسْتَخْفُونَ مِنَ اَ۬لنَّاسِ وَلَا يَسْتَخْفُونَ مِنَ اَ۬للَّهِ وَهُوَ مَعَهُمُۥٓ إِذْ يُبَيِّتُونَ مَا لَا يَرْض۪ىٰ مِنَ اَ۬لْقَوْلِۖ وَكَانَ اَ۬للَّهُ بِمَا يَعْمَلُونَ مُحِيطاًۖ ﱪ
600,4,108,5,96,النِّسَاء,An-Nisā’,هَآنتُمْ هَٰٓؤُلَآءِ جَٰدَلْتُمْ عَنْهُمْ فِے اِ۬لْحَيَوٰةِ اِ۬لدُّنْي۪ا فَمَنْ يُّجَٰدِلُ اُ۬للَّهَ عَنْهُمْ يَوْمَ اَ۬لْقِيَٰمَةِ أَم مَّنْ يَّكُونُ عَلَيْهِمْ وَكِيلاٗۖ ﱫ
601,4,109,5,96,النِّسَاء,An-Nisā’,وَمَنْ يَّعْمَلْ سُوٓءاً اَوْ يَظْلِمْ نَفْسَهُۥ ثُمَّ يَسْتَغْفِرِ اِ۬للَّهَ يَجِدِ اِ۬للَّهَ غَفُوراٗ رَّحِيماٗۖ ﱬ
602,4,110,5,96,النِّسَاء,An-Nisā’,وَمَنْ يَّكْسِبِ اِثْماٗ فَإِنَّمَا يَكْسِبُهُۥ عَلَىٰ نَفْسِهِۦۖ وَكَانَ اَ۬للَّهُ عَلِيماً حَكِيماٗۖ ﱭ
603,4,111,5,96,النِّسَاء,An-Nisā’,وَمَنْ يَّكْسِبْ خَطِيٓـَٔةً اَوِ اِثْماٗ ثُمَّ يَرْمِ بِهِۦ بَرِيٓـٔاٗ فَقَدِ اِ۪حْتَمَلَ بُهْتَٰناٗ وَإِثْماٗ مُّبِيناٗۖ ﱮ
604,4,112,5,96,النِّسَاء,An-Nisā’,وَلَوْلَا فَضْلُ اُ۬للَّهِ عَلَيْكَ وَرَحْمَتُهُۥ لَهَمَّت طَّآئِفَةٞ مِّنْهُمُۥٓ أَنْ يُّضِلُّوكَۖ وَمَا يُضِلُّونَ إِلَّآ أَنفُسَهُمْ وَمَا يَضُرُّونَكَ مِن شَےْءٖۖ وَأَنزَلَ اَ۬للَّهُ عَلَيْكَ اَ۬لْكِتَٰبَ وَالْحِكْمَةَ وَعَلَّمَكَ مَا لَمْ تَكُن تَعْلَمُۖ وَكَانَ فَضْلُ اُ۬للَّهِ عَلَيْكَ عَظِيماٗۖ ﱯ
605,4,113,5,97,النِّسَاء,An-Nisā’,۞ لَّا خَيْرَ فِے كَثِيرٖ مِّن نَّجْو۪يٰهُمُۥٓ إِلَّا مَنَ اَمَرَ بِصَدَقَةٍ اَوْ مَعْرُوفٍ اَوِ اِصْلَٰحِۢ بَيْنَ اَ۬لنَّاسِۖ وَمَنْ يَّفْعَلْ ذَٰلِكَ اَ۪بْتِغَآءَ مَرْضَاتِ اِ۬للَّهِ فَسَوْفَ نُوتِيهِ أَجْراً عَظِيماٗۖ ﱰ
606,4,114,5,97,النِّسَاء,An-Nisā’,وَمَنْ يُّشَاقِقِ اِ۬لرَّسُولَ مِنۢ بَعْدِ مَا تَبَيَّنَ لَهُ اُ۬لْهُد۪ىٰ وَيَتَّبِعْ غَيْرَ سَبِيلِ اِ۬لْمُومِنِينَ نُوَلِّهِۦ مَا تَوَلّ۪ىٰ وَنُصْلِهِۦ جَهَنَّمَۖ وَسَآءَتْ مَصِيراًۖ ﱱ
607,4,115,5,97,النِّسَاء,An-Nisā’,اِنَّ اَ۬للَّهَ لَا يَغْفِرُ أَنْ يُّشْرَكَ بِهِۦۖ وَيَغْفِرُ مَا دُونَ ذَٰلِكَ لِمَنْ يَّشَآءُۖ وَمَنْ يُّشْرِكْ بِاللَّهِ فَقَد ضَّلَّ ضَلَٰلاَۢ بَعِيداًۖ ﱲ
608,4,116,5,97,النِّسَاء,An-Nisā’,اِنْ يَّدْعُونَ مِن دُونِهِۦٓ إِلَّآ إِنَٰثاٗ وَإِنْ يَّدْعُونَ إِلَّا شَيْطَٰناٗ مَّرِيداٗ ﱳ
609,4,117,5,97,النِّسَاء,An-Nisā’,لَّعَنَهُ اُ۬للَّهُۖ وَقَالَ لَأَتَّخِذَنَّ مِنْ عِبَادِكَ نَصِيباٗ مَّفْرُوضاٗ ﱴ
610,4,118,5,97,النِّسَاء,An-Nisā’,وَلَأُضِلَّنَّهُمْ وَلَأُمَنِّيَنَّهُمْ وَلَأٓمُرَنَّهُمْ فَلَيُبَتِّكُنَّ ءَاذَانَ اَ۬لَانْعَٰمِ وَلَأٓمُرَنَّهُمْ فَلَيُغَيِّرُنَّ خَلْقَ اَ۬للَّهِۖ وَمَنْ يَّتَّخِذِ اِ۬لشَّيْطَٰنَ وَلِيّاٗ مِّن دُونِ اِ۬للَّهِ فَقَدْ خَسِرَ خُسْرَاناٗ مُّبِيناٗۖ ﱵ
611,4,119,5,97,النِّسَاء,An-Nisā’,يَعِدُهُمْ وَيُمَنِّيهِمْۖ وَمَا يَعِدُهُمُ اُ۬لشَّيْطَٰنُ إِلَّا غُرُوراًۖ ﱶ
612,4,120,5,97,النِّسَاء,An-Nisā’,ا۟وْلَٰٓئِكَ مَأْو۪يٰهُمْ جَهَنَّمُۖ وَلَا يَجِدُونَ عَنْهَا مَحِيصاٗۖ ﱷ
613,4,121,5,98,النِّسَاء,An-Nisā’,وَالذِينَ ءَامَنُواْ وَعَمِلُواْ اُ۬لصَّٰلِحَٰتِ سَنُدْخِلُهُمْ جَنَّٰتٖ تَجْرِے مِن تَحْتِهَا اَ۬لَانْهَٰرُ خَٰلِدِينَ فِيهَآ أَبَداٗۖ وَعْدَ اَ۬للَّهِ حَقّاٗۖ وَمَنَ اَصْدَقُ مِنَ اَ۬للَّهِ قِيلاٗۖ ﱸ
614,4,122,5,98,النِّسَاء,An-Nisā’,لَّيْسَ بِأَمَانِيِّكُمْ وَلَآ أَمَانِيِّ أَهْلِ اِ۬لْكِتَٰبِۖ مَنْ يَّعْمَلْ سُوٓءاٗ يُجْزَ بِهِۦ وَلَا يَجِدْ لَهُۥ مِن دُونِ اِ۬للَّهِ وَلِيّاٗ وَلَا نَصِيراٗۖ ﱹ
615,4,123,5,98,النِّسَاء,An-Nisā’,۞ وَمَنْ يَّعْمَلْ مِنَ اَ۬لصَّٰلِحَٰتِ مِن ذَكَرٍ اَوُ ا۟نث۪ىٰ وَهُوَ مُومِنٞ فَأُوْلَٰٓئِكَ يَدْخُلُونَ اَ۬لْجَنَّةَ وَلَا يُظْلَمُونَ نَقِيراٗۖ ﱺ
616,4,124,5,98,النِّسَاء,An-Nisā’,وَمَنَ اَحْسَنُ دِيناٗ مِّمَّنَ اَسْلَمَ وَجْهَهُۥ لِلهِ وَهُوَ مُحْسِنٞ وَاتَّبَعَ مِلَّةَ إِبْرَٰهِيمَ حَنِيفاٗۖ وَاتَّخَذَ اَ۬للَّهُ إِبْرَٰهِيمَ خَلِيلاٗۖ ﱻ
617,4,125,5,98,النِّسَاء,An-Nisā’,وَلِلهِ مَا فِے اِ۬لسَّمَٰوَٰتِ وَمَا فِے اِ۬لَارْضِۖ وَكَانَ اَ۬للَّهُ بِكُلِّ شَےْءٖ مُّحِيطاٗۖ ﱼ
618,4,126,5,98,النِّسَاء,An-Nisā’,وَيَسْتَفْتُونَكَ فِے اِ۬لنِّسَآءِۖ قُلِ اِ۬للَّهُ يُفْتِيكُمْ فِيهِنَّ وَمَا يُتْل۪ىٰ عَلَيْكُمْ فِے اِ۬لْكِتَٰبِ فِے يَتَٰمَى اَ۬لنِّسَآءِ اِ۬لتِے لَا تُوتُونَهُنَّ مَا كُتِبَ لَهُنَّ وَتَرْغَبُونَ أَن تَنكِحُوهُنَّ وَالْمُسْتَضْعَفِينَ مِنَ اَ۬لْوِلْدَٰنِ وَأَن تَقُومُواْ لِلْيَتَٰم۪ىٰ بِالْقِسْطِۖ وَمَا تَفْعَلُواْ مِنْ خَيْرٖ فَإِنَّ اَ۬للَّهَ كَانَ بِهِۦ عَلِيماٗۖ ﱽ
619,4,127,5,99,النِّسَاء,An-Nisā’,وَإِنِ اِ۪مْرَأَةٌ خَافَتْ مِنۢ بَعْلِهَا نُشُوزاً اَوِ اِعْرَاضاٗ فَلَا جُنَاحَ عَلَيْهِمَآ أَنْ يَّصَّٰلَحَا بَيْنَهُمَا صُلْحاٗۖ وَالصُّلْحُ خَيْرٞۖ وَأُحْضِرَتِ اِ۬لَانفُسُ اُ۬لشُّحَّۖ وَإِن تُحْسِنُواْ وَتَتَّقُواْ فَإِنَّ اَ۬للَّهَ كَانَ بِمَا تَعْمَلُونَ خَبِيراٗۖ ﱾ
620,4,128,5,99,النِّسَاء,An-Nisā’,وَلَن تَسْتَطِيعُوٓاْ أَن تَعْدِلُواْ بَيْنَ اَ۬لنِّسَآءِ وَلَوْ حَرَصْتُمْۖ فَلَا تَمِيلُواْ كُلَّ اَ۬لْمَيْلِ فَتَذَرُوهَا كَالْمُعَلَّقَةِۖ وَإِن تُصْلِحُواْ وَتَتَّقُواْ فَإِنَّ اَ۬للَّهَ كَانَ غَفُوراٗ رَّحِيماٗۖ ﱿ
621,4,129,5,99,النِّسَاء,An-Nisā’,۞ وَإِنْ يَّتَفَرَّقَا يُغْنِ اِ۬للَّهُ كُلّاٗ مِّن سَعَتِهِۦۖ وَكَانَ اَ۬للَّهُ وَٰسِعاً حَكِيماٗۖ ﲀ
622,4,130,5,99,النِّسَاء,An-Nisā’,وَلِلهِ مَا فِے اِ۬لسَّمَٰوَٰتِ وَمَا فِے اِ۬لَارْضِۖ وَلَقَدْ وَصَّيْنَا اَ۬لذِينَ أُوتُواْ اُ۬لْكِتَٰبَ مِن قَبْلِكُمْ وَإِيَّاكُمُۥٓ أَنِ اِ۪تَّقُواْ اُ۬للَّهَۖ وَإِن تَكْفُرُواْ فَإِنَّ لِلهِ مَا فِے اِ۬لسَّمَٰوَٰتِ وَمَا فِے اِ۬لَارْضِۖ وَكَانَ اَ۬للَّهُ غَنِيّاً حَمِيداٗۖ ﲁ
623,4,131,5,99,النِّسَاء,An-Nisā’,وَلِلهِ مَا فِے اِ۬لسَّمَٰوَٰتِ وَمَا فِے اِ۬لَارْضِۖ وَكَف۪ىٰ بِاللَّهِ وَكِيلاًۖ ﲂ
624,4,132,5,99,النِّسَاء,An-Nisā’,اِنْ يَّشَأْ يُذْهِبْكُمُۥٓ أَيُّهَا اَ۬لنَّاسُ وَيَاتِ بِـَٔاخَرِينَۖ وَكَانَ اَ۬للَّهُ عَلَىٰ ذَٰلِكَ قَدِيراٗۖ ﲃ
625,4,133,5,99,النِّسَاء,An-Nisā’,مَّن كَانَ يُرِيدُ ثَوَابَ اَ۬لدُّنْي۪ا فَعِندَ اَ۬للَّهِ ثَوَابُ اُ۬لدُّنْي۪ا وَالَاخِرَةِۖ وَكَانَ اَ۬للَّهُ سَمِيعاَۢ بَصِيراٗۖ ﲄ
626,4,134,5,100,النِّسَاء,An-Nisā’,يَٰٓأَيُّهَا اَ۬لذِينَ ءَامَنُواْ كُونُواْ قَوَّٰمِينَ بِالْقِسْطِ شُهَدَآءَ لِلهِ وَلَوْ عَلَىٰٓ أَنفُسِكُمُۥٓ أَوِ اِ۬لْوَٰلِدَيْنِ وَالَاقْرَبِينَۖ إِنْ يَّكُنْ غَنِيّاً اَوْ فَقِيراٗ فَاللَّهُ أَوْل۪ىٰ بِهِمَا فَلَا تَتَّبِعُواْ اُ۬لْهَو۪ىٰٓ أَن تَعْدِلُواْۖ وَإِن تَلْوُۥٓاْ أَوْ تُعْرِضُواْ فَإِنَّ اَ۬للَّهَ كَانَ بِمَا تَعْمَلُونَ خَبِيراٗۖ ﲅ
627,4,135,5,100,النِّسَاء,An-Nisā’,يَٰٓأَيُّهَا اَ۬لذِينَ ءَامَنُوٓاْ ءَامِنُواْ بِاللَّهِ وَرَسُولِهِۦ وَالْكِتَٰبِ اِ۬لذِے نَزَّلَ عَلَىٰ رَسُولِهِۦ وَالْكِتَٰبِ اِ۬لذِےٓ أَنزَلَ مِن قَبْلُۖ وَمَنْ يَّكْفُرْ بِاللَّهِ وَمَلَٰٓئِكَتِهِۦ وَكُتُبِهِۦ وَرُسُلِهِۦ وَالْيَوْمِ اِ۬لَاخِرِ فَقَد ضَّلَّ ضَلَٰلاَۢ بَعِيداًۖ ﲆ
628,4,136,5,100,النِّسَاء,An-Nisā’,اِنَّ اَ۬لذِينَ ءَامَنُواْ ثُمَّ كَفَرُواْ ثُمَّ ءَامَنُواْ ثُمَّ كَفَرُواْ ثُمَّ اَ۪زْدَادُواْ كُفْراٗ لَّمْ يَكُنِ اِ۬للَّهُ لِيَغْفِرَ لَهُمْ وَلَا لِيَهْدِيَهُمْ سَبِيلاَۢۖ ﲇ
629,4,137,5,100,النِّسَاء,An-Nisā’,بَشِّرِ اِ۬لْمُنَٰفِقِينَ بِأَنَّ لَهُمْ عَذَاباً اَلِيماً ﲈ
630,4,138,5,100,النِّسَاء,An-Nisā’,اِ۬لذِينَ يَتَّخِذُونَ اَ۬لْكٰ۪فِرِينَ أَوْلِيَآءَ مِن دُونِ اِ۬لْمُومِنِينَۖ أَيَبْتَغُونَ عِندَهُمُ اُ۬لْعِزَّةَ فَإِنَّ اَ۬لْعِزَّةَ لِلهِ جَمِيعاٗۖ ﲉ
631,4,139,5,100,النِّسَاء,An-Nisā’,۞ وَقَدْ نُزِّلَ عَلَيْكُمْ فِے اِ۬لْكِتَٰبِ أَنِ اِذَا سَمِعْتُمُۥٓ ءَايَٰتِ اِ۬للَّهِ يُكْفَرُ بِهَا وَيُسْتَهْزَأُ بِهَا فَلَا تَقْعُدُواْ مَعَهُمْ حَتَّىٰ يَخُوضُواْ فِے حَدِيثٍ غَيْرِهِۦٓۖ إِنَّكُمُۥٓ إِذاٗ مِّثْلُهُمُۥٓۖ إِنَّ اَ۬للَّهَ جَامِعُ اُ۬لْمُنَٰفِقِينَ وَالْكٰ۪فِرِينَ فِے جَهَنَّمَ جَمِيعاً ﲊ
632,4,140,5,101,النِّسَاء,An-Nisā’,اِ۬لذِينَ يَتَرَبَّصُونَ بِكُمْ فَإِن كَانَ لَكُمْ فَتْحٞ مِّنَ اَ۬للَّهِ قَالُوٓاْ أَلَمْ نَكُن مَّعَكُمْ وَإِن كَانَ لِلْكٰ۪فِرِينَ نَصِيبٞ قَالُوٓاْ أَلَمْ نَسْتَحْوِذْ عَلَيْكُمْ وَنَمْنَعْكُم مِّنَ اَ۬لْمُومِنِينَۖ فَاللَّهُ يَحْكُمُ بَيْنَكُمْ يَوْمَ اَ۬لْقِيَٰمَةِۖ وَلَنْ يَّجْعَلَ اَ۬للَّهُ لِلْكٰ۪فِرِينَ عَلَى اَ۬لْمُومِنِينَ سَبِيلاًۖ ﲋ
633,4,141,5,101,النِّسَاء,An-Nisā’,اِنَّ اَ۬لْمُنَٰفِقِينَ يُخَٰدِعُونَ اَ۬للَّهَ وَهُوَ خَٰدِعُهُمْۖ وَإِذَا قَامُوٓاْ إِلَى اَ۬لصَّلَوٰةِ قَامُواْ كُسَال۪ىٰ يُرَآءُونَ اَ۬لنَّاسَ وَلَا يَذْكُرُونَ اَ۬للَّهَ إِلَّا قَلِيلاٗ ﲌ
634,4,142,5,101,النِّسَاء,An-Nisā’,مُّذَبْذَبِينَ بَيْنَ ذَٰلِكَ لَآ إِلَىٰ هَٰٓؤُلَآءِ وَلَآ إِلَىٰ هَٰٓؤُلَآءِۖ وَمَنْ يُّضْلِلِ اِ۬للَّهُ فَلَن تَجِدَ لَهُۥ سَبِيلاٗۖ ﲍ
635,4,143,5,101,النِّسَاء,An-Nisā’,يَٰٓأَيُّهَا اَ۬لذِينَ ءَامَنُواْ لَا تَتَّخِذُواْ اُ۬لْكٰ۪فِرِينَ أَوْلِيَآءَ مِن دُونِ اِ۬لْمُومِنِينَۖ أَتُرِيدُونَ أَن تَجْعَلُواْ لِلهِ عَلَيْكُمْ سُلْطَٰناٗ مُّبِيناًۖ ﲎ
636,4,144,5,101,النِّسَاء,An-Nisā’,اِنَّ اَ۬لْمُنَٰفِقِينَ فِے اِ۬لدَّرَكِ اِ۬لَاسْفَلِ مِنَ اَ۬لنّ۪ارِ وَلَن تَجِدَ لَهُمْ نَصِيراًۖ ﲏ
637,4,145,5,101,النِّسَاء,An-Nisā’,اِلَّا اَ۬لذِينَ تَابُواْ وَأَصْلَحُواْ وَاعْتَصَمُواْ بِاللَّهِ وَأَخْلَصُواْ دِينَهُمْ لِلهِ فَأُوْلَٰٓئِكَ مَعَ اَ۬لْمُومِنِينَۖ وَسَوْفَ يُوتِ اِ۬للَّهُ اُ۬لْمُومِنِينَ أَجْراً عَظِيماٗۖ ﲐ
638,4,146,5,101,النِّسَاء,An-Nisā’,مَّا يَفْعَلُ اُ۬للَّهُ بِعَذَابِكُمُۥٓ إِن شَكَرْتُمْ وَءَامَنتُمْۖ وَكَانَ اَ۬للَّهُ شَاكِراً عَلِيماٗۖ ﲑ
639,4,147,6,102,النِّسَاء,An-Nisā’,۞ لَّا يُحِبُّ اُ۬للَّهُ اُ۬لْجَهْرَ بِالسُّوٓءِ مِنَ اَ۬لْقَوْلِ إِلَّا مَن ظُلِمَۖ وَكَانَ اَ۬للَّهُ سَمِيعاً عَلِيماًۖ ﲒ
640,4,148,6,102,النِّسَاء,An-Nisā’,اِن تُبْدُواْ خَيْراً اَوْ تُخْفُوهُ أَوْ تَعْفُواْ عَن سُوٓءٖ فَإِنَّ اَ۬للَّهَ كَانَ عَفُوّاٗ قَدِيراًۖ ﲓ
641,4,149,6,102,النِّسَاء,An-Nisā’,اِنَّ اَ۬لذِينَ يَكْفُرُونَ بِاللَّهِ وَرُسُلِهِۦ وَيُرِيدُونَ أَنْ يُّفَرِّقُواْ بَيْنَ اَ۬للَّهِ وَرُسُلِهِۦ وَيَقُولُونَ نُومِنُ بِبَعْضٖ وَنَكْفُرُ بِبَعْضٖ وَيُرِيدُونَ أَنْ يَّتَّخِذُواْ بَيْنَ ذَٰلِكَ سَبِيلاً ﲔ
642,4,150,6,102,النِّسَاء,An-Nisā’,ا۟وْلَٰٓئِكَ هُمُ اُ۬لْكَٰفِرُونَ حَقّاٗۖ وَأَعْتَدْنَا لِلْكٰ۪فِرِينَ عَذَاباٗ مُّهِيناٗۖ ﲕ
643,4,151,6,102,النِّسَاء,An-Nisā’,وَالذِينَ ءَامَنُواْ بِاللَّهِ وَرُسُلِهِۦ وَلَمْ يُفَرِّقُواْ بَيْنَ أَحَدٖ مِّنْهُمُۥٓ أُوْلَٰٓئِكَ سَوْفَ نُوتِيهِمُۥٓ أُجُورَهُمْۖ وَكَانَ اَ۬للَّهُ غَفُوراٗ رَّحِيماٗۖ ﲖ
644,4,152,6,102,النِّسَاء,An-Nisā’,يَسْـَٔلُكَ أَهْلُ اُ۬لْكِتَٰبِ أَن تُنَزِّلَ عَلَيْهِمْ كِتَٰباٗ مِّنَ اَ۬لسَّمَآءِۖ فَقَدْ سَأَلُواْ مُوس۪ىٰٓ أَكْبَرَ مِن ذَٰلِكَ فَقَالُوٓاْ أَرِنَا اَ۬للَّهَ جَهْرَةٗ فَأَخَذَتْهُمُ اُ۬لصَّٰعِقَةُ بِظُلْمِهِمْۖ ثُمَّ اَ۪تَّخَذُواْ اُ۬لْعِجْلَ مِنۢ بَعْدِ مَا جَآءَتْهُمُ اُ۬لْبَيِّنَٰتُ فَعَفَوْنَا عَن ذَٰلِكَۖ وَءَاتَيْنَا مُوس۪ىٰ سُلْطَٰناٗ مُّبِيناٗۖ ﲗ
645,4,153,6,102,النِّسَاء,An-Nisā’,وَرَفَعْنَا فَوْقَهُمُ اُ۬لطُّورَ بِمِيثَٰقِهِمْۖ وَقُلْنَا لَهُمُ اُ۟دْخُلُواْ اُ۬لْبَابَ سُجَّداٗۖ وَقُلْنَا لَهُمْ لَا تَعَدُّواْ فِے اِ۬لسَّبْتِۖ وَأَخَذْنَا مِنْهُم مِّيثَٰقاً غَلِيظاٗۖ ﲘ
646,4,154,6,103,النِّسَاء,An-Nisā’,فَبِمَا نَقْضِهِم مِّيثَٰقَهُمْ وَكُفْرِهِم بِـَٔايَٰتِ اِ۬للَّهِ وَقَتْلِهِمُ اُ۬لَانۢبِئَآءَ بِغَيْرِ حَقّٖ وَقَوْلِهِمْ قُلُوبُنَا غُلْفُۢ بَلْ طَبَعَ اَ۬للَّهُ عَلَيْهَا بِكُفْرِهِمْ فَلَا يُومِنُونَ إِلَّا قَلِيلاٗ ﲙ
647,4,155,6,103,النِّسَاء,An-Nisā’,وَبِكُفْرِهِمْ وَقَوْلِهِمْ عَلَىٰ مَرْيَمَ بُهْتَٰناً عَظِيماٗ ﲚ
648,4,156,6,103,النِّسَاء,An-Nisā’,وَقَوْلِهِمُۥٓ إِنَّا قَتَلْنَا اَ۬لْمَسِيحَ عِيسَى اَ۪بْنَ مَرْيَمَ رَسُولَ اَ۬للَّهِۖ ۞ وَمَا قَتَلُوهُ وَمَا صَلَبُوهُ وَلَٰكِن شُبِّهَ لَهُمْۖ وَإِنَّ اَ۬لذِينَ اَ۪خْتَلَفُواْ فِيهِ لَفِے شَكّٖ مِّنْهُۖ مَا لَهُم بِهِۦ مِنْ عِلْمٍۖ اِلَّا اَ۪تِّبَاعَ اَ۬لظَّنِّۖ وَمَا قَتَلُوهُ يَقِيناَۢۖ ﲛ
649,4,157,6,103,النِّسَاء,An-Nisā’,بَل رَّفَعَهُ اُ۬للَّهُ إِلَيْهِۖ وَكَانَ اَ۬للَّهُ عَزِيزاً حَكِيماٗۖ ﲜ
650,4,158,6,103,النِّسَاء,An-Nisā’,وَإِن مِّنَ اَهْلِ اِ۬لْكِتَٰبِ إِلَّا لَيُومِنَنَّ بِهِۦ قَبْلَ مَوْتِهِۦ وَيَوْمَ اَ۬لْقِيَٰمَةِ يَكُونُ عَلَيْهِمْ شَهِيداٗۖ ﲝ
651,4,159,6,103,النِّسَاء,An-Nisā’,فَبِظُلْمٖ مِّنَ اَ۬لذِينَ هَادُواْ حَرَّمْنَا عَلَيْهِمْ طَيِّبَٰتٍ ا۟حِلَّتْ لَهُمْ وَبِصَدِّهِمْ عَن سَبِيلِ اِ۬للَّهِ كَثِيراٗ ﲞ
652,4,160,6,103,النِّسَاء,An-Nisā’,وَأَخْذِهِمُ اُ۬لرِّبَوٰاْ وَقَدْ نُهُواْ عَنْهُ وَأَكْلِهِمُۥٓ أَمْوَٰلَ اَ۬لنَّاسِ بِالْبَٰطِلِۖ وَأَعْتَدْنَا لِلْكٰ۪فِرِينَ مِنْهُمْ عَذَاباً اَلِيماٗۖ ﲟ
653,4,161,6,103,النِّسَاء,An-Nisā’,لَّٰكِنِ اِ۬لرَّٰسِخُونَ فِے اِ۬لْعِلْمِ مِنْهُمْ وَالْمُومِنُونَ يُومِنُونَ بِمَآ أُنزِلَ إِلَيْكَ وَمَآ أُنزِلَ مِن قَبْلِكَ وَالْمُقِيمِينَ اَ۬لصَّلَوٰةَۖ وَالْمُوتُونَ اَ۬لزَّكَوٰةَ وَالْمُومِنُونَ بِاللَّهِ وَالْيَوْمِ اِ۬لَاخِرِ أُوْلَٰٓئِكَ سَنُوتِيهِمُۥٓ أَجْراً عَظِيماًۖ ﲠ
654,4,162,6,104,النِّسَاء,An-Nisā’,اِنَّآ أَوْحَيْنَآ إِلَيْكَ كَمَآ أَوْحَيْنَآ إِلَىٰ نُوحٖ وَالنَّبِيٓـِٕۧنَ مِنۢ بَعْدِهِۦۖ وَأَوْحَيْنَآ إِلَىٰٓ إِبْرَٰهِيمَ وَإِسْمَٰعِيلَ وَإِسْحَٰقَ وَيَعْقُوبَ وَالَاسْبَاطِ وَعِيس۪ىٰ وَأَيُّوبَ وَيُونُسَ وَهَٰرُونَ وَسُلَيْمَٰنَۖ وَءَاتَيْنَا دَاوُۥدَ زَبُوراٗۖ ﲡ
655,4,163,6,104,النِّسَاء,An-Nisā’,وَرُسُلاٗ قَدْ قَصَصْنَٰهُمْ عَلَيْكَ مِن قَبْلُ وَرُسُلاٗ لَّمْ نَقْصُصْهُمْ عَلَيْكَۖ وَكَلَّمَ اَ۬للَّهُ مُوس۪ىٰ تَكْلِيماٗۖ ﲢ
656,4,164,6,104,النِّسَاء,An-Nisā’,رُّسُلاٗ مُّبَشِّرِينَ وَمُنذِرِينَ لِيَ۬لَّا يَكُونَ لِلنَّاسِ عَلَى اَ۬للَّهِ حُجَّةُۢ بَعْدَ اَ۬لرُّسُلِۖ وَكَانَ اَ۬للَّهُ عَزِيزاً حَكِيماٗۖ ﲣ
657,4,165,6,104,النِّسَاء,An-Nisā’,۞ لَّٰكِنِ اِ۬للَّهُ يَشْهَدُ بِمَآ أَنزَلَ إِلَيْكَۖ أَنزَلَهُۥ بِعِلْمِهِۦ وَالْمَلَٰٓئِكَةُ يَشْهَدُونَۖ وَكَف۪ىٰ بِاللَّهِ شَهِيداًۖ ﲤ
658,4,166,6,104,النِّسَاء,An-Nisā’,اِنَّ اَ۬لذِينَ كَفَرُواْ وَصَدُّواْ عَن سَبِيلِ اِ۬للَّهِ قَد ضَّلُّواْ ضَلَٰلاَۢ بَعِيداًۖ ﲥ
659,4,167,6,104,النِّسَاء,An-Nisā’,اِنَّ اَ۬لذِينَ كَفَرُواْ وَظَلَمُواْ لَمْ يَكُنِ اِ۬للَّهُ لِيَغْفِرَ لَهُمْ وَلَا لِيَهْدِيَهُمْ طَرِيقاً ﲦ
660,4,168,6,104,النِّسَاء,An-Nisā’,اِلَّا طَرِيقَ جَهَنَّمَ خَٰلِدِينَ فِيهَآ أَبَداٗۖ وَكَانَ ذَٰلِكَ عَلَى اَ۬للَّهِ يَسِيراٗۖ ﲧ
661,4,169,6,104,النِّسَاء,An-Nisā’,يَٰٓأَيُّهَا اَ۬لنَّاسُ قَدْ جَآءَكُمُ اُ۬لرَّسُولُ بِالْحَقِّ مِن رَّبِّكُمْ فَـَٔامِنُواْ خَيْراٗ لَّكُمْۖ وَإِن تَكْفُرُواْ فَإِنَّ لِلهِ مَا فِے اِ۬لسَّمَٰوَٰتِ وَالَارْضِۖ وَكَانَ اَ۬للَّهُ عَلِيماً حَكِيماٗۖ ﲨ
662,4,170,6,105,النِّسَاء,An-Nisā’,يَٰٓأَهْلَ اَ۬لْكِتَٰبِ لَا تَغْلُواْ فِے دِينِكُمْ وَلَا تَقُولُواْ عَلَى اَ۬للَّهِ إِلَّا اَ۬لْحَقَّۖ إِنَّمَا اَ۬لْمَسِيحُ عِيسَى اَ۪بْنُ مَرْيَمَ رَسُولُ اُ۬للَّهِ وَكَلِمَتُهُۥٓۖ أَلْق۪يٰهَآ إِلَىٰ مَرْيَمَ وَرُوحٞ مِّنْهُۖ فَـَٔامِنُواْ بِاللَّهِ وَرُسُلِهِۦۖ وَلَا تَقُولُواْ ثَلَٰثَةٌۖ اِ۪نتَهُواْ خَيْراٗ لَّكُمُۥٓۖ إِنَّمَا اَ۬للَّهُ إِلَٰهٞ وَٰحِدٞۖ سُبْحَٰنَهُۥٓ أَنْ يَّكُونَ لَهُۥ وَلَدٞۖ لَّهُۥ مَا فِے اِ۬لسَّمَٰوَٰتِ وَمَا فِے اِ۬لَارْضِۖ وَكَف۪ىٰ بِاللَّهِ وَكِيلاٗۖ ﲩ
663,4,171,6,105,النِّسَاء,An-Nisā’,لَّنْ يَّسْتَنكِفَ اَ۬لْمَسِيحُ أَنْ يَّكُونَ عَبْداٗ لِّلهِ وَلَا اَ۬لْمَلَٰٓئِكَةُ اُ۬لْمُقَرَّبُونَۖ وَمَنْ يَّسْتَنكِفْ عَنْ عِبَادَتِهِۦ وَيَسْتَكْبِرْ فَسَيَحْشُرُهُمُۥٓ إِلَيْهِ جَمِيعاٗۖ ﲪ
664,4,172,6,105,النِّسَاء,An-Nisā’,فَأَمَّا اَ۬لذِينَ ءَامَنُواْ وَعَمِلُواْ اُ۬لصَّٰلِحَٰتِ فَيُوَفِّيهِمُۥٓ أُجُورَهُمْ وَيَزِيدُهُم مِّن فَضْلِهِۦۖ وَأَمَّا اَ۬لذِينَ اَ۪سْتَنكَفُواْ وَاسْتَكْبَرُواْ فَيُعَذِّبُهُمْ عَذَاباً اَلِيماٗ وَلَا يَجِدُونَ لَهُم مِّن دُونِ اِ۬للَّهِ وَلِيّاٗ وَلَا نَصِيراٗۖ ﲫ
665,4,173,6,105,النِّسَاء,An-Nisā’,۞ يَٰٓأَيُّهَا اَ۬لنَّاسُ قَدْ جَآءَكُم بُرْهَٰنٞ مِّن رَّبِّكُمْ وَأَنزَلْنَآ إِلَيْكُمْ نُوراٗ مُّبِيناٗۖ ﲬ
666,4,174,6,105,النِّسَاء,An-Nisā’,فَأَمَّا اَ۬لذِينَ ءَامَنُواْ بِاللَّهِ وَاعْتَصَمُواْ بِهِۦ فَسَيُدْخِلُهُمْ فِے رَحْمَةٖ مِّنْهُ وَفَضْلٖ وَيَهْدِيهِمُۥٓ إِلَيْهِ صِرَٰطاٗ مُّسْتَقِيماٗۖ ﲭ
667,4,175,6,106,النِّسَاء,An-Nisā’,يَسْتَفْتُونَكَۖ قُلِ اِ۬للَّهُ يُفْتِيكُمْ فِے اِ۬لْكَلَٰلَةِۖ إِنِ اِ۪مْرُؤٌاْ هَلَكَ لَيْسَ لَهُۥ وَلَدٞ وَلَهُۥٓ أُخْتٞ فَلَهَا نِصْفُ مَا تَرَكَۖ وَهُوَ يَرِثُهَآ إِن لَّمْ يَكُن لَّهَا وَلَدٞۖ فَإِن كَانَتَا اَ۪ثْنَتَيْنِ فَلَهُمَا اَ۬لثُّلُثَٰنِ مِمَّا تَرَكَۖ وَإِن كَانُوٓاْ إِخْوَةٗ رِّجَالاٗ وَنِسَآءٗ فَلِلذَّكَرِ مِثْلُ حَظِّ اِ۬لُانثَيَيْنِۖ يُبَيِّنُ اُ۬للَّهُ لَكُمُۥٓ أَن تَضِلُّواْۖ وَاللَّهُ بِكُلِّ شَےْءٍ عَلِيمٞۖ ﲮ
668,5,1,6,106,المَائدة,Al-Mā’idah,يَٰٓأَيُّهَا اَ۬لذِينَ ءَامَنُوٓاْ أَوْفُواْ بِالْعُقُودِۖ ﰀ
669,5,2,6,106,المَائدة,Al-Mā’idah,أُحِلَّتْ لَكُم بَهِيمَةُ اُ۬لَانْعَٰمِ إِلَّا مَا يُتْل۪ىٰ عَلَيْكُمْ غَيْرَ مُحِلِّے اِ۬لصَّيْدِ وَأَنتُمْ حُرُمٌۖ اِنَّ اَ۬للَّهَ يَحْكُمُ مَا يُرِيدُۖ ﰁ
670,5,3,6,106,المَائدة,Al-Mā’idah,يَٰٓأَيُّهَا اَ۬لذِينَ ءَامَنُواْ لَا تُحِلُّواْ شَعَٰٓئِرَ اَ۬للَّهِ وَلَا اَ۬لشَّهْرَ اَ۬لْحَرَامَ وَلَا اَ۬لْهَدْيَ وَلَا اَ۬لْقَلَٰٓئِدَ وَلَآ ءَآمِّينَ اَ۬لْبَيْتَ اَ۬لْحَرَامَ يَبْتَغُونَ فَضْلاٗ مِّن رَّبِّهِمْ وَرِضْوَٰناٗۖ وَإِذَا حَلَلْتُمْ فَاصْطَادُواْۖ وَلَا يَجْرِمَنَّكُمْ شَنَـَٔانُ قَوْمٍ اَن صَدُّوكُمْ عَنِ اِ۬لْمَسْجِدِ اِ۬لْحَرَامِ أَن تَعْتَدُواْۖ وَتَعَاوَنُواْ عَلَى اَ۬لْبِرِّ وَالتَّقْو۪ىٰۖ وَلَا تَعَاوَنُواْ عَلَى اَ۬لِاثْمِ وَالْعُدْوَٰنِۖ وَاتَّقُواْ اُ۬للَّهَۖ إِنَّ اَ۬للَّهَ شَدِيدُ اُ۬لْعِقَابِۖ ﰂ
671,5,4,6,107,المَائدة,Al-Mā’idah,۞ حُرِّمَتْ عَلَيْكُمُ اُ۬لْمَيْتَةُ وَالدَّمُ وَلَحْمُ اُ۬لْخِنزِيرِ وَمَآ أُهِلَّ لِغَيْرِ اِ۬للَّهِ بِهِۦ وَالْمُنْخَنِقَةُ وَالْمَوْقُوذَةُ وَالْمُتَرَدِّيَةُ وَالنَّطِيحَةُ وَمَآ أَكَلَ اَ۬لسَّبُعُ إِلَّا مَا ذَكَّيْتُمْ وَمَا ذُبِحَ عَلَى اَ۬لنُّصُبِ وَأَن تَسْتَقْسِمُواْ بِالَازْلَٰمِۖ ذَٰلِكُمْ فِسْقٌۖ اِ۬لْيَوْمَ يَئِسَ اَ۬لذِينَ كَفَرُواْ مِن دِينِكُمْۖ فَلَا تَخْشَوْهُمْ وَاخْشَوْنِۖ اِ۬لْيَوْمَ أَكْمَلْتُ لَكُمْ دِينَكُمْ وَأَتْمَمْتُ عَلَيْكُمْ نِعْمَتِے وَرَضِيتُ لَكُمُ اُ۬لِاسْلَٰمَ دِيناٗۖ فَمَنُ اُ۟ضْطُرَّ فِے مَخْمَصَةٍ غَيْرَ مُتَجَانِفٖ لِّإِثْمٖ فَإِنَّ اَ۬للَّهَ غَفُورٞ رَّحِيمٞۖ ﰃ
672,5,5,6,107,المَائدة,Al-Mā’idah,يَسْـَٔلُونَكَ مَاذَآ أُحِلَّ لَهُمْۖ قُلُ ا۟حِلَّ لَكُمُ اُ۬لطَّيِّبَٰتُ وَمَا عَلَّمْتُم مِّنَ اَ۬لْجَوَارِحِ مُكَلِّبِينَ تُعَلِّمُونَهُنَّ مِمَّا عَلَّمَكُمُ اُ۬للَّهُۖ فَكُلُواْ مِمَّآ أَمْسَكْنَ عَلَيْكُمْ وَاذْكُرُواْ اُ۪سْمَ اَ۬للَّهِ عَلَيْهِۖ وَاتَّقُواْ اُ۬للَّهَۖ إِنَّ اَ۬للَّهَ سَرِيعُ اُ۬لْحِسَابِۖ ﰄ
673,5,6,6,107,المَائدة,Al-Mā’idah,اِ۬لْيَوْمَ أُحِلَّ لَكُمُ اُ۬لطَّيِّبَٰتُ وَطَعَامُ اُ۬لذِينَ أُوتُواْ اُ۬لْكِتَٰبَ حِلّٞ لَّكُمْ وَطَعَامُكُمْ حِلّٞ لَّهُمْ وَالْمُحْصَنَٰتُ مِنَ اَ۬لْمُومِنَٰتِ وَالْمُحْصَنَٰتُ مِنَ اَ۬لذِينَ أُوتُواْ اُ۬لْكِتَٰبَ مِن قَبْلِكُمُۥٓ إِذَآ ءَاتَيْتُمُوهُنَّ أُجُورَهُنَّ مُحْصِنِينَ غَيْرَ مُسَٰفِحِينَ وَلَا مُتَّخِذِےٓ أَخْدَانٖۖ وَمَنْ يَّكْفُرْ بِالِايمَٰنِ فَقَدْ حَبِطَ عَمَلُهُۥ وَهُوَ فِے اِ۬لَاخِرَةِ مِنَ اَ۬لْخَٰسِرِينَۖ ﰅ
674,5,7,6,108,المَائدة,Al-Mā’idah,۞ يَٰٓأَيُّهَا اَ۬لذِينَ ءَامَنُوٓاْ إِذَا قُمْتُمُۥٓ إِلَى اَ۬لصَّلَوٰةِ فَاغْسِلُواْ وُجُوهَكُمْ وَأَيْدِيَكُمُۥٓ إِلَى اَ۬لْمَرَافِقِ وَامْسَحُواْ بِرُءُوسِكُمْۖ وَأَرْجُلَكُمُۥٓ إِلَى اَ۬لْكَعْبَيْنِۖ وَإِن كُنتُمْ جُنُباٗ فَاطَّهَّرُواْۖ وَإِن كُنتُم مَّرْض۪ىٰٓ أَوْ عَلَىٰ سَفَرٍ اَوْ جَآءَ احَدٞ مِّنكُم مِّنَ اَ۬لْغَآئِطِ أَوْ لَٰمَسْتُمُ اُ۬لنِّسَآءَ فَلَمْ تَجِدُواْ مَآءٗ فَتَيَمَّمُواْ صَعِيداٗ طَيِّباٗ فَامْسَحُواْ بِوُجُوهِكُمْ وَأَيْدِيكُم مِّنْهُۖ مَا يُرِيدُ اُ۬للَّهُ لِيَجْعَلَ عَلَيْكُم مِّنْ حَرَجٖۖ وَلَٰكِنْ يُّرِيدُ لِيُطَهِّرَكُمْ وَلِيُتِمَّ نِعْمَتَهُۥ عَلَيْكُمْ لَعَلَّكُمْ تَشْكُرُونَۖ ﰆ
675,5,8,6,108,المَائدة,Al-Mā’idah,وَاذْكُرُواْ نِعْمَةَ اَ۬للَّهِ عَلَيْكُمْ وَمِيثَٰقَهُ اُ۬لذِے وَاثَقَكُم بِهِۦٓ إِذْ قُلْتُمْ سَمِعْنَا وَأَطَعْنَاۖ وَاتَّقُواْ اُ۬للَّهَۖ إِنَّ اَ۬للَّهَ عَلِيمُۢ بِذَاتِ اِ۬لصُّدُورِۖ ﰇ
676,5,9,6,108,المَائدة,Al-Mā’idah,يَٰٓأَيُّهَا اَ۬لذِينَ ءَامَنُواْ كُونُواْ قَوَّٰمِينَ لِلهِ شُهَدَآءَ بِالْقِسْطِۖ وَلَا يَجْرِمَنَّكُمْ شَنَـَٔانُ قَوْمٍ عَلَىٰٓ أَلَّا تَعْدِلُواْۖ اُ۪عْدِلُواْ هُوَ أَقْرَبُ لِلتَّقْو۪ىٰۖ وَاتَّقُواْ اُ۬للَّهَۖ إِنَّ اَ۬للَّهَ خَبِيرُۢ بِمَا تَعْمَلُونَۖ ﰈ
677,5,10,6,108,المَائدة,Al-Mā’idah,وَعَدَ اَ۬للَّهُ اُ۬لذِينَ ءَامَنُواْ وَعَمِلُواْ اُ۬لصَّٰلِحَٰتِ لَهُم مَّغْفِرَةٞ وَأَجْرٌ عَظِيمٞۖ ﰉ
678,5,11,6,109,المَائدة,Al-Mā’idah,وَالذِينَ كَفَرُواْ وَكَذَّبُواْ بِـَٔايَٰتِنَآ أُوْلَٰٓئِكَ أَصْحَٰبُ اُ۬لْجَحِيمِۖ ﰊ
679,5,12,6,109,المَائدة,Al-Mā’idah,يَٰٓأَيُّهَا اَ۬لذِينَ ءَامَنُواْ اُ۟ذْكُرُواْ نِعْمَتَ اَ۬للَّهِ عَلَيْكُمُۥٓ إِذْ هَمَّ قَوْمٌ اَنْ يَّبْسُطُوٓاْ إِلَيْكُمُۥٓ أَيْدِيَهُمْ فَكَفَّ أَيْدِيَهُمْ عَنكُمْۖ وَاتَّقُواْ اُ۬للَّهَۖ وَعَلَى اَ۬للَّهِ فَلْيَتَوَكَّلِ اِ۬لْمُومِنُونَۖ ﰋ
680,5,13,6,109,المَائدة,Al-Mā’idah,۞ وَلَقَدَ اَخَذَ اَ۬للَّهُ مِيثَٰقَ بَنِےٓ إِسْرَآءِيلَ وَبَعَثْنَا مِنْهُمُ اُ۪ثْنَےْ عَشَرَ نَقِيباٗۖ وَقَالَ اَ۬للَّهُ إِنِّے مَعَكُمْۖ لَئِنَ اَقَمْتُمُ اُ۬لصَّلَوٰةَ وَءَاتَيْتُمُ اُ۬لزَّكَوٰةَ وَءَامَنتُم بِرُسُلِے وَعَزَّرْتُمُوهُمْ وَأَقْرَضْتُمُ اُ۬للَّهَ قَرْضاً حَسَناٗ لَّأُكَفِّرَنَّ عَنكُمْ سَيِّـَٔاتِكُمْ وَلَأُدْخِلَنَّكُمْ جَنَّٰتٖ تَجْرِے مِن تَحْتِهَا اَ۬لَانْهَٰرُۖ فَمَن كَفَرَ بَعْدَ ذَٰلِكَ مِنكُمْ فَقَد ضَّلَّ سَوَآءَ اَ۬لسَّبِيلِۖ ﰌ
681,5,14,6,109,المَائدة,Al-Mā’idah,فَبِمَا نَقْضِهِم مِّيثَٰقَهُمْ لَعَنَّٰهُمْ وَجَعَلْنَا قُلُوبَهُمْ قَٰسِيَةٗ يُحَرِّفُونَ اَ۬لْكَلِمَ عَن مَّوَاضِعِهِۦ وَنَسُواْ حَظّاٗ مِّمَّا ذُكِّرُواْ بِهِۦۖ وَلَا تَزَالُ تَطَّلِعُ عَلَىٰ خَآئِنَةٖ مِّنْهُمُۥٓ إِلَّا قَلِيلاٗ مِّنْهُمْۖ فَاعْفُ عَنْهُمْ وَاصْفَحِۖ اِنَّ اَ۬للَّهَ يُحِبُّ اُ۬لْمُحْسِنِينَۖ ﰍ
682,5,15,6,110,المَائدة,Al-Mā’idah,وَمِنَ اَ۬لذِينَ قَالُوٓاْ إِنَّا نَصَٰر۪ىٰٓ أَخَذْنَا مِيثَٰقَهُمْ فَنَسُواْ حَظّاٗ مِّمَّا ذُكِّرُواْ بِهِۦ فَأَغْرَيْنَا بَيْنَهُمُ اُ۬لْعَدَٰوَةَ وَالْبَغْضَآءَ ا۪لَىٰ يَوْمِ اِ۬لْقِيَٰمَةِۖ وَسَوْفَ يُنَبِّئُهُمُ اُ۬للَّهُ بِمَا كَانُواْ يَصْنَعُونَۖ ﰎ
683,5,16,6,110,المَائدة,Al-Mā’idah,يَٰٓأَهْلَ اَ۬لْكِتَٰبِ قَدْ جَآءَكُمْ رَسُولُنَا يُبَيِّنُ لَكُمْ كَثِيراٗ مِّمَّا كُنتُمْ تُخْفُونَ مِنَ اَ۬لْكِتَٰبِ وَيَعْفُواْ عَن كَثِيرٖۖ ﰏ
684,5,17,6,110,المَائدة,Al-Mā’idah,قَدْ جَآءَكُم مِّنَ اَ۬للَّهِ نُورٞ وَكِتَٰبٞ مُّبِينٞ ﰐ
685,5,18,6,110,المَائدة,Al-Mā’idah,يَهْدِے بِهِ اِ۬للَّهُ مَنِ اِ۪تَّبَعَ رِضْوَٰنَهُۥ سُبُلَ اَ۬لسَّلَٰمِۖ وَيُخْرِجُهُم مِّنَ اَ۬لظُّلُمَٰتِ إِلَى اَ۬لنُّورِ بِإِذْنِهِۦۖ وَيَهْدِيهِمُۥٓ إِلَىٰ صِرَٰطٖ مُّسْتَقِيمٖۖ ﰑ
686,5,19,6,110,المَائدة,Al-Mā’idah,۞ لَّقَدْ كَفَرَ اَ۬لذِينَ قَالُوٓاْ إِنَّ اَ۬للَّهَ هُوَ اَ۬لْمَسِيحُ اُ۪بْنُ مَرْيَمَۖ قُلْ فَمَنْ يَّمْلِكُ مِنَ اَ۬للَّهِ شَئْاً اِنَ اَرَادَ أَنْ يُّهْلِكَ اَ۬لْمَسِيحَ اَ۪بْنَ مَرْيَمَ وَأُمَّهُۥ وَمَن فِے اِ۬لَارْضِ جَمِيعاٗۖ وَلِلهِ مُلْكُ اُ۬لسَّمَٰوَٰتِ وَالَارْضِ وَمَا بَيْنَهُمَاۖ يَخْلُقُ مَا يَشَآءُۖ وَاللَّهُ عَلَىٰ كُلِّ شَےْءٖ قَدِيرٞۖ ﰒ
687,5,20,6,111,المَائدة,Al-Mā’idah,وَقَالَتِ اِ۬لْيَهُودُ وَالنَّصَٰر۪ىٰ نَحْنُ أَبْنَٰٓؤُاْ اُ۬للَّهِ وَأَحِبَّٰٓؤُهُۥۖ قُلْ فَلِمَ يُعَذِّبُكُم بِذُنُوبِكُمۖ بَلَ اَنتُم بَشَرٞ مِّمَّنْ خَلَقَۖ يَغْفِرُ لِمَنْ يَّشَآءُ وَيُعَذِّبُ مَنْ يَّشَآءُۖ وَلِلهِ مُلْكُ اُ۬لسَّمَٰوَٰتِ وَالَارْضِ وَمَا بَيْنَهُمَاۖ وَإِلَيْهِ اِ۬لْمَصِيرُۖ ﰓ
688,5,21,6,111,المَائدة,Al-Mā’idah,يَٰٓأَهْلَ اَ۬لْكِتَٰبِ قَدْ جَآءَكُمْ رَسُولُنَا يُبَيِّنُ لَكُمْ عَلَىٰ فَتْرَةٖ مِّنَ اَ۬لرُّسُلِ أَن تَقُولُواْ مَا جَآءَنَا مِنۢ بَشِيرٖ وَلَا نَذِيرٖ فَقَدْ جَآءَكُم بَشِيرٞ وَنَذِيرٞۖ وَاللَّهُ عَلَىٰ كُلِّ شَےْءٖ قَدِيرٞۖ ﰔ
689,5,22,6,111,المَائدة,Al-Mā’idah,وَإِذْ قَالَ مُوس۪ىٰ لِقَوْمِهِۦ يَٰقَوْمِ اِ۟ذْكُرُواْ نِعْمَةَ اَ۬للَّهِ عَلَيْكُمُۥٓ إِذْ جَعَلَ فِيكُمُۥٓ أَنۢبِئَآءَ وَجَعَلَكُم مُّلُوكاٗۖ وَءَات۪يٰكُم مَّا لَمْ يُوتِ أَحَداٗ مِّنَ اَ۬لْعَٰلَمِينَۖ ﰕ
690,5,23,6,111,المَائدة,Al-Mā’idah,يَٰقَوْمِ اِ۟دْخُلُواْ اُ۬لَارْضَ اَ۬لْمُقَدَّسَةَ اَ۬لتِے كَتَبَ اَ۬للَّهُ لَكُمْۖ وَلَا تَرْتَدُّواْ عَلَىٰٓ أَدْبٰ۪رِكُمْ فَتَنقَلِبُواْ خَٰسِرِينَۖ ﰖ
691,5,24,6,111,المَائدة,Al-Mā’idah,قَالُواْ يَٰمُوس۪ىٰٓ إِنَّ فِيهَا قَوْماٗ جَبّ۪ارِينَۖ وَإِنَّا لَن نَّدْخُلَهَا حَتَّىٰ يَخْرُجُواْ مِنْهَاۖ فَإِنْ يَّخْرُجُواْ مِنْهَا فَإِنَّا دَٰخِلُونَۖ ﰗ
692,5,25,6,111,المَائدة,Al-Mā’idah,۞ قَالَ رَجُلَٰنِ مِنَ اَ۬لذِينَ يَخَافُونَ أَنْعَمَ اَ۬للَّهُ عَلَيْهِمَا اَ۟دْخُلُواْ عَلَيْهِمُ اُ۬لْبَابَۖ فَإِذَا دَخَلْتُمُوهُ فَإِنَّكُمْ غَٰلِبُونَۖ وَعَلَى اَ۬للَّهِ فَتَوَكَّلُوٓاْ إِن كُنتُم مُّومِنِينَۖ ﰘ
693,5,26,6,112,المَائدة,Al-Mā’idah,قَالُواْ يَٰمُوس۪ىٰٓ إِنَّا لَن نَّدْخُلَهَآ أَبَداٗ مَّا دَامُواْ فِيهَا فَاذْهَبَ اَنتَ وَرَبُّكَ فَقَٰتِلَآ إِنَّا هَٰهُنَا قَٰعِدُونَۖ ﰙ
694,5,27,6,112,المَائدة,Al-Mā’idah,قَالَ رَبِّ إِنِّے لَآ أَمْلِكُ إِلَّا نَفْسِےۖ وَأَخِےۖ فَافْرُقْ بَيْنَنَا وَبَيْنَ اَ۬لْقَوْمِ اِ۬لْفَٰسِقِينَۖ ﰚ
695,5,28,6,112,المَائدة,Al-Mā’idah,قَالَ فَإِنَّهَا مُحَرَّمَةٌ عَلَيْهِمُۥٓۖ أَرْبَعِينَ سَنَةٗ يَتِيهُونَ فِے اِ۬لَارْضِۖ فَلَا تَاسَ عَلَى اَ۬لْقَوْمِ اِ۬لْفَٰسِقِينَۖ ﰛ
696,5,29,6,112,المَائدة,Al-Mā’idah,وَاتْلُ عَلَيْهِمْ نَبَأَ اَ۪بْنَيَ اٰدَمَ بِالْحَقِّ إِذْ قَرَّبَا قُرْبَاناٗ فَتُقُبِّلَ مِنَ اَحَدِهِمَا وَلَمْ يُتَقَبَّلْ مِنَ اَ۬لَاخَرِۖ قَالَ لَأَقْتُلَنَّكَۖ قَالَ إِنَّمَا يَتَقَبَّلُ اُ۬للَّهُ مِنَ اَ۬لْمُتَّقِينَۖ ﰜ
697,5,30,6,112,المَائدة,Al-Mā’idah,لَئِنۢ بَسَطْتَّ إِلَيَّ يَدَكَ لِتَقْتُلَنِے مَآ أَنَا بِبَاسِطٖ يَدِيَ إِلَيْكَ لِأَقْتُلَكَۖ إِنِّيَ أَخَافُ اُ۬للَّهَ رَبَّ اَ۬لْعَٰلَمِينَۖ ﰝ
698,5,31,6,112,المَائدة,Al-Mā’idah,إِنِّيَ أُرِيدُ أَن تَبُوٓأَ بِإِثْمِے وَإِثْمِكَ فَتَكُونَ مِنَ اَصْحَٰبِ اِ۬لنّ۪ارِۖ وَذَٰلِكَ جَزَٰٓؤُاْ اُ۬لظَّٰلِمِينَۖ ﰞ
699,5,32,6,112,المَائدة,Al-Mā’idah,فَطَوَّعَتْ لَهُۥ نَفْسُهُۥ قَتْلَ أَخِيهِ فَقَتَلَهُۥ فَأَصْبَحَ مِنَ اَ۬لْخَٰسِرِينَۖ ﰟ
700,5,33,6,112,المَائدة,Al-Mā’idah,فَبَعَثَ اَ۬للَّهُ غُرَاباٗ يَبْحَثُ فِے اِ۬لَارْضِ لِيُرِيَهُۥ كَيْفَ يُوَٰرِے سَوْءَةَ أَخِيهِۖ قَالَ يَٰوَيْلَت۪ىٰٓ أَعَجَزْتُ أَنَ اَكُونَ مِثْلَ هَٰذَا اَ۬لْغُرَابِ فَأُوَٰرِيَ سَوْءَةَ أَخِے فَأَصْبَحَ مِنَ اَ۬لنَّٰدِمِينَ ﰠ
701,5,34,6,113,المَائدة,Al-Mā’idah,مِنَ اَجْلِ ذَٰلِكَۖ كَتَبْنَا عَلَىٰ بَنِےٓ إِسْرَآءِيلَ أَنَّهُۥ مَن قَتَلَ نَفْساَۢ بِغَيْرِ نَفْسٍ اَوْ فَسَادٖ فِے اِ۬لَارْضِ فَكَأَنَّمَا قَتَلَ اَ۬لنَّاسَ جَمِيعاٗۖ وَمَنَ اَحْي۪اهَا فَكَأَنَّمَآ أَحْيَا اَ۬لنَّاسَ جَمِيعاٗۖ ۞ وَلَقَدْ جَآءَتْهُمْ رُسُلُنَا بِالْبَيِّنَٰتِ ثُمَّ إِنَّ كَثِيراٗ مِّنْهُم بَعْدَ ذَٰلِكَ فِے اِ۬لَارْضِ لَمُسْرِفُونَۖ ﰡ
702,5,35,6,113,المَائدة,Al-Mā’idah,إِنَّمَا جَزَٰٓؤُاْ اُ۬لذِينَ يُحَارِبُونَ اَ۬للَّهَ وَرَسُولَهُۥ وَيَسْعَوْنَ فِے اِ۬لَارْضِ فَسَاداً اَنْ يُّقَتَّلُوٓاْ أَوْ يُصَلَّبُوٓاْ أَوْ تُقَطَّعَ أَيْدِيهِمْ وَأَرْجُلُهُم مِّنْ خِلَٰفٍ اَوْ يُنفَوْاْ مِنَ اَ۬لَارْضِۖ ذَٰلِكَ لَهُمْ خِزْيٞ فِے اِ۬لدُّنْي۪اۖ وَلَهُمْ فِے اِ۬لَاخِرَةِ عَذَابٌ عَظِيمٌ ﰢ
703,5,36,6,113,المَائدة,Al-Mā’idah,اِلَّا اَ۬لذِينَ تَابُواْ مِن قَبْلِ أَن تَقْدِرُواْ عَلَيْهِمْ فَاعْلَمُوٓاْ أَنَّ اَ۬للَّهَ غَفُورٞ رَّحِيمٞۖ ﰣ
704,5,37,6,113,المَائدة,Al-Mā’idah,يَٰٓأَيُّهَا اَ۬لذِينَ ءَامَنُواْ اُ۪تَّقُواْ اُ۬للَّهَ وَابْتَغُوٓاْ إِلَيْهِ اِ۬لْوَسِيلَةَ وَجَٰهِدُواْ فِے سَبِيلِهِۦ لَعَلَّكُمْ تُفْلِحُونَۖ ﰤ
705,5,38,6,113,المَائدة,Al-Mā’idah,إِنَّ اَ۬لذِينَ كَفَرُواْ لَوَ اَنَّ لَهُم مَّا فِے اِ۬لَارْضِ جَمِيعاٗ وَمِثْلَهُۥ مَعَهُۥ لِيَفْتَدُواْ بِهِۦ مِنْ عَذَابِ يَوْمِ اِ۬لْقِيَٰمَةِ مَا تُقُبِّلَ مِنْهُمْۖ وَلَهُمْ عَذَابٌ اَلِيمٞۖ ﰥ
706,5,39,6,114,المَائدة,Al-Mā’idah,يُرِيدُونَ أَنْ يَّخْرُجُواْ مِنَ اَ۬لنّ۪ارِ وَمَا هُم بِخَٰرِجِينَ مِنْهَاۖ وَلَهُمْ عَذَابٞ مُّقِيمٞۖ ﰦ
707,5,40,6,114,المَائدة,Al-Mā’idah,وَالسَّارِقُ وَالسَّارِقَةُ فَاقْطَعُوٓاْ أَيْدِيَهُمَا جَزَآءَۢ بِمَا كَسَبَا نَكَٰلاٗ مِّنَ اَ۬للَّهِۖ وَاللَّهُ عَزِيزٌ حَكِيمٞۖ ﰧ
708,5,41,6,114,المَائدة,Al-Mā’idah,فَمَن تَابَ مِنۢ بَعْدِ ظُلْمِهِۦ وَأَصْلَحَ فَإِنَّ اَ۬للَّهَ يَتُوبُ عَلَيْهِۖ إِنَّ اَ۬للَّهَ غَفُورٞ رَّحِيمٌۖ ﰨ
709,5,42,6,114,المَائدة,Al-Mā’idah,اَلَمْ تَعْلَمَ اَنَّ اَ۬للَّهَ لَهُۥ مُلْكُ اُ۬لسَّمَٰوَٰتِ وَالَارْضِۖ يُعَذِّبُ مَنْ يَّشَآءُ وَيَغْفِرُ لِمَنْ يَّشَآءُۖ وَاللَّهُ عَلَىٰ كُلِّ شَےْءٖ قَدِيرٞۖ ﰩ
710,5,43,6,114,المَائدة,Al-Mā’idah,۞ يَٰٓأَيُّهَا اَ۬لرَّسُولُ لَا يُحْزِنكَ اَ۬لذِينَ يُسَٰرِعُونَ فِے اِ۬لْكُفْرِ مِنَ اَ۬لذِينَ قَالُوٓاْ ءَامَنَّا بِأَفْوَٰهِهِمْ وَلَمْ تُومِن قُلُوبُهُمْۖ وَمِنَ اَ۬لذِينَ هَادُواْ سَمَّٰعُونَ لِلْكَذِبِ سَمَّٰعُونَ لِقَوْمٍ اٰخَرِينَ لَمْ يَاتُوكَۖ يُحَرِّفُونَ اَ۬لْكَلِمَ مِنۢ بَعْدِ مَوَاضِعِهِۦ يَقُولُونَ إِنُ اُوتِيتُمْ هَٰذَا فَخُذُوهُ وَإِن لَّمْ تُوتَوْهُ فَاحْذَرُواْۖ وَمَنْ يُّرِدِ اِ۬للَّهُ فِتْنَتَهُۥ فَلَن تَمْلِكَ لَهُۥ مِنَ اَ۬للَّهِ شَئْاًۖ ا۟وْلَٰٓئِكَ اَ۬لذِينَ لَمْ يُرِدِ اِ۬للَّهُ أَنْ يُّطَهِّرَ قُلُوبَهُمْۖ لَهُمْ فِے اِ۬لدُّنْي۪ا خِزْيٞۖ وَلَهُمْ فِے اِ۬لَاخِرَةِ عَذَابٌ عَظِيمٞۖ ﰪ
711,5,44,6,115,المَائدة,Al-Mā’idah,سَمَّٰعُونَ لِلْكَذِبِ أَكَّٰلُونَ لِلسُّحْتِۖ فَإِن جَآءُوكَ فَاحْكُم بَيْنَهُمُۥٓ أَوَ اَعْرِضْ عَنْهُمْۖ وَإِن تُعْرِضْ عَنْهُمْ فَلَنْ يَّضُرُّوكَ شَئْاٗۖ وَإِنْ حَكَمْتَ فَاحْكُم بَيْنَهُم بِالْقِسْطِۖ إِنَّ اَ۬للَّهَ يُحِبُّ اُ۬لْمُقْسِطِينَۖ ﰫ
712,5,45,6,115,المَائدة,Al-Mā’idah,وَكَيْفَ يُحَكِّمُونَكَ وَعِندَهُمُ اُ۬لتَّوْر۪يٰةُ فِيهَا حُكْمُ اُ۬للَّهِ ثُمَّ يَتَوَلَّوْنَ مِنۢ بَعْدِ ذَٰلِكَۖ وَمَآ أُوْلَٰٓئِكَ بِالْمُومِنِينَۖ ﰬ
713,5,46,6,115,المَائدة,Al-Mā’idah,إِنَّآ أَنزَلْنَا اَ۬لتَّوْر۪يٰةَ فِيهَا هُدىٗ وَنُورٞ يَحْكُمُ بِهَا اَ۬لنَّبِيٓـُٔونَ اَ۬لذِينَ أَسْلَمُواْ لِلذِينَ هَادُواْ وَالرَّبَّٰنِيُّونَ وَالَاحْبَارُ بِمَا اَ۟سْتُحْفِظُواْ مِن كِتَٰبِ اِ۬للَّهِ وَكَانُواْ عَلَيْهِ شُهَدَآءَۖ فَلَا تَخْشَوُاْ اُ۬لنَّاسَ وَاخْشَوْنِۖ وَلَا تَشْتَرُواْ بِـَٔايَٰتِے ثَمَناٗ قَلِيلاٗۖ وَمَن لَّمْ يَحْكُم بِمَآ أَنزَلَ اَ۬للَّهُ فَأُوْلَٰٓئِكَ هُمُ اُ۬لْكَٰفِرُونَۖ ﰭ
714,5,47,6,115,المَائدة,Al-Mā’idah,۞ وَكَتَبْنَا عَلَيْهِمْ فِيهَآ أَنَّ اَ۬لنَّفْسَ بِالنَّفْسِ وَالْعَيْنَ بِالْعَيْنِ وَالَانفَ بِالَانفِ وَالُاذْنَ بِالُاذْنِ وَالسِّنَّ بِالسِّنِّ وَالْجُرُوحَ قِصَاصٞۖ فَمَن تَصَدَّقَ بِهِۦ فَهُوَ كَفَّارَةٞ لَّهُۥۖ وَمَن لَّمْ يَحْكُم بِمَآ أَنزَلَ اَ۬للَّهُ فَأُوْلَٰٓئِكَ هُمُ اُ۬لظَّٰلِمُونَۖ ﰮ
715,5,48,6,116,المَائدة,Al-Mā’idah,وَقَفَّيْنَا عَلَىٰٓ ءَاثٰ۪رِهِم بِعِيسَى اَ۪بْنِ مَرْيَمَ مُصَدِّقاٗ لِّمَا بَيْنَ يَدَيْهِ مِنَ اَ۬لتَّوْر۪يٰةِۖ وَءَاتَيْنَٰهُ اُ۬لِانجِيلَ فِيهِ هُدىٗ وَنُورٞ وَمُصَدِّقاٗ لِّمَا بَيْنَ يَدَيْهِ مِنَ اَ۬لتَّوْر۪يٰةِ وَهُدىٗ وَمَوْعِظَةٗ لِّلْمُتَّقِينَۖ ﰯ
716,5,49,6,116,المَائدة,Al-Mā’idah,وَلْيَحْكُمَ اَهْلُ اُ۬لِانجِيلِ بِمَآ أَنزَلَ اَ۬للَّهُ فِيهِۖ وَمَن لَّمْ يَحْكُم بِمَآ أَنزَلَ اَ۬للَّهُ فَأُوْلَٰٓئِكَ هُمُ اُ۬لْفَٰسِقُونَۖ ﰰ
717,5,50,6,116,المَائدة,Al-Mā’idah,وَأَنزَلْنَآ إِلَيْكَ اَ۬لْكِتَٰبَ بِالْحَقِّ مُصَدِّقاٗ لِّمَا بَيْنَ يَدَيْهِ مِنَ اَ۬لْكِتَٰبِ وَمُهَيْمِناً عَلَيْهِۖ فَاحْكُم بَيْنَهُم بِمَآ أَنزَلَ اَ۬للَّهُ وَلَا تَتَّبِعَ اَهْوَآءَهُمْ عَمَّا جَآءَكَ مِنَ اَ۬لْحَقِّۖ لِكُلّٖ جَعَلْنَا مِنكُمْ شِرْعَةٗ وَمِنْهَاجاٗۖ وَلَوْ شَآءَ اَ۬للَّهُ لَجَعَلَكُمُۥٓ أُمَّةٗ وَٰحِدَةٗۖ وَلَٰكِن لِّيَبْلُوَكُمْ فِے مَآ ءَات۪يٰكُمْۖ فَاسْتَبِقُواْ اُ۬لْخَيْرَٰتِۖ إِلَى اَ۬للَّهِ مَرْجِعُكُمْ جَمِيعاٗ فَيُنَبِّئُكُم بِمَا كُنتُمْ فِيهِ تَخْتَلِفُونَۖ ﰱ
718,5,51,6,116,المَائدة,Al-Mā’idah,۞ وَأَنُ اُ۟حْكُم بَيْنَهُم بِمَآ أَنزَلَ اَ۬للَّهُۖ وَلَا تَتَّبِعَ اَهْوَآءَهُمْۖ وَاحْذَرْهُمُۥٓ أَنْ يَّفْتِنُوكَ عَنۢ بَعْضِ مَآ أَنزَلَ اَ۬للَّهُ إِلَيْكَۖ فَإِن تَوَلَّوْاْ فَاعْلَمَ اَنَّمَا يُرِيدُ اُ۬للَّهُ أَنْ يُّصِيبَهُم بِبَعْضِ ذُنُوبِهِمْۖ وَإِنَّ كَثِيراٗ مِّنَ اَ۬لنَّاسِ لَفَٰسِقُونَۖ ﰲ
719,5,52,6,116,المَائدة,Al-Mā’idah,أَفَحُكْمَ اَ۬لْجَٰهِلِيَّةِ يَبْغُونَۖ وَمَنَ اَحْسَنُ مِنَ اَ۬للَّهِ حُكْماٗ لِّقَوْمٖ يُوقِنُونَۖ ﰳ
720,5,53,6,117,المَائدة,Al-Mā’idah,يَٰٓأَيُّهَا اَ۬لذِينَ ءَامَنُواْ لَا تَتَّخِذُواْ اُ۬لْيَهُودَ وَالنَّصَٰر۪ىٰٓ أَوْلِيَآءَۖ بَعْضُهُمُۥٓ أَوْلِيَآءُ بَعْضٖۖ وَمَنْ يَّتَوَلَّهُم مِّنكُمْ فَإِنَّهُۥ مِنْهُمُۥٓۖ إِنَّ اَ۬للَّهَ لَا يَهْدِے اِ۬لْقَوْمَ اَ۬لظَّٰلِمِينَۖ ﰴ
721,5,54,6,117,المَائدة,Al-Mā’idah,فَتَرَى اَ۬لذِينَ فِے قُلُوبِهِم مَّرَضٞ يُسَٰرِعُونَ فِيهِمْ يَقُولُونَ نَخْش۪ىٰٓ أَن تُصِيبَنَا دَآئِرَةٞۖ فَعَسَى اَ۬للَّهُ أَنْ يَّاتِيَ بِالْفَتْحِ أَوَ اَمْرٖ مِّنْ عِندِهِۦ فَيُصْبِحُواْ عَلَىٰ مَآ أَسَرُّواْ فِےٓ أَنفُسِهِمْ نَٰدِمِينَۖ ﰵ
722,5,55,6,117,المَائدة,Al-Mā’idah,يَقُولُ اُ۬لذِينَ ءَامَنُوٓاْ أَهَٰٓؤُلَآءِ اِ۬لذِينَ أَقْسَمُواْ بِاللَّهِ جَهْدَ أَيْمَٰنِهِمُۥٓ إِنَّهُمْ لَمَعَكُمْ حَبِطَتَ اَعْمَٰلُهُمْ فَأَصْبَحُواْ خَٰسِرِينَۖ ﰶ
723,5,56,6,117,المَائدة,Al-Mā’idah,يَٰٓأَيُّهَا اَ۬لذِينَ ءَامَنُواْ مَنْ يَّرْتَدِدْ مِنكُمْ عَن دِينِهِۦ فَسَوْفَ يَاتِے اِ۬للَّهُ بِقَوْمٖ يُحِبُّهُمْ وَيُحِبُّونَهُۥٓ أَذِلَّةٍ عَلَى اَ۬لْمُومِنِينَ أَعِزَّةٍ عَلَى اَ۬لْكٰ۪فِرِينَ يُجَٰهِدُونَ فِے سَبِيلِ اِ۬للَّهِ وَلَا يَخَافُونَ لَوْمَةَ لَٰٓئِمٖۖ ذَٰلِكَ فَضْلُ اُ۬للَّهِ يُوتِيهِ مَنْ يَّشَآءُۖ وَاللَّهُ وَٰسِعٌ عَلِيمٌۖ ﰷ
724,5,57,6,117,المَائدة,Al-Mā’idah,اِنَّمَا وَلِيُّكُمُ اُ۬للَّهُ وَرَسُولُهُۥ وَالذِينَ ءَامَنُواْ اُ۬لذِينَ يُقِيمُونَ اَ۬لصَّلَوٰةَ وَيُوتُونَ اَ۬لزَّكَوٰةَ وَهُمْ رَٰكِعُونَۖ ﰸ
725,5,58,6,117,المَائدة,Al-Mā’idah,وَمَنْ يَّتَوَلَّ اَ۬للَّهَ وَرَسُولَهُۥ وَالذِينَ ءَامَنُواْ فَإِنَّ حِزْبَ اَ۬للَّهِ هُمُ اُ۬لْغَٰلِبُونَۖ ﰹ
726,5,59,6,117,المَائدة,Al-Mā’idah,يَٰٓأَيُّهَا اَ۬لذِينَ ءَامَنُواْ لَا تَتَّخِذُواْ اُ۬لذِينَ اَ۪تَّخَذُواْ دِينَكُمْ هُزُؤاٗ وَلَعِباٗ مِّنَ اَ۬لذِينَ أُوتُواْ اُ۬لْكِتَٰبَ مِن قَبْلِكُمْ وَالْكُفَّارَ أَوْلِيَآءَۖ وَاتَّقُواْ اُ۬للَّهَ إِن كُنتُم مُّومِنِينَۖ ﰺ
727,5,60,6,118,المَائدة,Al-Mā’idah,۞ وَإِذَا نَادَيْتُمُۥٓ إِلَى اَ۬لصَّلَوٰةِ اِ۪تَّخَذُوهَا هُزُؤاٗ وَلَعِباٗۖ ذَٰلِكَ بِأَنَّهُمْ قَوْمٞ لَّا يَعْقِلُونَۖ ﰻ
728,5,61,6,118,المَائدة,Al-Mā’idah,قُلْ يَٰٓأَهْلَ اَ۬لْكِتَٰبِ هَلْ تَنقِمُونَ مِنَّآ إِلَّآ أَنَ اٰمَنَّا بِاللَّهِ وَمَآ أُنزِلَ إِلَيْنَا وَمَآ أُنزِلَ مِن قَبْلُ وَأَنَّ أَكْثَرَكُمْ فَٰسِقُونَۖ ﰼ
729,5,62,6,118,المَائدة,Al-Mā’idah,قُلْ هَلُ ا۟نَبِّئُكُم بِشَرّٖ مِّن ذَٰلِكَ مَثُوبَةً عِندَ اَ۬للَّهِ مَن لَّعَنَهُ اُ۬للَّهُ وَغَضِبَ عَلَيْهِ وَجَعَلَ مِنْهُمُ اُ۬لْقِرَدَةَ وَالْخَنَازِيرَ وَعَبَدَ اَ۬لطَّٰغُوتَۖ أُوْلَٰٓئِكَ شَرّٞ مَّكَاناٗ وَأَضَلُّ عَن سَوَآءِ اِ۬لسَّبِيلِۖ ﰽ
730,5,63,6,118,المَائدة,Al-Mā’idah,وَإِذَا جَآءُوكُمْ قَالُوٓاْ ءَامَنَّا وَقَد دَّخَلُواْ بِالْكُفْرِ وَهُمْ قَدْ خَرَجُواْ بِهِۦۖ وَاللَّهُ أَعْلَمُ بِمَا كَانُواْ يَكْتُمُونَۖ ﰾ
731,5,64,6,118,المَائدة,Al-Mā’idah,وَتَر۪ىٰ كَثِيراٗ مِّنْهُمْ يُسَٰرِعُونَ فِے اِ۬لِاثْمِ وَالْعُدْوَٰنِ وَأَكْلِهِمُ اُ۬لسُّحْتَۖ لَبِيسَ مَا كَانُواْ يَعْمَلُونَۖ ﰿ
732,5,65,6,118,المَائدة,Al-Mā’idah,لَوْلَا يَنْه۪يٰهُمُ اُ۬لرَّبَّٰنِيُّونَ وَالَاحْبَارُ عَن قَوْلِهِمُ اُ۬لِاثْمَ وَأَكْلِهِمُ اُ۬لسُّحْتَۖ لَبِيسَ مَا كَانُواْ يَصْنَعُونَۖ ﱀ
733,5,66,6,118,المَائدة,Al-Mā’idah,وَقَالَتِ اِ۬لْيَهُودُ يَدُ اُ۬للَّهِ مَغْلُولَةٌۖ غُلَّتَ اَيْدِيهِمْ وَلُعِنُواْ بِمَا قَالُواْۖ بَلْ يَدَٰهُ مَبْسُوطَتَٰنِ يُنفِقُ كَيْفَ يَشَآءُۖ وَلَيَزِيدَنَّ كَثِيراٗ مِّنْهُم مَّآ أُنزِلَ إِلَيْكَ مِن رَّبِّكَ طُغْيَٰناٗ وَكُفْراٗۖ وَأَلْقَيْنَا بَيْنَهُمُ اُ۬لْعَدَٰوَةَ وَالْبَغْضَآءَ ا۪لَىٰ يَوْمِ اِ۬لْقِيَٰمَةِۖ كُلَّمَآ أَوْقَدُواْ نَاراٗ لِّلْحَرْبِ أَطْفَأَهَا اَ۬للَّهُۖ وَيَسْعَوْنَ فِے اِ۬لَارْضِ فَسَاداٗۖ وَاللَّهُ لَا يُحِبُّ اُ۬لْمُفْسِدِينَۖ ﱁ
734,5,67,6,119,المَائدة,Al-Mā’idah,وَلَوَ اَنَّ أَهْلَ اَ۬لْكِتَٰبِ ءَامَنُواْ وَاتَّقَوْاْ لَكَفَّرْنَا عَنْهُمْ سَيِّـَٔاتِهِمْ وَلَأَدْخَلْنَٰهُمْ جَنَّٰتِ اِ۬لنَّعِيمِۖ ﱂ
735,5,68,6,119,المَائدة,Al-Mā’idah,وَلَوَ اَنَّهُمُۥٓ أَقَامُواْ اُ۬لتَّوْر۪يٰةَ وَالِانجِيلَ وَمَآ أُنزِلَ إِلَيْهِم مِّن رَّبِّهِمْ لَأَكَلُواْ مِن فَوْقِهِمْ وَمِن تَحْتِ أَرْجُلِهِمۖ مِّنْهُمُۥٓ أُمَّةٞ مُّقْتَصِدَةٞۖ وَكَثِيرٞ مِّنْهُمْ سَآءَ مَا يَعْمَلُونَۖ ﱃ
736,5,69,6,119,المَائدة,Al-Mā’idah,۞ يَٰٓأَيُّهَا اَ۬لرَّسُولُ بَلِّغْ مَآ أُنزِلَ إِلَيْكَ مِن رَّبِّكَۖ وَإِن لَّمْ تَفْعَلْ فَمَا بَلَّغْتَ رِسَالَٰتِهِۦۖ وَاللَّهُ يَعْصِمُكَ مِنَ اَ۬لنَّاسِۖ إِنَّ اَ۬للَّهَ لَا يَهْدِے اِ۬لْقَوْمَ اَ۬لْكٰ۪فِرِينَۖ ﱄ
737,5,70,6,119,المَائدة,Al-Mā’idah,قُلْ يَٰٓأَهْلَ اَ۬لْكِتَٰبِ لَسْتُمْ عَلَىٰ شَےْءٍ حَتَّىٰ تُقِيمُواْ اُ۬لتَّوْر۪يٰةَ وَالِانجِيلَ وَمَآ أُنزِلَ إِلَيْكُم مِّن رَّبِّكُمْۖ وَلَيَزِيدَنَّ كَثِيراٗ مِّنْهُم مَّآ أُنزِلَ إِلَيْكَ مِن رَّبِّكَ طُغْيَٰناٗ وَكُفْراٗۖ فَلَا تَاسَ عَلَى اَ۬لْقَوْمِ اِ۬لْكٰ۪فِرِينَۖ ﱅ
738,5,71,6,119,المَائدة,Al-Mā’idah,إِنَّ اَ۬لذِينَ ءَامَنُواْ وَالذِينَ هَادُواْ وَالصَّٰبُونَ وَالنَّصَٰر۪ىٰ مَنَ اٰمَنَ بِاللَّهِ وَالْيَوْمِ اِ۬لَاخِرِ وَعَمِلَ صَٰلِحاٗ فَلَا خَوْفٌ عَلَيْهِمْ وَلَا هُمْ يَحْزَنُونَۖ ﱆ
739,5,72,6,119,المَائدة,Al-Mā’idah,لَقَدَ اَخَذْنَا مِيثَٰقَ بَنِےٓ إِسْرَآءِيلَ وَأَرْسَلْنَآ إِلَيْهِمْ رُسُلاٗۖ كُلَّمَا جَآءَهُمْ رَسُولُۢ بِمَا لَا تَهْو۪ىٰٓ أَنفُسُهُمْ فَرِيقاٗ كَذَّبُواْ وَفَرِيقاٗ يَقْتُلُونَۖ ﱇ
740,5,73,6,120,المَائدة,Al-Mā’idah,وَحَسِبُوٓاْ أَلَّا تَكُونَ فِتْنَةٞ فَعَمُواْ وَصَمُّواْ ثُمَّ تَابَ اَ۬للَّهُ عَلَيْهِمْ ثُمَّ عَمُواْ وَصَمُّواْۖ كَثِيرٞ مِّنْهُمْۖ وَاللَّهُ بَصِيرُۢ بِمَا يَعْمَلُونَۖ ﱈ
741,5,74,6,120,المَائدة,Al-Mā’idah,لَقَدْ كَفَرَ اَ۬لذِينَ قَالُوٓاْ إِنَّ اَ۬للَّهَ هُوَ اَ۬لْمَسِيحُ اُ۪بْنُ مَرْيَمَۖ وَقَالَ اَ۬لْمَسِيحُ يَٰبَنِےٓ إِسْرَآءِيلَ اَ۟عْبُدُواْ اُ۬للَّهَ رَبِّے وَرَبَّكُمُۥٓۖ إِنَّهُۥ مَنْ يُّشْرِكْ بِاللَّهِ فَقَدْ حَرَّمَ اَ۬للَّهُ عَلَيْهِ اِ۬لْجَنَّةَ وَمَأْو۪يٰهُ اُ۬لنَّارُۖ وَمَا لِلظَّٰلِمِينَ مِنَ اَنص۪ارٖۖ ﱉ
742,5,75,6,120,المَائدة,Al-Mā’idah,۞ لَّقَدْ كَفَرَ اَ۬لذِينَ قَالُوٓاْ إِنَّ اَ۬للَّهَ ثَالِثُ ثَلَٰثَةٖۖ وَمَا مِنِ اِلَٰهٍ اِلَّآ إِلَٰهٞ وَٰحِدٞۖ وَإِن لَّمْ يَنتَهُواْ عَمَّا يَقُولُونَ لَيَمَسَّنَّ اَ۬لذِينَ كَفَرُواْ مِنْهُمْ عَذَابٌ اَلِيمٌۖ ﱊ
743,5,76,6,120,المَائدة,Al-Mā’idah,اَفَلَا يَتُوبُونَ إِلَى اَ۬للَّهِ وَيَسْتَغْفِرُونَهُۥۖ وَاللَّهُ غَفُورٞ رَّحِيمٞۖ ﱋ
744,5,77,6,120,المَائدة,Al-Mā’idah,مَّا اَ۬لْمَسِيحُ اُ۪بْنُ مَرْيَمَ إِلَّا رَسُولٞ قَدْ خَلَتْ مِن قَبْلِهِ اِ۬لرُّسُلُۖ وَأُمُّهُۥ صِدِّيقَةٞۖ كَانَا يَاكُلَٰنِ اِ۬لطَّعَامَۖ اَ۟نظُرْ كَيْفَ نُبَيِّنُ لَهُمُ اُ۬لَايَٰتِ ثُمَّ اَ۟نظُرَ اَنّ۪ىٰ يُوفَكُونَۖ ﱌ
745,5,78,6,120,المَائدة,Al-Mā’idah,قُلَ اَتَعْبُدُونَ مِن دُونِ اِ۬للَّهِ مَا لَا يَمْلِكُ لَكُمْ ضَرّاٗ وَلَا نَفْعاٗۖ وَاللَّهُ هُوَ اَ۬لسَّمِيعُ اُ۬لْعَلِيمُۖ ﱍ
746,5,79,6,120,المَائدة,Al-Mā’idah,قُلْ يَٰٓأَهْلَ اَ۬لْكِتَٰبِ لَا تَغْلُواْ فِے دِينِكُمْ غَيْرَ اَ۬لْحَقِّۖ وَلَا تَتَّبِعُوٓاْ أَهْوَآءَ قَوْمٖ قَد ضَّلُّواْ مِن قَبْلُ وَأَضَلُّواْ كَثِيراٗ وَضَلُّواْ عَن سَوَآءِ اِ۬لسَّبِيلِۖ ﱎ
747,5,80,6,121,المَائدة,Al-Mā’idah,لُعِنَ اَ۬لذِينَ كَفَرُواْ مِنۢ بَنِےٓ إِسْرَآءِيلَ عَلَىٰ لِسَانِ دَاوُۥدَ وَعِيسَى اَ۪بْنِ مَرْيَمَۖ ذَٰلِكَ بِمَا عَصَواْ وَّكَانُواْ يَعْتَدُونَۖ ﱏ
748,5,81,6,121,المَائدة,Al-Mā’idah,كَانُواْ لَا يَتَنَاهَوْنَ عَن مُّنكَرٖ فَعَلُوهُۖ لَبِيسَ مَا كَانُواْ يَفْعَلُونَۖ ﱐ
749,5,82,6,121,المَائدة,Al-Mā’idah,تَر۪ىٰ كَثِيراٗ مِّنْهُمْ يَتَوَلَّوْنَ اَ۬لذِينَ كَفَرُواْۖ لَبِيسَ مَا قَدَّمَتْ لَهُمُۥٓ أَنفُسُهُمُۥٓ أَن سَخِطَ اَ۬للَّهُ عَلَيْهِمْ وَفِے اِ۬لْعَذَابِ هُمْ خَٰلِدُونَۖ ﱑ
750,5,83,6,121,المَائدة,Al-Mā’idah,وَلَوْ كَانُواْ يُومِنُونَ بِاللَّهِ وَالنَّبِےٓءِ وَمَآ أُنزِلَ إِلَيْهِ مَا اَ۪تَّخَذُوهُمُۥٓ أَوْلِيَآءَۖ وَلَٰكِنَّ كَثِيراٗ مِّنْهُمْ فَٰسِقُونَۖ ﱒ
751,5,84,7,121,المَائدة,Al-Mā’idah,۞ لَتَجِدَنَّ أَشَدَّ اَ۬لنَّاسِ عَدَٰوَةٗ لِّلذِينَ ءَامَنُواْ اُ۬لْيَهُودَ وَالذِينَ أَشْرَكُواْۖ وَلَتَجِدَنَّ أَقْرَبَهُم مَّوَدَّةٗ لِّلذِينَ ءَامَنُواْ اُ۬لذِينَ قَالُوٓاْ إِنَّا نَصَٰر۪ىٰۖ ذَٰلِكَ بِأَنَّ مِنْهُمْ قِسِّيسِينَ وَرُهْبَاناٗ وَأَنَّهُمْ لَا يَسْتَكْبِرُونَۖ ﱓ
752,5,85,7,121,المَائدة,Al-Mā’idah,وَإِذَا سَمِعُواْ مَآ أُنزِلَ إِلَى اَ۬لرَّسُولِ تَر۪ىٰٓ أَعْيُنَهُمْ تَفِيضُ مِنَ اَ۬لدَّمْعِ مِمَّا عَرَفُواْ مِنَ اَ۬لْحَقِّ يَقُولُونَ رَبَّنَآ ءَامَنَّا فَاكْتُبْنَا مَعَ اَ۬لشَّٰهِدِينَۖ ﱔ
753,5,86,7,122,المَائدة,Al-Mā’idah,وَمَا لَنَا لَا نُومِنُ بِاللَّهِ وَمَا جَآءَنَا مِنَ اَ۬لْحَقِّ وَنَطْمَعُ أَنْ يُّدْخِلَنَا رَبُّنَا مَعَ اَ۬لْقَوْمِ اِ۬لصَّٰلِحِينَۖ ﱕ
754,5,87,7,122,المَائدة,Al-Mā’idah,فَأَثَٰبَهُمُ اُ۬للَّهُ بِمَا قَالُواْ جَنَّٰتٖ تَجْرِے مِن تَحْتِهَا اَ۬لَانْهَٰرُ خَٰلِدِينَ فِيهَاۖ وَذَٰلِكَ جَزَآءُ اُ۬لْمُحْسِنِينَۖ ﱖ
755,5,88,7,122,المَائدة,Al-Mā’idah,وَالذِينَ كَفَرُواْ وَكَذَّبُواْ بِـَٔايَٰتِنَآ أُوْلَٰٓئِكَ أَصْحَٰبُ اُ۬لْجَحِيمِۖ ﱗ
756,5,89,7,122,المَائدة,Al-Mā’idah,يَٰٓأَيُّهَا اَ۬لذِينَ ءَامَنُواْ لَا تُحَرِّمُواْ طَيِّبَٰتِ مَآ أَحَلَّ اَ۬للَّهُ لَكُمْ وَلَا تَعْتَدُوٓاْۖ إِنَّ اَ۬للَّهَ لَا يُحِبُّ اُ۬لْمُعْتَدِينَۖ ﱘ
757,5,90,7,122,المَائدة,Al-Mā’idah,وَكُلُواْ مِمَّا رَزَقَكُمُ اُ۬للَّهُ حَلَٰلاٗ طَيِّباٗۖ وَاتَّقُواْ اُ۬للَّهَ اَ۬لذِےٓ أَنتُم بِهِۦ مُومِنُونَۖ ﱙ
758,5,91,7,122,المَائدة,Al-Mā’idah,لَا يُوَ۬اخِذُكُمُ اُ۬للَّهُ بِاللَّغْوِ فِےٓ أَيْمَٰنِكُمْۖ وَلَٰكِنْ يُّوَ۬اخِذُكُم بِمَا عَقَّدتُّمُ اُ۬لَايْمَٰنَۖ فَكَفَّٰرَتُهُۥٓ إِطْعَامُ عَشَرَةِ مَسَٰكِينَ مِنَ اَوْسَطِ مَا تُطْعِمُونَ أَهْلِيكُمُۥٓ أَوْ كِسْوَتُهُمُۥٓ أَوْ تَحْرِيرُ رَقَبَةٖۖ فَمَن لَّمْ يَجِدْ فَصِيَامُ ثَلَٰثَةِ أَيَّامٖۖ ذَٰلِكَ كَفَّٰرَةُ أَيْمَٰنِكُمُۥٓ إِذَا حَلَفْتُمْۖ وَاحْفَظُوٓاْ أَيْمَٰنَكُمْۖ كَذَٰلِكَ يُبَيِّنُ اُ۬للَّهُ لَكُمُۥٓ ءَايَٰتِهِۦ لَعَلَّكُمْ تَشْكُرُونَۖ ﱚ
759,5,92,7,122,المَائدة,Al-Mā’idah,۞ يَٰٓأَيُّهَا اَ۬لذِينَ ءَامَنُوٓاْ إِنَّمَا اَ۬لْخَمْرُ وَالْمَيْسِرُ وَالَانصَابُ وَالَازْلَٰمُ رِجْسٞ مِّنْ عَمَلِ اِ۬لشَّيْطَٰنِ فَاجْتَنِبُوهُ لَعَلَّكُمْ تُفْلِحُونَۖ ﱛ
760,5,93,7,123,المَائدة,Al-Mā’idah,إِنَّمَا يُرِيدُ اُ۬لشَّيْطَٰنُ أَنْ يُّوقِعَ بَيْنَكُمُ اُ۬لْعَدَٰوَةَ وَالْبَغْضَآءَ فِے اِ۬لْخَمْرِ وَالْمَيْسِرِ وَيَصُدَّكُمْ عَن ذِكْرِ اِ۬للَّهِ وَعَنِ اِ۬لصَّلَوٰةِۖ فَهَلَ اَنتُم مُّنتَهُونَۖ ﱜ
761,5,94,7,123,المَائدة,Al-Mā’idah,وَأَطِيعُواْ اُ۬للَّهَ وَأَطِيعُواْ اُ۬لرَّسُولَ وَاحْذَرُواْۖ فَإِن تَوَلَّيْتُمْ فَاعْلَمُوٓاْ أَنَّمَا عَلَىٰ رَسُولِنَا اَ۬لْبَلَٰغُ اُ۬لْمُبِينُۖ ﱝ
762,5,95,7,123,المَائدة,Al-Mā’idah,لَيْسَ عَلَى اَ۬لذِينَ ءَامَنُواْ وَعَمِلُواْ اُ۬لصَّٰلِحَٰتِ جُنَاحٞ فِيمَا طَعِمُوٓاْ إِذَا مَا اَ۪تَّقَواْ وَّءَامَنُواْ وَعَمِلُواْ اُ۬لصَّٰلِحَٰتِ ثُمَّ اَ۪تَّقَواْ وَّءَامَنُواْ ثُمَّ اَ۪تَّقَواْ وَّأَحْسَنُواْۖ وَاللَّهُ يُحِبُّ اُ۬لْمُحْسِنِينَۖ ﱞ
763,5,96,7,123,المَائدة,Al-Mā’idah,يَٰٓأَيُّهَا اَ۬لذِينَ ءَامَنُواْ لَيَبْلُوَنَّكُمُ اُ۬للَّهُ بِشَےْءٖ مِّنَ اَ۬لصَّيْدِ تَنَالُهُۥٓ أَيْدِيكُمْ وَرِمَاحُكُمْ لِيَعْلَمَ اَ۬للَّهُ مَنْ يَّخَافُهُۥ بِالْغَيْبِۖ فَمَنِ اِ۪عْتَد۪ىٰ بَعْدَ ذَٰلِكَ فَلَهُۥ عَذَابٌ اَلِيمٞۖ ﱟ
764,5,97,7,123,المَائدة,Al-Mā’idah,يَٰٓأَيُّهَا اَ۬لذِينَ ءَامَنُواْ لَا تَقْتُلُواْ اُ۬لصَّيْدَ وَأَنتُمْ حُرُمٞۖ وَمَن قَتَلَهُۥ مِنكُم مُّتَعَمِّداٗ فَجَزَآءُ مِثْلِ مَا قَتَلَ مِنَ اَ۬لنَّعَمِ يَحْكُمُ بِهِۦ ذَوَا عَدْلٖ مِّنكُمْ هَدْياَۢ بَٰلِغَ اَ۬لْكَعْبَةِ أَوْ كَفَّٰرَةُ طَعَامِ مَسَٰكِينَ أَوْ عَدْلُ ذَٰلِكَ صِيَاماٗ لِّيَذُوقَ وَبَالَ أَمْرِهِۦۖ عَفَا اَ۬للَّهُ عَمَّا سَلَفَۖ وَمَنْ عَادَ فَيَنتَقِمُ اُ۬للَّهُ مِنْهُۖ وَاللَّهُ عَزِيزٞ ذُو اُ۪نتِقَامٍۖ ﱠ
765,5,98,7,124,المَائدة,Al-Mā’idah,ا۟حِلَّ لَكُمْ صَيْدُ اُ۬لْبَحْرِ وَطَعَامُهُۥۖ مَتَٰعاٗ لَّكُمْ وَلِلسَّيَّارَةِۖ وَحُرِّمَ عَلَيْكُمْ صَيْدُ اُ۬لْبَرِّ مَا دُمْتُمْ حُرُماٗۖ وَاتَّقُواْ اُ۬للَّهَ اَ۬لذِےٓ إِلَيْهِ تُحْشَرُونَۖ ﱡ
766,5,99,7,124,المَائدة,Al-Mā’idah,۞ جَعَلَ اَ۬للَّهُ اُ۬لْكَعْبَةَ اَ۬لْبَيْتَ اَ۬لْحَرَامَ قِيَٰماٗ لِّلنَّاسِ وَالشَّهْرَ اَ۬لْحَرَامَ وَالْهَدْيَ وَالْقَلَٰٓئِدَۖ ذَٰلِكَ لِتَعْلَمُوٓاْ أَنَّ اَ۬للَّهَ يَعْلَمُ مَا فِے اِ۬لسَّمَٰوَٰتِ وَمَا فِے اِ۬لَارْضِ وَأَنَّ اَ۬للَّهَ بِكُلِّ شَےْءٍ عَلِيمٌۖ ﱢ
767,5,100,7,124,المَائدة,Al-Mā’idah,اِ۪عْلَمُوٓاْ أَنَّ اَ۬للَّهَ شَدِيدُ اُ۬لْعِقَابِ وَأَنَّ اَ۬للَّهَ غَفُورٞ رَّحِيمٞۖ ﱣ
768,5,101,7,124,المَائدة,Al-Mā’idah,مَّا عَلَى اَ۬لرَّسُولِ إِلَّا اَ۬لْبَلَٰغُۖ وَاللَّهُ يَعْلَمُ مَا تُبْدُونَ وَمَا تَكْتُمُونَۖ ﱤ
769,5,102,7,124,المَائدة,Al-Mā’idah,قُل لَّا يَسْتَوِے اِ۬لْخَبِيثُ وَالطَّيِّبُ وَلَوَ اَعْجَبَكَ كَثْرَةُ اُ۬لْخَبِيثِۖ فَاتَّقُواْ اُ۬للَّهَ يَٰٓأُوْلِے اِ۬لَالْبَٰبِ لَعَلَّكُمْ تُفْلِحُونَۖ ﱥ
770,5,103,7,124,المَائدة,Al-Mā’idah,يَٰٓأَيُّهَا اَ۬لذِينَ ءَامَنُواْ لَا تَسْـَٔلُواْ عَنَ اَشْيَآءَ ا۪ن تُبْدَ لَكُمْ تَسُؤْكُمْۖ وَإِن تَسْـَٔلُواْ عَنْهَا حِينَ يُنَزَّلُ اُ۬لْقُرْءَانُ تُبْدَ لَكُمْ عَفَا اَ۬للَّهُ عَنْهَاۖ وَاللَّهُ غَفُورٌ حَلِيمٞۖ ﱦ
771,5,104,7,124,المَائدة,Al-Mā’idah,قَدْ سَأَلَهَا قَوْمٞ مِّن قَبْلِكُمْ ثُمَّ أَصْبَحُواْ بِهَا كٰ۪فِرِينَۖ ﱧ
772,5,105,7,124,المَائدة,Al-Mā’idah,مَا جَعَلَ اَ۬للَّهُ مِنۢ بَحِيرَةٖ وَلَا سَآئِبَةٖ وَلَا وَصِيلَةٖ وَلَا حَامٖۖ وَلَٰكِنَّ اَ۬لذِينَ كَفَرُواْ يَفْتَرُونَ عَلَى اَ۬للَّهِ اِ۬لْكَذِبَ وَأَكْثَرُهُمْ لَا يَعْقِلُونَۖ ﱨ
773,5,106,7,125,المَائدة,Al-Mā’idah,وَإِذَا قِيلَ لَهُمْ تَعَالَوِاْ اِلَىٰ مَآ أَنزَلَ اَ۬للَّهُ وَإِلَى اَ۬لرَّسُولِ قَالُواْ حَسْبُنَا مَا وَجَدْنَا عَلَيْهِ ءَابَآءَنَآۖ أَوَلَوْ كَانَ ءَابَآؤُهُمْ لَا يَعْلَمُونَ شَئْاٗ وَلَا يَهْتَدُونَۖ ﱩ
774,5,107,7,125,المَائدة,Al-Mā’idah,يَٰٓأَيُّهَا اَ۬لذِينَ ءَامَنُواْ عَلَيْكُمُۥٓ أَنفُسَكُمْۖ لَا يَضُرُّكُم مَّن ضَلَّ إِذَا اَ۪هْتَدَيْتُمُۥٓۖ إِلَى اَ۬للَّهِ مَرْجِعُكُمْ جَمِيعاٗ فَيُنَبِّئُكُم بِمَا كُنتُمْ تَعْمَلُونَۖ ﱪ
775,5,108,7,125,المَائدة,Al-Mā’idah,۞ يَٰٓأَيُّهَا اَ۬لذِينَ ءَامَنُواْ شَهَٰدَةُ بَيْنِكُمُۥٓ إِذَا حَضَرَ أَحَدَكُمُ اُ۬لْمَوْتُ حِينَ اَ۬لْوَصِيَّةِ اِ۪ثْنَٰنِ ذَوَا عَدْلٖ مِّنكُمُۥٓ أَوَ اٰخَرَٰنِ مِنْ غَيْرِكُمُۥٓ إِنَ اَنتُمْ ضَرَبْتُمْ فِے اِ۬لَارْضِ فَأَصَٰبَتْكُم مُّصِيبَةُ اُ۬لْمَوْتِۖ تَحْبِسُونَهُمَا مِنۢ بَعْدِ اِ۬لصَّلَوٰةِ فَيُقْسِمَٰنِ بِاللَّهِ إِنِ اِ۪رْتَبْتُمْ لَا نَشْتَرِے بِهِۦ ثَمَناٗ وَلَوْ كَانَ ذَا قُرْب۪ىٰۖ وَلَا نَكْتُمُ شَهَٰدَةَ اَ۬للَّهِ إِنَّآ إِذاٗ لَّمِنَ اَ۬لَاثِمِينَۖ ﱫ
776,5,109,7,125,المَائدة,Al-Mā’idah,فَإِنْ عُثِرَ عَلَىٰٓ أَنَّهُمَا اَ۪سْتَحَقَّآ إِثْماٗ فَـَٔاخَرَٰنِ يَقُومَٰنِ مَقَامَهُمَا مِنَ اَ۬لذِينَ اَ۟سْتُحِقَّ عَلَيْهِمُ اُ۬لَاوْلَيَٰنِ فَيُقْسِمَٰنِۖ بِاللَّهِ لَشَهَٰدَتُنَآ أَحَقُّ مِن شَهَٰدَتِهِمَا وَمَا اَ۪عْتَدَيْنَآۖ إِنَّآ إِذاٗ لَّمِنَ اَ۬لظَّٰلِمِينَۖ ﱬ
777,5,110,7,125,المَائدة,Al-Mā’idah,ذَٰلِكَ أَدْن۪ىٰٓ أَنْ يَّاتُواْ بِالشَّهَٰدَةِ عَلَىٰ وَجْهِهَآ أَوْ يَخَافُوٓاْ أَن تُرَدَّ أَيْمَٰنُۢ بَعْدَ أَيْمَٰنِهِمْۖ وَاتَّقُواْ اُ۬للَّهَۖ وَاسْمَعُواْۖ وَاللَّهُ لَا يَهْدِے اِ۬لْقَوْمَ اَ۬لْفَٰسِقِينَۖ ﱭ
778,5,111,7,126,المَائدة,Al-Mā’idah,يَوْمَ يَجْمَعُ اُ۬للَّهُ اُ۬لرُّسُلَ فَيَقُولُ مَاذَآ أُجِبْتُمْۖ قَالُواْ لَا عِلْمَ لَنَآ إِنَّكَ أَنتَ عَلَّٰمُ اُ۬لْغُيُوبِۖ ﱮ
779,5,112,7,126,المَائدة,Al-Mā’idah,إِذْ قَالَ اَ۬للَّهُ يَٰعِيسَى اَ۪بْنَ مَرْيَمَ اَ۟ذْكُرْ نِعْمَتِے عَلَيْكَ وَعَلَىٰ وَٰلِدَتِكَ إِذَ اَيَّدتُّكَ بِرُوحِ اِ۬لْقُدُسِ تُكَلِّمُ اُ۬لنَّاسَ فِے اِ۬لْمَهْدِ وَكَهْلاٗۖ وَإِذْ عَلَّمْتُكَ اَ۬لْكِتَٰبَ وَالْحِكْمَةَ وَالتَّوْر۪يٰةَ وَالِانجِيلَۖ وَإِذْ تَخْلُقُ مِنَ اَ۬لطِّينِ كَهَيْـَٔةِ اِ۬لطَّيْرِ بِإِذْنِے فَتَنفُخُ فِيهَا فَتَكُونُ طَٰٓئِراَۢ بِإِذْنِےۖ وَتُبْرِۓُ اُ۬لَاكْمَهَ وَالَابْرَصَ بِإِذْنِےۖ وَإِذْ تُخْرِجُ اُ۬لْمَوْت۪ىٰ بِإِذْنِےۖ وَإِذْ كَفَفْتُ بَنِےٓ إِسْرَآءِيلَ عَنكَ إِذْ جِئْتَهُم بِالْبَيِّنَٰتِ فَقَالَ اَ۬لذِينَ كَفَرُواْ مِنْهُمُۥٓ إِنْ هَٰذَآ إِلَّا سِحْرٞ مُّبِينٞۖ ﱯ
780,5,113,7,126,المَائدة,Al-Mā’idah,۞ وَإِذَ اَوْحَيْتُ إِلَى اَ۬لْحَوَارِيِّۧنَ أَنَ اٰمِنُواْ بِے وَبِرَسُولِےۖ قَالُوٓاْ ءَامَنَّا وَاشْهَدْ بِأَنَّنَا مُسْلِمُونَۖ ﱰ
781,5,114,7,126,المَائدة,Al-Mā’idah,إِذْ قَالَ اَ۬لْحَوَارِيُّونَ يَٰعِيسَى اَ۪بْنَ مَرْيَمَ هَلْ يَسْتَطِيعُ رَبُّكَ أَنْ يُّنَزِّلَ عَلَيْنَا مَآئِدَةٗ مِّنَ اَ۬لسَّمَآءِۖ قَالَ اَ۪تَّقُواْ اُ۬للَّهَ إِن كُنتُم مُّومِنِينَۖ ﱱ
782,5,115,7,126,المَائدة,Al-Mā’idah,قَالُواْ نُرِيدُ أَن نَّاكُلَ مِنْهَا وَتَطْمَئِنَّ قُلُوبُنَا وَنَعْلَمَ أَن قَدْ صَدَقْتَنَا وَنَكُونَ عَلَيْهَا مِنَ اَ۬لشَّٰهِدِينَۖ ﱲ
783,5,116,7,127,المَائدة,Al-Mā’idah,قَالَ عِيسَى اَ۪بْنُ مَرْيَمَ اَ۬للَّهُمَّ رَبَّنَآ أَنزِلْ عَلَيْنَا مَآئِدَةٗ مِّنَ اَ۬لسَّمَآءِ تَكُونُ لَنَا عِيداٗ لِّأَوَّلِنَا وَءَاخِرِنَا وَءَايَةٗ مِّنكَۖ وَارْزُقْنَاۖ وَأَنتَ خَيْرُ اُ۬لرَّٰزِقِينَۖ ﱳ
784,5,117,7,127,المَائدة,Al-Mā’idah,قَالَ اَ۬للَّهُ إِنِّے مُنَزِّلُهَا عَلَيْكُمْ فَمَنْ يَّكْفُرْ بَعْدُ مِنكُمْ فَإِنِّيَ أُعَذِّبُهُۥ عَذَاباٗ لَّآ أُعَذِّبُهُۥٓ أَحَداٗ مِّنَ اَ۬لْعَٰلَمِينَۖ ﱴ
785,5,118,7,127,المَائدة,Al-Mā’idah,وَإِذْ قَالَ اَ۬للَّهُ يَٰعِيسَى اَ۪بْنَ مَرْيَمَ ءَآنتَ قُلْتَ لِلنَّاسِ اِ۪تَّخِذُونِے وَأُمِّيَ إِلَٰهَيْنِ مِن دُونِ اِ۬للَّهِۖ قَالَ سُبْحَٰنَكَ مَا يَكُونُ لِيَ أَنَ اَقُولَ مَا لَيْسَ لِے بِحَقٍّۖ اِن كُنتُ قُلْتُهُۥ فَقَدْ عَلِمْتَهُۥۖ تَعْلَمُ مَا فِے نَفْسِے وَلَآ أَعْلَمُ مَا فِے نَفْسِكَۖ إِنَّكَ أَنتَ عَلَّٰمُ اُ۬لْغُيُوبِۖ ﱵ
786,5,119,7,127,المَائدة,Al-Mā’idah,مَا قُلْتُ لَهُمُۥٓ إِلَّا مَآ أَمَرْتَنِے بِهِۦٓ أَنُ اُ۟عْبُدُواْ اُ۬للَّهَ رَبِّے وَرَبَّكُمْۖ وَكُنتُ عَلَيْهِمْ شَهِيداٗ مَّا دُمْتُ فِيهِمْۖ فَلَمَّا تَوَفَّيْتَنِے كُنتَ أَنتَ اَ۬لرَّقِيبَ عَلَيْهِمْۖ وَأَنتَ عَلَىٰ كُلِّ شَےْءٖ شَهِيدٌۖ ﱶ
787,5,120,7,127,المَائدة,Al-Mā’idah,اِن تُعَذِّبْهُمْ فَإِنَّهُمْ عِبَادُكَۖ وَإِن تَغْفِرْ لَهُمْ فَإِنَّكَ أَنتَ اَ۬لْعَزِيزُ اُ۬لْحَكِيمُۖ ﱷ
788,5,121,7,127,المَائدة,Al-Mā’idah,قَالَ اَ۬للَّهُ هَٰذَا يَوْمَ يَنفَعُ اُ۬لصَّٰدِقِينَ صِدْقُهُمْۖ لَهُمْ جَنَّٰتٞ تَجْرِے مِن تَحْتِهَا اَ۬لَانْهَٰرُ خَٰلِدِينَ فِيهَآ أَبَداٗۖ رَّضِيَ اَ۬للَّهُ عَنْهُمْ وَرَضُواْ عَنْهُۖ ذَٰلِكَ اَ۬لْفَوْزُ اُ۬لْعَظِيمُۖ ﱸ
789,5,122,7,127,المَائدة,Al-Mā’idah,لِلهِ مُلْكُ اُ۬لسَّمَٰوَٰتِ وَالَارْضِ وَمَا فِيهِنَّۖ وَهُوَ عَلَىٰ كُلِّ شَےْءٖ قَدِيرٌۖ ﱹ
790,6,1,7,128,الأنعَام,Al-An‘ām,اِ۬لْحَمْدُ لِلهِ اِ۬لذِے خَلَقَ اَ۬لسَّمَٰوَٰتِ وَالَارْضَ وَجَعَلَ اَ۬لظُّلُمَٰتِ وَالنُّورَ ﰀ
791,6,2,7,128,الأنعَام,Al-An‘ām,ثُمَّ اَ۬لذِينَ كَفَرُواْ بِرَبِّهِمْ يَعْدِلُونَۖ ﰁ
792,6,3,7,128,الأنعَام,Al-An‘ām,هُوَ اَ۬لذِے خَلَقَكُم مِّن طِينٖ ثُمَّ قَض۪ىٰٓ أَجَلاٗۖ وَأَجَلٞ مُّسَمّىً عِندَهُۥۖ ثُمَّ أَنتُمْ تَمْتَرُونَۖ ﰂ
793,6,4,7,128,الأنعَام,Al-An‘ām,وَهُوَ اَ۬للَّهُ فِے اِ۬لسَّمَٰوَٰتِ وَفِے اِ۬لَارْضِ يَعْلَمُ سِرَّكُمْ وَجَهْرَكُمْ وَيَعْلَمُ مَا تَكْسِبُونَۖ ﰃ
794,6,5,7,128,الأنعَام,Al-An‘ām,وَمَا تَاتِيهِم مِّنَ اٰيَةٖ مِّنَ اٰيَٰتِ رَبِّهِمُۥٓ إِلَّا كَانُواْ عَنْهَا مُعْرِضِينَۖ ﰄ
795,6,6,7,128,الأنعَام,Al-An‘ām,فَقَدْ كَذَّبُواْ بِالْحَقِّ لَمَّا جَآءَهُمْۖ فَسَوْفَ يَاتِيهِمُۥٓ أَنۢبَٰٓؤُاْ مَا كَانُواْ بِهِۦ يَسْتَهْزِءُونَۖ ﰅ
796,6,7,7,128,الأنعَام,Al-An‘ām,أَلَمْ يَرَوْاْ كَمَ اَهْلَكْنَا مِن قَبْلِهِم مِّن قَرْنٖ مَّكَّنَّٰهُمْ فِے اِ۬لَارْضِ مَا لَمْ نُمَكِّن لَّكُمْۖ وَأَرْسَلْنَا اَ۬لسَّمَآءَ عَلَيْهِم مِّدْرَاراٗۖ وَجَعَلْنَا اَ۬لَانْهَٰرَ تَجْرِے مِن تَحْتِهِمْ فَأَهْلَكْنَٰهُم بِذُنُوبِهِمْۖ وَأَنشَأْنَا مِنۢ بَعْدِهِمْ قَرْناً اٰخَرِينَۖ ﰆ
797,6,8,7,128,الأنعَام,Al-An‘ām,وَلَوْ نَزَّلْنَا عَلَيْكَ كِتَٰباٗ فِے قِرْطَاسٖ فَلَمَسُوهُ بِأَيْدِيهِمْ لَقَالَ اَ۬لذِينَ كَفَرُوٓاْ إِنْ هَٰذَآ إِلَّا سِحْرٞ مُّبِينٞۖ ﰇ
798,6,9,7,128,الأنعَام,Al-An‘ām,وَقَالُواْ لَوْلَآ أُنزِلَ عَلَيْهِ مَلَكٞۖ وَلَوَ اَنزَلْنَا مَلَكاٗ لَّقُضِيَ اَ۬لَامْرُ ثُمَّ لَا يُنظَرُونَۖ ﰈ
799,6,10,7,129,الأنعَام,Al-An‘ām,وَلَوْ جَعَلْنَٰهُ مَلَكاٗ لَّجَعَلْنَٰهُ رَجُلاٗ وَلَلَبَسْنَا عَلَيْهِم مَّا يَلْبِسُونَۖ ﰉ
800,6,11,7,129,الأنعَام,Al-An‘ām,وَلَقَدُ اُ۟سْتُهْزِۓَ بِرُسُلٖ مِّن قَبْلِكَ فَحَاقَ بِالذِينَ سَخِرُواْ مِنْهُم مَّا كَانُواْ بِهِۦ يَسْتَهْزِءُونَۖ ﰊ
801,6,12,7,129,الأنعَام,Al-An‘ām,قُلْ سِيرُواْ فِے اِ۬لَارْضِ ثُمَّ اَ۟نظُرُواْ كَيْفَ كَانَ عَٰقِبَةُ اُ۬لْمُكَذِّبِينَۖ ﰋ
802,6,13,7,129,الأنعَام,Al-An‘ām,قُل لِّمَن مَّا فِے اِ۬لسَّمَٰوَٰتِ وَالَارْضِ قُل لِّلهِۖ كَتَبَ عَلَىٰ نَفْسِهِ اِ۬لرَّحْمَةَۖ لَيَجْمَعَنَّكُمُۥٓ إِلَىٰ يَوْمِ اِ۬لْقِيَٰمَةِ لَا رَيْبَ فِيهِۖ اِ۬لذِينَ خَسِرُوٓاْ أَنفُسَهُمْ فَهُمْ لَا يُومِنُونَۖ ﰌ
803,6,14,7,129,الأنعَام,Al-An‘ām,۞ وَلَهُۥ مَا سَكَنَ فِے اِ۬ليْلِ وَالنَّه۪ارِۖ وَهُوَ اَ۬لسَّمِيعُ اُ۬لْعَلِيمُۖ ﰍ
804,6,15,7,129,الأنعَام,Al-An‘ām,قُلَ اَغَيْرَ اَ۬للَّهِ أَتَّخِذُ وَلِيّاٗ فَاطِرِ اِ۬لسَّمَٰوَٰتِ وَالَارْضِۖ وَهُوَ يُطْعِمُ وَلَا يُطْعَمُۖ قُلِ اِنِّيَ أُمِرْتُ أَنَ اَكُونَ أَوَّلَ مَنَ اَسْلَمَۖ وَلَا تَكُونَنَّ مِنَ اَ۬لْمُشْرِكِينَۖ ﰎ
805,6,16,7,129,الأنعَام,Al-An‘ām,قُلِ اِنِّيَ أَخَافُ إِنْ عَصَيْتُ رَبِّے عَذَابَ يَوْمٍ عَظِيمٖۖ ﰏ
806,6,17,7,129,الأنعَام,Al-An‘ām,مَّنْ يُّصْرَفْ عَنْهُ يَوْمَئِذٖ فَقَدْ رَحِمَهُۥۖ وَذَٰلِكَ اَ۬لْفَوْزُ اُ۬لْمُبِينُۖ ﰐ
807,6,18,7,129,الأنعَام,Al-An‘ām,وَإِنْ يَّمْسَسْكَ اَ۬للَّهُ بِضُرّٖ فَلَا كَاشِفَ لَهُۥٓ إِلَّا هُوَۖ وَإِنْ يَّمْسَسْكَ بِخَيْرٖ فَهُوَ عَلَىٰ كُلِّ شَےْءٖ قَدِيرٞۖ ﰑ
808,6,19,7,129,الأنعَام,Al-An‘ām,وَهُوَ اَ۬لْقَاهِرُ فَوْقَ عِبَادِهِۦۖ وَهُوَ اَ۬لْحَكِيمُ اُ۬لْخَبِيرُۖ ﰒ
809,6,20,7,130,الأنعَام,Al-An‘ām,قُلَ اَيُّ شَےْءٍ اَكْبَرُ شَهَٰدَةٗ قُلِ اِ۬للَّهُۖ شَهِيدُۢ بَيْنِے وَبَيْنَكُمْۖ وَأُوحِيَ إِلَيَّ هَٰذَا اَ۬لْقُرْءَانُ لِأُنذِرَكُم بِهِۦ وَمَنۢ بَلَغَۖ أَئِنَّكُمْ لَتَشْهَدُونَ أَنَّ مَعَ اَ۬للَّهِ ءَالِهَةً ا۟خْر۪ىٰ قُل لَّآ أَشْهَدُۖ قُلِ اِنَّمَا هُوَ إِلَٰهٞ وَٰحِدٞۖ وَإِنَّنِے بَرِےٓءٞ مِّمَّا تُشْرِكُونَۖ ﰓ
810,6,21,7,130,الأنعَام,Al-An‘ām,اَ۬لذِينَ ءَاتَيْنَٰهُمُ اُ۬لْكِتَٰبَ يَعْرِفُونَهُۥ كَمَا يَعْرِفُونَ أَبْنَآءَهُمُۖ اُ۬لذِينَ خَسِرُوٓاْ أَنفُسَهُمْ فَهُمْ لَا يُومِنُونَۖ ﰔ
811,6,22,7,130,الأنعَام,Al-An‘ām,وَمَنَ اَظْلَمُ مِمَّنِ اِ۪فْتَر۪ىٰ عَلَى اَ۬للَّهِ كَذِباً اَوْ كَذَّبَ بِـَٔايَٰتِهِۦٓۖ إِنَّهُۥ لَا يُفْلِحُ اُ۬لظَّٰلِمُونَۖ ﰕ
812,6,23,7,130,الأنعَام,Al-An‘ām,وَيَوْمَ نَحْشُرُهُمْ جَمِيعاٗ ثُمَّ نَقُولُ لِلذِينَ أَشْرَكُوٓاْ أَيْنَ شُرَكَآؤُكُمُ اُ۬لذِينَ كُنتُمْ تَزْعُمُونَۖ ﰖ
813,6,24,7,130,الأنعَام,Al-An‘ām,ثُمَّ لَمْ تَكُن فِتْنَتَهُمُۥٓ إِلَّآ أَن قَالُواْ وَاللَّهِ رَبِّنَا مَا كُنَّا مُشْرِكِينَۖ ﰗ
814,6,25,7,130,الأنعَام,Al-An‘ām,اَ۟نظُرْ كَيْفَ كَذَبُواْ عَلَىٰٓ أَنفُسِهِمْ وَضَلَّ عَنْهُم مَّا كَانُواْ يَفْتَرُونَۖ ﰘ
815,6,26,7,130,الأنعَام,Al-An‘ām,وَمِنْهُم مَّنْ يَّسْتَمِعُ إِلَيْكَۖ وَجَعَلْنَا عَلَىٰ قُلُوبِهِمُۥٓ أَكِنَّةً اَنْ يَّفْقَهُوهُ وَفِےٓ ءَاذَانِهِمْ وَقْراٗۖ وَإِنْ يَّرَوْاْ كُلَّ ءَايَةٖ لَّا يُومِنُواْ بِهَاۖ حَتَّىٰٓ إِذَا جَآءُوكَ يُجَٰدِلُونَكَ يَقُولُ اُ۬لذِينَ كَفَرُوٓاْ إِنْ هَٰذَآ إِلَّآ أَسَٰطِيرُ اُ۬لَاوَّلِينَۖ ﰙ
816,6,27,7,130,الأنعَام,Al-An‘ām,۞ وَهُمْ يَنْهَوْنَ عَنْهُ وَيَنْـَٔوْنَ عَنْهُۖ وَإِنْ يُّهْلِكُونَ إِلَّآ أَنفُسَهُمْ وَمَا يَشْعُرُونَۖ ﰚ
817,6,28,7,130,الأنعَام,Al-An‘ām,وَلَوْ تَر۪ىٰٓ إِذْ وُقِفُواْ عَلَى اَ۬لنّ۪ارِ فَقَالُواْ يَٰلَيْتَنَا نُرَدُّۖ وَلَا نُكَذِّبُ بِـَٔايَٰتِ رَبِّنَا وَنَكُونُ مِنَ اَ۬لْمُومِنِينَۖ ﰛ
818,6,29,7,131,الأنعَام,Al-An‘ām,بَلْ بَدَا لَهُم مَّا كَانُواْ يُخْفُونَ مِن قَبْلُۖ وَلَوْ رُدُّواْ لَعَادُواْ لِمَا نُهُواْ عَنْهُۖ وَإِنَّهُمْ لَكَٰذِبُونَۖ ﰜ
819,6,30,7,131,الأنعَام,Al-An‘ām,وَقَالُوٓاْ إِنْ هِيَ إِلَّا حَيَاتُنَا اَ۬لدُّنْي۪ا وَمَا نَحْنُ بِمَبْعُوثِينَۖ ﰝ
820,6,31,7,131,الأنعَام,Al-An‘ām,وَلَوْ تَر۪ىٰٓ إِذْ وُقِفُواْ عَلَىٰ رَبِّهِمْ قَالَ أَلَيْسَ هَٰذَا بِالْحَقِّۖ قَالُواْ بَل۪ىٰ وَرَبِّنَاۖ قَالَ فَذُوقُواْ اُ۬لْعَذَابَ بِمَا كُنتُمْ تَكْفُرُونَۖ ﰞ
821,6,32,7,131,الأنعَام,Al-An‘ām,قَدْ خَسِرَ اَ۬لذِينَ كَذَّبُواْ بِلِقَآءِ اِ۬للَّهِ حَتَّىٰٓ إِذَا جَآءَتْهُمُ اُ۬لسَّاعَةُ بَغْتَةٗ قَالُواْ يَٰحَسْرَتَنَا عَلَىٰ مَا فَرَّطْنَا فِيهَا وَهُمْ يَحْمِلُونَ أَوْزَارَهُمْ عَلَىٰ ظُهُورِهِمُۥٓۖ أَلَا سَآءَ مَا يَزِرُونَۖ ﰟ
822,6,33,7,131,الأنعَام,Al-An‘ām,وَمَا اَ۬لْحَيَوٰةُ اُ۬لدُّنْي۪آ إِلَّا لَعِبٞ وَلَهْوٞۖ وَلَلدَّارُ اُ۬لَاخِرَةُ خَيْرٞ لِّلذِينَ يَتَّقُونَۖ أَفَلَا تَعْقِلُونَۖ ﰠ
823,6,34,7,131,الأنعَام,Al-An‘ām,قَدْ نَعْلَمُ إِنَّهُۥ لَيُحْزِنُكَ اَ۬لذِے يَقُولُونَۖ فَإِنَّهُمْ لَا يُكْذِبُونَكَۖ وَلَٰكِنَّ اَ۬لظَّٰلِمِينَ بِـَٔايَٰتِ اِ۬للَّهِ يَجْحَدُونَۖ ﰡ
824,6,35,7,131,الأنعَام,Al-An‘ām,وَلَقَدْ كُذِّبَتْ رُسُلٞ مِّن قَبْلِكَ فَصَبَرُواْ عَلَىٰ مَا كُذِّبُواْ وَأُوذُواْ حَتَّىٰٓ أَت۪يٰهُمْ نَصْرُنَاۖ وَلَا مُبَدِّلَ لِكَلِمَٰتِ اِ۬للَّهِۖ وَلَقَدْ جَآءَكَ مِن نَّبَإِےْ اِ۬لْمُرْسَلِينَۖ ﰢ
825,6,36,7,131,الأنعَام,Al-An‘ām,وَإِن كَانَ كَبُرَ عَلَيْكَ إِعْرَاضُهُمْ فَإِنِ اِ۪سْتَطَعْتَ أَن تَبْتَغِيَ نَفَقاٗ فِے اِ۬لَارْضِ أَوْ سُلَّماٗ فِے اِ۬لسَّمَآءِ فَتَاتِيَهُم بِـَٔايَةٖۖ وَلَوْ شَآءَ اَ۬للَّهُ لَجَمَعَهُمْ عَلَى اَ۬لْهُد۪ىٰۖ فَلَا تَكُونَنَّ مِنَ اَ۬لْجَٰهِلِينَۖ ﰣ
826,6,37,7,132,الأنعَام,Al-An‘ām,۞ إِنَّمَا يَسْتَجِيبُ اُ۬لذِينَ يَسْمَعُونَۖ وَالْمَوْت۪ىٰ يَبْعَثُهُمُ اُ۬للَّهُۖ ثُمَّ إِلَيْهِ يُرْجَعُونَۖ ﰤ
827,6,38,7,132,الأنعَام,Al-An‘ām,وَقَالُواْ لَوْلَا نُزِّلَ عَلَيْهِ ءَايَةٞ مِّن رَّبِّهِۦۖ قُلِ اِنَّ اَ۬للَّهَ قَادِرٌ عَلَىٰٓ أَنْ يُّنَزِّلَ ءَايَةٗۖ وَلَٰكِنَّ أَكْثَرَهُمْ لَا يَعْلَمُونَۖ ﰥ
828,6,39,7,132,الأنعَام,Al-An‘ām,وَمَا مِن دَآبَّةٖ فِے اِ۬لَارْضِ وَلَا طَٰٓئِرٖ يَطِيرُ بِجَنَاحَيْهِ إِلَّآ أُمَمٌ اَمْثَالُكُمۖ مَّا فَرَّطْنَا فِے اِ۬لْكِتَٰبِ مِن شَےْءٖۖ ثُمَّ إِلَىٰ رَبِّهِمْ يُحْشَرُونَۖ ﰦ
829,6,40,7,132,الأنعَام,Al-An‘ām,وَالذِينَ كَذَّبُواْ بِـَٔايَٰتِنَا صُمّٞ وَبُكْمٞ فِے اِ۬لظُّلُمَٰتِۖ مَنْ يَّشَإِ اِ۬للَّهُ يُضْلِلْهُۖ وَمَنْ يَّشَأْ يَجْعَلْهُ عَلَىٰ صِرَٰطٖ مُّسْتَقِيمٖۖ ﰧ
830,6,41,7,132,الأنعَام,Al-An‘ām,قُلَ اَرَٰٓيْتَكُمُۥٓ إِنَ اَت۪يٰكُمْ عَذَابُ اُ۬للَّهِ أَوَ اَتَتْكُمُ اُ۬لسَّاعَةُ أَغَيْرَ اَ۬للَّهِ تَدْعُونَ إِن كُنتُمْ صَٰدِقِينَۖ ﰨ
831,6,42,7,132,الأنعَام,Al-An‘ām,بَلِ اِيَّاهُ تَدْعُونَ فَيَكْشِفُ مَا تَدْعُونَ إِلَيْهِ إِن شَآءَ وَتَنسَوْنَ مَا تُشْرِكُونَۖ ﰩ
832,6,43,7,132,الأنعَام,Al-An‘ām,وَلَقَدَ اَرْسَلْنَآ إِلَىٰٓ أُمَمٖ مِّن قَبْلِكَ فَأَخَذْنَٰهُم بِالْبَأْسَآءِ وَالضَّرَّآءِ لَعَلَّهُمْ يَتَضَرَّعُونَۖ ﰪ
833,6,44,7,132,الأنعَام,Al-An‘ām,فَلَوْلَآ إِذْ جَآءَهُم بَأْسُنَا تَضَرَّعُواْۖ وَلَٰكِن قَسَتْ قُلُوبُهُمْ وَزَيَّنَ لَهُمُ اُ۬لشَّيْطَٰنُ مَا كَانُواْ يَعْمَلُونَۖ ﰫ
834,6,45,7,132,الأنعَام,Al-An‘ām,فَلَمَّا نَسُواْ مَا ذُكِّرُواْ بِهِۦ فَتَحْنَا عَلَيْهِمُۥٓ أَبْوَٰبَ كُلِّ شَےْءٍۖ حَتَّىٰٓ إِذَا فَرِحُواْ بِمَآ أُوتُوٓاْ أَخَذْنَٰهُم بَغْتَةٗ فَإِذَا هُم مُّبْلِسُونَۖ ﰬ
835,6,46,7,133,الأنعَام,Al-An‘ām,فَقُطِعَ دَابِرُ اُ۬لْقَوْمِ اِ۬لذِينَ ظَلَمُواْۖ وَالْحَمْدُ لِلهِ رَبِّ اِ۬لْعَٰلَمِينَۖ ﰭ
836,6,47,7,133,الأنعَام,Al-An‘ām,قُلَ اَرَٰٓيْتُمُۥٓ إِنَ اَخَذَ اَ۬للَّهُ سَمْعَكُمْ وَأَبْصَٰرَكُمْ وَخَتَمَ عَلَىٰ قُلُوبِكُم مَّنِ اِلَٰهٌ غَيْرُ اُ۬للَّهِ يَاتِيكُم بِهِۖ اِ۟نظُرْ كَيْفَ نُصَرِّفُ اُ۬لَايَٰتِ ثُمَّ هُمْ يَصْدِفُونَۖ ﰮ
837,6,48,7,133,الأنعَام,Al-An‘ām,قُلَ اَرَٰٓيْتَكُمُۥٓ إِنَ اَت۪يٰكُمْ عَذَابُ اُ۬للَّهِ بَغْتَةً اَوْ جَهْرَةً هَلْ يُهْلَكُ إِلَّا اَ۬لْقَوْمُ اُ۬لظَّٰلِمُونَۖ ﰯ
838,6,49,7,133,الأنعَام,Al-An‘ām,۞ وَمَا نُرْسِلُ اُ۬لْمُرْسَلِينَ إِلَّا مُبَشِّرِينَ وَمُنذِرِينَۖ فَمَنَ اٰمَنَ وَأَصْلَحَ فَلَا خَوْفٌ عَلَيْهِمْ وَلَا هُمْ يَحْزَنُونَۖ ﰰ
839,6,50,7,133,الأنعَام,Al-An‘ām,وَالذِينَ كَذَّبُواْ بِـَٔايَٰتِنَا يَمَسُّهُمُ اُ۬لْعَذَابُ بِمَا كَانُواْ يَفْسُقُونَۖ ﰱ
840,6,51,7,133,الأنعَام,Al-An‘ām,قُل لَّآ أَقُولُ لَكُمْ عِندِے خَزَآئِنُ اُ۬للَّهِ وَلَآ أَعْلَمُ اُ۬لْغَيْبَ وَلَآ أَقُولُ لَكُمُۥٓ إِنِّے مَلَكٌۖ اِنَ اَتَّبِعُ إِلَّا مَا يُوح۪ىٰٓ إِلَيَّۖ قُلْ هَلْ يَسْتَوِے اِ۬لَاعْم۪ىٰ وَالْبَصِيرُۖ أَفَلَا تَتَفَكَّرُونَۖ ﰲ
841,6,52,7,133,الأنعَام,Al-An‘ām,وَأَنذِرْ بِهِ اِ۬لذِينَ يَخَافُونَ أَنْ يُّحْشَرُوٓاْ إِلَىٰ رَبِّهِمْ لَيْسَ لَهُم مِّن دُونِهِۦ وَلِيّٞ وَلَا شَفِيعٞ لَّعَلَّهُمْ يَتَّقُونَۖ ﰳ
842,6,53,7,133,الأنعَام,Al-An‘ām,وَلَا تَطْرُدِ اِ۬لذِينَ يَدْعُونَ رَبَّهُم بِالْغَدَوٰةِ وَالْعَشِيِّ يُرِيدُونَ وَجْهَهُۥ مَا عَلَيْكَ مِنْ حِسَابِهِم مِّن شَےْءٖ وَمَا مِنْ حِسَابِكَ عَلَيْهِم مِّن شَےْءٖ فَتَطْرُدَهُمْ فَتَكُونَ مِنَ اَ۬لظَّٰلِمِينَۖ ﰴ
843,6,54,7,134,الأنعَام,Al-An‘ām,وَكَذَٰلِكَ فَتَنَّا بَعْضَهُم بِبَعْضٖ لِّيَقُولُوٓاْ أَهَٰٓؤُلَآءِ مَنَّ اَ۬للَّهُ عَلَيْهِم مِّنۢ بَيْنِنَآۖ أَلَيْسَ اَ۬للَّهُ بِأَعْلَمَ بِالشَّٰكِرِينَۖ ﰵ
844,6,55,7,134,الأنعَام,Al-An‘ām,وَإِذَا جَآءَكَ اَ۬لذِينَ يُومِنُونَ بِـَٔايَٰتِنَا فَقُلْ سَلَٰمٌ عَلَيْكُمْۖ كَتَبَ رَبُّكُمْ عَلَىٰ نَفْسِهِ اِ۬لرَّحْمَةَ أَنَّهُۥ مَنْ عَمِلَ مِنكُمْ سُوٓءاَۢ بِجَهَٰلَةٖ ثُمَّ تَابَ مِنۢ بَعْدِهِۦ وَأَصْلَحَ فَإِنَّهُۥ غَفُورٞ رَّحِيمٞۖ ﰶ
845,6,56,7,134,الأنعَام,Al-An‘ām,وَكَذَٰلِكَ نُفَصِّلُ اُ۬لَايَٰتِ وَلِتَسْتَبِينَ سَبِيلَ اَ۬لْمُجْرِمِينَۖ ﰷ
846,6,57,7,134,الأنعَام,Al-An‘ām,قُلِ اِنِّے نُهِيتُ أَنَ اَعْبُدَ اَ۬لذِينَ تَدْعُونَ مِن دُونِ اِ۬للَّهِۖ قُل لَّآ أَتَّبِعُ أَهْوَآءَكُمْۖ قَد ضَّلَلْتُ إِذاٗ وَمَآ أَنَا مِنَ اَ۬لْمُهْتَدِينَۖ ﰸ
847,6,58,7,134,الأنعَام,Al-An‘ām,قُلِ اِنِّے عَلَىٰ بَيِّنَةٖ مِّن رَّبِّے وَكَذَّبْتُم بِهِۦۖ مَا عِندِے مَا تَسْتَعْجِلُونَ بِهِۦٓۖ إِنِ اِ۬لْحُكْمُ إِلَّا لِلهِۖ يَقُصُّ اُ۬لْحَقَّۖ وَهُوَ خَيْرُ اُ۬لْفَٰصِلِينَۖ ﰹ
848,6,59,7,134,الأنعَام,Al-An‘ām,قُل لَّوَ اَنَّ عِندِے مَا تَسْتَعْجِلُونَ بِهِۦ لَقُضِيَ اَ۬لَامْرُ بَيْنِے وَبَيْنَكُمْۖ وَاللَّهُ أَعْلَمُ بِالظَّٰلِمِينَۖ ﰺ
849,6,60,7,134,الأنعَام,Al-An‘ām,۞ وَعِندَهُۥ مَفَاتِحُ اُ۬لْغَيْبِ لَا يَعْلَمُهَآ إِلَّا هُوَۖ وَيَعْلَمُ مَا فِے اِ۬لْبَرِّ وَالْبَحْرِۖ وَمَا تَسْقُطُ مِنْ وَّرَقَةٍ اِلَّا يَعْلَمُهَا وَلَا حَبَّةٖ فِے ظُلُمَٰتِ اِ۬لَارْضِ وَلَا رَطْبٖ وَلَا يَابِسٍ اِلَّا فِے كِتَٰبٖ مُّبِينٖۖ ﰻ
850,6,61,7,135,الأنعَام,Al-An‘ām,وَهُوَ اَ۬لذِے يَتَوَفّ۪يٰكُم بِاليْلِ وَيَعْلَمُ مَا جَرَحْتُم بِالنَّه۪ارِ ثُمَّ يَبْعَثُكُمْ فِيهِ لِيُقْض۪ىٰٓ أَجَلٞ مُّسَمّىٗۖ ثُمَّ إِلَيْهِ مَرْجِعُكُمْ ثُمَّ يُنَبِّئُكُم بِمَا كُنتُمْ تَعْمَلُونَۖ ﰼ
851,6,62,7,135,الأنعَام,Al-An‘ām,وَهُوَ اَ۬لْقَاهِرُ فَوْقَ عِبَادِهِۦۖ وَيُرْسِلُ عَلَيْكُمْ حَفَظَةًۖ حَتَّىٰٓ إِذَا جَآءَ احَدَكُمُ اُ۬لْمَوْتُ تَوَفَّتْهُ رُسُلُنَا وَهُمْ لَا يُفَرِّطُونَۖ ﰽ
852,6,63,7,135,الأنعَام,Al-An‘ām,ثُمَّ رُدُّوٓاْ إِلَى اَ۬للَّهِ مَوْل۪يٰهُمُ اُ۬لْحَقِّۖ أَلَا لَهُ اُ۬لْحُكْمُۖ وَهُوَ أَسْرَعُ اُ۬لْحَٰسِبِينَۖ ﰾ
853,6,64,7,135,الأنعَام,Al-An‘ām,قُلْ مَنْ يُّنَجِّيكُم مِّن ظُلُمَٰتِ اِ۬لْبَرِّ وَالْبَحْرِ تَدْعُونَهُۥ تَضَرُّعاٗ وَخُفْيَةٗ لَّئِنَ اَنجَيْتَنَا مِنْ هَٰذِهِۦ لَنَكُونَنَّ مِنَ اَ۬لشَّٰكِرِينَۖ ﰿ
854,6,65,7,135,الأنعَام,Al-An‘ām,قُلِ اِ۬للَّهُ يُنجِيكُم مِّنْهَا وَمِن كُلِّ كَرْبٖ ثُمَّ أَنتُمْ تُشْرِكُونَۖ ﱀ
855,6,66,7,135,الأنعَام,Al-An‘ām,قُلْ هُوَ اَ۬لْقَادِرُ عَلَىٰٓ أَنْ يَّبْعَثَ عَلَيْكُمْ عَذَاباٗ مِّن فَوْقِكُمُۥٓ أَوْ مِن تَحْتِ أَرْجُلِكُمُۥٓ أَوْ يَلْبِسَكُمْ شِيَعاٗ وَيُذِيقَ بَعْضَكُم بَأْسَ بَعْضٍۖ اُ۟نظُرْ كَيْفَ نُصَرِّفُ اُ۬لَايَٰتِ لَعَلَّهُمْ يَفْقَهُونَۖ ﱁ
856,6,67,7,135,الأنعَام,Al-An‘ām,وَكَذَّبَ بِهِۦ قَوْمُكَ وَهُوَ اَ۬لْحَقُّۖ قُل لَّسْتُ عَلَيْكُم بِوَكِيلٖۖ لِّكُلِّ نَبَإٖ مُّسْتَقَرّٞۖ وَسَوْفَ تَعْلَمُونَۖ ﱂ
857,6,68,7,135,الأنعَام,Al-An‘ām,وَإِذَا رَأَيْتَ اَ۬لذِينَ يَخُوضُونَ فِےٓ ءَايَٰتِنَا فَأَعْرِضْ عَنْهُمْ حَتَّىٰ يَخُوضُواْ فِے حَدِيثٍ غَيْرِهِۦۖ وَإِمَّا يُنسِيَنَّكَ اَ۬لشَّيْطَٰنُ فَلَا تَقْعُدْ بَعْدَ اَ۬لذِّكْر۪ىٰ مَعَ اَ۬لْقَوْمِ اِ۬لظَّٰلِمِينَۖ ﱃ
858,6,69,7,136,الأنعَام,Al-An‘ām,وَمَا عَلَى اَ۬لذِينَ يَتَّقُونَ مِنْ حِسَابِهِم مِّن شَےْءٖۖ وَلَٰكِن ذِكْر۪ىٰ لَعَلَّهُمْ يَتَّقُونَۖ ﱄ
859,6,70,7,136,الأنعَام,Al-An‘ām,۞ وَذَرِ اِ۬لذِينَ اَ۪تَّخَذُواْ دِينَهُمْ لَعِباٗ وَلَهْواٗ وَغَرَّتْهُمُ اُ۬لْحَيَوٰةُ اُ۬لدُّنْي۪اۖ وَذَكِّرْ بِهِۦٓ أَن تُبْسَلَ نَفْسُۢ بِمَا كَسَبَتْ لَيْسَ لَهَا مِن دُونِ اِ۬للَّهِ وَلِيّٞ وَلَا شَفِيعٞۖ وَإِن تَعْدِلْ كُلَّ عَدْلٖ لَّا يُوخَذْ مِنْهَآۖ أُوْلَٰٓئِكَ اَ۬لذِينَ أُبْسِلُواْ بِمَا كَسَبُواْ لَهُمْ شَرَابٞ مِّنْ حَمِيمٖ وَعَذَابٌ اَلِيمُۢ بِمَا كَانُواْ يَكْفُرُونَۖ ﱅ
860,6,71,7,136,الأنعَام,Al-An‘ām,قُلَ اَنَدْعُواْ مِن دُونِ اِ۬للَّهِ مَا لَا يَنفَعُنَا وَلَا يَضُرُّنَا وَنُرَدُّ عَلَىٰٓ أَعْقَابِنَا بَعْدَ إِذْ هَد۪يٰنَا اَ۬للَّهُ كَالذِے اِ۪سْتَهْوَتْهُ اُ۬لشَّيَٰطِينُ فِے اِ۬لَارْضِ حَيْرَانَۖ لَهُۥٓ أَصْحَٰبٞ يَدْعُونَهُۥٓ إِلَى اَ۬لْهُدَى اَ۪يتِنَاۖ قُلِ اِنَّ هُدَى اَ۬للَّهِ هُوَ اَ۬لْهُد۪ىٰ وَأُمِرْنَا لِنُسْلِمَ لِرَبِّ اِ۬لْعَٰلَمِينَ ﱆ
861,6,72,7,136,الأنعَام,Al-An‘ām,وَأَنَ اَقِيمُواْ اُ۬لصَّلَوٰةَ وَاتَّقُوهُۖ وَهُوَ اَ۬لذِےٓ إِلَيْهِ تُحْشَرُونَۖ ﱇ
862,6,73,7,136,الأنعَام,Al-An‘ām,وَهُوَ اَ۬لذِے خَلَقَ اَ۬لسَّمَٰوَٰتِ وَالَارْضَ بِالْحَقِّۖ وَيَوْمَ يَقُولُ كُنۖ فَيَكُونُۖ ﱈ
863,6,74,7,136,الأنعَام,Al-An‘ām,قَوْلُهُ اُ۬لْحَقُّۖ وَلَهُ اُ۬لْمُلْكُۖ يَوْمَ يُنفَخُ فِے اِ۬لصُّورِۖ عَٰلِمُ اُ۬لْغَيْبِ وَالشَّهَٰدَةِۖ وَهُوَ اَ۬لْحَكِيمُ اُ۬لْخَبِيرُۖ ﱉ
864,6,75,7,137,الأنعَام,Al-An‘ām,وَإِذْ قَالَ إِبْرَٰهِيمُ لِأَبِيهِ ءَازَرَ أَتَتَّخِذُ أَصْنَاماً اٰلِهَةًۖ اِنِّيَ أَر۪يٰكَ وَقَوْمَكَ فِے ضَلَٰلٖ مُّبِينٖۖ ﱊ
865,6,76,7,137,الأنعَام,Al-An‘ām,وَكَذَٰلِكَ نُرِےٓ إِبْرَٰهِيمَ مَلَكُوتَ اَ۬لسَّمَٰوَٰتِ وَالَارْضِ وَلِيَكُونَ مِنَ اَ۬لْمُوقِنِينَۖ ﱋ
866,6,77,7,137,الأنعَام,Al-An‘ām,فَلَمَّا جَنَّ عَلَيْهِ اِ۬ليْلُ ر۪ء۪ا كَوْكَباٗ قَالَ هَٰذَا رَبِّےۖ فَلَمَّآ أَفَلَ قَالَ لَآ أُحِبُّ اُ۬لَافِلِينَۖ ﱌ
867,6,78,7,137,الأنعَام,Al-An‘ām,فَلَمَّا رَءَا اَ۬لْقَمَرَ بَازِغاٗ قَالَ هَٰذَا رَبِّےۖ فَلَمَّآ أَفَلَ قَالَ لَئِن لَّمْ يَهْدِنِے رَبِّے لَأَكُونَنَّ مِنَ اَ۬لْقَوْمِ اِ۬لضَّآلِّينَۖ ﱍ
868,6,79,7,137,الأنعَام,Al-An‘ām,فَلَمَّا رَءَا اَ۬لشَّمْسَ بَازِغَةٗ قَالَ هَٰذَا رَبِّے هَٰذَآ أَكْبَرُۖ فَلَمَّآ أَفَلَتْ قَالَ يَٰقَوْمِ إِنِّے بَرِےٓءٞ مِّمَّا تُشْرِكُونَۖ ﱎ
869,6,80,7,137,الأنعَام,Al-An‘ām,إِنِّے وَجَّهْتُ وَجْهِيَ لِلذِے فَطَرَ اَ۬لسَّمَٰوَٰتِ وَالَارْضَ حَنِيفاٗۖ وَمَآ أَنَا مِنَ اَ۬لْمُشْرِكِينَۖ ﱏ
870,6,81,7,137,الأنعَام,Al-An‘ām,۞ وَحَآجَّهُۥ قَوْمُهُۥۖ قَالَ أَتُحَٰٓجُّونِے فِے اِ۬للَّهِ وَقَدْ هَد۪يٰنِۖ وَلَآ أَخَافُ مَا تُشْرِكُونَ بِهِۦٓ إِلَّآ أَنْ يَّشَآءَ رَبِّے شَئْاٗۖ وَسِعَ رَبِّے كُلَّ شَےْءٍ عِلْماًۖ اَفَلَا تَتَذَكَّرُونَۖ ﱐ
871,6,82,7,137,الأنعَام,Al-An‘ām,وَكَيْفَ أَخَافُ مَآ أَشْرَكْتُمْۖ وَلَا تَخَافُونَ أَنَّكُمُۥٓ أَشْرَكْتُم بِاللَّهِ مَا لَمْ يُنَزِّلْ بِهِۦ عَلَيْكُمْ سُلْطَٰناٗۖ فَأَيُّ اُ۬لْفَرِيقَيْنِ أَحَقُّ بِالَامْنِ إِن كُنتُمْ تَعْلَمُونَۖ ﱑ
872,6,83,7,138,الأنعَام,Al-An‘ām,اَ۬لذِينَ ءَامَنُواْ وَلَمْ يَلْبِسُوٓاْ إِيمَٰنَهُم بِظُلْمٍ ا۟وْلَٰٓئِكَ لَهُمُ اُ۬لَامْنُ وَهُم مُّهْتَدُونَۖ ﱒ
873,6,84,7,138,الأنعَام,Al-An‘ām,وَتِلْكَ حُجَّتُنَآ ءَاتَيْنَٰهَآ إِبْرَٰهِيمَ عَلَىٰ قَوْمِهِۦۖ نَرْفَعُ دَرَجَٰتِ مَن نَّشَآءُۖ اِ۪نَّ رَبَّكَ حَكِيمٌ عَلِيمٞۖ ﱓ
874,6,85,7,138,الأنعَام,Al-An‘ām,وَوَهَبْنَا لَهُۥٓ إِسْحَٰقَ وَيَعْقُوبَۖ كُلّاً هَدَيْنَاۖ وَنُوحاً هَدَيْنَا مِن قَبْلُۖ وَمِن ذُرِّيَّتِهِۦ دَاوُۥدَ وَسُلَيْمَٰنَ وَأَيُّوبَ وَيُوسُفَ وَمُوس۪ىٰ وَهَٰرُونَۖ وَكَذَٰلِكَ نَجْزِے اِ۬لْمُحْسِنِينَۖ ﱔ
875,6,86,7,138,الأنعَام,Al-An‘ām,وَزَكَرِيَّآءَ وَيَحْي۪ىٰ وَعِيس۪ىٰ وَإِلْيَاسَۖ كُلّٞ مِّنَ اَ۬لصَّٰلِحِينَۖ ﱕ
876,6,87,7,138,الأنعَام,Al-An‘ām,وَإِسْمَٰعِيلَ وَالْيَسَعَ وَيُونُسَ وَلُوطاٗۖ وَكُلّاٗ فَضَّلْنَا عَلَى اَ۬لْعَٰلَمِينَۖ ﱖ
877,6,88,7,138,الأنعَام,Al-An‘ām,وَمِنَ اٰبَآئِهِمْ وَذُرِّيَّٰتِهِمْ وَإِخْوَٰنِهِمْۖ وَاجْتَبَيْنَٰهُمْ وَهَدَيْنَٰهُمُۥٓ إِلَىٰ صِرَٰطٖ مُّسْتَقِيمٖۖ ﱗ
878,6,89,7,138,الأنعَام,Al-An‘ām,ذَٰلِكَ هُدَى اَ۬للَّهِ يَهْدِے بِهِۦ مَنْ يَّشَآءُ مِنْ عِبَادِهِۦۖ وَلَوَ اَشْرَكُواْ لَحَبِطَ عَنْهُم مَّا كَانُواْ يَعْمَلُونَۖ ﱘ
879,6,90,7,138,الأنعَام,Al-An‘ām,أُوْلَٰٓئِكَ اَ۬لذِينَ ءَاتَيْنَٰهُمُ اُ۬لْكِتَٰبَ وَالْحُكْمَ وَالنُّبُوٓءَةَۖ فَإِنْ يَّكْفُرْ بِهَا هَٰٓؤُلَآءِ فَقَدْ وَكَّلْنَا بِهَا قَوْماٗ لَّيْسُواْ بِهَا بِكٰ۪فِرِينَۖ ﱙ
880,6,91,7,138,الأنعَام,Al-An‘ām,أُوْلَٰٓئِكَ اَ۬لذِينَ هَدَى اَ۬للَّهُ فَبِهُد۪يٰهُمُ اُ۪قْتَدِهْۖ قُل لَّآ أَسْـَٔلُكُمْ عَلَيْهِ أَجْراًۖ اِنْ هُوَ إِلَّا ذِكْر۪ىٰ لِلْعَٰلَمِينَۖ ﱚ
881,6,92,7,139,الأنعَام,Al-An‘ām,۞ وَمَا قَدَرُواْ اُ۬للَّهَ حَقَّ قَدْرِهِۦٓ إِذْ قَالُواْ مَآ أَنزَلَ اَ۬للَّهُ عَلَىٰ بَشَرٖ مِّن شَےْءٖۖ قُلْ مَنَ اَنزَلَ اَ۬لْكِتَٰبَ اَ۬لذِے جَآءَ بِهِۦ مُوس۪ىٰ نُوراٗ وَهُدىٗ لِّلنَّاسِۖ تَجْعَلُونَهُۥ قَرَاطِيسَ تُبْدُونَهَا وَتُخْفُونَ كَثِيراٗۖ وَعُلِّمْتُم مَّا لَمْ تَعْلَمُوٓاْ أَنتُمْ وَلَآ ءَابَآؤُكُمْ قُلِ اِ۬للَّهُۖ ثُمَّ ذَرْهُمْ فِے خَوْضِهِمْ يَلْعَبُونَۖ ﱛ
882,6,93,7,139,الأنعَام,Al-An‘ām,وَهَٰذَا كِتَٰبٌ اَنزَلْنَٰهُ مُبَٰرَكٞ مُّصَدِّقُ اُ۬لذِے بَيْنَ يَدَيْهِ وَلِتُنذِرَ أُمَّ اَ۬لْقُر۪ىٰ وَمَنْ حَوْلَهَاۖ وَالذِينَ يُومِنُونَ بِالَاخِرَةِ يُومِنُونَ بِهِۦ وَهُمْ عَلَىٰ صَلَاتِهِمْ يُحَافِظُونَۖ ﱜ
883,6,94,7,139,الأنعَام,Al-An‘ām,وَمَنَ اَظْلَمُ مِمَّنِ اِ۪فْتَر۪ىٰ عَلَى اَ۬للَّهِ كَذِباً اَوْ قَالَ أُوحِيَ إِلَيَّ وَلَمْ يُوحَ إِلَيْهِ شَےْءٞ وَمَن قَالَ سَأُنزِلُ مِثْلَ مَآ أَنزَلَ اَ۬للَّهُۖ وَلَوْ تَر۪ىٰٓ إِذِ اِ۬لظَّٰلِمُونَ فِے غَمَرَٰتِ اِ۬لْمَوْتِ وَالْمَلَٰٓئِكَةُ بَاسِطُوٓاْ أَيْدِيهِمُۥٓ أَخْرِجُوٓاْ أَنفُسَكُمُۖ اُ۬لْيَوْمَ تُجْزَوْنَ عَذَابَ اَ۬لْهُونِ بِمَا كُنتُمْ تَقُولُونَ عَلَى اَ۬للَّهِ غَيْرَ اَ۬لْحَقِّ وَكُنتُمْ عَنَ اٰيَٰتِهِۦ تَسْتَكْبِرُونَۖ ﱝ
884,6,95,7,139,الأنعَام,Al-An‘ām,وَلَقَدْ جِئْتُمُونَا فُرَٰد۪ىٰ كَمَا خَلَقْنَٰكُمُۥٓ أَوَّلَ مَرَّةٖ وَتَرَكْتُم مَّا خَوَّلْنَٰكُمْ وَرَآءَ ظُهُورِكُمْۖ وَمَا نَر۪ىٰ مَعَكُمْ شُفَعَآءَكُمُ اُ۬لذِينَ زَعَمْتُمُۥٓ أَنَّهُمْ فِيكُمْ شُرَكَٰٓؤُاْۖ لَقَد تَّقَطَّعَ بَيْنَكُمْ وَضَلَّ عَنكُم مَّا كُنتُمْ تَزْعُمُونَۖ ﱞ
885,6,96,7,140,الأنعَام,Al-An‘ām,۞ إِنَّ اَ۬للَّهَ فَٰلِقُ اُ۬لْحَبِّ وَالنَّو۪ىٰۖ يُخْرِجُ اُ۬لْحَيَّ مِنَ اَ۬لْمَيِّتِ وَمُخْرِجُ اُ۬لْمَيِّتِ مِنَ اَ۬لْحَيِّۖ ذَٰلِكُمُ اُ۬للَّهُۖ فَأَنّ۪ىٰ تُوفَكُونَۖ ﱟ
886,6,97,7,140,الأنعَام,Al-An‘ām,فَالِقُ اُ۬لِاصْبَاحِ وَجَٰعِلُ اُ۬ليْلِ سَكَناٗۖ وَالشَّمْسَ وَالْقَمَرَ حُسْبَٰناٗۖ ذَٰلِكَ تَقْدِيرُ اُ۬لْعَزِيزِ اِ۬لْعَلِيمِۖ ﱠ
887,6,98,7,140,الأنعَام,Al-An‘ām,وَهُوَ اَ۬لذِے جَعَلَ لَكُمُ اُ۬لنُّجُومَ لِتَهْتَدُواْ بِهَا فِے ظُلُمَٰتِ اِ۬لْبَرِّ وَالْبَحْرِۖ قَدْ فَصَّلْنَا اَ۬لَايَٰتِ لِقَوْمٖ يَعْلَمُونَۖ ﱡ
888,6,99,7,140,الأنعَام,Al-An‘ām,وَهُوَ اَ۬لذِےٓ أَنشَأَكُم مِّن نَّفْسٖ وَٰحِدَةٖ فَمُسْتَقَرّٞ وَمُسْتَوْدَعٞۖ قَدْ فَصَّلْنَا اَ۬لَايَٰتِ لِقَوْمٖ يَفْقَهُونَۖ ﱢ
889,6,100,7,140,الأنعَام,Al-An‘ām,وَهُوَ اَ۬لذِےٓ أَنزَلَ مِنَ اَ۬لسَّمَآءِ مَآءٗ فَأَخْرَجْنَا بِهِۦ نَبَاتَ كُلِّ شَےْءٖ فَأَخْرَجْنَا مِنْهُ خَضِراٗ نُّخْرِجُ مِنْهُ حَبّاٗ مُّتَرَاكِباٗ وَمِنَ اَ۬لنَّخْلِ مِن طَلْعِهَا قِنْوَانٞ دَانِيَةٞ وَجَنَّٰتٖ مِّنَ اَعْنَٰبٖ وَالزَّيْتُونَ وَالرُّمَّانَ مُشْتَبِهاٗ وَغَيْرَ مُتَشَٰبِهٍۖ اُ۟نظُرُوٓاْ إِلَىٰ ثَمَرِهِۦٓ إِذَآ أَثْمَرَ وَيَنْعِهِۦٓۖ إِنَّ فِے ذَٰلِكُمْ لَأٓيَٰتٖ لِّقَوْمٖ يُومِنُونَۖ ﱣ
890,6,101,7,140,الأنعَام,Al-An‘ām,وَجَعَلُواْ لِلهِ شُرَكَآءَ اَ۬لْجِنَّ وَخَلَقَهُمْۖ وَخَرَّقُواْ لَهُۥ بَنِينَ وَبَنَٰتِۢ بِغَيْرِ عِلْمٖۖ سُبْحَٰنَهُۥ وَتَعَٰل۪ىٰ عَمَّا يَصِفُونَۖ ﱤ
891,6,102,7,140,الأنعَام,Al-An‘ām,بَدِيعُ اُ۬لسَّمَٰوَٰتِ وَالَارْضِۖ أَنّ۪ىٰ يَكُونُ لَهُۥ وَلَدٞ وَلَمْ تَكُن لَّهُۥ صَٰحِبَةٞۖ وَخَلَقَ كُلَّ شَےْءٖۖ وَهُوَ بِكُلِّ شَےْءٍ عَلِيمٞۖ ﱥ
892,6,103,7,141,الأنعَام,Al-An‘ām,ذَٰلِكُمُ اُ۬للَّهُ رَبُّكُمْۖ لَآ إِلَٰهَ إِلَّا هُوَۖ خَٰلِقُ كُلِّ شَےْءٖۖ فَاعْبُدُوهُۖ وَهُوَ عَلَىٰ كُلِّ شَےْءٖ وَكِيلٞۖ ﱦ
893,6,104,7,141,الأنعَام,Al-An‘ām,۞ لَّا تُدْرِكُهُ اُ۬لَابْصَٰرُۖ وَهُوَ يُدْرِكُ اُ۬لَابْصَٰرَۖ وَهُوَ اَ۬للَّطِيفُ اُ۬لْخَبِيرُۖ ﱧ
894,6,105,7,141,الأنعَام,Al-An‘ām,قَدْ جَآءَكُم بَصَآئِرُ مِن رَّبِّكُمْۖ فَمَنَ اَبْصَرَ فَلِنَفْسِهِۦ وَمَنْ عَمِيَ فَعَلَيْهَاۖ وَمَآ أَنَا عَلَيْكُم بِحَفِيظٖۖ ﱨ
895,6,106,7,141,الأنعَام,Al-An‘ām,وَكَذَٰلِكَ نُصَرِّفُ اُ۬لَايَٰتِ وَلِيَقُولُواْ دَرَسْتَ وَلِنُبَيِّنَهُۥ لِقَوْمٖ يَعْلَمُونَۖ ﱩ
896,6,107,7,141,الأنعَام,Al-An‘ām,اَ۪تَّبِعْ مَآ أُوحِيَ إِلَيْكَ مِن رَّبِّكَۖ لَآ إِلَٰهَ إِلَّا هُوَۖ وَأَعْرِضْ عَنِ اِ۬لْمُشْرِكِينَۖ ﱪ
897,6,108,7,141,الأنعَام,Al-An‘ām,وَلَوْ شَآءَ اَ۬للَّهُ مَآ أَشْرَكُواْۖ وَمَا جَعَلْنَٰكَ عَلَيْهِمْ حَفِيظاٗۖ وَمَآ أَنتَ عَلَيْهِم بِوَكِيلٖۖ ﱫ
898,6,109,7,141,الأنعَام,Al-An‘ām,وَلَا تَسُبُّواْ اُ۬لذِينَ يَدْعُونَ مِن دُونِ اِ۬للَّهِ فَيَسُبُّواْ اُ۬للَّهَ عَدْواَۢ بِغَيْرِ عِلْمٖۖ كَذَٰلِكَ زَيَّنَّا لِكُلِّ أُمَّةٍ عَمَلَهُمْۖ ثُمَّ إِلَىٰ رَبِّهِم مَّرْجِعُهُمْ فَيُنَبِّئُهُم بِمَا كَانُواْ يَعْمَلُونَۖ ﱬ
899,6,110,7,141,الأنعَام,Al-An‘ām,وَأَقْسَمُواْ بِاللَّهِ جَهْدَ أَيْمَٰنِهِمْ لَئِن جَآءَتْهُمُۥٓ ءَايَةٞ لَّيُومِنُنَّ بِهَاۖ قُلِ اِنَّمَا اَ۬لَايَٰتُ عِندَ اَ۬للَّهِۖ وَمَا يُشْعِرُكُمُۥٓۖ أَنَّهَآ إِذَا جَآءَتْ لَا يُومِنُونَۖ ﱭ
900,6,111,7,141,الأنعَام,Al-An‘ām,وَنُقَلِّبُ أَفْـِٕدَتَهُمْ وَأَبْصَٰرَهُمْ كَمَا لَمْ يُومِنُواْ بِهِۦٓ أَوَّلَ مَرَّةٖ وَنَذَرُهُمْ فِے طُغْيَٰنِهِمْ يَعْمَهُونَۖ ﱮ
901,6,112,8,142,الأنعَام,Al-An‘ām,۞ وَلَوَ اَنَّنَا نَزَّلْنَآ إِلَيْهِمُ اُ۬لْمَلَٰٓئِكَةَ وَكَلَّمَهُمُ اُ۬لْمَوْت۪ىٰ وَحَشَرْنَا عَلَيْهِمْ كُلَّ شَےْءٖ قِبَلاٗ مَّا كَانُواْ لِيُومِنُوٓاْ إِلَّآ أَنْ يَّشَآءَ اَ۬للَّهُۖ وَلَٰكِنَّ أَكْثَرَهُمْ يَجْهَلُونَۖ ﱯ
902,6,113,8,142,الأنعَام,Al-An‘ām,وَكَذَٰلِكَ جَعَلْنَا لِكُلِّ نَبِےٓءٍ عَدُوّاٗ شَيَٰطِينَ اَ۬لِانسِ وَالْجِنِّ يُوحِے بَعْضُهُمُۥٓ إِلَىٰ بَعْضٖ زُخْرُفَ اَ۬لْقَوْلِ غُرُوراٗۖ وَلَوْ شَآءَ رَبُّكَ مَا فَعَلُوهُۖ فَذَرْهُمْ وَمَا يَفْتَرُونَۖ ﱰ
903,6,114,8,142,الأنعَام,Al-An‘ām,وَلِتَصْغ۪ىٰٓ إِلَيْهِ أَفْـِٕدَةُ اُ۬لذِينَ لَا يُومِنُونَ بِالَاخِرَةِ وَلِيَرْضَوْهُ وَلِيَقْتَرِفُواْ مَا هُم مُّقْتَرِفُونَۖ ﱱ
904,6,115,8,142,الأنعَام,Al-An‘ām,أَفَغَيْرَ اَ۬للَّهِ أَبْتَغِے حَكَماٗ وَهُوَ اَ۬لذِےٓ أَنزَلَ إِلَيْكُمُ اُ۬لْكِتَٰبَ مُفَصَّلاٗۖ وَالذِينَ ءَاتَيْنَٰهُمُ اُ۬لْكِتَٰبَ يَعْلَمُونَ أَنَّهُۥ مُنزَلٞ مِّن رَّبِّكَ بِالْحَقِّۖ فَلَا تَكُونَنَّ مِنَ اَ۬لْمُمْتَرِينَۖ ﱲ
905,6,116,8,142,الأنعَام,Al-An‘ām,وَتَمَّتْ كَلِمَٰتُ رَبِّكَ صِدْقاٗ وَعَدْلاٗۖ لَّا مُبَدِّلَ لِكَلِمَٰتِهِۦۖ وَهُوَ اَ۬لسَّمِيعُ اُ۬لْعَلِيمُۖ ﱳ
906,6,117,8,142,الأنعَام,Al-An‘ām,وَإِن تُطِعَ اَكْثَرَ مَن فِے اِ۬لَارْضِ يُضِلُّوكَ عَن سَبِيلِ اِ۬للَّهِۖ إِنْ يَّتَّبِعُونَ إِلَّا اَ۬لظَّنَّۖ وَإِنْ هُمُۥٓ إِلَّا يَخْرُصُونَۖ ﱴ
907,6,118,8,142,الأنعَام,Al-An‘ām,إِنَّ رَبَّكَ هُوَ أَعْلَمُ مَنْ يَّضِلُّ عَن سَبِيلِهِۦۖ وَهُوَ أَعْلَمُ بِالْمُهْتَدِينَۖ ﱵ
908,6,119,8,142,الأنعَام,Al-An‘ām,فَكُلُواْ مِمَّا ذُكِرَ اَ۪سْمُ اُ۬للَّهِ عَلَيْهِ إِن كُنتُم بِـَٔايَٰتِهِۦ مُومِنِينَۖ ﱶ
909,6,120,8,143,الأنعَام,Al-An‘ām,وَمَا لَكُمُۥٓ أَلَّا تَاكُلُواْ مِمَّا ذُكِرَ اَ۪سْمُ اُ۬للَّهِ عَلَيْهِ وَقَدْ فَصَّلَ لَكُم مَّا حَرَّمَ عَلَيْكُمُۥٓ إِلَّا مَا اَ۟ضْطُرِرْتُمُۥٓ إِلَيْهِۖ وَإِنَّ كَثِيراٗ لَّيَضِلُّونَ بِأَهْوَآئِهِم بِغَيْرِ عِلْمٍۖ اِنَّ رَبَّكَ هُوَ أَعْلَمُ بِالْمُعْتَدِينَۖ ﱷ
910,6,121,8,143,الأنعَام,Al-An‘ām,۞ وَذَرُواْ ظَٰهِرَ اَ۬لِاثْمِ وَبَاطِنَهُۥٓۖ إِنَّ اَ۬لذِينَ يَكْسِبُونَ اَ۬لِاثْمَ سَيُجْزَوْنَ بِمَا كَانُواْ يَقْتَرِفُونَۖ ﱸ
911,6,122,8,143,الأنعَام,Al-An‘ām,وَلَا تَاكُلُواْ مِمَّا لَمْ يُذْكَرِ اِ۪سْمُ اُ۬للَّهِ عَلَيْهِ وَإِنَّهُۥ لَفِسْقٞۖ وَإِنَّ اَ۬لشَّيَٰطِينَ لَيُوحُونَ إِلَىٰٓ أَوْلِيَآئِهِمْ لِيُجَٰدِلُوكُمْۖ وَإِنَ اَطَعْتُمُوهُمُۥٓ إِنَّكُمْ لَمُشْرِكُونَۖ ﱹ
912,6,123,8,143,الأنعَام,Al-An‘ām,أَوَمَن كَانَ مَيِّتاٗ فَأَحْيَيْنَٰهُ وَجَعَلْنَا لَهُۥ نُوراٗ يَمْشِے بِهِۦ فِے اِ۬لنَّاسِ كَمَن مَّثَلُهُۥ فِے اِ۬لظُّلُمَٰتِ لَيْسَ بِخَارِجٖ مِّنْهَاۖ كَذَٰلِكَ زُيِّنَ لِلْكٰ۪فِرِينَ مَا كَانُواْ يَعْمَلُونَۖ ﱺ
913,6,124,8,143,الأنعَام,Al-An‘ām,وَكَذَٰلِكَ جَعَلْنَا فِے كُلِّ قَرْيَةٍ اَكَٰبِرَ مُجْرِمِيهَا لِيَمْكُرُواْ فِيهَاۖ وَمَا يَمْكُرُونَ إِلَّا بِأَنفُسِهِمْ وَمَا يَشْعُرُونَۖ ﱻ
914,6,125,8,143,الأنعَام,Al-An‘ām,وَإِذَا جَآءَتْهُمُۥٓ ءَايَةٞ قَالُواْ لَن نُّومِنَ حَتَّىٰ نُوت۪ىٰ مِثْلَ مَآ أُوتِيَ رُسُلُ اُ۬للَّهِۖ اِ۬للَّهُ أَعْلَمُ حَيْثُ يَجْعَلُ رِسَٰلَٰتِهِۦۖ سَيُصِيبُ اُ۬لذِينَ أَجْرَمُواْ صَغَارٌ عِندَ اَ۬للَّهِ وَعَذَابٞ شَدِيدُۢ بِمَا كَانُواْ يَمْكُرُونَۖ ﱼ
915,6,126,8,144,الأنعَام,Al-An‘ām,فَمَنْ يُّرِدِ اِ۬للَّهُ أَنْ يَّهْدِيَهُۥ يَشْرَحْ صَدْرَهُۥ لِلِاسْلَٰمِۖ وَمَنْ يُّرِدَ اَنْ يُّضِلَّهُۥ يَجْعَلْ صَدْرَهُۥ ضَيِّقاً حَرِجاٗ كَأَنَّمَا يَصَّعَّدُ فِے اِ۬لسَّمَآءِۖ كَذَٰلِكَ يَجْعَلُ اُ۬للَّهُ اُ۬لرِّجْسَ عَلَى اَ۬لذِينَ لَا يُومِنُونَۖ ﱽ
916,6,127,8,144,الأنعَام,Al-An‘ām,وَهَٰذَا صِرَٰطُ رَبِّكَ مُسْتَقِيماٗۖ قَدْ فَصَّلْنَا اَ۬لَايَٰتِ لِقَوْمٖ يَذَّكَّرُونَۖ ﱾ
917,6,128,8,144,الأنعَام,Al-An‘ām,۞ لَهُمْ دَارُ اُ۬لسَّلَٰمِ عِندَ رَبِّهِمْۖ وَهُوَ وَلِيُّهُم بِمَا كَانُواْ يَعْمَلُونَۖ ﱿ
918,6,129,8,144,الأنعَام,Al-An‘ām,وَيَوْمَ نَحْشُرُهُمْ جَمِيعاٗ يَٰمَعْشَرَ اَ۬لْجِنِّ قَدِ اِ۪سْتَكْثَرْتُم مِّنَ اَ۬لِانسِۖ وَقَالَ أَوْلِيَآؤُهُم مِّنَ اَ۬لِانسِ رَبَّنَا اَ۪سْتَمْتَعَ بَعْضُنَا بِبَعْضٖ وَبَلَغْنَآ أَجَلَنَا اَ۬لذِےٓ أَجَّلْتَ لَنَاۖ قَالَ اَ۬لنَّارُ مَثْو۪يٰكُمْ خَٰلِدِينَ فِيهَآ إِلَّا مَا شَآءَ اَ۬للَّهُۖ إِنَّ رَبَّكَ حَكِيمٌ عَلِيمٞۖ ﲀ
919,6,130,8,144,الأنعَام,Al-An‘ām,وَكَذَٰلِكَ نُوَلِّے بَعْضَ اَ۬لظَّٰلِمِينَ بَعْضاَۢ بِمَا كَانُواْ يَكْسِبُونَۖ ﲁ
920,6,131,8,144,الأنعَام,Al-An‘ām,يَٰمَعْشَرَ اَ۬لْجِنِّ وَالِانسِ أَلَمْ يَاتِكُمْ رُسُلٞ مِّنكُمْ يَقُصُّونَ عَلَيْكُمُۥٓ ءَايَٰتِے وَيُنذِرُونَكُمْ لِقَآءَ يَوْمِكُمْ هَٰذَاۖ قَالُواْ شَهِدْنَا عَلَىٰٓ أَنفُسِنَاۖ وَغَرَّتْهُمُ اُ۬لْحَيَوٰةُ اُ۬لدُّنْي۪ا وَشَهِدُواْ عَلَىٰٓ أَنفُسِهِمُۥٓ أَنَّهُمْ كَانُواْ كٰ۪فِرِينَۖ ﲂ
921,6,132,8,145,الأنعَام,Al-An‘ām,ذَٰلِكَ أَن لَّمْ يَكُن رَّبُّكَ مُهْلِكَ اَ۬لْقُر۪ىٰ بِظُلْمٖ وَأَهْلُهَا غَٰفِلُونَۖ ﲃ
922,6,133,8,145,الأنعَام,Al-An‘ām,وَلِكُلّٖ دَرَجَٰتٞ مِّمَّا عَمِلُواْۖ وَمَا رَبُّكَ بِغَٰفِلٍ عَمَّا يَعْمَلُونَۖ ﲄ
923,6,134,8,145,الأنعَام,Al-An‘ām,وَرَبُّكَ اَ۬لْغَنِيُّ ذُو اُ۬لرَّحْمَةِۖ إِنْ يَّشَأْ يُذْهِبْكُمْ وَيَسْتَخْلِفْ مِنۢ بَعْدِكُم مَّا يَشَآءُ كَمَآ أَنشَأَكُم مِّن ذُرِّيَّةِ قَوْمٍ اٰخَرِينَۖ ﲅ
924,6,135,8,145,الأنعَام,Al-An‘ām,إِنَّ مَا تُوعَدُونَ لَأٓتٖۖ وَمَآ أَنتُم بِمُعْجِزِينَۖ ﲆ
925,6,136,8,145,الأنعَام,Al-An‘ām,۞ قُلْ يَٰقَوْمِ اِ۪عْمَلُواْ عَلَىٰ مَكَانَتِكُمُۥٓ إِنِّے عَامِلٞۖ فَسَوْفَ تَعْلَمُونَ مَن تَكُونُ لَهُۥ عَٰقِبَةُ اُ۬لدّ۪ارِۖ إِنَّهُۥ لَا يُفْلِحُ اُ۬لظَّٰلِمُونَۖ ﲇ
926,6,137,8,145,الأنعَام,Al-An‘ām,وَجَعَلُواْ لِلهِ مِمَّا ذَرَأَ مِنَ اَ۬لْحَرْثِ وَالَانْعَٰمِ نَصِيباٗ فَقَالُواْ هَٰذَا لِلهِ بِزَعْمِهِمْ وَهَٰذَا لِشُرَكَآئِنَاۖ فَمَا كَانَ لِشُرَكَآئِهِمْ فَلَا يَصِلُ إِلَى اَ۬للَّهِۖ وَمَا كَانَ لِلهِ فَهُوَ يَصِلُ إِلَىٰ شُرَكَآئِهِمْۖ سَآءَ مَا يَحْكُمُونَۖ ﲈ
927,6,138,8,145,الأنعَام,Al-An‘ām,وَكَذَٰلِكَ زَيَّنَ لِكَثِيرٖ مِّنَ اَ۬لْمُشْرِكِينَ قَتْلَ أَوْلَٰدِهِمْ شُرَكَآؤُهُمْ لِيُرْدُوهُمْ وَلِيَلْبِسُواْ عَلَيْهِمْ دِينَهُمْۖ وَلَوْ شَآءَ اَ۬للَّهُ مَا فَعَلُوهُۖ فَذَرْهُمْ وَمَا يَفْتَرُونَۖ ﲉ
928,6,139,8,146,الأنعَام,Al-An‘ām,وَقَالُواْ هَٰذِهِۦٓ أَنْعَٰمٞ وَحَرْثٌ حِجْرٞ لَّا يَطْعَمُهَآ إِلَّا مَن نَّشَآءُ بِزَعْمِهِمْ وَأَنْعَٰمٌ حُرِّمَت ظُّهُورُهَا وَأَنْعَٰمٞ لَّا يَذْكُرُونَ اَ۪سْمَ اَ۬للَّهِ عَلَيْهَا اَ۪فْتِرَآءً عَلَيْهِۖ سَيَجْزِيهِم بِمَا كَانُواْ يَفْتَرُونَۖ ﲊ
929,6,140,8,146,الأنعَام,Al-An‘ām,وَقَالُواْ مَا فِے بُطُونِ هَٰذِهِ اِ۬لَانْعَٰمِ خَالِصَةٞ لِّذُكُورِنَا وَمُحَرَّمٌ عَلَىٰٓ أَزْوَٰجِنَاۖ وَإِنْ يَّكُن مَّيْتَةٗ فَهُمْ فِيهِ شُرَكَآءُۖ سَيَجْزِيهِمْ وَصْفَهُمُۥٓۖ إِنَّهُۥ حَكِيمٌ عَلِيمٞۖ ﲋ
930,6,141,8,146,الأنعَام,Al-An‘ām,۞ قَدْ خَسِرَ اَ۬لذِينَ قَتَلُوٓاْ أَوْلَٰدَهُمْ سَفَهاَۢ بِغَيْرِ عِلْمٖ وَحَرَّمُواْ مَا رَزَقَهُمُ اُ۬للَّهُ اُ۪فْتِرَآءً عَلَى اَ۬للَّهِۖ قَد ضَّلُّواْ وَمَا كَانُواْ مُهْتَدِينَۖ ﲌ
931,6,142,8,146,الأنعَام,Al-An‘ām,وَهُوَ اَ۬لذِےٓ أَنشَأَ جَنَّٰتٖ مَّعْرُوشَٰتٖ وَغَيْرَ مَعْرُوشَٰتٖ وَالنَّخْلَ وَالزَّرْعَ مُخْتَلِفاً ا۟كْلُهُۥ وَالزَّيْتُونَ وَالرُّمَّانَ مُتَشَٰبِهاٗ وَغَيْرَ مُتَشَٰبِهٖۖ كُلُواْ مِن ثَمَرِهِۦٓ إِذَآ أَثْمَرَ وَءَاتُواْ حَقَّهُۥ يَوْمَ حِصَادِهِۦۖ وَلَا تُسْرِفُوٓاْۖ إِنَّهُۥ لَا يُحِبُّ اُ۬لْمُسْرِفِينَۖ ﲍ
932,6,143,8,146,الأنعَام,Al-An‘ām,وَمِنَ اَ۬لَانْعَٰمِ حَمُولَةٗ وَفَرْشاٗۖ كُلُواْ مِمَّا رَزَقَكُمُ اُ۬للَّهُۖ وَلَا تَتَّبِعُواْ خُطْوَٰتِ اِ۬لشَّيْطَٰنِۖ إِنَّهُۥ لَكُمْ عَدُوّٞ مُّبِينٞۖ ﲎ
933,6,144,8,147,الأنعَام,Al-An‘ām,ثَمَٰنِيَةَ أَزْوَٰجٖۖ مِّنَ اَ۬لضَّأْنِ اِ۪ثْنَيْنِ وَمِنَ اَ۬لْمَعْزِ اِ۪ثْنَيْنِۖ قُلَ آٰلذَّكَرَيْنِ حَرَّمَ أَمِ اِ۬لُانثَيَيْنِ أَمَّا اَ۪شْتَمَلَتْ عَلَيْهِ أَرْحَامُ اُ۬لُانثَيَيْنِۖ نَبِّـُٔونِے بِعِلْمٍ اِن كُنتُمْ صَٰدِقِينَۖ ﲏ
934,6,145,8,147,الأنعَام,Al-An‘ām,وَمِنَ اَ۬لِابِلِ اِ۪ثْنَيْنِ وَمِنَ اَ۬لْبَقَرِ اِ۪ثْنَيْنِۖ قُلَ آٰلذَّكَرَيْنِ حَرَّمَ أَمِ اِ۬لُانثَيَيْنِ أَمَّا اَ۪شْتَمَلَتْ عَلَيْهِ أَرْحَامُ اُ۬لُانثَيَيْنِۖ أَمْ كُنتُمْ شُهَدَآءَ ا۪ذْ وَصّ۪يٰكُمُ اُ۬للَّهُ بِهَٰذَاۖ فَمَنَ اَظْلَمُ مِمَّنِ اِ۪فْتَر۪ىٰ عَلَى اَ۬للَّهِ كَذِباٗ لِّيُضِلَّ اَ۬لنَّاسَ بِغَيْرِ عِلْمٍۖ اِنَّ اَ۬للَّهَ لَا يَهْدِے اِ۬لْقَوْمَ اَ۬لظَّٰلِمِينَۖ ﲐ
935,6,146,8,147,الأنعَام,Al-An‘ām,۞ قُل لَّآ أَجِدُ فِے مَآ أُوحِيَ إِلَيَّ مُحَرَّماً عَلَىٰ طَاعِمٖ يَطْعَمُهُۥٓ إِلَّآ أَنْ يَّكُونَ مَيْتَةً اَوْ دَماٗ مَّسْفُوحاً اَوْ لَحْمَ خِنزِيرٖ فَإِنَّهُۥ رِجْسٌۖ اَوْ فِسْقاً ا۟هِلَّ لِغَيْرِ اِ۬للَّهِ بِهِۦۖ فَمَنُ اُ۟ضْطُرَّ غَيْرَ بَاغٖ وَلَا عَادٖ فَإِنَّ رَبَّكَ غَفُورٞ رَّحِيمٞۖ ﲑ
936,6,147,8,147,الأنعَام,Al-An‘ām,وَعَلَى اَ۬لذِينَ هَادُواْ حَرَّمْنَا كُلَّ ذِے ظُفُرٖ وَمِنَ اَ۬لْبَقَرِ وَالْغَنَمِۖ حَرَّمْنَا عَلَيْهِمْ شُحُومَهُمَآ إِلَّا مَا حَمَلَت ظُّهُورُهُمَآ أَوِ اِ۬لْحَوَاي۪آ أَوْ مَا اَ۪خْتَلَطَ بِعَظْمٖۖ ذَٰلِكَ جَزَيْنَٰهُم بِبَغْيِهِمْۖ وَإِنَّا لَصَٰدِقُونَۖ ﲒ
937,6,148,8,148,الأنعَام,Al-An‘ām,فَإِن كَذَّبُوكَ فَقُل رَّبُّكُمْ ذُو رَحْمَةٖ وَٰسِعَةٖۖ وَلَا يُرَدُّ بَأْسُهُۥ عَنِ اِ۬لْقَوْمِ اِ۬لْمُجْرِمِينَۖ ﲓ
938,6,149,8,148,الأنعَام,Al-An‘ām,سَيَقُولُ اُ۬لذِينَ أَشْرَكُواْ لَوْ شَآءَ اَ۬للَّهُ مَآ أَشْرَكْنَا وَلَآ ءَابَآؤُنَا وَلَا حَرَّمْنَا مِن شَےْءٖۖ كَذَٰلِكَ كَذَّبَ اَ۬لذِينَ مِن قَبْلِهِمْ حَتَّىٰ ذَاقُواْ بَأْسَنَاۖ قُلْ هَلْ عِندَكُم مِّنْ عِلْمٖ فَتُخْرِجُوهُ لَنَآۖ إِن تَتَّبِعُونَ إِلَّا اَ۬لظَّنَّۖ وَإِنَ اَنتُمُۥٓ إِلَّا تَخْرُصُونَۖ ﲔ
939,6,150,8,148,الأنعَام,Al-An‘ām,قُلْ فَلِلهِ اِ۬لْحُجَّةُ اُ۬لْبَٰلِغَةُۖ فَلَوْ شَآءَ لَهَد۪يٰكُمُۥٓ أَجْمَعِينَۖ ﲕ
940,6,151,8,148,الأنعَام,Al-An‘ām,قُلْ هَلُمَّ شُهَدَآءَكُمُ اُ۬لذِينَ يَشْهَدُونَ أَنَّ اَ۬للَّهَ حَرَّمَ هَٰذَاۖ فَإِن شَهِدُواْ فَلَا تَشْهَدْ مَعَهُمْۖ وَلَا تَتَّبِعَ اَهْوَآءَ اَ۬لذِينَ كَذَّبُواْ بِـَٔايَٰتِنَا وَالذِينَ لَا يُومِنُونَ بِالَاخِرَةِ وَهُم بِرَبِّهِمْ يَعْدِلُونَۖ ﲖ
941,6,152,8,148,الأنعَام,Al-An‘ām,۞ قُلْ تَعَالَوَاْ اَتْلُ مَا حَرَّمَ رَبُّكُمْ عَلَيْكُمُۥٓ أَلَّا تُشْرِكُواْ بِهِۦ شَئْاٗۖ وَبِالْوَٰلِدَيْنِ إِحْسَٰناٗۖ وَلَا تَقْتُلُوٓاْ أَوْلَٰدَكُم مِّنِ اِمْلَٰقٖۖ نَّحْنُ نَرْزُقُكُمْ وَإِيَّاهُمْۖ وَلَا تَقْرَبُواْ اُ۬لْفَوَٰحِشَ مَا ظَهَرَ مِنْهَا وَمَا بَطَنَۖ وَلَا تَقْتُلُواْ اُ۬لنَّفْسَ اَ۬لتِے حَرَّمَ اَ۬للَّهُ إِلَّا بِالْحَقِّۖ ذَٰلِكُمْ وَصّ۪يٰكُم بِهِۦ لَعَلَّكُمْ تَعْقِلُونَۖ ﲗ
942,6,153,8,149,الأنعَام,Al-An‘ām,وَلَا تَقْرَبُواْ مَالَ اَ۬لْيَتِيمِ إِلَّا بِالتِے هِيَ أَحْسَنُ حَتَّىٰ يَبْلُغَ أَشُدَّهُۥۖ وَأَوْفُواْ اُ۬لْكَيْلَ وَالْمِيزَانَ بِالْقِسْطِۖ لَا نُكَلِّفُ نَفْساً اِلَّا وُسْعَهَاۖ وَإِذَا قُلْتُمْ فَاعْدِلُواْ وَلَوْ كَانَ ذَا قُرْب۪ىٰۖ وَبِعَهْدِ اِ۬للَّهِ أَوْفُواْۖ ذَٰلِكُمْ وَصّ۪يٰكُم بِهِۦ لَعَلَّكُمْ تَذَّكَّرُونَۖ ﲘ
943,6,154,8,149,الأنعَام,Al-An‘ām,وَأَنَّ هَٰذَا صِرَٰطِے مُسْتَقِيماٗ فَاتَّبِعُوهُۖ وَلَا تَتَّبِعُواْ اُ۬لسُّبُلَ فَتَفَرَّقَ بِكُمْ عَن سَبِيلِهِۦۖ ذَٰلِكُمْ وَصّ۪يٰكُم بِهِۦ لَعَلَّكُمْ تَتَّقُونَۖ ﲙ
944,6,155,8,149,الأنعَام,Al-An‘ām,ثُمَّ ءَاتَيْنَا مُوسَى اَ۬لْكِتَٰبَ تَمَاماً عَلَى اَ۬لذِےٓ أَحْسَنَ وَتَفْصِيلاٗ لِّكُلِّ شَےْءٖ وَهُدىٗ وَرَحْمَةٗ لَّعَلَّهُم بِلِقَآءِ رَبِّهِمْ يُومِنُونَۖ ﲚ
945,6,156,8,149,الأنعَام,Al-An‘ām,وَهَٰذَا كِتَٰبٌ اَنزَلْنَٰهُ مُبَٰرَكٞ فَاتَّبِعُوهُ وَاتَّقُواْ لَعَلَّكُمْ تُرْحَمُونَ ﲛ
946,6,157,8,149,الأنعَام,Al-An‘ām,أَن تَقُولُوٓاْ إِنَّمَآ أُنزِلَ اَ۬لْكِتَٰبُ عَلَىٰ طَآئِفَتَيْنِ مِن قَبْلِنَا وَإِن كُنَّا عَن دِرَاسَتِهِمْ لَغَٰفِلِينَ ﲜ
947,6,158,8,149,الأنعَام,Al-An‘ām,أَوْ تَقُولُواْ لَوَ اَنَّآ أُنزِلَ عَلَيْنَا اَ۬لْكِتَٰبُ لَكُنَّآ أَهْد۪ىٰ مِنْهُمْۖ فَقَدْ جَآءَكُم بَيِّنَةٞ مِّن رَّبِّكُمْ وَهُدىٗ وَرَحْمَةٞۖ فَمَنَ اَظْلَمُ مِمَّن كَذَّبَ بِـَٔايَٰتِ اِ۬للَّهِ وَصَدَفَ عَنْهَاۖ سَنَجْزِے اِ۬لذِينَ يَصْدِفُونَ عَنَ اٰيَٰتِنَا سُوٓءَ اَ۬لْعَذَابِ بِمَا كَانُواْ يَصْدِفُونَۖ ﲝ
948,6,159,8,150,الأنعَام,Al-An‘ām,۞ هَلْ يَنظُرُونَ إِلَّآ أَن تَاتِيَهُمُ اُ۬لْمَلَٰٓئِكَةُ أَوْ يَاتِيَ رَبُّكَ أَوْ يَاتِيَ بَعْضُ ءَايَٰتِ رَبِّكَۖ يَوْمَ يَاتِے بَعْضُ ءَايَٰتِ رَبِّكَ لَا يَنفَعُ نَفْساً اِيمَٰنُهَا لَمْ تَكُنَ اٰمَنَتْ مِن قَبْلُ أَوْ كَسَبَتْ فِےٓ إِيمَٰنِهَا خَيْراٗۖ قُلِ اِ۪نتَظِرُوٓاْۖ إِنَّا مُنتَظِرُونَۖ ﲞ
949,6,160,8,150,الأنعَام,Al-An‘ām,إِنَّ اَ۬لذِينَ فَرَّقُواْ دِينَهُمْ وَكَانُواْ شِيَعاٗ لَّسْتَ مِنْهُمْ فِے شَےْءٍۖ اِنَّمَآ أَمْرُهُمُۥٓ إِلَى اَ۬للَّهِۖ ثُمَّ يُنَبِّئُهُم بِمَا كَانُواْ يَفْعَلُونَۖ ﲟ
950,6,161,8,150,الأنعَام,Al-An‘ām,مَن جَآءَ بِالْحَسَنَةِ فَلَهُۥ عَشْرُ أَمْثَالِهَاۖ وَمَن جَآءَ بِالسَّيِّئَةِ فَلَا يُجْز۪ىٰٓ إِلَّا مِثْلَهَا وَهُمْ لَا يُظْلَمُونَۖ ﲠ
951,6,162,8,150,الأنعَام,Al-An‘ām,قُلِ اِنَّنِے هَد۪يٰنِے رَبِّيَ إِلَىٰ صِرَٰطٖ مُّسْتَقِيمٖۖ ﲡ
952,6,163,8,150,الأنعَام,Al-An‘ām,دِيناٗ قَيِّماٗ مِّلَّةَ إِبْرَٰهِيمَ حَنِيفاٗۖ وَمَا كَانَ مِنَ اَ۬لْمُشْرِكِينَۖ ﲢ
953,6,164,8,150,الأنعَام,Al-An‘ām,قُلِ اِنَّ صَلَاتِے وَنُسُكِے وَمَحْي۪آےْ وَمَمَاتِيَ لِلهِ رَبِّ اِ۬لْعَٰلَمِينَ ﲣ
954,6,165,8,150,الأنعَام,Al-An‘ām,لَا شَرِيكَ لَهُۥۖ وَبِذَٰلِكَ أُمِرْتُۖ وَأَنَآ أَوَّلُ اُ۬لْمُسْلِمِينَۖ ﲤ
955,6,166,8,150,الأنعَام,Al-An‘ām,قُلَ اَغَيْرَ اَ۬للَّهِ أَبْغِے رَبّاٗ وَهُوَ رَبُّ كُلِّ شَےْءٖۖ وَلَا تَكْسِبُ كُلُّ نَفْسٍ اِلَّا عَلَيْهَاۖ وَلَا تَزِرُ وَازِرَةٞ وِزْرَ أُخْر۪ىٰۖ ثُمَّ إِلَىٰ رَبِّكُم مَّرْجِعُكُمْ فَيُنَبِّئُكُم بِمَا كُنتُمْ فِيهِ تَخْتَلِفُونَۖ ﲥ
956,6,167,8,150,الأنعَام,Al-An‘ām,وَهُوَ اَ۬لذِے جَعَلَكُمْ خَلَٰٓئِفَ اَ۬لَارْضِ وَرَفَعَ بَعْضَكُمْ فَوْقَ بَعْضٖ دَرَجَٰتٖ لِّيَبْلُوَكُمْ فِے مَآ ءَات۪يٰكُمُۥٓۖ إِنَّ رَبَّكَ سَرِيعُ اُ۬لْعِقَابِۖ وَإِنَّهُۥ لَغَفُورٞ رَّحِيمٌۖ ﲦ
957,7,1,8,151,الأعرَاف,Al-A‘rāf,اَلَٓمِّٓصَٓۖ كِتَٰبٌ اُنزِلَ إِلَيْكَ فَلَا يَكُن فِے صَدْرِكَ حَرَجٞ مِّنْهُ لِتُنذِرَ بِهِۦ وَذِكْر۪ىٰ لِلْمُومِنِينَۖ ﰀ
958,7,2,8,151,الأعرَاف,Al-A‘rāf,اَ۪تَّبِعُواْ مَآ أُنزِلَ إِلَيْكُم مِّن رَّبِّكُمْۖ وَلَا تَتَّبِعُواْ مِن دُونِهِۦٓ أَوْلِيَآءَۖ قَلِيلاٗ مَّا تَذَّكَّرُونَۖ ﰁ
959,7,3,8,151,الأعرَاف,Al-A‘rāf,وَكَم مِّن قَرْيَةٍ اَهْلَكْنَٰهَا فَجَآءَهَا بَأْسُنَا بَيَٰتاً اَوْ هُمْ قَآئِلُونَۖ ﰂ
960,7,4,8,151,الأعرَاف,Al-A‘rāf,۞ فَمَا كَانَ دَعْو۪يٰهُمُۥٓ إِذْ جَآءَهُم بَأْسُنَآ إِلَّآ أَن قَالُوٓاْ إِنَّا كُنَّا ظَٰلِمِينَۖ ﰃ
961,7,5,8,151,الأعرَاف,Al-A‘rāf,فَلَنَسْـَٔلَنَّ اَ۬لذِينَ أُرْسِلَ إِلَيْهِمْ وَلَنَسْـَٔلَنَّ اَ۬لْمُرْسَلِينَۖ ﰄ
962,7,6,8,151,الأعرَاف,Al-A‘rāf,فَلَنَقُصَّنَّ عَلَيْهِم بِعِلْمٖۖ وَمَا كُنَّا غَآئِبِينَۖ ﰅ
963,7,7,8,151,الأعرَاف,Al-A‘rāf,وَالْوَزْنُ يَوْمَئِذٍ اِ۬لْحَقُّۖ فَمَن ثَقُلَتْ مَوَٰزِينُهُۥ فَأُوْلَٰٓئِكَ هُمُ اُ۬لْمُفْلِحُونَۖ ﰆ
964,7,8,8,151,الأعرَاف,Al-A‘rāf,وَمَنْ خَفَّتْ مَوَٰزِينُهُۥ فَأُوْلَٰٓئِكَ اَ۬لذِينَ خَسِرُوٓاْ أَنفُسَهُم بِمَا كَانُواْ بِـَٔايَٰتِنَا يَظْلِمُونَۖ ﰇ
965,7,9,8,151,الأعرَاف,Al-A‘rāf,وَلَقَدْ مَكَّنَّٰكُمْ فِے اِ۬لَارْضِ وَجَعَلْنَا لَكُمْ فِيهَا مَعَٰيِشَۖ قَلِيلاٗ مَّا تَشْكُرُونَۖ ﰈ
966,7,10,8,151,الأعرَاف,Al-A‘rāf,وَلَقَدْ خَلَقْنَٰكُمْ ثُمَّ صَوَّرْنَٰكُمْ ثُمَّ قُلْنَا لِلْمَلَٰٓئِكَةِ اِ۟سْجُدُواْ لِأٓدَمَ فَسَجَدُوٓاْۖ إِلَّآ إِبْلِيسَ لَمْ يَكُن مِّنَ اَ۬لسَّٰجِدِينَۖ ﰉ
967,7,11,8,152,الأعرَاف,Al-A‘rāf,قَالَ مَا مَنَعَكَ أَلَّا تَسْجُدَ إِذَ اَمَرْتُكَۖ قَالَ أَنَا خَيْرٞ مِّنْهُ خَلَقْتَنِے مِن نّ۪ارٖ وَخَلَقْتَهُۥ مِن طِينٖۖ ﰊ
968,7,12,8,152,الأعرَاف,Al-A‘rāf,قَالَ فَاهْبِطْ مِنْهَا فَمَا يَكُونُ لَكَ أَن تَتَكَبَّرَ فِيهَا فَاخْرُجِ اِنَّكَ مِنَ اَ۬لصَّٰغِرِينَۖ ﰋ
969,7,13,8,152,الأعرَاف,Al-A‘rāf,قَالَ أَنظِرْنِےٓ إِلَىٰ يَوْمِ يُبْعَثُونَۖ ﰌ
970,7,14,8,152,الأعرَاف,Al-A‘rāf,قَالَ إِنَّكَ مِنَ اَ۬لْمُنظَرِينَۖ ﰍ
971,7,15,8,152,الأعرَاف,Al-A‘rāf,قَالَ فَبِمَآ أَغْوَيْتَنِے لَأَقْعُدَنَّ لَهُمْ صِرَٰطَكَ اَ۬لْمُسْتَقِيمَ ﰎ
972,7,16,8,152,الأعرَاف,Al-A‘rāf,ثُمَّ لَأٓتِيَنَّهُم مِّنۢ بَيْنِ أَيْدِيهِمْ وَمِنْ خَلْفِهِمْ وَعَنَ اَيْمَٰنِهِمْ وَعَن شَمَآئِلِهِمْۖ وَلَا تَجِدُ أَكْثَرَهُمْ شَٰكِرِينَۖ ﰏ
973,7,17,8,152,الأعرَاف,Al-A‘rāf,قَالَ اَ۟خْرُجْ مِنْهَا مَذْءُوماٗ مَّدْحُوراٗۖ لَّمَن تَبِعَكَ مِنْهُمْ لَأَمْلَأَنَّ جَهَنَّمَ مِنكُمُۥٓ أَجْمَعِينَۖ ﰐ
974,7,18,8,152,الأعرَاف,Al-A‘rāf,وَيَٰٓـَٔادَمُ اُ۟سْكُنَ اَنتَ وَزَوْجُكَ اَ۬لْجَنَّةَ فَكُلَا مِنْ حَيْثُ شِئْتُمَاۖ وَلَا تَقْرَبَا هَٰذِهِ اِ۬لشَّجَرَةَ فَتَكُونَا مِنَ اَ۬لظَّٰلِمِينَۖ ﰑ
975,7,19,8,152,الأعرَاف,Al-A‘rāf,فَوَسْوَسَ لَهُمَا اَ۬لشَّيْطَٰنُ لِيُبْدِيَ لَهُمَا مَا وُۥرِيَ عَنْهُمَا مِن سَوْءَٰتِهِمَاۖ وَقَالَ مَا نَه۪يٰكُمَا رَبُّكُمَا عَنْ هَٰذِهِ اِ۬لشَّجَرَةِ إِلَّآ أَن تَكُونَا مَلَكَيْنِ أَوْ تَكُونَا مِنَ اَ۬لْخَٰلِدِينَۖ ﰒ
976,7,20,8,152,الأعرَاف,Al-A‘rāf,۞ وَقَاسَمَهُمَآ إِنِّے لَكُمَا لَمِنَ اَ۬لنَّٰصِحِينَ ﰓ
977,7,21,8,152,الأعرَاف,Al-A‘rāf,فَدَلّ۪يٰهُمَا بِغُرُورٖۖ فَلَمَّا ذَاقَا اَ۬لشَّجَرَةَ بَدَتْ لَهُمَا سَوْءَٰتُهُمَا وَطَفِقَا يَخْصِفَٰنِ عَلَيْهِمَا مِنْ وَّرَقِ اِ۬لْجَنَّةِۖ وَنَاد۪يٰهُمَا رَبُّهُمَآ أَلَمَ اَنْهَكُمَا عَن تِلْكُمَا اَ۬لشَّجَرَةِ وَأَقُل لَّكُمَآ إِنَّ اَ۬لشَّيْطَٰنَ لَكُمَا عَدُوّٞ مُّبِينٞۖ ﰔ
978,7,22,8,153,الأعرَاف,Al-A‘rāf,قَالَا رَبَّنَا ظَلَمْنَآ أَنفُسَنَا وَإِن لَّمْ تَغْفِرْ لَنَا وَتَرْحَمْنَا لَنَكُونَنَّ مِنَ اَ۬لْخَٰسِرِينَۖ ﰕ
979,7,23,8,153,الأعرَاف,Al-A‘rāf,قَالَ اَ۪هْبِطُواْۖ بَعْضُكُمْ لِبَعْضٍ عَدُوّٞۖ وَلَكُمْ فِے اِ۬لَارْضِ مُسْتَقَرّٞ وَمَتَٰعٌ اِلَىٰ حِينٖۖ ﰖ
980,7,24,8,153,الأعرَاف,Al-A‘rāf,قَالَ فِيهَا تَحْيَوْنَ وَفِيهَا تَمُوتُونَ وَمِنْهَا تُخْرَجُونَۖ ﰗ
981,7,25,8,153,الأعرَاف,Al-A‘rāf,يَٰبَنِےٓ ءَادَمَ قَدَ اَنزَلْنَا عَلَيْكُمْ لِبَاساٗ يُوَٰرِے سَوْءَٰتِكُمْ وَرِيشاٗ وَلِبَاسَ اَ۬لتَّقْو۪ىٰۖ ذَٰلِكَ خَيْرٞۖ ذَٰلِكَ مِنَ اٰيَٰتِ اِ۬للَّهِ لَعَلَّهُمْ يَذَّكَّرُونَۖ ﰘ
982,7,26,8,153,الأعرَاف,Al-A‘rāf,يَٰبَنِےٓ ءَادَمَ لَا يَفْتِنَنَّكُمُ اُ۬لشَّيْطَٰنُ كَمَآ أَخْرَجَ أَبَوَيْكُم مِّنَ اَ۬لْجَنَّةِ يَنزِعُ عَنْهُمَا لِبَاسَهُمَا لِيُرِيَهُمَا سَوْءَٰتِهِمَآۖ إِنَّهُۥ يَر۪يٰكُمْ هُوَ وَقَبِيلُهُۥ مِنْ حَيْثُ لَا تَرَوْنَهُمُۥٓۖ إِنَّا جَعَلْنَا اَ۬لشَّيَٰطِينَ أَوْلِيَآءَ لِلذِينَ لَا يُومِنُونَۖ ﰙ
983,7,27,8,153,الأعرَاف,Al-A‘rāf,وَإِذَا فَعَلُواْ فَٰحِشَةٗ قَالُواْ وَجَدْنَا عَلَيْهَآ ءَابَآءَنَا وَاللَّهُ أَمَرَنَا بِهَاۖ قُلِ اِنَّ اَ۬للَّهَ لَا يَامُرُ بِالْفَحْشَآءِۖ اَ۬تَقُولُونَ عَلَى اَ۬للَّهِ مَا لَا تَعْلَمُونَۖ ﰚ
984,7,28,8,153,الأعرَاف,Al-A‘rāf,قُلَ اَمَرَ رَبِّے بِالْقِسْطِۖ وَأَقِيمُواْ وُجُوهَكُمْ عِندَ كُلِّ مَسْجِدٖۖ وَادْعُوهُ مُخْلِصِينَ لَهُ اُ۬لدِّينَۖ كَمَا بَدَأَكُمْ تَعُودُونَۖ فَرِيقاً هَد۪ىٰۖ وَفَرِيقاً حَقَّ عَلَيْهِمُ اُ۬لضَّلَٰلَةُۖ إِنَّهُمُ اُ۪تَّخَذُواْ اُ۬لشَّيَٰطِينَ أَوْلِيَآءَ مِن دُونِ اِ۬للَّهِ وَيَحْسِبُونَ أَنَّهُم مُّهْتَدُونَۖ ﰛ
985,7,29,8,154,الأعرَاف,Al-A‘rāf,يَٰبَنِےٓ ءَادَمَ خُذُواْ زِينَتَكُمْ عِندَ كُلِّ مَسْجِدٖ وَكُلُواْ وَاشْرَبُواْۖ وَلَا تُسْرِفُوٓاْۖ إِنَّهُۥ لَا يُحِبُّ اُ۬لْمُسْرِفِينَۖ ﰜ
986,7,30,8,154,الأعرَاف,Al-A‘rāf,۞ قُلْ مَنْ حَرَّمَ زِينَةَ اَ۬للَّهِ اِ۬لتِےٓ أَخْرَجَ لِعِبَادِهِۦ وَالطَّيِّبَٰتِ مِنَ اَ۬لرِّزْقِۖ قُلْ هِيَ لِلذِينَ ءَامَنُواْ فِے اِ۬لْحَيَوٰةِ اِ۬لدُّنْي۪ا خَالِصَةٞ يَوْمَ اَ۬لْقِيَٰمَةِۖ كَذَٰلِكَ نُفَصِّلُ اُ۬لَايَٰتِ لِقَوْمٖ يَعْلَمُونَۖ ﰝ
987,7,31,8,154,الأعرَاف,Al-A‘rāf,قُلِ اِنَّمَا حَرَّمَ رَبِّيَ اَ۬لْفَوَٰحِشَ مَا ظَهَرَ مِنْهَا وَمَا بَطَنَ وَالِاثْمَ وَالْبَغْيَ بِغَيْرِ اِ۬لْحَقِّ وَأَن تُشْرِكُواْ بِاللَّهِ مَا لَمْ يُنَزِّلْ بِهِۦ سُلْطَٰناٗ وَأَن تَقُولُواْ عَلَى اَ۬للَّهِ مَا لَا تَعْلَمُونَۖ ﰞ
988,7,32,8,154,الأعرَاف,Al-A‘rāf,وَلِكُلِّ أُمَّةٍ اَجَلٞۖ فَإِذَا جَآءَ اجَلُهُمْ لَا يَسْتَٰخِرُونَ سَاعَةٗۖ وَلَا يَسْتَقْدِمُونَۖ ﰟ
989,7,33,8,154,الأعرَاف,Al-A‘rāf,يَٰبَنِےٓ ءَادَمَ إِمَّا يَاتِيَنَّكُمْ رُسُلٞ مِّنكُمْ يَقُصُّونَ عَلَيْكُمُۥٓ ءَايَٰتِے فَمَنِ اِ۪تَّق۪ىٰ وَأَصْلَحَ فَلَا خَوْفٌ عَلَيْهِمْ وَلَا هُمْ يَحْزَنُونَۖ ﰠ
990,7,34,8,154,الأعرَاف,Al-A‘rāf,وَالذِينَ كَذَّبُواْ بِـَٔايَٰتِنَا وَاسْتَكْبَرُواْ عَنْهَآ أُوْلَٰٓئِكَ أَصْحَٰبُ اُ۬لنّ۪ارِ هُمْ فِيهَا خَٰلِدُونَۖ ﰡ
991,7,35,8,154,الأعرَاف,Al-A‘rāf,فَمَنَ اَظْلَمُ مِمَّنِ اِ۪فْتَر۪ىٰ عَلَى اَ۬للَّهِ كَذِباً اَوْ كَذَّبَ بِـَٔايَٰتِهِۦٓۖ أُوْلَٰٓئِكَ يَنَالُهُمْ نَصِيبُهُم مِّنَ اَ۬لْكِتَٰبِۖ حَتَّىٰٓ إِذَا جَآءَتْهُمْ رُسُلُنَا يَتَوَفَّوْنَهُمْ قَالُوٓاْ أَيْنَ مَا كُنتُمْ تَدْعُونَ مِن دُونِ اِ۬للَّهِ قَالُواْ ضَلُّواْ عَنَّاۖ وَشَهِدُواْ عَلَىٰٓ أَنفُسِهِمُۥٓ أَنَّهُمْ كَانُواْ كٰ۪فِرِينَۖ ﰢ
992,7,36,8,155,الأعرَاف,Al-A‘rāf,قَالَ اَ۟دْخُلُواْ فِےٓ أُمَمٖ قَدْ خَلَتْ مِن قَبْلِكُم مِّنَ اَ۬لْجِنِّ وَالِانسِ فِے اِ۬لنّ۪ارِۖ كُلَّمَا دَخَلَتُ ا۟مَّةٞ لَّعَنَتُ ا۟خْتَهَاۖ حَتَّىٰٓ إِذَا اَ۪دَّارَكُواْ فِيهَا جَمِيعاٗ قَالَتُ ا۟خْر۪يٰهُمْ لِأُول۪يٰهُمْ رَبَّنَا هَٰٓؤُلَآءِ اَ۬ضَلُّونَا فَـَٔاتِهِمْ عَذَاباٗ ضِعْفاٗ مِّنَ اَ۬لنّ۪ارِۖ ﰣ
993,7,37,8,155,الأعرَاف,Al-A‘rāf,قَالَ لِكُلّٖ ضِعْفٞۖ وَلَٰكِن لَّا تَعْلَمُونَۖ ﰤ
994,7,38,8,155,الأعرَاف,Al-A‘rāf,۞ وَقَالَتُ ا۟ول۪يٰهُمْ لِأُخْر۪يٰهُمْ فَمَا كَانَ لَكُمْ عَلَيْنَا مِن فَضْلٖ فَذُوقُواْ اُ۬لْعَذَابَ بِمَا كُنتُمْ تَكْسِبُونَۖ ﰥ
995,7,39,8,155,الأعرَاف,Al-A‘rāf,إِنَّ اَ۬لذِينَ كَذَّبُواْ بِـَٔايَٰتِنَا وَاسْتَكْبَرُواْ عَنْهَا لَا تُفَتَّحُ لَهُمُۥٓ أَبْوَٰبُ اُ۬لسَّمَآءِ وَلَا يَدْخُلُونَ اَ۬لْجَنَّةَ حَتَّىٰ يَلِجَ اَ۬لْجَمَلُ فِے سَمِّ اِ۬لْخِيَاطِۖ وَكَذَٰلِكَ نَجْزِے اِ۬لْمُجْرِمِينَۖ ﰦ
996,7,40,8,155,الأعرَاف,Al-A‘rāf,لَهُم مِّن جَهَنَّمَ مِهَادٞۖ وَمِن فَوْقِهِمْ غَوَاشٖۖ وَكَذَٰلِكَ نَجْزِے اِ۬لظَّٰلِمِينَۖ ﰧ
997,7,41,8,155,الأعرَاف,Al-A‘rāf,وَالذِينَ ءَامَنُواْ وَعَمِلُواْ اُ۬لصَّٰلِحَٰتِ لَا نُكَلِّفُ نَفْساً اِلَّا وُسْعَهَآۖ أُوْلَٰٓئِكَ أَصْحَٰبُ اُ۬لْجَنَّةِ هُمْ فِيهَا خَٰلِدُونَۖ ﰨ
998,7,42,8,155,الأعرَاف,Al-A‘rāf,وَنَزَعْنَا مَا فِے صُدُورِهِم مِّنْ غِلّٖ تَجْرِے مِن تَحْتِهِمُ اُ۬لَانْهَٰرُۖ وَقَالُواْ اُ۬لْحَمْدُ لِلهِ اِ۬لذِے هَد۪يٰنَا لِهَٰذَاۖ وَمَا كُنَّا لِنَهْتَدِيَ لَوْلَآ أَنْ هَد۪يٰنَا اَ۬للَّهُۖ لَقَدْ جَآءَتْ رُسُلُ رَبِّنَا بِالْحَقِّۖ وَنُودُوٓاْ أَن تِلْكُمُ اُ۬لْجَنَّةُ أُورِثْتُمُوهَا بِمَا كُنتُمْ تَعْمَلُونَۖ ﰩ
999,7,43,8,156,الأعرَاف,Al-A‘rāf,وَنَاد۪ىٰٓ أَصْحَٰبُ اُ۬لْجَنَّةِ أَصْحَٰبَ اَ۬لنّ۪ارِ أَن قَدْ وَجَدْنَا مَا وَعَدَنَا رَبُّنَا حَقّاٗ فَهَلْ وَجَدتُّم مَّا وَعَدَ رَبُّكُمْ حَقّاٗۖ قَالُواْ نَعَمْۖ فَأَذَّنَ مُوَ۬ذِّنُۢ بَيْنَهُمُۥٓ أَن لَّعْنَةُ اُ۬للَّهِ عَلَى اَ۬لظَّٰلِمِينَ ﰪ
1000,7,44,8,156,الأعرَاف,Al-A‘rāf,اَ۬لذِينَ يَصُدُّونَ عَن سَبِيلِ اِ۬للَّهِ وَيَبْغُونَهَا عِوَجاٗ وَهُم بِالَاخِرَةِ كَٰفِرُونَۖ ﰫ
1001,7,45,8,156,الأعرَاف,Al-A‘rāf,وَبَيْنَهُمَا حِجَابٞۖ وَعَلَى اَ۬لَاعْرَافِ رِجَالٞ يَعْرِفُونَ كُلّاَۢ بِسِيم۪يٰهُمْۖ وَنَادَوَاْ اَصْحَٰبَ اَ۬لْجَنَّةِ أَن سَلَٰمٌ عَلَيْكُمْۖ لَمْ يَدْخُلُوهَا وَهُمْ يَطْمَعُونَۖ ﰬ
1002,7,46,8,156,الأعرَاف,Al-A‘rāf,۞ وَإِذَا صُرِفَتَ اَبْصَٰرُهُمْ تِلْقَآءَ اصْحَٰبِ اِ۬لنّ۪ارِ قَالُواْ رَبَّنَا لَا تَجْعَلْنَا مَعَ اَ۬لْقَوْمِ اِ۬لظَّٰلِمِينَۖ ﰭ
1003,7,47,8,156,الأعرَاف,Al-A‘rāf,وَنَاد۪ىٰٓ أَصْحَٰبُ اُ۬لَاعْرَافِ رِجَالاٗ يَعْرِفُونَهُم بِسِيم۪يٰهُمْ قَالُواْ مَآ أَغْن۪ىٰ عَنكُمْ جَمْعُكُمْ وَمَا كُنتُمْ تَسْتَكْبِرُونَۖ ﰮ
1004,7,48,8,156,الأعرَاف,Al-A‘rāf,أَهَٰٓؤُلَآءِ اِ۬لذِينَ أَقْسَمْتُمْ لَا يَنَالُهُمُ اُ۬للَّهُ بِرَحْمَةٍۖ اُ۟دْخُلُواْ اُ۬لْجَنَّةَ لَا خَوْفٌ عَلَيْكُمْ وَلَآ أَنتُمْ تَحْزَنُونَۖ ﰯ
1005,7,49,8,156,الأعرَاف,Al-A‘rāf,وَنَاد۪ىٰٓ أَصْحَٰبُ اُ۬لنّ۪ارِ أَصْحَٰبَ اَ۬لْجَنَّةِ أَنَ اَفِيضُواْ عَلَيْنَا مِنَ اَ۬لْمَآءِ اَ۬وْ مِمَّا رَزَقَكُمُ اُ۬للَّهُۖ قَالُوٓاْ إِنَّ اَ۬للَّهَ حَرَّمَهُمَا عَلَى اَ۬لْكٰ۪فِرِينَ ﰰ
1006,7,50,8,156,الأعرَاف,Al-A‘rāf,اَ۬لذِينَ اَ۪تَّخَذُواْ دِينَهُمْ لَهْواٗ وَلَعِباٗ وَغَرَّتْهُمُ اُ۬لْحَيَوٰةُ اُ۬لدُّنْي۪اۖ فَالْيَوْمَ نَنس۪يٰهُمْ كَمَا نَسُواْ لِقَآءَ يَوْمِهِمْ هَٰذَا وَمَا كَانُواْ بِـَٔايَٰتِنَا يَجْحَدُونَۖ ﰱ
1007,7,51,8,157,الأعرَاف,Al-A‘rāf,وَلَقَدْ جِئْنَٰهُم بِكِتَٰبٖ فَصَّلْنَٰهُ عَلَىٰ عِلْمٍ هُدىٗ وَرَحْمَةٗ لِّقَوْمٖ يُومِنُونَۖ ﰲ
1008,7,52,8,157,الأعرَاف,Al-A‘rāf,هَلْ يَنظُرُونَ إِلَّا تَاوِيلَهُۥۖ يَوْمَ يَاتِے تَاوِيلُهُۥ يَقُولُ اُ۬لذِينَ نَسُوهُ مِن قَبْلُ قَدْ جَآءَتْ رُسُلُ رَبِّنَا بِالْحَقِّ فَهَل لَّنَا مِن شُفَعَآءَ فَيَشْفَعُواْ لَنَآ أَوْ نُرَدُّ فَنَعْمَلَ غَيْرَ اَ۬لذِے كُنَّا نَعْمَلُۖ قَدْ خَسِرُوٓاْ أَنفُسَهُمْ وَضَلَّ عَنْهُم مَّا كَانُواْ يَفْتَرُونَۖ ﰳ
1009,7,53,8,157,الأعرَاف,Al-A‘rāf,إِنَّ رَبَّكُمُ اُ۬للَّهُ اُ۬لذِے خَلَقَ اَ۬لسَّمَٰوَٰتِ وَالَارْضَ فِے سِتَّةِ أَيَّامٖ ثُمَّ اَ۪سْتَو۪ىٰ عَلَى اَ۬لْعَرْشِۖ يُغْشِے اِ۬ليْلَ اَ۬لنَّهَارَ يَطْلُبُهُۥ حَثِيثاٗ وَالشَّمْسَ وَالْقَمَرَ وَالنُّجُومَ مُسَخَّرَٰتِۢ بِأَمْرِهِۦٓۖ أَلَا لَهُ اُ۬لْخَلْقُ وَالَامْرُۖ تَبَٰرَكَ اَ۬للَّهُ رَبُّ اُ۬لْعَٰلَمِينَۖ ﰴ
1010,7,54,8,157,الأعرَاف,Al-A‘rāf,اَ۟دْعُواْ رَبَّكُمْ تَضَرُّعاٗ وَخُفْيَةًۖ اِنَّهُۥ لَا يُحِبُّ اُ۬لْمُعْتَدِينَۖ ﰵ
1011,7,55,8,157,الأعرَاف,Al-A‘rāf,وَلَا تُفْسِدُواْ فِے اِ۬لَارْضِ بَعْدَ إِصْلَٰحِهَاۖ وَادْعُوهُ خَوْفاٗ وَطَمَعاًۖ اِنَّ رَحْمَتَ اَ۬للَّهِ قَرِيبٞ مِّنَ اَ۬لْمُحْسِنِينَۖ ﰶ
1012,7,56,8,157,الأعرَاف,Al-A‘rāf,۞ وَهُوَ اَ۬لذِے يُرْسِلُ اُ۬لرِّيَٰحَ نُشُراَۢ بَيْنَ يَدَےْ رَحْمَتِهِۦۖ حَتَّىٰٓ إِذَآ أَقَلَّتْ سَحَاباٗ ثِقَالاٗ سُقْنَٰهُ لِبَلَدٖ مَّيِّتٖ فَأَنزَلْنَا بِهِ اِ۬لْمَآءَ فَأَخْرَجْنَا بِهِۦ مِن كُلِّ اِ۬لثَّمَرَٰتِۖ كَذَٰلِكَ نُخْرِجُ اُ۬لْمَوْت۪ىٰ لَعَلَّكُمْ تَذَّكَّرُونَۖ ﰷ
1013,7,57,8,158,الأعرَاف,Al-A‘rāf,وَالْبَلَدُ اُ۬لطَّيِّبُ يَخْرُجُ نَبَاتُهُۥ بِإِذْنِ رَبِّهِۦۖ وَالذِے خَبُثَ لَا يَخْرُجُ إِلَّا نَكِداٗۖ كَذَٰلِكَ نُصَرِّفُ اُ۬لَايَٰتِ لِقَوْمٖ يَشْكُرُونَۖ ﰸ
1014,7,58,8,158,الأعرَاف,Al-A‘rāf,لَقَدَ اَرْسَلْنَا نُوحاً اِلَىٰ قَوْمِهِۦ فَقَالَ يَٰقَوْمِ اِ۟عْبُدُواْ اُ۬للَّهَ مَا لَكُم مِّنِ اِلَٰهٍ غَيْرُهُۥٓۖ إِنِّيَ أَخَافُ عَلَيْكُمْ عَذَابَ يَوْمٍ عَظِيمٖۖ ﰹ
1015,7,59,8,158,الأعرَاف,Al-A‘rāf,قَالَ اَ۬لْمَلَأُ مِن قَوْمِهِۦٓ إِنَّا لَنَر۪يٰكَ فِے ضَلَٰلٖ مُّبِينٖۖ ﰺ
1016,7,60,8,158,الأعرَاف,Al-A‘rāf,قَالَ يَٰقَوْمِ لَيْسَ بِے ضَلَٰلَةٞ وَلَٰكِنِّے رَسُولٞ مِّن رَّبِّ اِ۬لْعَٰلَمِينَۖ ﰻ
1017,7,61,8,158,الأعرَاف,Al-A‘rāf,أُبَلِّغُكُمْ رِسَٰلَٰتِ رَبِّے وَأَنصَحُ لَكُمْ وَأَعْلَمُ مِنَ اَ۬للَّهِ مَا لَا تَعْلَمُونَۖ ﰼ
1018,7,62,8,158,الأعرَاف,Al-A‘rāf,أَوَعَجِبْتُمُۥٓ أَن جَآءَكُمْ ذِكْرٞ مِّن رَّبِّكُمْ عَلَىٰ رَجُلٖ مِّنكُمْ لِيُنذِرَكُمْ وَلِتَتَّقُواْ وَلَعَلَّكُمْ تُرْحَمُونَۖ ﰽ
1019,7,63,8,158,الأعرَاف,Al-A‘rāf,فَكَذَّبُوهُ فَأَنجَيْنَٰهُ وَالذِينَ مَعَهُۥ فِے اِ۬لْفُلْكِۖ وَأَغْرَقْنَا اَ۬لذِينَ كَذَّبُواْ بِـَٔايَٰتِنَآۖ إِنَّهُمْ كَانُواْ قَوْماً عَمِينَۖ ﰾ
1020,7,64,8,158,الأعرَاف,Al-A‘rāf,وَإِلَىٰ عَادٍ اَخَاهُمْ هُوداٗۖ قَالَ يَٰقَوْمِ اِ۟عْبُدُواْ اُ۬للَّهَ مَا لَكُم مِّنِ اِلَٰهٍ غَيْرُهُۥٓۖ أَفَلَا تَتَّقُونَۖ ﰿ
1021,7,65,8,158,الأعرَاف,Al-A‘rāf,قَالَ اَ۬لْمَلَأُ اُ۬لذِينَ كَفَرُواْ مِن قَوْمِهِۦٓ إِنَّا لَنَر۪يٰكَ فِے سَفَاهَةٖ وَإِنَّا لَنَظُنُّكَ مِنَ اَ۬لْكَٰذِبِينَۖ ﱀ
1022,7,66,8,158,الأعرَاف,Al-A‘rāf,قَالَ يَٰقَوْمِ لَيْسَ بِے سَفَاهَةٞ وَلَٰكِنِّے رَسُولٞ مِّن رَّبِّ اِ۬لْعَٰلَمِينَۖ ﱁ
1023,7,67,8,159,الأعرَاف,Al-A‘rāf,أُبَلِّغُكُمْ رِسَٰلَٰتِ رَبِّے وَأَنَا لَكُمْ نَاصِحٌ اَمِينٌۖ ﱂ
1024,7,68,8,159,الأعرَاف,Al-A‘rāf,۞ اَوَعَجِبْتُمُۥٓ أَن جَآءَكُمْ ذِكْرٞ مِّن رَّبِّكُمْ عَلَىٰ رَجُلٖ مِّنكُمْ لِيُنذِرَكُمْۖ وَاذْكُرُوٓاْ إِذْ جَعَلَكُمْ خُلَفَآءَ مِنۢ بَعْدِ قَوْمِ نُوحٖ وَزَادَكُمْ فِے اِ۬لْخَلْقِ بَصْطَةٗۖ فَاذْكُرُوٓاْ ءَالَآءَ اَ۬للَّهِ لَعَلَّكُمْ تُفْلِحُونَۖ ﱃ
1025,7,69,8,159,الأعرَاف,Al-A‘rāf,قَالُوٓاْ أَجِئْتَنَا لِنَعْبُدَ اَ۬للَّهَ وَحْدَهُۥ وَنَذَرَ مَا كَانَ يَعْبُدُ ءَابَآؤُنَا فَاتِنَا بِمَا تَعِدُنَآ إِن كُنتَ مِنَ اَ۬لصَّٰدِقِينَۖ ﱄ
1026,7,70,8,159,الأعرَاف,Al-A‘rāf,قَالَ قَدْ وَقَعَ عَلَيْكُم مِّن رَّبِّكُمْ رِجْسٞ وَغَضَبٌۖ اَتُجَٰدِلُونَنِے فِےٓ أَسْمَآءٖ سَمَّيْتُمُوهَآ أَنتُمْ وَءَابَآؤُكُم مَّا نَزَّلَ اَ۬للَّهُ بِهَا مِن سُلْطَٰنٖۖ فَانتَظِرُوٓاْۖ إِنِّے مَعَكُم مِّنَ اَ۬لْمُنتَظِرِينَۖ ﱅ
1027,7,71,8,159,الأعرَاف,Al-A‘rāf,فَأَنجَيْنَٰهُ وَالذِينَ مَعَهُۥ بِرَحْمَةٖ مِّنَّا وَقَطَعْنَا دَابِرَ اَ۬لذِينَ كَذَّبُواْ بِـَٔايَٰتِنَا وَمَا كَانُواْ مُومِنِينَۖ ﱆ
1028,7,72,8,159,الأعرَاف,Al-A‘rāf,وَإِلَىٰ ثَمُودَ أَخَاهُمْ صَٰلِحاٗۖ قَالَ يَٰقَوْمِ اِ۟عْبُدُواْ اُ۬للَّهَ مَا لَكُم مِّنِ اِلَٰهٍ غَيْرُهُۥۖ قَدْ جَآءَتْكُم بَيِّنَةٞ مِّن رَّبِّكُمْۖ هَٰذِهِۦ نَاقَةُ اُ۬للَّهِ لَكُمُۥٓ ءَايَةٗۖ فَذَرُوهَا تَاكُلْ فِےٓ أَرْضِ اِ۬للَّهِۖ وَلَا تَمَسُّوهَا بِسُوٓءٖ فَيَاخُذَكُمْ عَذَابٌ اَلِيمٞۖ ﱇ
1029,7,73,8,160,الأعرَاف,Al-A‘rāf,وَاذْكُرُوٓاْ إِذْ جَعَلَكُمْ خُلَفَآءَ مِنۢ بَعْدِ عَادٖ وَبَوَّأَكُمْ فِے اِ۬لَارْضِ تَتَّخِذُونَ مِن سُهُولِهَا قُصُوراٗ وَتَنْحِتُونَ اَ۬لْجِبَالَ بُيُوتاٗۖ فَاذْكُرُوٓاْ ءَالَآءَ اَ۬للَّهِۖ وَلَا تَعْثَوْاْ فِے اِ۬لَارْضِ مُفْسِدِينَۖ ﱈ
1030,7,74,8,160,الأعرَاف,Al-A‘rāf,قَالَ اَ۬لْمَلَأُ اُ۬لذِينَ اَ۪سْتَكْبَرُواْ مِن قَوْمِهِۦ لِلذِينَ اَ۟سْتُضْعِفُواْ لِمَنَ اٰمَنَ مِنْهُمُۥٓ أَتَعْلَمُونَ أَنَّ صَٰلِحاٗ مُّرْسَلٞ مِّن رَّبِّهِۦۖ قَالُوٓاْ إِنَّا بِمَآ أُرْسِلَ بِهِۦ مُومِنُونَۖ ﱉ
1031,7,75,8,160,الأعرَاف,Al-A‘rāf,قَالَ اَ۬لذِينَ اَ۪سْتَكْبَرُوٓاْ إِنَّا بِالذِےٓ ءَامَنتُم بِهِۦ كَٰفِرُونَۖ ﱊ
1032,7,76,8,160,الأعرَاف,Al-A‘rāf,۞ فَعَقَرُواْ اُ۬لنَّاقَةَ وَعَتَوْاْ عَنَ اَمْرِ رَبِّهِمْۖ وَقَالُواْ يَٰصَٰلِحُ اُ۪يتِنَا بِمَا تَعِدُنَآ إِن كُنتَ مِنَ اَ۬لْمُرْسَلِينَۖ ﱋ
1033,7,77,8,160,الأعرَاف,Al-A‘rāf,فَأَخَذَتْهُمُ اُ۬لرَّجْفَةُ فَأَصْبَحُواْ فِے د۪ارِهِمْ جَٰثِمِينَۖ ﱌ
1034,7,78,8,160,الأعرَاف,Al-A‘rāf,فَتَوَلّ۪ىٰ عَنْهُمْ وَقَالَ يَٰقَوْمِ لَقَدَ اَبْلَغْتُكُمْ رِسَالَةَ رَبِّے وَنَصَحْتُ لَكُمْۖ وَلَٰكِن لَّا تُحِبُّونَ اَ۬لنَّٰصِحِينَۖ ﱍ
1035,7,79,8,160,الأعرَاف,Al-A‘rāf,وَلُوطاً اِذْ قَالَ لِقَوْمِهِۦٓ أَتَاتُونَ اَ۬لْفَٰحِشَةَ مَا سَبَقَكُم بِهَا مِنَ اَحَدٖ مِّنَ اَ۬لْعَٰلَمِينَۖ ﱎ
1036,7,80,8,160,الأعرَاف,Al-A‘rāf,إِنَّكُمْ لَتَاتُونَ اَ۬لرِّجَالَ شَهْوَةٗ مِّن دُونِ اِ۬لنِّسَآءِۖ بَلَ اَنتُمْ قَوْمٞ مُّسْرِفُونَۖ ﱏ
1037,7,81,8,161,الأعرَاف,Al-A‘rāf,وَمَا كَانَ جَوَابَ قَوْمِهِۦٓ إِلَّآ أَن قَالُوٓاْ أَخْرِجُوهُم مِّن قَرْيَتِكُمُۥٓۖ إِنَّهُمُۥٓ أُنَاسٞ يَتَطَهَّرُونَۖ ﱐ
1038,7,82,8,161,الأعرَاف,Al-A‘rāf,فَأَنجَيْنَٰهُ وَأَهْلَهُۥٓ إِلَّا اَ۪مْرَأَتَهُۥ كَانَتْ مِنَ اَ۬لْغَٰبِرِينَۖ ﱑ
1039,7,83,8,161,الأعرَاف,Al-A‘rāf,وَأَمْطَرْنَا عَلَيْهِم مَّطَراٗۖ فَانظُرْ كَيْفَ كَانَ عَٰقِبَةُ اُ۬لْمُجْرِمِينَۖ ﱒ
1040,7,84,8,161,الأعرَاف,Al-A‘rāf,وَإِلَىٰ مَدْيَنَ أَخَاهُمْ شُعَيْباٗۖ قَالَ يَٰقَوْمِ اِ۟عْبُدُواْ اُ۬للَّهَ مَا لَكُم مِّنِ اِلَٰهٍ غَيْرُهُۥۖ قَدْ جَآءَتْكُم بَيِّنَةٞ مِّن رَّبِّكُمْۖ فَأَوْفُواْ اُ۬لْكَيْلَ وَالْمِيزَانَۖ وَلَا تَبْخَسُواْ اُ۬لنَّاسَ أَشْيَآءَهُمْۖ وَلَا تُفْسِدُواْ فِے اِ۬لَارْضِ بَعْدَ إِصْلَٰحِهَاۖ ذَٰلِكُمْ خَيْرٞ لَّكُمُۥٓ إِن كُنتُم مُّومِنِينَۖ ﱓ
1041,7,85,8,161,الأعرَاف,Al-A‘rāf,وَلَا تَقْعُدُواْ بِكُلِّ صِرَٰطٖ تُوعِدُونَ وَتَصُدُّونَ عَن سَبِيلِ اِ۬للَّهِ مَنَ اٰمَنَ بِهِۦ وَتَبْغُونَهَا عِوَجاٗۖ وَاذْكُرُوٓاْ إِذْ كُنتُمْ قَلِيلاٗ فَكَثَّرَكُمْۖ وَانظُرُواْ كَيْفَ كَانَ عَٰقِبَةُ اُ۬لْمُفْسِدِينَۖ ﱔ
1042,7,86,8,161,الأعرَاف,Al-A‘rāf,وَإِن كَانَ طَآئِفَةٞ مِّنكُمُۥٓ ءَامَنُواْ بِالذِےٓ أُرْسِلْتُ بِهِۦ وَطَآئِفَةٞ لَّمْ يُومِنُواْ فَاصْبِرُواْ حَتَّىٰ يَحْكُمَ اَ۬للَّهُ بَيْنَنَاۖ وَهُوَ خَيْرُ اُ۬لْحَٰكِمِينَۖ ﱕ
1043,7,87,9,162,الأعرَاف,Al-A‘rāf,۞ قَالَ اَ۬لْمَلَأُ اُ۬لذِينَ اَ۪سْتَكْبَرُواْ مِن قَوْمِهِۦ لَنُخْرِجَنَّكَ يَٰشُعَيْبُ وَالذِينَ ءَامَنُواْ مَعَكَ مِن قَرْيَتِنَآ أَوْ لَتَعُودُنَّ فِے مِلَّتِنَاۖ قَالَ أَوَلَوْ كُنَّا كَٰرِهِينَۖ ﱖ
1044,7,88,9,162,الأعرَاف,Al-A‘rāf,قَدِ اِ۪فْتَرَيْنَا عَلَى اَ۬للَّهِ كَذِباً اِنْ عُدْنَا فِے مِلَّتِكُم بَعْدَ إِذْ نَجّ۪يٰنَا اَ۬للَّهُ مِنْهَاۖ وَمَا يَكُونُ لَنَآ أَن نَّعُودَ فِيهَآ إِلَّآ أَنْ يَّشَآءَ اَ۬للَّهُ رَبُّنَاۖ وَسِعَ رَبُّنَا كُلَّ شَےْءٍ عِلْماًۖ عَلَى اَ۬للَّهِ تَوَكَّلْنَاۖ رَبَّنَا اَ۪فْتَحْ بَيْنَنَا وَبَيْنَ قَوْمِنَا بِالْحَقِّۖ وَأَنتَ خَيْرُ اُ۬لْفَٰتِحِينَۖ ﱗ
1045,7,89,9,162,الأعرَاف,Al-A‘rāf,وَقَالَ اَ۬لْمَلَأُ اُ۬لذِينَ كَفَرُواْ مِن قَوْمِهِۦ لَئِنِ اِ۪تَّبَعْتُمْ شُعَيْباً اِنَّكُمُۥٓ إِذاٗ لَّخَٰسِرُونَۖ ﱘ
1046,7,90,9,162,الأعرَاف,Al-A‘rāf,فَأَخَذَتْهُمُ اُ۬لرَّجْفَةُ فَأَصْبَحُواْ فِے د۪ارِهِمْ جَٰثِمِينَۖ ﱙ
1047,7,91,9,162,الأعرَاف,Al-A‘rāf,اَ۬لذِينَ كَذَّبُواْ شُعَيْباٗ كَأَن لَّمْ يَغْنَوْاْ فِيهَاۖ اَ۬لذِينَ كَذَّبُواْ شُعَيْباٗ كَانُواْ هُمُ اُ۬لْخَٰسِرِينَۖ ﱚ
1048,7,92,9,162,الأعرَاف,Al-A‘rāf,فَتَوَلّ۪ىٰ عَنْهُمْ وَقَالَ يَٰقَوْمِ لَقَدَ اَبْلَغْتُكُمْ رِسَٰلَٰتِ رَبِّے وَنَصَحْتُ لَكُمْۖ فَكَيْفَ ءَاس۪ىٰ عَلَىٰ قَوْمٖ كٰ۪فِرِينَۖ ﱛ
1049,7,93,9,162,الأعرَاف,Al-A‘rāf,وَمَآ أَرْسَلْنَا فِے قَرْيَةٖ مِّن نَّبِےٓءٍ اِلَّآ أَخَذْنَآ أَهْلَهَا بِالْبَأْسَآءِ وَالضَّرَّآءِ لَعَلَّهُمْ يَضَّرَّعُونَۖ ﱜ
1050,7,94,9,162,الأعرَاف,Al-A‘rāf,ثُمَّ بَدَّلْنَا مَكَانَ اَ۬لسَّيِّئَةِ اِ۬لْحَسَنَةَ حَتَّىٰ عَفَواْۖ وَّقَالُواْ قَدْ مَسَّ ءَابَآءَنَا اَ۬لضَّرَّآءُ وَالسَّرَّآءُ فَأَخَذْنَٰهُم بَغْتَةٗ وَهُمْ لَا يَشْعُرُونَۖ ﱝ
1051,7,95,9,163,الأعرَاف,Al-A‘rāf,وَلَوَ اَنَّ أَهْلَ اَ۬لْقُر۪ىٰٓ ءَامَنُواْ وَاتَّقَوْاْ لَفَتَحْنَا عَلَيْهِم بَرَكَٰتٖ مِّنَ اَ۬لسَّمَآءِ وَالَارْضِۖ وَلَٰكِن كَذَّبُواْ فَأَخَذْنَٰهُم بِمَا كَانُواْ يَكْسِبُونَۖ ﱞ
1052,7,96,9,163,الأعرَاف,Al-A‘rāf,أَفَأَمِنَ أَهْلُ اُ۬لْقُر۪ىٰٓ أَنْ يَّاتِيَهُم بَأْسُنَا بَيَٰتاٗ وَهُمْ نَآئِمُونَ ﱟ
1053,7,97,9,163,الأعرَاف,Al-A‘rāf,أَوَاَمِنَ أَهْلُ اُ۬لْقُر۪ىٰٓ أَنْ يَّاتِيَهُم بَأْسُنَا ضُحىٗ وَهُمْ يَلْعَبُونَۖ ﱠ
1054,7,98,9,163,الأعرَاف,Al-A‘rāf,أَفَأَمِنُواْ مَكْرَ اَ۬للَّهِۖ فَلَا يَامَنُ مَكْرَ اَ۬للَّهِ إِلَّا اَ۬لْقَوْمُ اُ۬لْخَٰسِرُونَۖ ﱡ
1055,7,99,9,163,الأعرَاف,Al-A‘rāf,۞ أَوَلَمْ يَهْدِ لِلذِينَ يَرِثُونَ اَ۬لَارْضَ مِنۢ بَعْدِ أَهْلِهَآ أَن لَّوْ نَشَآءُ اَ۬صَبْنَٰهُم بِذُنُوبِهِمْۖ وَنَطْبَعُ عَلَىٰ قُلُوبِهِمْ فَهُمْ لَا يَسْمَعُونَۖ ﱢ
1056,7,100,9,163,الأعرَاف,Al-A‘rāf,تِلْكَ اَ۬لْقُر۪ىٰ نَقُصُّ عَلَيْكَ مِنَ اَنۢبَآئِهَاۖ وَلَقَدْ جَآءَتْهُمْ رُسُلُهُم بِالْبَيِّنَٰتِ فَمَا كَانُواْ لِيُومِنُواْ بِمَا كَذَّبُواْ مِن قَبْلُۖ كَذَٰلِكَ يَطْبَعُ اُ۬للَّهُ عَلَىٰ قُلُوبِ اِ۬لْكٰ۪فِرِينَۖ ﱣ
1057,7,101,9,163,الأعرَاف,Al-A‘rāf,وَمَا وَجَدْنَا لِأَكْثَرِهِم مِّنْ عَهْدٖۖ وَإِنْ وَّجَدْنَآ أَكْثَرَهُمْ لَفَٰسِقِينَۖ ﱤ
1058,7,102,9,163,الأعرَاف,Al-A‘rāf,ثُمَّ بَعَثْنَا مِنۢ بَعْدِهِم مُّوس۪ىٰ بِـَٔايَٰتِنَآ إِلَىٰ فِرْعَوْنَ وَمَلَإِيْهِۦ فَظَلَمُواْ بِهَاۖ فَانظُرْ كَيْفَ كَانَ عَٰقِبَةُ اُ۬لْمُفْسِدِينَۖ ﱥ
1059,7,103,9,163,الأعرَاف,Al-A‘rāf,وَقَالَ مُوس۪ىٰ يَٰفِرْعَوْنُ إِنِّے رَسُولٞ مِّن رَّبِّ اِ۬لْعَٰلَمِينَ ﱦ
1060,7,104,9,164,الأعرَاف,Al-A‘rāf,حَقِيقٌۖ عَلَيَّ أَن لَّآ أَقُولَ عَلَى اَ۬للَّهِ إِلَّا اَ۬لْحَقَّۖ قَدْ جِئْتُكُم بِبَيِّنَةٖ مِّن رَّبِّكُمْۖ فَأَرْسِلْ مَعِے بَنِےٓ إِسْرَآءِيلَۖ ﱧ
1061,7,105,9,164,الأعرَاف,Al-A‘rāf,قَالَ إِن كُنتَ جِئْتَ بِـَٔايَةٖ فَاتِ بِهَآ إِن كُنتَ مِنَ اَ۬لصَّٰدِقِينَۖ ﱨ
1062,7,106,9,164,الأعرَاف,Al-A‘rāf,فَأَلْق۪ىٰ عَصَاهُ فَإِذَا هِيَ ثُعْبَانٞ مُّبِينٞ ﱩ
1063,7,107,9,164,الأعرَاف,Al-A‘rāf,وَنَزَعَ يَدَهُۥ فَإِذَا هِيَ بَيْضَآءُ لِلنَّٰظِرِينَۖ ﱪ
1064,7,108,9,164,الأعرَاف,Al-A‘rāf,قَالَ اَ۬لْمَلَأُ مِن قَوْمِ فِرْعَوْنَ إِنَّ هَٰذَا لَسَٰحِرٌ عَلِيمٞ ﱫ
1065,7,109,9,164,الأعرَاف,Al-A‘rāf,يُرِيدُ أَنْ يُّخْرِجَكُم مِّنَ اَرْضِكُمْۖ فَمَاذَا تَامُرُونَۖ ﱬ
1066,7,110,9,164,الأعرَاف,Al-A‘rāf,قَالُوٓاْ أَرْجِهِۦ وَأَخَاهُ وَأَرْسِلْ فِے اِ۬لْمَدَآئِنِ حَٰشِرِينَ ﱭ
1067,7,111,9,164,الأعرَاف,Al-A‘rāf,يَاتُوكَ بِكُلِّ سَٰحِرٍ عَلِيمٖۖ ﱮ
1068,7,112,9,164,الأعرَاف,Al-A‘rāf,وَجَآءَ اَ۬لسَّحَرَةُ فِرْعَوْنَ قَالُوٓاْ إِنَّ لَنَا لَأَجْراً اِن كُنَّا نَحْنُ اُ۬لْغَٰلِبِينَۖ ﱯ
1069,7,113,9,164,الأعرَاف,Al-A‘rāf,قَالَ نَعَمْ وَإِنَّكُمْ لَمِنَ اَ۬لْمُقَرَّبِينَۖ ﱰ
1070,7,114,9,164,الأعرَاف,Al-A‘rāf,قَالُواْ يَٰمُوس۪ىٰٓ إِمَّآ أَن تُلْقِيَ وَإِمَّآ أَن نَّكُونَ نَحْنُ اُ۬لْمُلْقِينَۖ ﱱ
1071,7,115,9,164,الأعرَاف,Al-A‘rāf,قَالَ أَلْقُواْۖ فَلَمَّآ أَلْقَوْاْ سَحَرُوٓاْ أَعْيُنَ اَ۬لنَّاسِ وَاسْتَرْهَبُوهُمْۖ وَجَآءُو بِسِحْرٍ عَظِيمٖۖ ﱲ
1072,7,116,9,164,الأعرَاف,Al-A‘rāf,۞ وَأَوْحَيْنَآ إِلَىٰ مُوس۪ىٰٓ أَنَ اَلْقِ عَصَاكَۖ فَإِذَا هِيَ تَلَقَّفُ مَا يَافِكُونَۖ ﱳ
1073,7,117,9,164,الأعرَاف,Al-A‘rāf,فَوَقَعَ اَ۬لْحَقُّ وَبَطَلَ مَا كَانُواْ يَعْمَلُونَۖ ﱴ
1074,7,118,9,164,الأعرَاف,Al-A‘rāf,فَغُلِبُواْ هُنَالِكَ وَانقَلَبُواْ صَٰغِرِينَۖ ﱵ
1075,7,119,9,164,الأعرَاف,Al-A‘rāf,وَأُلْقِيَ اَ۬لسَّحَرَةُ سَٰجِدِينَۖ ﱶ
1076,7,120,9,165,الأعرَاف,Al-A‘rāf,قَالُوٓاْ ءَامَنَّا بِرَبِّ اِ۬لْعَٰلَمِينَ ﱷ
1077,7,121,9,165,الأعرَاف,Al-A‘rāf,رَبِّ مُوس۪ىٰ وَهَٰرُونَۖ ﱸ
1078,7,122,9,165,الأعرَاف,Al-A‘rāf,قَالَ فِرْعَوْنُ ءَاٰ۬مَنتُم بِهِۦ قَبْلَ أَنَ اٰذَنَ لَكُمُۥٓ إِنَّ هَٰذَا لَمَكْرٞ مَّكَرْتُمُوهُ فِے اِ۬لْمَدِينَةِ لِتُخْرِجُواْ مِنْهَآ أَهْلَهَاۖ فَسَوْفَ تَعْلَمُونَۖ ﱹ
1079,7,123,9,165,الأعرَاف,Al-A‘rāf,لَأُقَطِّعَنَّ أَيْدِيَكُمْ وَأَرْجُلَكُم مِّنْ خِلَٰفٖ ثُمَّ لَأُصَلِّبَنَّكُمُۥٓ أَجْمَعِينَۖ ﱺ
1080,7,124,9,165,الأعرَاف,Al-A‘rāf,قَالُوٓاْ إِنَّآ إِلَىٰ رَبِّنَا مُنقَلِبُونَۖ ﱻ
1081,7,125,9,165,الأعرَاف,Al-A‘rāf,وَمَا تَنقِمُ مِنَّآ إِلَّآ أَنَ اٰمَنَّا بِـَٔايَٰتِ رَبِّنَا لَمَّا جَآءَتْنَاۖ رَبَّنَآ أَفْرِغْ عَلَيْنَا صَبْراٗ وَتَوَفَّنَا مُسْلِمِينَۖ ﱼ
1082,7,126,9,165,الأعرَاف,Al-A‘rāf,وَقَالَ اَ۬لْمَلَأُ مِن قَوْمِ فِرْعَوْنَ أَتَذَرُ مُوس۪ىٰ وَقَوْمَهُۥ لِيُفْسِدُواْ فِے اِ۬لَارْضِ وَيَذَرَكَ وَءَالِهَتَكَۖ قَالَ سَنَقْتُلُ أَبْنَآءَهُمْ وَنَسْتَحْيِۦ نِسَآءَهُمْ وَإِنَّا فَوْقَهُمْ قَٰهِرُونَۖ ﱽ
1083,7,127,9,165,الأعرَاف,Al-A‘rāf,قَالَ مُوس۪ىٰ لِقَوْمِهِ اِ۪سْتَعِينُواْ بِاللَّهِ وَاصْبِرُوٓاْۖ إِنَّ اَ۬لَارْضَ لِلهِ يُورِثُهَا مَنْ يَّشَآءُ مِنْ عِبَادِهِۦۖ وَالْعَٰقِبَةُ لِلْمُتَّقِينَۖ ﱾ
1084,7,128,9,165,الأعرَاف,Al-A‘rāf,قَالُوٓاْ أُوذِينَا مِن قَبْلِ أَن تَاتِيَنَا وَمِنۢ بَعْدِ مَا جِئْتَنَاۖ قَالَ عَس۪ىٰ رَبُّكُمُۥٓ أَنْ يُّهْلِكَ عَدُوَّكُمْ وَيَسْتَخْلِفَكُمْ فِے اِ۬لَارْضِ فَيَنظُرَ كَيْفَ تَعْمَلُونَۖ ﱿ
1085,7,129,9,165,الأعرَاف,Al-A‘rāf,وَلَقَدَ اَخَذْنَآ ءَالَ فِرْعَوْنَ بِالسِّنِينَ وَنَقْصٖ مِّنَ اَ۬لثَّمَرَٰتِ لَعَلَّهُمْ يَذَّكَّرُونَۖ ﲀ
1086,7,130,9,166,الأعرَاف,Al-A‘rāf,فَإِذَا جَآءَتْهُمُ اُ۬لْحَسَنَةُ قَالُواْ لَنَا هَٰذِهِۦۖ وَإِن تُصِبْهُمْ سَيِّئَةٞ يَطَّيَّرُواْ بِمُوس۪ىٰ وَمَن مَّعَهُۥٓۖ أَلَآ إِنَّمَا طَٰٓئِرُهُمْ عِندَ اَ۬للَّهِۖ وَلَٰكِنَّ أَكْثَرَهُمْ لَا يَعْلَمُونَۖ ﲁ
1087,7,131,9,166,الأعرَاف,Al-A‘rāf,۞ وَقَالُواْ مَهْمَا تَاتِنَا بِهِۦ مِنَ اٰيَةٖ لِّتَسْحَرَنَا بِهَا فَمَا نَحْنُ لَكَ بِمُومِنِينَۖ ﲂ
1088,7,132,9,166,الأعرَاف,Al-A‘rāf,فَأَرْسَلْنَا عَلَيْهِمُ اُ۬لطُّوفَانَ وَالْجَرَادَ وَالْقُمَّلَ وَالضَّفَادِعَ وَالدَّمَ ءَايَٰتٖ مُّفَصَّلَٰتٖ فَاسْتَكْبَرُواْ وَكَانُواْ قَوْماٗ مُّجْرِمِينَۖ ﲃ
1089,7,133,9,166,الأعرَاف,Al-A‘rāf,وَلَمَّا وَقَعَ عَلَيْهِمُ اُ۬لرِّجْزُ قَالُواْ يَٰمُوسَى اَ۟دْعُ لَنَا رَبَّكَ بِمَا عَهِدَ عِندَكَ لَئِن كَشَفْتَ عَنَّا اَ۬لرِّجْزَ لَنُومِنَنَّ لَكَ وَلَنُرْسِلَنَّ مَعَكَ بَنِےٓ إِسْرَآءِيلَۖ ﲄ
1090,7,134,9,166,الأعرَاف,Al-A‘rāf,فَلَمَّا كَشَفْنَا عَنْهُمُ اُ۬لرِّجْزَ إِلَىٰٓ أَجَلٍ هُم بَٰلِغُوهُ إِذَا هُمْ يَنكُثُونَۖ ﲅ
1091,7,135,9,166,الأعرَاف,Al-A‘rāf,فَانتَقَمْنَا مِنْهُمْ فَأَغْرَقْنَٰهُمْ فِے اِ۬لْيَمِّ بِأَنَّهُمْ كَذَّبُواْ بِـَٔايَٰتِنَا وَكَانُواْ عَنْهَا غَٰفِلِينَۖ ﲆ
1092,7,136,9,166,الأعرَاف,Al-A‘rāf,وَأَوْرَثْنَا اَ۬لْقَوْمَ اَ۬لذِينَ كَانُواْ يُسْتَضْعَفُونَ مَشَٰرِقَ اَ۬لَارْضِ وَمَغَٰرِبَهَا اَ۬لتِے بَٰرَكْنَا فِيهَاۖ وَتَمَّتْ كَلِمَةُ رَبِّكَ اَ۬لْحُسْن۪ىٰ عَلَىٰ بَنِےٓ إِسْرَآءِيلَ ﲇ
1093,7,137,9,166,الأعرَاف,Al-A‘rāf,بِمَا صَبَرُواْۖ وَدَمَّرْنَا مَا كَانَ يَصْنَعُ فِرْعَوْنُ وَقَوْمُهُۥ وَمَا كَانُواْ يَعْرِشُونَۖ ﲈ
1094,7,138,9,167,الأعرَاف,Al-A‘rāf,وَجَٰوَزْنَا بِبَنِےٓ إِسْرَآءِيلَ اَ۬لْبَحْرَ فَأَتَوْاْ عَلَىٰ قَوْمٖ يَعْكُفُونَ عَلَىٰٓ أَصْنَامٖ لَّهُمْۖ قَالُواْ يَٰمُوسَى اَ۪جْعَل لَّنَآ إِلَٰهاٗ كَمَا لَهُمُۥٓ ءَالِهَةٞۖ قَالَ إِنَّكُمْ قَوْمٞ تَجْهَلُونَۖ ﲉ
1095,7,139,9,167,الأعرَاف,Al-A‘rāf,إِنَّ هَٰٓؤُلَآءِ مُتَبَّرٞ مَّا هُمْ فِيهِۖ وَبَٰطِلٞ مَّا كَانُواْ يَعْمَلُونَۖ ﲊ
1096,7,140,9,167,الأعرَاف,Al-A‘rāf,قَالَ أَغَيْرَ اَ۬للَّهِ أَبْغِيكُمُۥٓ إِلَٰهاٗ وَهُوَ فَضَّلَكُمْ عَلَى اَ۬لْعَٰلَمِينَۖ ﲋ
1097,7,141,9,167,الأعرَاف,Al-A‘rāf,وَإِذَ اَنجَيْنَٰكُم مِّنَ اٰلِ فِرْعَوْنَ يَسُومُونَكُمْ سُوٓءَ اَ۬لْعَذَابِ يَقْتُلُونَ أَبْنَآءَكُمْ وَيَسْتَحْيُونَ نِسَآءَكُمْۖ وَفِے ذَٰلِكُم بَلَآءٞ مِّن رَّبِّكُمْ عَظِيمٞۖ ﲌ
1098,7,142,9,167,الأعرَاف,Al-A‘rāf,۞ وَوَٰعَدْنَا مُوس۪ىٰ ثَلَٰثِينَ لَيْلَةٗ وَأَتْمَمْنَٰهَا بِعَشْرٖ فَتَمَّ مِيقَٰتُ رَبِّهِۦٓ أَرْبَعِينَ لَيْلَةٗۖ وَقَالَ مُوس۪ىٰ لِأَخِيهِ هَٰرُونَ اَ۟خْلُفْنِے فِے قَوْمِے وَأَصْلِحْ وَلَا تَتَّبِعْ سَبِيلَ اَ۬لْمُفْسِدِينَۖ ﲍ
1099,7,143,9,167,الأعرَاف,Al-A‘rāf,وَلَمَّا جَآءَ مُوس۪ىٰ لِمِيقَٰتِنَا وَكَلَّمَهُۥ رَبُّهُۥ قَالَ رَبِّ أَرِنِےٓ أَنظُرِ اِلَيْكَۖ قَالَ لَن تَر۪يٰنِے وَلَٰكِنُ اُ۟نظُرِ اِلَى اَ۬لْجَبَلِ فَإِنِ اِ۪سْتَقَرَّ مَكَانَهُۥ فَسَوْفَ تَر۪يٰنِےۖ فَلَمَّا تَجَلّ۪ىٰ رَبُّهُۥ لِلْجَبَلِ جَعَلَهُۥ دَكّاٗ وَخَرَّ مُوس۪ىٰ صَعِقاٗۖ فَلَمَّآ أَفَاقَ قَالَ سُبْحَٰنَكَ تُبْتُ إِلَيْكَ وَأَنَآ أَوَّلُ اُ۬لْمُومِنِينَۖ ﲎ
1100,7,144,9,168,الأعرَاف,Al-A‘rāf,قَالَ يَٰمُوس۪ىٰٓ إِنِّے اِ۪صْطَفَيْتُكَ عَلَى اَ۬لنَّاسِ بِرِسَالَتِے وَبِكَلَٰمِے فَخُذْ مَآ ءَاتَيْتُكَ وَكُن مِّنَ اَ۬لشَّٰكِرِينَۖ ﲏ
1101,7,145,9,168,الأعرَاف,Al-A‘rāf,وَكَتَبْنَا لَهُۥ فِے اِ۬لَالْوَاحِ مِن كُلِّ شَےْءٖ مَّوْعِظَةٗ وَتَفْصِيلاٗ لِّكُلِّ شَےْءٖۖ فَخُذْهَا بِقُوَّةٖ وَامُرْ قَوْمَكَ يَاخُذُواْ بِأَحْسَنِهَاۖ سَأُوْرِيكُمْ دَارَ اَ۬لْفَٰسِقِينَۖ ﲐ
1102,7,146,9,168,الأعرَاف,Al-A‘rāf,سَأَصْرِفُ عَنَ اٰيَٰتِيَ اَ۬لذِينَ يَتَكَبَّرُونَ فِے اِ۬لَارْضِ بِغَيْرِ اِ۬لْحَقِّ وَإِنْ يَّرَوْاْ كُلَّ ءَايَةٖ لَّا يُومِنُواْ بِهَا وَإِنْ يَّرَوْاْ سَبِيلَ اَ۬لرُّشْدِ لَا يَتَّخِذُوهُ سَبِيلاٗ وَإِنْ يَّرَوْاْ سَبِيلَ اَ۬لْغَيِّ يَتَّخِذُوهُ سَبِيلاٗۖ ذَٰلِكَ بِأَنَّهُمْ كَذَّبُواْ بِـَٔايَٰتِنَا وَكَانُواْ عَنْهَا غَٰفِلِينَۖ ﲑ
1103,7,147,9,168,الأعرَاف,Al-A‘rāf,وَالذِينَ كَذَّبُواْ بِـَٔايَٰتِنَا وَلِقَآءِ اِ۬لَاخِرَةِ حَبِطَتَ اَعْمَٰلُهُمْ هَلْ يُجْزَوْنَ إِلَّا مَا كَانُواْ يَعْمَلُونَۖ ﲒ
1104,7,148,9,168,الأعرَاف,Al-A‘rāf,وَاتَّخَذَ قَوْمُ مُوس۪ىٰ مِنۢ بَعْدِهِۦ مِنْ حُلِيِّهِمْ عِجْلاٗ جَسَداٗ لَّهُۥ خُوَارٌۖ اَلَمْ يَرَوَاْ اَنَّهُۥ لَا يُكَلِّمُهُمْ وَلَا يَهْدِيهِمْ سَبِيلاًۖ اِ۪تَّخَذُوهُ وَكَانُواْ ظَٰلِمِينَۖ ﲓ
1105,7,149,9,168,الأعرَاف,Al-A‘rāf,۞ وَلَمَّا سُقِطَ فِےٓ أَيْدِيهِمْ وَرَأَوَاْ اَنَّهُمْ قَد ضَّلُّواْ قَالُواْ لَئِن لَّمْ يَرْحَمْنَا رَبُّنَا وَيَغْفِرْ لَنَا لَنَكُونَنَّ مِنَ اَ۬لْخَٰسِرِينَۖ ﲔ
1106,7,150,9,169,الأعرَاف,Al-A‘rāf,وَلَمَّا رَجَعَ مُوس۪ىٰٓ إِلَىٰ قَوْمِهِۦ غَضْبَٰنَ أَسِفاٗ قَالَ بِيسَمَا خَلَفْتُمُونِے مِنۢ بَعْدِيَۖ أَعَجِلْتُمُۥٓ أَمْرَ رَبِّكُمْۖ وَأَلْقَى اَ۬لَالْوَاحَ وَأَخَذَ بِرَأْسِ أَخِيهِ يَجُرُّهُۥٓ إِلَيْهِۖ قَالَ اَ۪بْنَ أُمَّ إِنَّ اَ۬لْقَوْمَ اَ۪سْتَضْعَفُونِے وَكَادُواْ يَقْتُلُونَنِے فَلَا تُشْمِتْ بِيَ اَ۬لَاعْدَآءَ وَلَا تَجْعَلْنِے مَعَ اَ۬لْقَوْمِ اِ۬لظَّٰلِمِينَۖ ﲕ
1107,7,151,9,169,الأعرَاف,Al-A‘rāf,قَالَ رَبِّ اِ۪غْفِرْ لِے وَلِأَخِے وَأَدْخِلْنَا فِے رَحْمَتِكَۖ وَأَنتَ أَرْحَمُ اُ۬لرَّٰحِمِينَۖ ﲖ
1108,7,152,9,169,الأعرَاف,Al-A‘rāf,إِنَّ اَ۬لذِينَ اَ۪تَّخَذُواْ اُ۬لْعِجْلَ سَيَنَالُهُمْ غَضَبٞ مِّن رَّبِّهِمْ وَذِلَّةٞ فِے اِ۬لْحَيَوٰةِ اِ۬لدُّنْي۪اۖ وَكَذَٰلِكَ نَجْزِے اِ۬لْمُفْتَرِينَۖ ﲗ
1109,7,153,9,169,الأعرَاف,Al-A‘rāf,وَالذِينَ عَمِلُواْ اُ۬لسَّيِّـَٔاتِ ثُمَّ تَابُواْ مِنۢ بَعْدِهَا وَءَامَنُوٓاْ إِنَّ رَبَّكَ مِنۢ بَعْدِهَا لَغَفُورٞ رَّحِيمٞۖ ﲘ
1110,7,154,9,169,الأعرَاف,Al-A‘rāf,وَلَمَّا سَكَتَ عَن مُّوسَى اَ۬لْغَضَبُ أَخَذَ اَ۬لَالْوَاحَ وَفِے نُسْخَتِهَا هُدىٗ وَرَحْمَةٞ لِّلذِينَ هُمْ لِرَبِّهِمْ يَرْهَبُونَۖ ﲙ
1111,7,155,9,169,الأعرَاف,Al-A‘rāf,وَاخْتَارَ مُوس۪ىٰ قَوْمَهُۥ سَبْعِينَ رَجُلاٗ لِّمِيقَٰتِنَاۖ فَلَمَّآ أَخَذَتْهُمُ اُ۬لرَّجْفَةُ قَالَ رَبِّ لَوْ شِئْتَ أَهْلَكْتَهُم مِّن قَبْلُ وَإِيَّٰيَۖ أَتُهْلِكُنَا بِمَا فَعَلَ اَ۬لسُّفَهَآءُ مِنَّآۖ إِنْ هِيَ إِلَّا فِتْنَتُكَ تُضِلُّ بِهَا مَن تَشَآءُ وَتَهْدِے مَن تَشَآءُۖ اَ۬نتَ وَلِيُّنَا فَاغْفِرْ لَنَا وَارْحَمْنَا وَأَنتَ خَيْرُ اُ۬لْغَٰفِرِينَۖ ﲚ
1112,7,156,9,170,الأعرَاف,Al-A‘rāf,۞ وَاكْتُبْ لَنَا فِے هَٰذِهِ اِ۬لدُّنْي۪ا حَسَنَةٗ وَفِے اِ۬لَاخِرَةِۖ إِنَّا هُدْنَآ إِلَيْكَۖ قَالَ عَذَابِيَ أُصِيبُ بِهِۦ مَنَ اَشَآءُۖ وَرَحْمَتِے وَسِعَتْ كُلَّ شَےْءٖۖ فَسَأَكْتُبُهَا لِلذِينَ يَتَّقُونَ وَيُوتُونَ اَ۬لزَّكَوٰةَ وَالذِينَ هُم بِـَٔايَٰتِنَا يُومِنُونَ ﲛ
1113,7,157,9,170,الأعرَاف,Al-A‘rāf,اَ۬لذِينَ يَتَّبِعُونَ اَ۬لرَّسُولَ اَ۬لنَّبِےٓءَ اَ۬لُامِّيَّ اَ۬لذِے يَجِدُونَهُۥ مَكْتُوباً عِندَهُمْ فِے اِ۬لتَّوْر۪يٰةِ وَالِانجِيلِ يَامُرُهُم بِالْمَعْرُوفِ وَيَنْه۪يٰهُمْ عَنِ اِ۬لْمُنكَرِ وَيُحِلُّ لَهُمُ اُ۬لطَّيِّبَٰتِ وَيُحَرِّمُ عَلَيْهِمُ اُ۬لْخَبَٰٓئِثَ وَيَضَعُ عَنْهُمُۥٓ إِصْرَهُمْ وَالَاغْلَٰلَ اَ۬لتِے كَانَتْ عَلَيْهِمْۖ فَالذِينَ ءَامَنُواْ بِهِۦ وَعَزَّرُوهُ وَنَصَرُوهُ وَاتَّبَعُواْ اُ۬لنُّورَ اَ۬لذِےٓ أُنزِلَ مَعَهُۥٓ أُوْلَٰٓئِكَ هُمُ اُ۬لْمُفْلِحُونَۖ ﲜ
1114,7,158,9,170,الأعرَاف,Al-A‘rāf,قُلْ يَٰٓأَيُّهَا اَ۬لنَّاسُ إِنِّے رَسُولُ اُ۬للَّهِ إِلَيْكُمْ جَمِيعاً اِ۬لذِے لَهُۥ مُلْكُ اُ۬لسَّمَٰوَٰتِ وَالَارْضِۖ لَآ إِلَٰهَ إِلَّا هُوَۖ يُحْيِۦ وَيُمِيتُۖ فَـَٔامِنُواْ بِاللَّهِ وَرَسُولِهِ اِ۬لنَّبِےٓءِ اِ۬لُامِّيِّ اِ۬لذِے يُومِنُ بِاللَّهِ وَكَلِمَٰتِهِۦۖ وَاتَّبِعُوهُ لَعَلَّكُمْ تَهْتَدُونَۖ ﲝ
1115,7,159,9,170,الأعرَاف,Al-A‘rāf,وَمِن قَوْمِ مُوس۪ىٰٓ أُمَّةٞ يَهْدُونَ بِالْحَقِّ وَبِهِۦ يَعْدِلُونَۖ ﲞ
1116,7,160,9,171,الأعرَاف,Al-A‘rāf,وَقَطَّعْنَٰهُمُ اُ۪ثْنَتَےْ عَشْرَةَ أَسْبَاطاً ا۟مَماٗۖ وَأَوْحَيْنَآ إِلَىٰ مُوس۪ىٰٓ إِذِ اِ۪سْتَسْق۪يٰهُ قَوْمُهُۥٓ أَنِ اِ۪ضْرِب بِّعَصَاكَ اَ۬لْحَجَرَۖ فَانۢبَجَسَتْ مِنْهُ اُ۪ثْنَتَا عَشْرَةَ عَيْناٗۖ قَدْ عَلِمَ كُلُّ أُنَاسٖ مَّشْرَبَهُمْۖ وَظَلَّلْنَا عَلَيْهِمُ اُ۬لْغَمَٰمَ وَأَنزَلْنَا عَلَيْهِمُ اُ۬لْمَنَّ وَالسَّلْو۪ىٰۖ كُلُواْ مِن طَيِّبَٰتِ مَا رَزَقْنَٰكُمْۖ وَمَا ظَلَمُونَاۖ وَلَٰكِن كَانُوٓاْ أَنفُسَهُمْ يَظْلِمُونَۖ ﲟ
1117,7,161,9,171,الأعرَاف,Al-A‘rāf,وَإِذْ قِيلَ لَهُمُ اُ۟سْكُنُواْ هَٰذِهِ اِ۬لْقَرْيَةَ وَكُلُواْ مِنْهَا حَيْثُ شِئْتُمْ وَقُولُواْ حِطَّةٞ وَادْخُلُواْ اُ۬لْبَابَ سُجَّداٗ تُغْفَرْ لَكُمْ خَطِيٓـَٰٔتُكُمْۖ سَنَزِيدُ اُ۬لْمُحْسِنِينَۖ ﲠ
1118,7,162,9,171,الأعرَاف,Al-A‘rāf,فَبَدَّلَ اَ۬لذِينَ ظَلَمُواْ مِنْهُمْ قَوْلاً غَيْرَ اَ۬لذِے قِيلَ لَهُمْ فَأَرْسَلْنَا عَلَيْهِمْ رِجْزاٗ مِّنَ اَ۬لسَّمَآءِ بِمَا كَانُواْ يَظْلِمُونَۖ ﲡ
1119,7,163,9,171,الأعرَاف,Al-A‘rāf,۞ وَسْـَٔلْهُمْ عَنِ اِ۬لْقَرْيَةِ اِ۬لتِے كَانَتْ حَاضِرَةَ اَ۬لْبَحْرِ إِذْ يَعْدُونَ فِے اِ۬لسَّبْتِ إِذْ تَاتِيهِمْ حِيتَانُهُمْ يَوْمَ سَبْتِهِمْ شُرَّعاٗ وَيَوْمَ لَا يَسْبِتُونَ لَا تَاتِيهِمْۖ كَذَٰلِكَ نَبْلُوهُم بِمَا كَانُواْ يَفْسُقُونَۖ ﲢ
1120,7,164,9,172,الأعرَاف,Al-A‘rāf,وَإِذْ قَالَتُ ا۟مَّةٞ مِّنْهُمْ لِمَ تَعِظُونَ قَوْماً اِ۬للَّهُ مُهْلِكُهُمُۥٓ أَوْ مُعَذِّبُهُمْ عَذَاباٗ شَدِيداٗۖ قَالُواْ مَعْذِرَةٌ اِلَىٰ رَبِّكُمْ وَلَعَلَّهُمْ يَتَّقُونَۖ ﲣ
1121,7,165,9,172,الأعرَاف,Al-A‘rāf,فَلَمَّا نَسُواْ مَا ذُكِّرُواْ بِهِۦٓ أَنجَيْنَا اَ۬لذِينَ يَنْهَوْنَ عَنِ اِ۬لسُّوٓءِ وَأَخَذْنَا اَ۬لذِينَ ظَلَمُواْ بِعَذَابِۢ بِيسِۢ بِمَا كَانُواْ يَفْسُقُونَۖ ﲤ
1122,7,166,9,172,الأعرَاف,Al-A‘rāf,فَلَمَّا عَتَوْاْ عَن مَّا نُهُواْ عَنْهُ قُلْنَا لَهُمْ كُونُواْ قِرَدَةً خَٰسِـِٕينَۖ ﲥ
1123,7,167,9,172,الأعرَاف,Al-A‘rāf,وَإِذْ تَأَذَّنَ رَبُّكَ لَيَبْعَثَنَّ عَلَيْهِمُۥٓ إِلَىٰ يَوْمِ اِ۬لْقِيَٰمَةِ مَنْ يَّسُومُهُمْ سُوٓءَ اَ۬لْعَذَابِۖ إِنَّ رَبَّكَ لَسَرِيعُ اُ۬لْعِقَابِۖ وَإِنَّهُۥ لَغَفُورٞ رَّحِيمٞۖ ﲦ
1124,7,168,9,172,الأعرَاف,Al-A‘rāf,وَقَطَّعْنَٰهُمْ فِے اِ۬لَارْضِ أُمَماٗۖ مِّنْهُمُ اُ۬لصَّٰلِحُونَۖ وَمِنْهُمْ دُونَ ذَٰلِكَۖ وَبَلَوْنَٰهُم بِالْحَسَنَٰتِ وَالسَّيِّـَٔاتِ لَعَلَّهُمْ يَرْجِعُونَۖ ﲧ
1125,7,169,9,172,الأعرَاف,Al-A‘rāf,فَخَلَفَ مِنۢ بَعْدِهِمْ خَلْفٞ وَرِثُواْ اُ۬لْكِتَٰبَ يَاخُذُونَ عَرَضَ هَٰذَا اَ۬لَادْن۪ىٰ وَيَقُولُونَ سَيُغْفَرُ لَنَا وَإِنْ يَّاتِهِمْ عَرَضٞ مِّثْلُهُۥ يَاخُذُوهُۖ أَلَمْ يُوخَذْ عَلَيْهِم مِّيثَٰقُ اُ۬لْكِتَٰبِ أَن لَّا يَقُولُواْ عَلَى اَ۬للَّهِ إِلَّا اَ۬لْحَقَّۖ وَدَرَسُواْ مَا فِيهِۖ وَالدَّارُ اُ۬لَاخِرَةُ خَيْرٞ لِّلذِينَ يَتَّقُونَۖ أَفَلَا تَعْقِلُونَۖ ﲨ
1126,7,170,9,172,الأعرَاف,Al-A‘rāf,وَالذِينَ يُمَسِّكُونَ بِالْكِتَٰبِ وَأَقَامُواْ اُ۬لصَّلَوٰةَ إِنَّا لَا نُضِيعُ أَجْرَ اَ۬لْمُصْلِحِينَۖ ﲩ
1127,7,171,9,173,الأعرَاف,Al-A‘rāf,۞ وَإِذْ نَتَقْنَا اَ۬لْجَبَلَ فَوْقَهُمْ كَأَنَّهُۥ ظُلَّةٞ وَظَنُّوٓاْ أَنَّهُۥ وَاقِعُۢ بِهِمْۖ خُذُواْ مَآ ءَاتَيْنَٰكُم بِقُوَّةٖ وَاذْكُرُواْ مَا فِيهِ لَعَلَّكُمْ تَتَّقُونَۖ ﲪ
1128,7,172,9,173,الأعرَاف,Al-A‘rāf,وَإِذَ اَخَذَ رَبُّكَ مِنۢ بَنِےٓ ءَادَمَ مِن ظُهُورِهِمْ ذُرِّيَّٰتِهِمْ وَأَشْهَدَهُمْ عَلَىٰٓ أَنفُسِهِمُۥٓ أَلَسْتُ بِرَبِّكُمْ قَالُواْ بَل۪ىٰۖ شَهِدْنَآ أَن تَقُولُواْ يَوْمَ اَ۬لْقِيَٰمَةِ إِنَّا كُنَّا عَنْ هَٰذَا غَٰفِلِينَ ﲫ
1129,7,173,9,173,الأعرَاف,Al-A‘rāf,أَوْ تَقُولُوٓاْ إِنَّمَآ أَشْرَكَ ءَابَآؤُنَا مِن قَبْلُ وَكُنَّا ذُرِّيَّةٗ مِّنۢ بَعْدِهِمُۥٓۖ أَفَتُهْلِكُنَا بِمَا فَعَلَ اَ۬لْمُبْطِلُونَۖ ﲬ
1130,7,174,9,173,الأعرَاف,Al-A‘rāf,وَكَذَٰلِكَ نُفَصِّلُ اُ۬لَايَٰتِ وَلَعَلَّهُمْ يَرْجِعُونَۖ ﲭ
1131,7,175,9,173,الأعرَاف,Al-A‘rāf,وَاتْلُ عَلَيْهِمْ نَبَأَ اَ۬لذِےٓ ءَاتَيْنَٰهُ ءَايَٰتِنَا فَانسَلَخَ مِنْهَا فَأَتْبَعَهُ اُ۬لشَّيْطَٰنُ فَكَانَ مِنَ اَ۬لْغَاوِينَۖ ﲮ
1132,7,176,9,173,الأعرَاف,Al-A‘rāf,وَلَوْ شِئْنَا لَرَفَعْنَٰهُ بِهَا وَلَٰكِنَّهُۥٓ أَخْلَدَ إِلَى اَ۬لَارْضِ وَاتَّبَعَ هَو۪يٰهُۖ فَمَثَلُهُۥ كَمَثَلِ اِ۬لْكَلْبِ إِن تَحْمِلْ عَلَيْهِ يَلْهَثَ اَوْ تَتْرُكْهُ يَلْهَثْۖ ذَٰلِكَ مَثَلُ اُ۬لْقَوْمِ اِ۬لذِينَ كَذَّبُواْ بِـَٔايَٰتِنَاۖ فَاقْصُصِ اِ۬لْقَصَصَ لَعَلَّهُمْ يَتَفَكَّرُونَۖ ﲯ
1133,7,177,9,173,الأعرَاف,Al-A‘rāf,سَآءَ مَثَلاً اِ۬لْقَوْمُ اُ۬لذِينَ كَذَّبُواْ بِـَٔايَٰتِنَا وَأَنفُسَهُمْ كَانُواْ يَظْلِمُونَۖ ﲰ
1134,7,178,9,173,الأعرَاف,Al-A‘rāf,مَنْ يَّهْدِ اِ۬للَّهُ فَهُوَ اَ۬لْمُهْتَدِےۖ وَمَنْ يُّضْلِلْ فَأُوْلَٰٓئِكَ هُمُ اُ۬لْخَٰسِرُونَۖ ﲱ
1135,7,179,9,174,الأعرَاف,Al-A‘rāf,۞ وَلَقَدْ ذَرَأْنَا لِجَهَنَّمَ كَثِيراٗ مِّنَ اَ۬لْجِنِّ وَالِانسِۖ لَهُمْ قُلُوبٞ لَّا يَفْقَهُونَ بِهَاۖ وَلَهُمُۥٓ أَعْيُنٞ لَّا يُبْصِرُونَ بِهَاۖ وَلَهُمُۥٓ ءَاذَانٞ لَّا يَسْمَعُونَ بِهَآۖ أُوْلَٰٓئِكَ كَالَانْعَٰمِ بَلْ هُمُۥٓ أَضَلُّۖ أُوْلَٰٓئِكَ هُمُ اُ۬لْغَٰفِلُونَۖ ﲲ
1136,7,180,9,174,الأعرَاف,Al-A‘rāf,وَلِلهِ اِ۬لَاسْمَآءُ اُ۬لْحُسْن۪ىٰ فَادْعُوهُ بِهَاۖ وَذَرُواْ اُ۬لذِينَ يُلْحِدُونَ فِےٓ أَسْمَٰٓئِهِۦۖ سَيُجْزَوْنَ مَا كَانُواْ يَعْمَلُونَۖ ﲳ
1137,7,181,9,174,الأعرَاف,Al-A‘rāf,وَمِمَّنْ خَلَقْنَآ أُمَّةٞ يَهْدُونَ بِالْحَقِّ وَبِهِۦ يَعْدِلُونَۖ ﲴ
1138,7,182,9,174,الأعرَاف,Al-A‘rāf,وَالذِينَ كَذَّبُواْ بِـَٔايَٰتِنَا سَنَسْتَدْرِجُهُم مِّنْ حَيْثُ لَا يَعْلَمُونَ ﲵ
1139,7,183,9,174,الأعرَاف,Al-A‘rāf,وَأُمْلِے لَهُمُۥٓۖ إِنَّ كَيْدِے مَتِينٌۖ ﲶ
1140,7,184,9,174,الأعرَاف,Al-A‘rāf,اَوَلَمْ يَتَفَكَّرُواْۖ مَا بِصَٰحِبِهِم مِّن جِنَّةٍۖ اِنْ هُوَ إِلَّا نَذِيرٞ مُّبِينٌۖ ﲷ
1141,7,185,9,174,الأعرَاف,Al-A‘rāf,اَوَلَمْ يَنظُرُواْ فِے مَلَكُوتِ اِ۬لسَّمَٰوَٰتِ وَالَارْضِ وَمَا خَلَقَ اَ۬للَّهُ مِن شَےْءٖ وَأَنْ عَس۪ىٰٓ أَنْ يَّكُونَ قَدِ اِ۪قْتَرَبَ أَجَلُهُمْۖ فَبِأَيِّ حَدِيثِۢ بَعْدَهُۥ يُومِنُونَۖ ﲸ
1142,7,186,9,174,الأعرَاف,Al-A‘rāf,مَنْ يُّضْلِلِ اِ۬للَّهُ فَلَا هَادِيَ لَهُۥۖ وَنَذَرُهُمْ فِے طُغْيَٰنِهِمْ يَعْمَهُونَۖ ﲹ
1143,7,187,9,174,الأعرَاف,Al-A‘rāf,يَسْـَٔلُونَكَ عَنِ اِ۬لسَّاعَةِ أَيَّانَ مُرْس۪يٰهَاۖ قُلِ اِنَّمَا عِلْمُهَا عِندَ رَبِّےۖ لَا يُجَلِّيهَا لِوَقْتِهَآ إِلَّا هُوَۖ ثَقُلَتْ فِے اِ۬لسَّمَٰوَٰتِ وَالَارْضِۖ لَا تَاتِيكُمُۥٓ إِلَّا بَغْتَةٗۖ يَسْـَٔلُونَكَ كَأَنَّكَ حَفِيٌّ عَنْهَاۖ قُلِ اِنَّمَا عِلْمُهَا عِندَ اَ۬للَّهِۖ وَلَٰكِنَّ أَكْثَرَ اَ۬لنَّاسِ لَا يَعْلَمُونَۖ ﲺ
1144,7,188,9,175,الأعرَاف,Al-A‘rāf,۞ قُل لَّآ أَمْلِكُ لِنَفْسِے نَفْعاٗ وَلَا ضَرّاً اِلَّا مَا شَآءَ اَ۬للَّهُۖ وَلَوْ كُنتُ أَعْلَمُ اُ۬لْغَيْبَ لَاسْتَكْثَرْتُ مِنَ اَ۬لْخَيْرِۖ وَمَا مَسَّنِيَ اَ۬لسُّوٓءُۖ اِ۪نَ اَنَا إِلَّا نَذِيرٞۖ وَبَشِيرٞ لِّقَوْمٖ يُومِنُونَۖ ﲻ
1145,7,189,9,175,الأعرَاف,Al-A‘rāf,هُوَ اَ۬لذِے خَلَقَكُم مِّن نَّفْسٖ وَٰحِدَةٖ وَجَعَلَ مِنْهَا زَوْجَهَا لِيَسْكُنَ إِلَيْهَاۖ فَلَمَّا تَغَشّ۪يٰهَا حَمَلَتْ حَمْلاً خَفِيفاٗ فَمَرَّتْ بِهِۦۖ فَلَمَّآ أَثْقَلَت دَّعَوَا اَ۬للَّهَ رَبَّهُمَا لَئِنَ اٰتَيْتَنَا صَٰلِحاٗ لَّنَكُونَنَّ مِنَ اَ۬لشَّٰكِرِينَۖ ﲼ
1146,7,190,9,175,الأعرَاف,Al-A‘rāf,فَلَمَّآ ءَات۪يٰهُمَا صَٰلِحاٗ جَعَلَا لَهُۥ شِرْكاٗ فِيمَآ ءَات۪يٰهُمَاۖ فَتَعَٰلَى اَ۬للَّهُ عَمَّا يُشْرِكُونَۖ ﲽ
1147,7,191,9,175,الأعرَاف,Al-A‘rāf,أَيُشْرِكُونَ مَا لَا يَخْلُقُ شَئْاٗ وَهُمْ يُخْلَقُونَۖ ﲾ
1148,7,192,9,175,الأعرَاف,Al-A‘rāf,وَلَا يَسْتَطِيعُونَ لَهُمْ نَصْراٗ وَلَآ أَنفُسَهُمْ يَنصُرُونَۖ ﲿ
1149,7,193,9,175,الأعرَاف,Al-A‘rāf,وَإِن تَدْعُوهُمُۥٓ إِلَى اَ۬لْهُد۪ىٰ لَا يَتْبَعُوكُمْۖ سَوَآءٌ عَلَيْكُمُۥٓ أَدَعَوْتُمُوهُمُۥٓ أَمَ اَنتُمْ صَٰمِتُونَۖ ﳀ
1150,7,194,9,175,الأعرَاف,Al-A‘rāf,إِنَّ اَ۬لذِينَ تَدْعُونَ مِن دُونِ اِ۬للَّهِ عِبَادٌ اَمْثَالُكُمْۖ فَادْعُوهُمْ فَلْيَسْتَجِيبُواْ لَكُمُۥٓ إِن كُنتُمْ صَٰدِقِينَۖ ﳁ
1151,7,195,9,175,الأعرَاف,Al-A‘rāf,أَلَهُمُۥٓ أَرْجُلٞ يَمْشُونَ بِهَآۖ أَمْ لَهُمُۥٓ أَيْدٖ يَبْطِشُونَ بِهَآۖ أَمْ لَهُمُۥٓ أَعْيُنٞ يُبْصِرُونَ بِهَآۖ أَمْ لَهُمُۥٓ ءَاذَانٞ يَسْمَعُونَ بِهَاۖ قُلُ اُ۟دْعُواْ شُرَكَآءَكُمْ ثُمَّ كِيدُونِ فَلَا تُنظِرُونِۖ ﳂ
1152,7,196,9,176,الأعرَاف,Al-A‘rāf,إِنَّ وَلِيِّيَ اَ۬للَّهُ اُ۬لذِے نَزَّلَ اَ۬لْكِتَٰبَۖ وَهُوَ يَتَوَلَّى اَ۬لصَّٰلِحِينَۖ ﳃ
1153,7,197,9,176,الأعرَاف,Al-A‘rāf,وَالذِينَ تَدْعُونَ مِن دُونِهِۦ لَا يَسْتَطِيعُونَ نَصْرَكُمْ وَلَآ أَنفُسَهُمْ يَنصُرُونَۖ ﳄ
1154,7,198,9,176,الأعرَاف,Al-A‘rāf,وَإِن تَدْعُوهُمُۥٓ إِلَى اَ۬لْهُد۪ىٰ لَا يَسْمَعُواْۖ وَتَر۪يٰهُمْ يَنظُرُونَ إِلَيْكَ وَهُمْ لَا يُبْصِرُونَۖ ﳅ
1155,7,199,9,176,الأعرَاف,Al-A‘rāf,خُذِ اِ۬لْعَفْوَۖ وَامُرْ بِالْعُرْفِۖ وَأَعْرِضْ عَنِ اِ۬لْجَٰهِلِينَۖ ﳆ
1156,7,200,9,176,الأعرَاف,Al-A‘rāf,۞ وَإِمَّا يَنزَغَنَّكَ مِنَ اَ۬لشَّيْطَٰنِ نَزْغٞ فَاسْتَعِذْ بِاللَّهِۖ إِنَّهُۥ سَمِيعٌ عَلِيمٌۖ ﳇ
1157,7,201,9,176,الأعرَاف,Al-A‘rāf,اِنَّ اَ۬لذِينَ اَ۪تَّقَوِاْ اِذَا مَسَّهُمْ طَٰٓئِفٞ مِّنَ اَ۬لشَّيْطَٰنِ تَذَكَّرُواْ فَإِذَا هُم مُّبْصِرُونَۖ ﳈ
1158,7,202,9,176,الأعرَاف,Al-A‘rāf,وَإِخْوَٰنُهُمْ يُمِدُّونَهُمْ فِے اِ۬لْغَيِّۖ ثُمَّ لَا يُقْصِرُونَۖ ﳉ
1159,7,203,9,176,الأعرَاف,Al-A‘rāf,وَإِذَا لَمْ تَاتِهِم بِـَٔايَةٖ قَالُواْ لَوْلَا اَ۪جْتَبَيْتَهَاۖ قُلِ اِنَّمَآ أَتَّبِعُ مَا يُوح۪ىٰٓ إِلَيَّ مِن رَّبِّےۖ هَٰذَا بَصَآئِرُ مِن رَّبِّكُمْ وَهُدىٗ وَرَحْمَةٞ لِّقَوْمٖ يُومِنُونَۖ ﳊ
1160,7,204,9,176,الأعرَاف,Al-A‘rāf,وَإِذَا قُرِۓَ اَ۬لْقُرْءَانُ فَاسْتَمِعُواْ لَهُۥ وَأَنصِتُواْ لَعَلَّكُمْ تُرْحَمُونَۖ ﳋ
1161,7,205,9,176,الأعرَاف,Al-A‘rāf,وَاذْكُر رَّبَّكَ فِے نَفْسِكَ تَضَرُّعاٗ وَخِيفَةٗ وَدُونَ اَ۬لْجَهْرِ مِنَ اَ۬لْقَوْلِ بِالْغُدُوِّ وَالَاصَالِ وَلَا تَكُن مِّنَ اَ۬لْغَٰفِلِينَۖ ﳌ
1162,7,206,9,176,الأعرَاف,Al-A‘rāf,إِنَّ اَ۬لذِينَ عِندَ رَبِّكَ لَا يَسْتَكْبِرُونَ عَنْ عِبَادَتِهِۦ وَيُسَبِّحُونَهُۥ وَلَهُۥ يَسْجُدُونَۖ۩ ﳍ
1163,8,1,9,177,الأنفَال,Al-Anfāl,يَسْـَٔلُونَكَ عَنِ اِ۬لَانفَالِۖ قُلِ اِ۬لَانفَالُ لِلهِ وَالرَّسُولِۖ فَاتَّقُواْ اُ۬للَّهَ وَأَصْلِحُواْ ذَاتَ بَيْنِكُمْۖ وَأَطِيعُواْ اُ۬للَّهَ وَرَسُولَهُۥٓ إِن كُنتُم مُّومِنِينَۖ ﰀ
1164,8,2,9,177,الأنفَال,Al-Anfāl,إِنَّمَا اَ۬لْمُومِنُونَ اَ۬لذِينَ إِذَا ذُكِرَ اَ۬للَّهُ وَجِلَتْ قُلُوبُهُمْ وَإِذَا تُلِيَتْ عَلَيْهِمُۥٓ ءَايَٰتُهُۥ زَادَتْهُمُۥٓ إِيمَٰناٗ وَعَلَىٰ رَبِّهِمْ يَتَوَكَّلُونَۖ ﰁ
1165,8,3,9,177,الأنفَال,Al-Anfāl,اَ۬لذِينَ يُقِيمُونَ اَ۬لصَّلَوٰةَ وَمِمَّا رَزَقْنَٰهُمْ يُنفِقُونَ ﰂ
1166,8,4,9,177,الأنفَال,Al-Anfāl,أُوْلَٰٓئِكَ هُمُ اُ۬لْمُومِنُونَ حَقّاٗۖ لَّهُمْ دَرَجَٰتٌ عِندَ رَبِّهِمْ وَمَغْفِرَةٞ وَرِزْقٞ كَرِيمٞۖ ﰃ
1167,8,5,9,177,الأنفَال,Al-Anfāl,۞ كَمَآ أَخْرَجَكَ رَبُّكَ مِنۢ بَيْتِكَ بِالْحَقِّ وَإِنَّ فَرِيقاٗ مِّنَ اَ۬لْمُومِنِينَ لَكَٰرِهُونَ ﰄ
1168,8,6,9,177,الأنفَال,Al-Anfāl,يُجَٰدِلُونَكَ فِے اِ۬لْحَقِّ بَعْدَ مَا تَبَيَّنَ كَأَنَّمَا يُسَاقُونَ إِلَى اَ۬لْمَوْتِ وَهُمْ يَنظُرُونَۖ ﰅ
1169,8,7,9,177,الأنفَال,Al-Anfāl,وَإِذْ يَعِدُكُمُ اُ۬للَّهُ إِحْدَى اَ۬لطَّآئِفَتَيْنِ أَنَّهَا لَكُمْ وَتَوَدُّونَ أَنَّ غَيْرَ ذَاتِ اِ۬لشَّوْكَةِ تَكُونُ لَكُمْۖ وَيُرِيدُ اُ۬للَّهُ أَنْ يُّحِقَّ اَ۬لْحَقَّ بِكَلِمَٰتِهِۦ وَيَقْطَعَ دَابِرَ اَ۬لْكٰ۪فِرِينَ ﰆ
1170,8,8,9,177,الأنفَال,Al-Anfāl,لِيُحِقَّ اَ۬لْحَقَّ وَيُبْطِلَ اَ۬لْبَٰطِلَ وَلَوْ كَرِهَ اَ۬لْمُجْرِمُونَۖ ﰇ
1171,8,9,9,178,الأنفَال,Al-Anfāl,إِذْ تَسْتَغِيثُونَ رَبَّكُمْ فَاسْتَجَابَ لَكُمُۥٓ أَنِّے مُمِدُّكُم بِأَلْفٖ مِّنَ اَ۬لْمَلَٰٓئِكَةِ مُرْدَفِينَۖ ﰈ
1172,8,10,9,178,الأنفَال,Al-Anfāl,وَمَا جَعَلَهُ اُ۬للَّهُ إِلَّا بُشْر۪ىٰ وَلِتَطْمَئِنَّ بِهِۦ قُلُوبُكُمْۖ وَمَا اَ۬لنَّصْرُ إِلَّا مِنْ عِندِ اِ۬للَّهِۖ إِنَّ اَ۬للَّهَ عَزِيزٌ حَكِيمٌۖ ﰉ
1173,8,11,9,178,الأنفَال,Al-Anfāl,اِذْ يُغْشِيكُمُ اُ۬لنُّعَاسَ أَمَنَةٗ مِّنْهُ وَيُنَزِّلُ عَلَيْكُم مِّنَ اَ۬لسَّمَآءِ مَآءٗ لِّيُطَهِّرَكُم بِهِۦ وَيُذْهِبَ عَنكُمْ رِجْزَ اَ۬لشَّيْطَٰنِ وَلِيَرْبِطَ عَلَىٰ قُلُوبِكُمْ وَيُثَبِّتَ بِهِ اِ۬لَاقْدَامَۖ ﰊ
1174,8,12,9,178,الأنفَال,Al-Anfāl,إِذْ يُوحِے رَبُّكَ إِلَى اَ۬لْمَلَٰٓئِكَةِ أَنِّے مَعَكُمْ فَثَبِّتُواْ اُ۬لذِينَ ءَامَنُواْۖ سَأُلْقِے فِے قُلُوبِ اِ۬لذِينَ كَفَرُواْ اُ۬لرُّعْبَۖ فَاضْرِبُواْ فَوْقَ اَ۬لَاعْنَاقِ وَاضْرِبُواْ مِنْهُمْ كُلَّ بَنَانٖۖ ﰋ
1175,8,13,9,178,الأنفَال,Al-Anfāl,ذَٰلِكَ بِأَنَّهُمْ شَآقُّواْ اُ۬للَّهَ وَرَسُولَهُۥۖ وَمَنْ يُّشَاقِقِ اِ۬للَّهَ وَرَسُولَهُۥ فَإِنَّ اَ۬للَّهَ شَدِيدُ اُ۬لْعِقَابِۖ ﰌ
1176,8,14,9,178,الأنفَال,Al-Anfāl,ذَٰلِكُمْ فَذُوقُوهُۖ وَأَنَّ لِلْكٰ۪فِرِينَ عَذَابَ اَ۬لنّ۪ارِۖ ﰍ
1177,8,15,9,178,الأنفَال,Al-Anfāl,۞ يَٰٓأَيُّهَا اَ۬لذِينَ ءَامَنُوٓاْ إِذَا لَقِيتُمُ اُ۬لذِينَ كَفَرُواْ زَحْفاٗ فَلَا تُوَلُّوهُمُ اُ۬لَادْبَٰرَۖ ﰎ
1178,8,16,9,178,الأنفَال,Al-Anfāl,وَمَنْ يُّوَلِّهِمْ يَوْمَئِذٖ دُبُرَهُۥٓ إِلَّا مُتَحَرِّفاٗ لِّقِتَالٍ اَوْ مُتَحَيِّزاً اِلَىٰ فِئَةٖ فَقَدْ بَآءَ بِغَضَبٖ مِّنَ اَ۬للَّهِ وَمَأْو۪يٰهُ جَهَنَّمُۖ وَبِيسَ اَ۬لْمَصِيرُۖ ﰏ
1179,8,17,9,179,الأنفَال,Al-Anfāl,فَلَمْ تَقْتُلُوهُمْۖ وَلَٰكِنَّ اَ۬للَّهَ قَتَلَهُمْۖ وَمَا رَمَيْتَ إِذْ رَمَيْتَ وَلَٰكِنَّ اَ۬للَّهَ رَم۪ىٰۖ وَلِيُبْلِيَ اَ۬لْمُومِنِينَ مِنْهُ بَلَآءً حَسَناًۖ اِنَّ اَ۬للَّهَ سَمِيعٌ عَلِيمٞۖ ﰐ
1180,8,18,9,179,الأنفَال,Al-Anfāl,ذَٰلِكُمْ وَأَنَّ اَ۬للَّهَ مُوَهِّنٞ كَيْدَ اَ۬لْكٰ۪فِرِينَۖ ﰑ
1181,8,19,9,179,الأنفَال,Al-Anfāl,إِن تَسْتَفْتِحُواْ فَقَدْ جَآءَكُمُ اُ۬لْفَتْحُۖ وَإِن تَنتَهُواْ فَهُوَ خَيْرٞ لَّكُمْۖ وَإِن تَعُودُواْ نَعُدْۖ وَلَن تُغْنِيَ عَنكُمْ فِئَتُكُمْ شَئْاٗ وَلَوْ كَثُرَتْۖ وَأَنَّ اَ۬للَّهَ مَعَ اَ۬لْمُومِنِينَۖ ﰒ
1182,8,20,9,179,الأنفَال,Al-Anfāl,يَٰٓأَيُّهَا اَ۬لذِينَ ءَامَنُوٓاْ أَطِيعُواْ اُ۬للَّهَ وَرَسُولَهُۥۖ وَلَا تَوَلَّوْاْ عَنْهُ وَأَنتُمْ تَسْمَعُونَۖ ﰓ
1183,8,21,9,179,الأنفَال,Al-Anfāl,وَلَا تَكُونُواْ كَالذِينَ قَالُواْ سَمِعْنَا وَهُمْ لَا يَسْمَعُونَۖ ﰔ
1184,8,22,9,179,الأنفَال,Al-Anfāl,۞ إِنَّ شَرَّ اَ۬لدَّوَآبِّ عِندَ اَ۬للَّهِ اِ۬لصُّمُّ اُ۬لْبُكْمُ اُ۬لذِينَ لَا يَعْقِلُونَۖ ﰕ
1185,8,23,9,179,الأنفَال,Al-Anfāl,وَلَوْ عَلِمَ اَ۬للَّهُ فِيهِمْ خَيْراٗ لَّأَسْمَعَهُمْۖ وَلَوَ اَسْمَعَهُمْ لَتَوَلَّواْ وَّهُم مُّعْرِضُونَۖ ﰖ
1186,8,24,9,179,الأنفَال,Al-Anfāl,يَٰٓأَيُّهَا اَ۬لذِينَ ءَامَنُواْ اُ۪سْتَجِيبُواْ لِلهِ وَلِلرَّسُولِ إِذَا دَعَاكُمْ لِمَا يُحْيِيكُمْۖ وَاعْلَمُوٓاْ أَنَّ اَ۬للَّهَ يَحُولُ بَيْنَ اَ۬لْمَرْءِ وَقَلْبِهِۦ وَأَنَّهُۥٓ إِلَيْهِ تُحْشَرُونَۖ ﰗ
1187,8,25,9,179,الأنفَال,Al-Anfāl,وَاتَّقُواْ فِتْنَةٗ لَّا تُصِيبَنَّ اَ۬لذِينَ ظَلَمُواْ مِنكُمْ خَآصَّةٗۖ وَاعْلَمُوٓاْ أَنَّ اَ۬للَّهَ شَدِيدُ اُ۬لْعِقَابِۖ ﰘ
1188,8,26,9,180,الأنفَال,Al-Anfāl,وَاذْكُرُوٓاْ إِذَ اَنتُمْ قَلِيلٞ مُّسْتَضْعَفُونَ فِے اِ۬لَارْضِ تَخَافُونَ أَنْ يَّتَخَطَّفَكُمُ اُ۬لنَّاسُ فَـَٔاو۪يٰكُمْ وَأَيَّدَكُم بِنَصْرِهِۦ وَرَزَقَكُم مِّنَ اَ۬لطَّيِّبَٰتِ لَعَلَّكُمْ تَشْكُرُونَۖ ﰙ
1189,8,27,9,180,الأنفَال,Al-Anfāl,يَٰٓأَيُّهَا اَ۬لذِينَ ءَامَنُواْ لَا تَخُونُواْ اُ۬للَّهَ وَالرَّسُولَ وَتَخُونُوٓاْ أَمَٰنَٰتِكُمْ وَأَنتُمْ تَعْلَمُونَۖ ﰚ
1190,8,28,9,180,الأنفَال,Al-Anfāl,وَاعْلَمُوٓاْ أَنَّمَآ أَمْوَٰلُكُمْ وَأَوْلَٰدُكُمْ فِتْنَةٞ وَأَنَّ اَ۬للَّهَ عِندَهُۥٓ أَجْرٌ عَظِيمٞۖ ﰛ
1191,8,29,9,180,الأنفَال,Al-Anfāl,يَٰٓأَيُّهَا اَ۬لذِينَ ءَامَنُوٓاْ إِن تَتَّقُواْ اُ۬للَّهَ يَجْعَل لَّكُمْ فُرْقَاناٗ وَيُكَفِّرْ عَنكُمْ سَيِّـَٔاتِكُمْ وَيَغْفِرْ لَكُمْۖ وَاللَّهُ ذُو اُ۬لْفَضْلِ اِ۬لْعَظِيمِۖ ﰜ
1192,8,30,9,180,الأنفَال,Al-Anfāl,وَإِذْ يَمْكُرُ بِكَ اَ۬لذِينَ كَفَرُواْ لِيُثْبِتُوكَ أَوْ يَقْتُلُوكَ أَوْ يُخْرِجُوكَۖ وَيَمْكُرُونَ وَيَمْكُرُ اُ۬للَّهُۖ وَاللَّهُ خَيْرُ اُ۬لْمَٰكِرِينَۖ ﰝ
1193,8,31,9,180,الأنفَال,Al-Anfāl,۞ وَإِذَا تُتْل۪ىٰ عَلَيْهِمُۥٓ ءَايَٰتُنَا قَالُواْ قَدْ سَمِعْنَا لَوْ نَشَآءُ لَقُلْنَا مِثْلَ هَٰذَآ إِنْ هَٰذَآ إِلَّآ أَسَٰطِيرُ اُ۬لَاوَّلِينَۖ ﰞ
1194,8,32,9,180,الأنفَال,Al-Anfāl,وَإِذْ قَالُواْ اُ۬للَّهُمَّ إِن كَانَ هَٰذَا هُوَ اَ۬لْحَقَّ مِنْ عِندِكَ فَأَمْطِرْ عَلَيْنَا حِجَارَةٗ مِّنَ اَ۬لسَّمَآءِ اَ۬وِ اِ۪يتِنَا بِعَذَابٍ اَلِيمٖۖ ﰟ
1195,8,33,9,180,الأنفَال,Al-Anfāl,وَمَا كَانَ اَ۬للَّهُ لِيُعَذِّبَهُمْ وَأَنتَ فِيهِمْۖ وَمَا كَانَ اَ۬للَّهُ مُعَذِّبَهُمْ وَهُمْ يَسْتَغْفِرُونَۖ ﰠ
1196,8,34,9,181,الأنفَال,Al-Anfāl,وَمَا لَهُمُۥٓ أَلَّا يُعَذِّبَهُمُ اُ۬للَّهُ وَهُمْ يَصُدُّونَ عَنِ اِ۬لْمَسْجِدِ اِ۬لْحَرَامِ وَمَا كَانُوٓاْ أَوْلِيَآءَهُۥٓۖ إِنَ اَوْلِيَآؤُهُۥٓ إِلَّا اَ۬لْمُتَّقُونَۖ وَلَٰكِنَّ أَكْثَرَهُمْ لَا يَعْلَمُونَۖ ﰡ
1197,8,35,9,181,الأنفَال,Al-Anfāl,وَمَا كَانَ صَلَاتُهُمْ عِندَ اَ۬لْبَيْتِ إِلَّا مُكَآءٗ وَتَصْدِيَةٗۖ فَذُوقُواْ اُ۬لْعَذَابَ بِمَا كُنتُمْ تَكْفُرُونَۖ ﰢ
1198,8,36,9,181,الأنفَال,Al-Anfāl,إِنَّ اَ۬لذِينَ كَفَرُواْ يُنفِقُونَ أَمْوَٰلَهُمْ لِيَصُدُّواْ عَن سَبِيلِ اِ۬للَّهِۖ فَسَيُنفِقُونَهَا ثُمَّ تَكُونُ عَلَيْهِمْ حَسْرَةٗ ثُمَّ يُغْلَبُونَۖ وَالذِينَ كَفَرُوٓاْ إِلَىٰ جَهَنَّمَ يُحْشَرُونَ ﰣ
1199,8,37,9,181,الأنفَال,Al-Anfāl,لِيَمِيزَ اَ۬للَّهُ اُ۬لْخَبِيثَ مِنَ اَ۬لطَّيِّبِ وَيَجْعَلَ اَ۬لْخَبِيثَ بَعْضَهُۥ عَلَىٰ بَعْضٖ فَيَرْكُمَهُۥ جَمِيعاٗ فَيَجْعَلَهُۥ فِے جَهَنَّمَۖ أُوْلَٰٓئِكَ هُمُ اُ۬لْخَٰسِرُونَۖ ﰤ
1200,8,38,9,181,الأنفَال,Al-Anfāl,قُل لِّلذِينَ كَفَرُوٓاْ إِنْ يَّنتَهُواْ يُغْفَرْ لَهُم مَّا قَدْ سَلَفَۖ وَإِنْ يَّعُودُواْ فَقَدْ مَضَتْ سُنَّتُ اُ۬لَاوَّلِينَۖ ﰥ
1201,8,39,9,181,الأنفَال,Al-Anfāl,وَقَٰتِلُوهُمْ حَتَّىٰ لَا تَكُونَ فِتْنَةٞ وَيَكُونَ اَ۬لدِّينُ كُلُّهُۥ لِلهِۖ فَإِنِ اِ۪نتَهَوْاْ فَإِنَّ اَ۬للَّهَ بِمَا يَعْمَلُونَ بَصِيرٞۖ ﰦ
1202,8,40,9,181,الأنفَال,Al-Anfāl,وَإِن تَوَلَّوْاْ فَاعْلَمُوٓاْ أَنَّ اَ۬للَّهَ مَوْل۪يٰكُمْۖ نِعْمَ اَ۬لْمَوْل۪ىٰۖ وَنِعْمَ اَ۬لنَّصِيرُۖ ﰧ
1203,8,41,10,182,الأنفَال,Al-Anfāl,۞ وَاعْلَمُوٓاْ أَنَّمَا غَنِمْتُم مِّن شَےْءٖ فَأَنَّ لِلهِ خُمُسَهُۥ وَلِلرَّسُولِ وَلِذِے اِ۬لْقُرْب۪ىٰ وَالْيَتَٰم۪ىٰ وَالْمَسَٰكِينِ وَابْنِ اِ۬لسَّبِيلِ إِن كُنتُمُۥٓ ءَامَنتُم بِاللَّهِ وَمَآ أَنزَلْنَا عَلَىٰ عَبْدِنَا يَوْمَ اَ۬لْفُرْقَانِ يَوْمَ اَ۪لْتَقَى اَ۬لْجَمْعَٰنِۖ وَاللَّهُ عَلَىٰ كُلِّ شَےْءٖ قَدِيرٌۖ ﰨ
1204,8,42,10,182,الأنفَال,Al-Anfāl,اِذَ اَنتُم بِالْعُدْوَةِ اِ۬لدُّنْي۪ا وَهُم بِالْعُدْوَةِ اِ۬لْقُصْو۪ىٰ وَالرَّكْبُ أَسْفَلَ مِنكُمْۖ وَلَوْ تَوَاعَدتُّمْ لَاخْتَلَفْتُمْ فِے اِ۬لْمِيعَٰدِۖ وَلَٰكِن لِّيَقْضِيَ اَ۬للَّهُ أَمْراٗ كَانَ مَفْعُولاٗ ﰩ
1205,8,43,10,182,الأنفَال,Al-Anfāl,لِّيَهْلِكَ مَنْ هَلَكَ عَنۢ بَيِّنَةٖ وَيَحْي۪ىٰ مَنْ حَيِيَ عَنۢ بَيِّنَةٖۖ وَإِنَّ اَ۬للَّهَ لَسَمِيعٌ عَلِيمٌۖ ﰪ
1206,8,44,10,182,الأنفَال,Al-Anfāl,اِذْ يُرِيكَهُمُ اُ۬للَّهُ فِے مَنَامِكَ قَلِيلاٗۖ وَلَوَ اَر۪يٰكَهُمْ كَثِيراٗ لَّفَشِلْتُمْ وَلَتَنَٰزَعْتُمْ فِے اِ۬لَامْرِۖ وَلَٰكِنَّ اَ۬للَّهَ سَلَّمَۖ إِنَّهُۥ عَلِيمُۢ بِذَاتِ اِ۬لصُّدُورِۖ ﰫ
1207,8,45,10,182,الأنفَال,Al-Anfāl,وَإِذْ يُرِيكُمُوهُمُۥٓ إِذِ اِ۪لْتَقَيْتُمْ فِےٓ أَعْيُنِكُمْ قَلِيلاٗ وَيُقَلِّلُكُمْ فِےٓ أَعْيُنِهِمْ لِيَقْضِيَ اَ۬للَّهُ أَمْراٗ كَانَ مَفْعُولاٗۖ وَإِلَى اَ۬للَّهِ تُرْجَعُ اُ۬لُامُورُۖ ﰬ
1208,8,46,10,182,الأنفَال,Al-Anfāl,يَٰٓأَيُّهَا اَ۬لذِينَ ءَامَنُوٓاْ إِذَا لَقِيتُمْ فِئَةٗ فَاثْبُتُواْ وَاذْكُرُواْ اُ۬للَّهَ كَثِيراٗ لَّعَلَّكُمْ تُفْلِحُونَۖ ﰭ
1209,8,47,10,183,الأنفَال,Al-Anfāl,وَأَطِيعُواْ اُ۬للَّهَ وَرَسُولَهُۥۖ وَلَا تَنَٰزَعُواْ فَتَفْشَلُواْ وَتَذْهَبَ رِيحُكُمْۖ وَاصْبِرُوٓاْۖ إِنَّ اَ۬للَّهَ مَعَ اَ۬لصَّٰبِرِينَۖ ﰮ
1210,8,48,10,183,الأنفَال,Al-Anfāl,وَلَا تَكُونُواْ كَالذِينَ خَرَجُواْ مِن دِيٰ۪رِهِم بَطَراٗ وَرِئَآءَ اَ۬لنَّاسِ وَيَصُدُّونَ عَن سَبِيلِ اِ۬للَّهِۖ وَاللَّهُ بِمَا يَعْمَلُونَ مُحِيطٞۖ ﰯ
1211,8,49,10,183,الأنفَال,Al-Anfāl,۞ وَإِذْ زَيَّنَ لَهُمُ اُ۬لشَّيْطَٰنُ أَعْمَٰلَهُمْ وَقَالَ لَا غَالِبَ لَكُمُ اُ۬لْيَوْمَ مِنَ اَ۬لنَّاسِ وَإِنِّے جَارٞ لَّكُمْۖ فَلَمَّا تَرَآءَتِ اِ۬لْفِئَتَٰنِ نَكَصَ عَلَىٰ عَقِبَيْهِ وَقَالَ إِنِّے بَرِےٓءٞ مِّنكُمُۥٓ إِنِّيَ أَر۪ىٰ مَا لَا تَرَوْنَ إِنِّيَ أَخَافُ اُ۬للَّهَۖ وَاللَّهُ شَدِيدُ اُ۬لْعِقَابِۖ ﰰ
1212,8,50,10,183,الأنفَال,Al-Anfāl,إِذْ يَقُولُ اُ۬لْمُنَٰفِقُونَ وَالذِينَ فِے قُلُوبِهِم مَّرَضٌ غَرَّ هَٰٓؤُلَآءِ دِينُهُمْۖ وَمَنْ يَّتَوَكَّلْ عَلَى اَ۬للَّهِ فَإِنَّ اَ۬للَّهَ عَزِيزٌ حَكِيمٞۖ ﰱ
1213,8,51,10,183,الأنفَال,Al-Anfāl,وَلَوْ تَر۪ىٰٓ إِذْ يَتَوَفَّى اَ۬لذِينَ كَفَرُواْۖ اُ۬لْمَلَٰٓئِكَةُ يَضْرِبُونَ وُجُوهَهُمْ وَأَدْبَٰرَهُمْ وَذُوقُواْ عَذَابَ اَ۬لْحَرِيقِۖ ﰲ
1214,8,52,10,183,الأنفَال,Al-Anfāl,ذَٰلِكَ بِمَا قَدَّمَتَ اَيْدِيكُمْ وَأَنَّ اَ۬للَّهَ لَيْسَ بِظَلَّٰمٖ لِّلْعَبِيدِۖ ﰳ
1215,8,53,10,183,الأنفَال,Al-Anfāl,كَدَأْبِ ءَالِ فِرْعَوْنَۖ وَالذِينَ مِن قَبْلِهِمْ كَفَرُواْ بِـَٔايَٰتِ اِ۬للَّهِ فَأَخَذَهُمُ اُ۬للَّهُ بِذُنُوبِهِمُۥٓۖ إِنَّ اَ۬للَّهَ قَوِيّٞ شَدِيدُ اُ۬لْعِقَابِۖ ﰴ
1216,8,54,10,184,الأنفَال,Al-Anfāl,ذَٰلِكَ بِأَنَّ اَ۬للَّهَ لَمْ يَكُ مُغَيِّراٗ نِّعْمَةً اَنْعَمَهَا عَلَىٰ قَوْمٍ حَتَّىٰ يُغَيِّرُواْ مَا بِأَنفُسِهِمْ وَأَنَّ اَ۬للَّهَ سَمِيعٌ عَلِيمٞۖ ﰵ
1217,8,55,10,184,الأنفَال,Al-Anfāl,كَدَأْبِ ءَالِ فِرْعَوْنَۖ وَالذِينَ مِن قَبْلِهِمْ كَذَّبُواْ بِـَٔايَٰتِ رَبِّهِمْ فَأَهْلَكْنَٰهُم بِذُنُوبِهِمْۖ وَأَغْرَقْنَآ ءَالَ فِرْعَوْنَۖ وَكُلّٞ كَانُواْ ظَٰلِمِينَۖ ﰶ
1218,8,56,10,184,الأنفَال,Al-Anfāl,إِنَّ شَرَّ اَ۬لدَّوَآبِّ عِندَ اَ۬للَّهِ اِ۬لذِينَ كَفَرُواْ فَهُمْ لَا يُومِنُونَ ﰷ
1219,8,57,10,184,الأنفَال,Al-Anfāl,اَ۬لذِينَ عَٰهَدتَّ مِنْهُمْ ثُمَّ يَنقُضُونَ عَهْدَهُمْ فِے كُلِّ مَرَّةٖ وَهُمْ لَا يَتَّقُونَۖ ﰸ
1220,8,58,10,184,الأنفَال,Al-Anfāl,فَإِمَّا تَثْقَفَنَّهُمْ فِے اِ۬لْحَرْبِ فَشَرِّدْ بِهِم مَّنْ خَلْفَهُمْ لَعَلَّهُمْ يَذَّكَّرُونَۖ ﰹ
1221,8,59,10,184,الأنفَال,Al-Anfāl,وَإِمَّا تَخَافَنَّ مِن قَوْمٍ خِيَانَةٗ فَانۢبِذِ اِلَيْهِمْ عَلَىٰ سَوَآءٍۖ اِنَّ اَ۬للَّهَ لَا يُحِبُّ اُ۬لْخَآئِنِينَۖ ﰺ
1222,8,60,10,184,الأنفَال,Al-Anfāl,وَلَا تَحْسِبَنَّ اَ۬لذِينَ كَفَرُواْ سَبَقُوٓاْۖ إِنَّهُمْ لَا يُعْجِزُونَۖ ﰻ
1223,8,61,10,184,الأنفَال,Al-Anfāl,۞ وَأَعِدُّواْ لَهُم مَّا اَ۪سْتَطَعْتُم مِّن قُوَّةٖ وَمِن رِّبَاطِ اِ۬لْخَيْلِۖ تُرْهِبُونَ بِهِۦ عَدُوَّ اَ۬للَّهِ وَعَدُوَّكُمْ وَءَاخَرِينَ مِن دُونِهِمْ لَا تَعْلَمُونَهُمُۖ اُ۬للَّهُ يَعْلَمُهُمْۖ وَمَا تُنفِقُواْ مِن شَےْءٖ فِے سَبِيلِ اِ۬للَّهِ يُوَفَّ إِلَيْكُمْ وَأَنتُمْ لَا تُظْلَمُونَۖ ﰼ
1224,8,62,10,184,الأنفَال,Al-Anfāl,وَإِن جَنَحُواْ لِلسَّلْمِ فَاجْنَحْ لَهَا وَتَوَكَّلْ عَلَى اَ۬للَّهِۖ إِنَّهُۥ هُوَ اَ۬لسَّمِيعُ اُ۬لْعَلِيمُۖ ﰽ
1225,8,63,10,185,الأنفَال,Al-Anfāl,وَإِنْ يُّرِيدُوٓاْ أَنْ يَّخْدَعُوكَ فَإِنَّ حَسْبَكَ اَ۬للَّهُۖ هُوَ اَ۬لذِےٓ أَيَّدَكَ بِنَصْرِهِۦ وَبِالْمُومِنِينَ ﰾ
1226,8,64,10,185,الأنفَال,Al-Anfāl,وَأَلَّفَ بَيْنَ قُلُوبِهِمْۖ لَوَ اَنفَقْتَ مَا فِے اِ۬لَارْضِ جَمِيعاٗ مَّآ أَلَّفْتَ بَيْنَ قُلُوبِهِمْۖ وَلَٰكِنَّ اَ۬للَّهَ أَلَّفَ بَيْنَهُمُۥٓۖ إِنَّهُۥ عَزِيزٌ حَكِيمٞۖ ﰿ
1227,8,65,10,185,الأنفَال,Al-Anfāl,يَٰٓأَيُّهَا‏ اَ۬لنَّبِےٓءُ حَسْبُكَ اَ۬للَّهُۖ وَمَنِ اِ۪تَّبَعَكَ مِنَ اَ۬لْمُومِنِينَۖ ﱀ
1228,8,66,10,185,الأنفَال,Al-Anfāl,يَٰٓأَيُّهَا‏ اَ۬لنَّبِےٓءُ حَرِّضِ اِ۬لْمُومِنِينَ عَلَى اَ۬لْقِتَالِۖ إِنْ يَّكُن مِّنكُمْ عِشْرُونَ صَٰبِرُونَ يَغْلِبُواْ مِاْئَتَيْنِۖ وَإِن تَكُن مِّنكُم مِّاْئَةٞ يَغْلِبُوٓاْ أَلْفاٗ مِّنَ اَ۬لذِينَ كَفَرُواْ بِأَنَّهُمْ قَوْمٞ لَّا يَفْقَهُونَۖ ﱁ
1229,8,67,10,185,الأنفَال,Al-Anfāl,اَ۬لَٰنَ خَفَّفَ اَ۬للَّهُ عَنكُمْ وَعَلِمَ أَنَّ فِيكُمْ ضُعْفاٗۖ فَإِن تَكُن مِّنكُم مِّاْئَةٞ صَابِرَةٞ يَغْلِبُواْ مِاْئَتَيْنِۖ وَإِنْ يَّكُن مِّنكُمُۥٓ أَلْفٞ يَغْلِبُوٓاْ أَلْفَيْنِ بِإِذْنِ اِ۬للَّهِۖ وَاللَّهُ مَعَ اَ۬لصَّٰبِرِينَۖ ﱂ
1230,8,68,10,185,الأنفَال,Al-Anfāl,مَا كَانَ لِنَبِےٓءٍ اَنْ يَّكُونَ لَهُۥٓ أَسْر۪ىٰ حَتَّىٰ يُثْخِنَ فِے اِ۬لَارْضِۖ تُرِيدُونَ عَرَضَ اَ۬لدُّنْي۪اۖ وَاللَّهُ يُرِيدُ اُ۬لَاخِرَةَۖ وَاللَّهُ عَزِيزٌ حَكِيمٞۖ ﱃ
1231,8,69,10,185,الأنفَال,Al-Anfāl,لَّوْلَا كِتَٰبٞ مِّنَ اَ۬للَّهِ سَبَقَ لَمَسَّكُمْ فِيمَآ أَخَذتُّمْ عَذَابٌ عَظِيمٞۖ ﱄ
1232,8,70,10,185,الأنفَال,Al-Anfāl,فَكُلُواْ مِمَّا غَنِمْتُمْ حَلَٰلاٗ طَيِّباٗۖ وَاتَّقُواْ اُ۬للَّهَۖ إِنَّ اَ۬للَّهَ غَفُورٞ رَّحِيمٞۖ ﱅ
1233,8,71,10,186,الأنفَال,Al-Anfāl,يَٰٓأَيُّهَا‏ اَ۬لنَّبِےٓءُ قُل لِّمَن فِےٓ أَيْدِيكُم مِّنَ اَ۬لَاسْر۪ىٰٓ إِنْ يَّعْلَمِ اِ۬للَّهُ فِے قُلُوبِكُمْ خَيْراٗ يُوتِكُمْ خَيْراٗ مِّمَّآ أُخِذَ مِنكُمْ وَيَغْفِرْ لَكُمْۖ وَاللَّهُ غَفُورٞ رَّحِيمٞۖ ﱆ
1234,8,72,10,186,الأنفَال,Al-Anfāl,۞ وَإِنْ يُّرِيدُواْ خِيَانَتَكَ فَقَدْ خَانُواْ اُ۬للَّهَ مِن قَبْلُ فَأَمْكَنَ مِنْهُمْۖ وَاللَّهُ عَلِيمٌ حَكِيمٌۖ ﱇ
1235,8,73,10,186,الأنفَال,Al-Anfāl,اِنَّ اَ۬لذِينَ ءَامَنُواْ وَهَاجَرُواْ وَجَٰهَدُواْ بِأَمْوَٰلِهِمْ وَأَنفُسِهِمْ فِے سَبِيلِ اِ۬للَّهِ وَالذِينَ ءَاوَواْ وَّنَصَرُوٓاْ أُوْلَٰٓئِكَ بَعْضُهُمُۥٓ أَوْلِيَآءُ بَعْضٖۖ وَالذِينَ ءَامَنُواْ وَلَمْ يُهَاجِرُواْ مَا لَكُم مِّنْ وَّلَٰيَتِهِم مِّن شَےْءٍ حَتَّىٰ يُهَاجِرُواْۖ وَإِنِ اِ۪سْتَنصَرُوكُمْ فِے اِ۬لدِّينِ فَعَلَيْكُمُ اُ۬لنَّصْرُ إِلَّا عَلَىٰ قَوْمِۢ بَيْنَكُمْ وَبَيْنَهُم مِّيثَٰقٞۖ وَاللَّهُ بِمَا تَعْمَلُونَ بَصِيرٞۖ ﱈ
1236,8,74,10,186,الأنفَال,Al-Anfāl,وَالذِينَ كَفَرُواْ بَعْضُهُمُۥٓ أَوْلِيَآءُ بَعْضٍۖ اِلَّا تَفْعَلُوهُ تَكُن فِتْنَةٞ فِے اِ۬لَارْضِ وَفَسَادٞ كَبِيرٞۖ ﱉ
1237,8,75,10,186,الأنفَال,Al-Anfāl,وَالذِينَ ءَامَنُواْ وَهَاجَرُواْ وَجَٰهَدُواْ فِے سَبِيلِ اِ۬للَّهِ وَالذِينَ ءَاوَواْ وَّنَصَرُوٓاْ أُوْلَٰٓئِكَ هُمُ اُ۬لْمُومِنُونَ حَقّاٗۖ لَّهُم مَّغْفِرَةٞ وَرِزْقٞ كَرِيمٞۖ ﱊ
1238,8,76,10,186,الأنفَال,Al-Anfāl,وَالذِينَ ءَامَنُواْ مِنۢ بَعْدُ وَهَاجَرُواْ وَجَٰهَدُواْ مَعَكُمْ فَأُوْلَٰٓئِكَ مِنكُمْۖ وَأُوْلُواْ اُ۬لَارْحَامِ بَعْضُهُمُۥٓ أَوْل۪ىٰ بِبَعْضٖ فِے كِتَٰبِ اِ۬للَّهِۖ إِنَّ اَ۬للَّهَ بِكُلِّ شَےْءٍ عَلِيمُۢۖ ﱋ
1239,9,1,10,187,التوبَة,At-Taubah,بَرَآءَةٞ مِّنَ اَ۬للَّهِ وَرَسُولِهِۦٓ إِلَى اَ۬لذِينَ عَٰهَدتُّم مِّنَ اَ۬لْمُشْرِكِينَۖ ﰀ
1240,9,2,10,187,التوبَة,At-Taubah,فَسِيحُواْ فِے اِ۬لَارْضِ أَرْبَعَةَ أَشْهُرٖۖ وَاعْلَمُوٓاْ أَنَّكُمْ غَيْرُ مُعْجِزِے اِ۬للَّهِ وَأَنَّ اَ۬للَّهَ مُخْزِے اِ۬لْكٰ۪فِرِينَۖ ﰁ
1241,9,3,10,187,التوبَة,At-Taubah,وَأَذَٰنٞ مِّنَ اَ۬للَّهِ وَرَسُولِهِۦٓ إِلَى اَ۬لنَّاسِ يَوْمَ اَ۬لْحَجِّ اِ۬لَاكْبَرِ أَنَّ اَ۬للَّهَ بَرِےٓءٞ مِّنَ اَ۬لْمُشْرِكِينَ وَرَسُولُهُۥۖ فَإِن تُبْتُمْ فَهُوَ خَيْرٞ لَّكُمْۖ وَإِن تَوَلَّيْتُمْ فَاعْلَمُوٓاْ أَنَّكُمْ غَيْرُ مُعْجِزِے اِ۬للَّهِۖ وَبَشِّرِ اِ۬لذِينَ كَفَرُواْ بِعَذَابٍ اَلِيمٍ ﰂ
1242,9,4,10,187,التوبَة,At-Taubah,اِلَّا اَ۬لذِينَ عَٰهَدتُّم مِّنَ اَ۬لْمُشْرِكِينَ ثُمَّ لَمْ يَنقُصُوكُمْ شَئْاٗ وَلَمْ يُظَٰهِرُواْ عَلَيْكُمُۥٓ أَحَداٗ فَأَتِمُّوٓاْ إِلَيْهِمْ عَهْدَهُمُۥٓ إِلَىٰ مُدَّتِهِمُۥٓۖ إِنَّ اَ۬للَّهَ يُحِبُّ اُ۬لْمُتَّقِينَۖ ﰃ
1243,9,5,10,187,التوبَة,At-Taubah,۞ فَإِذَا اَ۪نسَلَخَ اَ۬لَاشْهُرُ اُ۬لْحُرُمُ فَاقْتُلُواْ اُ۬لْمُشْرِكِينَ حَيْثُ وَجَدتُّمُوهُمْ وَخُذُوهُمْ وَاحْصُرُوهُمْ وَاقْعُدُواْ لَهُمْ كُلَّ مَرْصَدٖۖ فَإِن تَابُواْ وَأَقَامُواْ اُ۬لصَّلَوٰةَ وَءَاتَوُاْ اُ۬لزَّكَوٰةَ فَخَلُّواْ سَبِيلَهُمُۥٓۖ إِنَّ اَ۬للَّهَ غَفُورٞ رَّحِيمٞۖ ﰄ
1244,9,6,10,187,التوبَة,At-Taubah,وَإِنَ اَحَدٞ مِّنَ اَ۬لْمُشْرِكِينَ اَ۪سْتَجَارَكَ فَأَجِرْهُ حَتَّىٰ يَسْمَعَ كَلَٰمَ اَ۬للَّهِ ثُمَّ أَبْلِغْهُ مَامَنَهُۥۖ ذَٰلِكَ بِأَنَّهُمْ قَوْمٞ لَّا يَعْلَمُونَۖ ﰅ
1245,9,7,10,188,التوبَة,At-Taubah,كَيْفَ يَكُونُ لِلْمُشْرِكِينَ عَهْدٌ عِندَ اَ۬للَّهِ وَعِندَ رَسُولِهِۦٓ إِلَّا اَ۬لذِينَ عَٰهَدتُّمْ عِندَ اَ۬لْمَسْجِدِ اِ۬لْحَرَامِ فَمَا اَ۪سْتَقَٰمُواْ لَكُمْ فَاسْتَقِيمُواْ لَهُمُۥٓۖ إِنَّ اَ۬للَّهَ يُحِبُّ اُ۬لْمُتَّقِينَۖ ﰆ
1246,9,8,10,188,التوبَة,At-Taubah,كَيْفَ وَإِنْ يَّظْهَرُواْ عَلَيْكُمْ لَا يَرْقُبُواْ فِيكُمُۥٓ إِلّاٗ وَلَا ذِمَّةٗۖ يُرْضُونَكُم بِأَفْوَٰهِهِمْ وَتَاب۪ىٰ قُلُوبُهُمْ وَأَكْثَرُهُمْ فَٰسِقُونَۖ ﰇ
1247,9,9,10,188,التوبَة,At-Taubah,اَ۪شْتَرَوْاْ بِـَٔايَٰتِ اِ۬للَّهِ ثَمَناٗ قَلِيلاٗ فَصَدُّواْ عَن سَبِيلِهِۦٓۖ إِنَّهُمْ سَآءَ مَا كَانُواْ يَعْمَلُونَۖ ﰈ
1248,9,10,10,188,التوبَة,At-Taubah,لَا يَرْقُبُونَ فِے مُومِنٍ اِلّاٗ وَلَا ذِمَّةٗۖ وَأُوْلَٰٓئِكَ هُمُ اُ۬لْمُعْتَدُونَۖ ﰉ
1249,9,11,10,188,التوبَة,At-Taubah,فَإِن تَابُواْ وَأَقَامُواْ اُ۬لصَّلَوٰةَ وَءَاتَوُاْ اُ۬لزَّكَوٰةَ فَإِخْوَٰنُكُمْ فِے اِ۬لدِّينِۖ وَنُفَصِّلُ اُ۬لَايَٰتِ لِقَوْمٖ يَعْلَمُونَۖ ﰊ
1250,9,12,10,188,التوبَة,At-Taubah,۞ وَإِن نَّكَثُوٓاْ أَيْمَٰنَهُم مِّنۢ بَعْدِ عَهْدِهِمْ وَطَعَنُواْ فِے دِينِكُمْ فَقَٰتِلُوٓاْ أَي۪مَّةَ اَ۬لْكُفْرِۖ إِنَّهُمْ لَآ أَيْمَٰنَ لَهُمْ لَعَلَّهُمْ يَنتَهُونَۖ ﰋ
1251,9,13,10,188,التوبَة,At-Taubah,أَلَا تُقَٰتِلُونَ قَوْماٗ نَّكَثُوٓاْ أَيْمَٰنَهُمْ وَهَمُّواْ بِإِخْرَاجِ اِ۬لرَّسُولِ وَهُم بَدَءُوكُمُۥٓ أَوَّلَ مَرَّةٍ اَتَخْشَوْنَهُمْۖ فَاللَّهُ أَحَقُّ أَن تَخْشَوْهُ إِن كُنتُم مُّومِنِينَۖ ﰌ
1252,9,14,10,189,التوبَة,At-Taubah,قَٰتِلُوهُمْ يُعَذِّبْهُمُ اُ۬للَّهُ بِأَيْدِيكُمْ وَيُخْزِهِمْ وَيَنصُرْكُمْ عَلَيْهِمْ وَيَشْفِ صُدُورَ قَوْمٖ مُّومِنِينَ ﰍ
1253,9,15,10,189,التوبَة,At-Taubah,وَيُذْهِبْ غَيْظَ قُلُوبِهِمْۖ وَيَتُوبُ اُ۬للَّهُ عَلَىٰ مَنْ يَّشَآءُۖ وَاللَّهُ عَلِيمٌ حَكِيمٌۖ ﰎ
1254,9,16,10,189,التوبَة,At-Taubah,اَمْ حَسِبْتُمُۥٓ أَن تُتْرَكُواْ وَلَمَّا يَعْلَمِ اِ۬للَّهُ اُ۬لذِينَ جَٰهَدُواْ مِنكُمْ وَلَمْ يَتَّخِذُواْ مِن دُونِ اِ۬للَّهِ وَلَا رَسُولِهِۦ وَلَا اَ۬لْمُومِنِينَ وَلِيجَةٗۖ وَاللَّهُ خَبِيرُۢ بِمَا تَعْمَلُونَۖ ﰏ
1255,9,17,10,189,التوبَة,At-Taubah,مَا كَانَ لِلْمُشْرِكِينَ أَنْ يَّعْمُرُواْ مَسَٰجِدَ اَ۬للَّهِ شَٰهِدِينَ عَلَىٰٓ أَنفُسِهِم بِالْكُفْرِۖ أُوْلَٰٓئِكَ حَبِطَتَ اَعْمَٰلُهُمْ وَفِے اِ۬لنّ۪ارِ هُمْ خَٰلِدُونَۖ ﰐ
1256,9,18,10,189,التوبَة,At-Taubah,إِنَّمَا يَعْمُرُ مَسَٰجِدَ اَ۬للَّهِ مَنَ اٰمَنَ بِاللَّهِ وَالْيَوْمِ اِ۬لَاخِرِ وَأَقَامَ اَ۬لصَّلَوٰةَ وَءَاتَى اَ۬لزَّكَوٰةَ وَلَمْ يَخْشَ إِلَّا اَ۬للَّهَ فَعَس۪ىٰٓ أُوْلَٰٓئِكَ أَنْ يَّكُونُواْ مِنَ اَ۬لْمُهْتَدِينَۖ ﰑ
1257,9,19,10,189,التوبَة,At-Taubah,۞ أَجَعَلْتُمْ سِقَايَةَ اَ۬لْحَآجِّ وَعِمَارَةَ اَ۬لْمَسْجِدِ اِ۬لْحَرَامِ كَمَنَ اٰمَنَ بِاللَّهِ وَالْيَوْمِ اِ۬لَاخِرِ وَجَٰهَدَ فِے سَبِيلِ اِ۬للَّهِۖ لَا يَسْتَوُۥنَ عِندَ اَ۬للَّهِۖ وَاللَّهُ لَا يَهْدِے اِ۬لْقَوْمَ اَ۬لظَّٰلِمِينَۖ ﰒ
1258,9,20,10,189,التوبَة,At-Taubah,اَ۬لذِينَ ءَامَنُواْ وَهَاجَرُواْ وَجَٰهَدُواْ فِے سَبِيلِ اِ۬للَّهِ بِأَمْوَٰلِهِمْ وَأَنفُسِهِمُۥٓ أَعْظَمُ دَرَجَةً عِندَ اَ۬للَّهِۖ وَأُوْلَٰٓئِكَ هُمُ اُ۬لْفَآئِزُونَۖ ﰓ
1259,9,21,10,190,التوبَة,At-Taubah,يُبَشِّرُهُمْ رَبُّهُم بِرَحْمَةٖ مِّنْهُ وَرِضْوَٰنٖ وَجَنَّٰتٖ لَّهُمْ فِيهَا نَعِيمٞ مُّقِيمٌ ﰔ
1260,9,22,10,190,التوبَة,At-Taubah,خَٰلِدِينَ فِيهَآ أَبَداًۖ اِنَّ اَ۬للَّهَ عِندَهُۥٓ أَجْرٌ عَظِيمٞۖ ﰕ
1261,9,23,10,190,التوبَة,At-Taubah,يَٰٓأَيُّهَا اَ۬لذِينَ ءَامَنُواْ لَا تَتَّخِذُوٓاْ ءَابَآءَكُمْ وَإِخْوَٰنَكُمُۥٓ أَوْلِيَآءَ ا۪نِ اِ۪سْتَحَبُّواْ اُ۬لْكُفْرَ عَلَى اَ۬لِايمَٰنِۖ وَمَنْ يَّتَوَلَّهُم مِّنكُمْ فَأُوْلَٰٓئِكَ هُمُ اُ۬لظَّٰلِمُونَۖ ﰖ
1262,9,24,10,190,التوبَة,At-Taubah,قُلِ اِن كَانَ ءَابَآؤُكُمْ وَأَبْنَآؤُكُمْ وَإِخْوَٰنُكُمْ وَأَزْوَٰجُكُمْ وَعَشِيرَتُكُمْ وَأَمْوَٰلٌ اِ۪قْتَرَفْتُمُوهَا وَتِجَٰرَةٞ تَخْشَوْنَ كَسَادَهَا وَمَسَٰكِنُ تَرْضَوْنَهَآ أَحَبَّ إِلَيْكُم مِّنَ اَ۬للَّهِ وَرَسُولِهِۦ وَجِهَادٖ فِے سَبِيلِهِۦ فَتَرَبَّصُواْ حَتَّىٰ يَاتِيَ اَ۬للَّهُ بِأَمْرِهِۦۖ وَاللَّهُ لَا يَهْدِے اِ۬لْقَوْمَ اَ۬لْفَٰسِقِينَۖ ﰗ
1263,9,25,10,190,التوبَة,At-Taubah,لَقَدْ نَصَرَكُمُ اُ۬للَّهُ فِے مَوَاطِنَ كَثِيرَةٖ وَيَوْمَ حُنَيْنٍ اِذَ اَعْجَبَتْكُمْ كَثْرَتُكُمْ فَلَمْ تُغْنِ عَنكُمْ شَئْاٗ وَضَاقَتْ عَلَيْكُمُ اُ۬لَارْضُ بِمَا رَحُبَتْ ثُمَّ وَلَّيْتُم مُّدْبِرِينَۖ ﰘ
1264,9,26,10,190,التوبَة,At-Taubah,ثُمَّ أَنزَلَ اَ۬للَّهُ سَكِينَتَهُۥ عَلَىٰ رَسُولِهِۦ وَعَلَى اَ۬لْمُومِنِينَ وَأَنزَلَ جُنُوداٗ لَّمْ تَرَوْهَا وَعَذَّبَ اَ۬لذِينَ كَفَرُواْۖ وَذَٰلِكَ جَزَآءُ اُ۬لْكٰ۪فِرِينَۖ ﰙ
1265,9,27,10,191,التوبَة,At-Taubah,ثُمَّ يَتُوبُ اُ۬للَّهُ مِنۢ بَعْدِ ذَٰلِكَ عَلَىٰ مَنْ يَّشَآءُۖ وَاللَّهُ غَفُورٞ رَّحِيمٞۖ ﰚ
1266,9,28,10,191,التوبَة,At-Taubah,۞ يَٰٓأَيُّهَا اَ۬لذِينَ ءَامَنُوٓاْ إِنَّمَا اَ۬لْمُشْرِكُونَ نَجَسٞ فَلَا يَقْرَبُواْ اُ۬لْمَسْجِدَ اَ۬لْحَرَامَ بَعْدَ عَامِهِمْ هَٰذَاۖ وَإِنْ خِفْتُمْ عَيْلَةٗ فَسَوْفَ يُغْنِيكُمُ اُ۬للَّهُ مِن فَضْلِهِۦٓ إِن شَآءَۖ ا۪نَّ اَ۬للَّهَ عَلِيمٌ حَكِيمٞۖ ﰛ
1267,9,29,10,191,التوبَة,At-Taubah,قَٰتِلُواْ اُ۬لذِينَ لَا يُومِنُونَ بِاللَّهِ وَلَا بِالْيَوْمِ اِ۬لَاخِرِ وَلَا يُحَرِّمُونَ مَا حَرَّمَ اَ۬للَّهُ وَرَسُولُهُۥ وَلَا يَدِينُونَ دِينَ اَ۬لْحَقِّ مِنَ اَ۬لذِينَ أُوتُواْ اُ۬لْكِتَٰبَ حَتَّىٰ يُعْطُواْ اُ۬لْجِزْيَةَ عَنْ يَّدٖ وَهُمْ صَٰغِرُونَۖ ﰜ
1268,9,30,10,191,التوبَة,At-Taubah,وَقَالَتِ اِ۬لْيَهُودُ عُزَيْرُ اُ۪بْنُ اُ۬للَّهِۖ وَقَالَتِ اِ۬لنَّصَٰرَى اَ۬لْمَسِيحُ اُ۪بْنُ اُ۬للَّهِۖ ذَٰلِكَ قَوْلُهُم بِأَفْوَٰهِهِمْ يُضَٰهُونَ قَوْلَ اَ۬لذِينَ كَفَرُواْ مِن قَبْلُۖ قَٰتَلَهُمُ اُ۬للَّهُۖ أَنّ۪ىٰ يُوفَكُونَۖ ﰝ
1269,9,31,10,191,التوبَة,At-Taubah,اَ۪تَّخَذُوٓاْ أَحْبَارَهُمْ وَرُهْبَٰنَهُمُۥٓ أَرْبَاباٗ مِّن دُونِ اِ۬للَّهِ وَالْمَسِيحَ اَ۪بْنَ مَرْيَمَۖ وَمَآ أُمِرُوٓاْ إِلَّا لِيَعْبُدُوٓاْ إِلَٰهاٗ وَٰحِداٗۖ لَّآ إِلَٰهَ إِلَّا هُوَۖ سُبْحَٰنَهُۥ عَمَّا يُشْرِكُونَۖ ﰞ
1270,9,32,10,192,التوبَة,At-Taubah,يُرِيدُونَ أَنْ يُّطْفِـُٔواْ نُورَ اَ۬للَّهِ بِأَفْوَٰهِهِمْ وَيَابَى اَ۬للَّهُ إِلَّآ أَنْ يُّتِمَّ نُورَهُۥ وَلَوْ كَرِهَ اَ۬لْكَٰفِرُونَۖ ﰟ
1271,9,33,10,192,التوبَة,At-Taubah,هُوَ اَ۬لذِےٓ أَرْسَلَ رَسُولَهُۥ بِالْهُد۪ىٰ وَدِينِ اِ۬لْحَقِّ لِيُظْهِرَهُۥ عَلَى اَ۬لدِّينِ كُلِّهِۦ وَلَوْ كَرِهَ اَ۬لْمُشْرِكُونَۖ ﰠ
1272,9,34,10,192,التوبَة,At-Taubah,۞ يَٰٓأَيُّهَا اَ۬لذِينَ ءَامَنُوٓاْ إِنَّ كَثِيراٗ مِّنَ اَ۬لَاحْب۪ارِ وَالرُّهْبَانِ لَيَاكُلُونَ أَمْوَٰلَ اَ۬لنَّاسِ بِالْبَٰطِلِ وَيَصُدُّونَ عَن سَبِيلِ اِ۬للَّهِۖ وَالذِينَ يَكْنِزُونَ اَ۬لذَّهَبَ وَالْفِضَّةَ وَلَا يُنفِقُونَهَا فِے سَبِيلِ اِ۬للَّهِ فَبَشِّرْهُم بِعَذَابٍ اَلِيمٖۖ ﰡ
1273,9,35,10,192,التوبَة,At-Taubah,يَوْمَ يُحْم۪ىٰ عَلَيْهَا فِے ن۪ارِ جَهَنَّمَ فَتُكْو۪ىٰ بِهَا جِبَاهُهُمْ وَجُنُوبُهُمْ وَظُهُورُهُمْ هَٰذَا مَا كَنَزْتُمْ لِأَنفُسِكُمْ فَذُوقُواْ مَا كُنتُمْ تَكْنِزُونَۖ ﰢ
1274,9,36,10,192,التوبَة,At-Taubah,إِنَّ عِدَّةَ اَ۬لشُّهُورِ عِندَ اَ۬للَّهِ اِ۪ثْنَا عَشَرَ شَهْراٗ فِے كِتَٰبِ اِ۬للَّهِ يَوْمَ خَلَقَ اَ۬لسَّمَٰوَٰتِ وَالَارْضَۖ مِنْهَآ أَرْبَعَةٌ حُرُمٞۖ ذَٰلِكَ اَ۬لدِّينُ اُ۬لْقَيِّمُۖ فَلَا تَظْلِمُواْ فِيهِنَّ أَنفُسَكُمْۖ وَقَٰتِلُواْ اُ۬لْمُشْرِكِينَ كَآفَّةٗ كَمَا يُقَٰتِلُونَكُمْ كَآفَّةٗۖ وَاعْلَمُوٓاْ أَنَّ اَ۬للَّهَ مَعَ اَ۬لْمُتَّقِينَۖ ﰣ
1275,9,37,10,193,التوبَة,At-Taubah,إِنَّمَا اَ۬لنَّسِيُّ زِيَادَةٞ فِے اِ۬لْكُفْرِ يَضِلُّ بِهِ اِ۬لذِينَ كَفَرُواْ يُحِلُّونَهُۥ عَاماٗ وَيُحَرِّمُونَهُۥ عَاماٗ لِّيُوَاطِـُٔواْ عِدَّةَ مَا حَرَّمَ اَ۬للَّهُ فَيُحِلُّواْ مَا حَرَّمَ اَ۬للَّهُۖ زُيِّنَ لَهُمْ سُوٓءُ اَ۬عْمَٰلِهِمْۖ وَاللَّهُ لَا يَهْدِے اِ۬لْقَوْمَ اَ۬لْكٰ۪فِرِينَۖ ﰤ
1276,9,38,10,193,التوبَة,At-Taubah,يَٰٓأَيُّهَا اَ۬لذِينَ ءَامَنُواْ مَا لَكُمُۥٓ إِذَا قِيلَ لَكُمُ اُ۪نفِرُواْ فِے سَبِيلِ اِ۬للَّهِ اِ۪ثَّاقَلْتُمُۥٓ إِلَى اَ۬لَارْضِۖ أَرَضِيتُم بِالْحَيَوٰةِ اِ۬لدُّنْي۪ا مِنَ اَ۬لَاخِرَةِۖ فَمَا مَتَٰعُ اُ۬لْحَيَوٰةِ اِ۬لدُّنْي۪ا فِے اِ۬لَاخِرَةِ إِلَّا قَلِيلٌۖ ﰥ
1277,9,39,10,193,التوبَة,At-Taubah,اِلَّا تَنفِرُواْ يُعَذِّبْكُمْ عَذَاباً اَلِيماٗ وَيَسْتَبْدِلْ قَوْماً غَيْرَكُمْ وَلَا تَضُرُّوهُ شَئْاٗۖ وَاللَّهُ عَلَىٰ كُلِّ شَےْءٖ قَدِيرٌۖ ﰦ
1278,9,40,10,193,التوبَة,At-Taubah,۞ اِلَّا تَنصُرُوهُ فَقَدْ نَصَرَهُ اُ۬للَّهُ إِذَ اَخْرَجَهُ اُ۬لذِينَ كَفَرُواْ ثَانِيَ اَ۪ثْنَيْنِ إِذْ هُمَا فِے اِ۬لْغ۪ارِ إِذْ يَقُولُ لِصَٰحِبِهِۦ لَا تَحْزَنِ اِنَّ اَ۬للَّهَ مَعَنَاۖ فَأَنزَلَ اَ۬للَّهُ سَكِينَتَهُۥ عَلَيْهِۖ وَأَيَّدَهُۥ بِجُنُودٖ لَّمْ تَرَوْهَاۖ وَجَعَلَ كَلِمَةَ اَ۬لذِينَ كَفَرُواْ اُ۬لسُّفْل۪ىٰۖ وَكَلِمَةُ اُ۬للَّهِ هِيَ اَ۬لْعُلْي۪اۖ وَاللَّهُ عَزِيزٌ حَكِيمٌۖ ﰧ
1279,9,41,10,194,التوبَة,At-Taubah,اِ۪نفِرُواْ خِفَافاٗ وَثِقَالاٗ وَجَٰهِدُواْ بِأَمْوَٰلِكُمْ وَأَنفُسِكُمْ فِے سَبِيلِ اِ۬للَّهِۖ ذَٰلِكُمْ خَيْرٞ لَّكُمُۥٓ إِن كُنتُمْ تَعْلَمُونَۖ ﰨ
1280,9,42,10,194,التوبَة,At-Taubah,لَوْ كَانَ عَرَضاٗ قَرِيباٗ وَسَفَراٗ قَاصِداٗ لَّاتَّبَعُوكَ وَلَٰكِنۢ بَعُدَتْ عَلَيْهِمُ اُ۬لشُّقَّةُۖ وَسَيَحْلِفُونَ بِاللَّهِ لَوِ اِ۪سْتَطَعْنَا لَخَرَجْنَا مَعَكُمْۖ يُهْلِكُونَ أَنفُسَهُمْۖ وَاللَّهُ يَعْلَمُ إِنَّهُمْ لَكَٰذِبُونَۖ ﰩ
1281,9,43,10,194,التوبَة,At-Taubah,عَفَا اَ۬للَّهُ عَنكَ لِمَ أَذِنتَ لَهُمْ حَتَّىٰ يَتَبَيَّنَ لَكَ اَ۬لذِينَ صَدَقُواْ وَتَعْلَمَ اَ۬لْكَٰذِبِينَۖ ﰪ
1282,9,44,10,194,التوبَة,At-Taubah,لَا يَسْتَٰذِنُكَ اَ۬لذِينَ يُومِنُونَ بِاللَّهِ وَالْيَوْمِ اِ۬لَاخِرِ أَنْ يُّجَٰهِدُواْ بِأَمْوَٰلِهِمْ وَأَنفُسِهِمْۖ وَاللَّهُ عَلِيمُۢ بِالْمُتَّقِينَۖ ﰫ
1283,9,45,10,194,التوبَة,At-Taubah,إِنَّمَا يَسْتَٰذِنُكَ اَ۬لذِينَ لَا يُومِنُونَ بِاللَّهِ وَالْيَوْمِ اِ۬لَاخِرِ وَارْتَابَتْ قُلُوبُهُمْ فَهُمْ فِے رَيْبِهِمْ يَتَرَدَّدُونَۖ ﰬ
1284,9,46,10,194,التوبَة,At-Taubah,۞ وَلَوَ اَرَادُواْ اُ۬لْخُرُوجَ لَأَعَدُّواْ لَهُۥ عُدَّةٗۖ وَلَٰكِن كَرِهَ اَ۬للَّهُ اُ۪نۢبِعَاثَهُمْ فَثَبَّطَهُمْ وَقِيلَ اَ۟قْعُدُواْ مَعَ اَ۬لْقَٰعِدِينَۖ ﰭ
1285,9,47,10,194,التوبَة,At-Taubah,لَوْ خَرَجُواْ فِيكُم مَّا زَادُوكُمُۥٓ إِلَّا خَبَالاٗ وَلَأَوْضَعُواْ خِلَٰلَكُمْ يَبْغُونَكُمُ اُ۬لْفِتْنَةَ وَفِيكُمْ سَمَّٰعُونَ لَهُمْۖ وَاللَّهُ عَلِيمُۢ بِالظَّٰلِمِينَۖ ﰮ
1286,9,48,10,195,التوبَة,At-Taubah,لَقَدِ اِ۪بْتَغَوُاْ اُ۬لْفِتْنَةَ مِن قَبْلُ وَقَلَّبُواْ لَكَ اَ۬لُامُورَ حَتَّىٰ جَآءَ اَ۬لْحَقُّ وَظَهَرَ أَمْرُ اُ۬للَّهِ وَهُمْ كَٰرِهُونَۖ ﰯ
1287,9,49,10,195,التوبَة,At-Taubah,وَمِنْهُم مَّنْ يَّقُولُ اُ۪يذَن لِّے وَلَا تَفْتِنِّےٓۖ أَلَا فِے اِ۬لْفِتْنَةِ سَقَطُواْۖ وَإِنَّ جَهَنَّمَ لَمُحِيطَةُۢ بِالْكٰ۪فِرِينَۖ ﰰ
1288,9,50,10,195,التوبَة,At-Taubah,إِن تُصِبْكَ حَسَنَةٞ تَسُؤْهُمْۖ وَإِن تُصِبْكَ مُصِيبَةٞ يَقُولُواْ قَدَ اَخَذْنَآ أَمْرَنَا مِن قَبْلُ وَيَتَوَلَّواْ وَّهُمْ فَرِحُونَۖ ﰱ
1289,9,51,10,195,التوبَة,At-Taubah,قُل لَّنْ يُّصِيبَنَآ إِلَّا مَا كَتَبَ اَ۬للَّهُ لَنَاۖ هُوَ مَوْل۪يٰنَاۖ وَعَلَى اَ۬للَّهِ فَلْيَتَوَكَّلِ اِ۬لْمُومِنُونَۖ ﰲ
1290,9,52,10,195,التوبَة,At-Taubah,قُلْ هَلْ تَرَبَّصُونَ بِنَآ إِلَّآ إِحْدَى اَ۬لْحُسْنَيَيْنِۖ وَنَحْنُ نَتَرَبَّصُ بِكُمُۥٓ أَنْ يُّصِيبَكُمُ اُ۬للَّهُ بِعَذَابٖ مِّنْ عِندِهِۦٓ أَوْ بِأَيْدِينَاۖ فَتَرَبَّصُوٓاْۖ إِنَّا مَعَكُم مُّتَرَبِّصُونَۖ ﰳ
1291,9,53,10,195,التوبَة,At-Taubah,قُلَ اَنفِقُواْ طَوْعاً اَوْ كَرْهاٗ لَّنْ يُّتَقَبَّلَ مِنكُمُۥٓۖ إِنَّكُمْ كُنتُمْ قَوْماٗ فَٰسِقِينَۖ ﰴ
1292,9,54,10,195,التوبَة,At-Taubah,وَمَا مَنَعَهُمُۥٓ أَن تُقْبَلَ مِنْهُمْ نَفَقَٰتُهُمُۥٓ إِلَّآ أَنَّهُمْ كَفَرُواْ بِاللَّهِ وَبِرَسُولِهِۦ وَلَا يَاتُونَ اَ۬لصَّلَوٰةَ إِلَّا وَهُمْ كُسَال۪ىٰ وَلَا يُنفِقُونَ إِلَّا وَهُمْ كَٰرِهُونَۖ ﰵ
1293,9,55,10,196,التوبَة,At-Taubah,۞ فَلَا تُعْجِبْكَ أَمْوَٰلُهُمْ وَلَآ أَوْلَٰدُهُمُۥٓۖ إِنَّمَا يُرِيدُ اُ۬للَّهُ لِيُعَذِّبَهُم بِهَا فِے اِ۬لْحَيَوٰةِ اِ۬لدُّنْي۪ا وَتَزْهَقَ أَنفُسُهُمْ وَهُمْ كَٰفِرُونَۖ ﰶ
1294,9,56,10,196,التوبَة,At-Taubah,وَيَحْلِفُونَ بِاللَّهِ إِنَّهُمْ لَمِنكُمْ وَمَا هُم مِّنكُمْ وَلَٰكِنَّهُمْ قَوْمٞ يَفْرَقُونَۖ ﰷ
1295,9,57,10,196,التوبَة,At-Taubah,لَوْ يَجِدُونَ مَلْجَـٔاً اَوْ مَغَٰرَٰتٍ اَوْ مُدَّخَلاٗ لَّوَلَّوِاْ اِلَيْهِ وَهُمْ يَجْمَحُونَۖ ﰸ
1296,9,58,10,196,التوبَة,At-Taubah,وَمِنْهُم مَّنْ يَّلْمِزُكَ فِے اِ۬لصَّدَقَٰتِ فَإِنُ ا۟عْطُواْ مِنْهَا رَضُواْ وَإِن لَّمْ يُعْطَوْاْ مِنْهَآ إِذَا هُمْ يَسْخَطُونَۖ ﰹ
1297,9,59,10,196,التوبَة,At-Taubah,وَلَوَ اَنَّهُمْ رَضُواْ مَآ ءَات۪يٰهُمُ اُ۬للَّهُ وَرَسُولُهُۥ وَقَالُواْ حَسْبُنَا اَ۬للَّهُ سَيُوتِينَا اَ۬للَّهُ مِن فَضْلِهِۦ وَرَسُولُهُۥٓۖ إِنَّآ إِلَى اَ۬للَّهِ رَٰغِبُونَۖ ﰺ
1298,9,60,10,196,التوبَة,At-Taubah,إِنَّمَا اَ۬لصَّدَقَٰتُ لِلْفُقَرَآءِ وَالْمَسَٰكِينِ وَالْعَٰمِلِينَ عَلَيْهَا وَالْمُوَ۬لَّفَةِ قُلُوبُهُمْ وَفِے اِ۬لرِّقَابِ وَالْغَٰرِمِينَ وَفِے سَبِيلِ اِ۬للَّهِ وَابْنِ اِ۬لسَّبِيلِ فَرِيضَةٗ مِّنَ اَ۬للَّهِۖ وَاللَّهُ عَلِيمٌ حَكِيمٞۖ ﰻ
1299,9,61,10,196,التوبَة,At-Taubah,۞ وَمِنْهُمُ اُ۬لذِينَ يُوذُونَ اَ۬لنَّبِےٓءَ وَيَقُولُونَ هُوَ أُذْنٞۖ قُلُ ا۟ذْنُ خَيْرٖ لَّكُمْ يُومِنُ بِاللَّهِ وَيُومِنُ لِلْمُومِنِينَ وَرَحْمَةٞ لِّلذِينَ ءَامَنُواْ مِنكُمْۖ وَالذِينَ يُوذُونَ رَسُولَ اَ۬للَّهِ لَهُمْ عَذَابٌ اَلِيمٞۖ ﰼ
1300,9,62,10,197,التوبَة,At-Taubah,يَحْلِفُونَ بِاللَّهِ لَكُمْ لِيُرْضُوكُمْ وَاللَّهُ وَرَسُولُهُۥٓ أَحَقُّ أَنْ يُّرْضُوهُ إِن كَانُواْ مُومِنِينَۖ ﰽ
1301,9,63,10,197,التوبَة,At-Taubah,أَلَمْ يَعْلَمُوٓاْ أَنَّهُۥ مَنْ يُّحَادِدِ اِ۬للَّهَ وَرَسُولَهُۥ فَأَنَّ لَهُۥ نَارَ جَهَنَّمَ خَٰلِداٗ فِيهَاۖ ذَٰلِكَ اَ۬لْخِزْيُ اُ۬لْعَظِيمُۖ ﰾ
1302,9,64,10,197,التوبَة,At-Taubah,يَحْذَرُ اُ۬لْمُنَٰفِقُونَ أَن تُنَزَّلَ عَلَيْهِمْ سُورَةٞ تُنَبِّئُهُم بِمَا فِے قُلُوبِهِمْۖ قُلِ اِ۪سْتَهْزِءُوٓاْۖ إِنَّ اَ۬للَّهَ مُخْرِجٞ مَّا تَحْذَرُونَۖ ﰿ
1303,9,65,10,197,التوبَة,At-Taubah,وَلَئِن سَأَلْتَهُمْ لَيَقُولُنَّ إِنَّمَا كُنَّا نَخُوضُ وَنَلْعَبُۖ قُلَ اَبِاللَّهِ وَءَايَٰتِهِۦ وَرَسُولِهِۦ كُنتُمْ تَسْتَهْزِءُونَۖ ﱀ
1304,9,66,10,197,التوبَة,At-Taubah,لَا تَعْتَذِرُواْۖ قَدْ كَفَرْتُم بَعْدَ إِيمَٰنِكُمُۥٓۖ إِنْ يُّعْفَ عَن طَآئِفَةٖ مِّنكُمْ تُعَذَّبْ طَآئِفَةُۢ بِأَنَّهُمْ كَانُواْ مُجْرِمِينَۖ ﱁ
1305,9,67,10,197,التوبَة,At-Taubah,اَ۬لْمُنَٰفِقُونَ وَالْمُنَٰفِقَٰتُ بَعْضُهُم مِّنۢ بَعْضٖ يَامُرُونَ بِالْمُنكَرِ وَيَنْهَوْنَ عَنِ اِ۬لْمَعْرُوفِ وَيَقْبِضُونَ أَيْدِيَهُمْ نَسُواْ اُ۬للَّهَ فَنَسِيَهُمُۥٓۖ إِنَّ اَ۬لْمُنَٰفِقِينَ هُمُ اُ۬لْفَٰسِقُونَۖ ﱂ
1306,9,68,10,197,التوبَة,At-Taubah,وَعَدَ اَ۬للَّهُ اُ۬لْمُنَٰفِقِينَ وَالْمُنَٰفِقَٰتِ وَالْكُفَّارَ نَارَ جَهَنَّمَ خَٰلِدِينَ فِيهَاۖ هِيَ حَسْبُهُمْۖ وَلَعَنَهُمُ اُ۬للَّهُۖ وَلَهُمْ عَذَابٞ مُّقِيمٞۖ ﱃ
1307,9,69,10,198,التوبَة,At-Taubah,كَالذِينَ مِن قَبْلِكُمْ كَانُوٓاْ أَشَدَّ مِنكُمْ قُوَّةٗ وَأَكْثَرَ أَمْوَٰلاٗ وَأَوْلَٰداٗ فَاسْتَمْتَعُواْ بِخَلَٰقِهِمْ فَاسْتَمْتَعْتُم بِخَلَٰقِكُمْ كَمَا اَ۪سْتَمْتَعَ اَ۬لذِينَ مِن قَبْلِكُم بِخَلَٰقِهِمْ وَخُضْتُمْ كَالذِے خَاضُوٓاْۖ أُوْلَٰٓئِكَ حَبِطَتَ اَعْمَٰلُهُمْ فِے اِ۬لدُّنْي۪ا وَالَاخِرَةِۖ وَأُوْلَٰٓئِكَ هُمُ اُ۬لْخَٰسِرُونَۖ ﱄ
1308,9,70,10,198,التوبَة,At-Taubah,۞ أَلَمْ يَاتِهِمْ نَبَأُ اُ۬لذِينَ مِن قَبْلِهِمْ قَوْمِ نُوحٖ وَعَادٖ وَثَمُودَ ﱅ
1309,9,71,10,198,التوبَة,At-Taubah,وَقَوْمِ إِبْرَٰهِيمَ وَأَصْحَٰبِ مَدْيَنَ وَالْمُوتَفِكَٰتِۖ أَتَتْهُمْ رُسُلُهُم بِالْبَيِّنَٰتِۖ فَمَا كَانَ اَ۬للَّهُ لِيَظْلِمَهُمْۖ وَلَٰكِن كَانُوٓاْ أَنفُسَهُمْ يَظْلِمُونَۖ ﱆ
1310,9,72,10,198,التوبَة,At-Taubah,وَالْمُومِنُونَ وَالْمُومِنَٰتُ بَعْضُهُمُۥٓ أَوْلِيَآءُ بَعْضٖۖ يَامُرُونَ بِالْمَعْرُوفِ وَيَنْهَوْنَ عَنِ اِ۬لْمُنكَرِ وَيُقِيمُونَ اَ۬لصَّلَوٰةَ وَيُوتُونَ اَ۬لزَّكَوٰةَ وَيُطِيعُونَ اَ۬للَّهَ وَرَسُولَهُۥٓۖ أُوْلَٰٓئِكَ سَيَرْحَمُهُمُ اُ۬للَّهُۖ إِنَّ اَ۬للَّهَ عَزِيزٌ حَكِيمٞۖ ﱇ
1311,9,73,10,198,التوبَة,At-Taubah,وَعَدَ اَ۬للَّهُ اُ۬لْمُومِنِينَ وَالْمُومِنَٰتِ جَنَّٰتٖ تَجْرِے مِن تَحْتِهَا اَ۬لَانْهَٰرُ خَٰلِدِينَ فِيهَا وَمَسَٰكِنَ طَيِّبَةٗ فِے جَنَّٰتِ عَدْنٖۖ وَرِضْوَٰنٞ مِّنَ اَ۬للَّهِ أَكْبَرُۖ ذَٰلِكَ هُوَ اَ۬لْفَوْزُ اُ۬لْعَظِيمُۖ ﱈ
1312,9,74,10,199,التوبَة,At-Taubah,يَٰٓأَيُّهَا‏ اَ۬لنَّبِےٓءُ جَٰهِدِ اِ۬لْكُفَّارَ وَالْمُنَٰفِقِينَ وَاغْلُظْ عَلَيْهِمْۖ وَمَأْو۪يٰهُمْ جَهَنَّمُۖ وَبِيسَ اَ۬لْمَصِيرُۖ ﱉ
1313,9,75,10,199,التوبَة,At-Taubah,يَحْلِفُونَ بِاللَّهِ مَا قَالُواْۖ وَلَقَدْ قَالُواْ كَلِمَةَ اَ۬لْكُفْرِ وَكَفَرُواْ بَعْدَ إِسْلَٰمِهِمْ وَهَمُّواْ بِمَا لَمْ يَنَالُواْۖ وَمَا نَقَمُوٓاْ إِلَّآ أَنَ اَغْن۪يٰهُمُ اُ۬للَّهُ وَرَسُولُهُۥ مِن فَضْلِهِۦۖ فَإِنْ يَّتُوبُواْ يَكُ خَيْراٗ لَّهُمْۖ وَإِنْ يَّتَوَلَّوْاْ يُعَذِّبْهُمُ اُ۬للَّهُ عَذَاباً اَلِيماٗ فِے اِ۬لدُّنْي۪ا وَالَاخِرَةِۖ وَمَا لَهُمْ فِے اِ۬لَارْضِ مِنْ وَّلِيّٖ وَلَا نَصِيرٖۖ ﱊ
1314,9,76,10,199,التوبَة,At-Taubah,۞ وَمِنْهُم مَّنْ عَٰهَدَ اَ۬للَّهَ لَئِنَ اٰت۪يٰنَا مِن فَضْلِهِۦ لَنَصَّدَّقَنَّ وَلَنَكُونَنَّ مِنَ اَ۬لصَّٰلِحِينَۖ ﱋ
1315,9,77,10,199,التوبَة,At-Taubah,فَلَمَّآ ءَات۪يٰهُم مِّن فَضْلِهِۦ بَخِلُواْ بِهِۦ وَتَوَلَّواْ وَّهُم مُّعْرِضُونَۖ ﱌ
1316,9,78,10,199,التوبَة,At-Taubah,فَأَعْقَبَهُمْ نِفَاقاٗ فِے قُلُوبِهِمُۥٓ إِلَىٰ يَوْمِ يَلْقَوْنَهُۥ بِمَآ أَخْلَفُواْ اُ۬للَّهَ مَا وَعَدُوهُ وَبِمَا كَانُواْ يَكْذِبُونَۖ ﱍ
1317,9,79,10,199,التوبَة,At-Taubah,أَلَمْ يَعْلَمُوٓاْ أَنَّ اَ۬للَّهَ يَعْلَمُ سِرَّهُمْ وَنَجْو۪يٰهُمْ وَأَنَّ اَ۬للَّهَ عَلَّٰمُ اُ۬لْغُيُوبِۖ ﱎ
1318,9,80,10,199,التوبَة,At-Taubah,اِ۬لذِينَ يَلْمِزُونَ اَ۬لْمُطَّوِّعِينَ مِنَ اَ۬لْمُومِنِينَ فِے اِ۬لصَّدَقَٰتِ وَالذِينَ لَا يَجِدُونَ إِلَّا جُهْدَهُمْ فَيَسْخَرُونَ مِنْهُمْ سَخِرَ اَ۬للَّهُ مِنْهُمْۖ وَلَهُمْ عَذَابٌ اَلِيمٌۖ ﱏ
1319,9,81,10,200,التوبَة,At-Taubah,اِ۪سْتَغْفِرْ لَهُمُۥٓ أَوْ لَا تَسْتَغْفِرْ لَهُمُۥٓۖ إِن تَسْتَغْفِرْ لَهُمْ سَبْعِينَ مَرَّةٗ فَلَنْ يَّغْفِرَ اَ۬للَّهُ لَهُمْۖ ذَٰلِكَ بِأَنَّهُمْ كَفَرُواْ بِاللَّهِ وَرَسُولِهِۦۖ وَاللَّهُ لَا يَهْدِے اِ۬لْقَوْمَ اَ۬لْفَٰسِقِينَۖ ﱐ
1320,9,82,10,200,التوبَة,At-Taubah,فَرِحَ اَ۬لْمُخَلَّفُونَ بِمَقْعَدِهِمْ خِلَٰفَ رَسُولِ اِ۬للَّهِ وَكَرِهُوٓاْ أَنْ يُّجَٰهِدُواْ بِأَمْوَٰلِهِمْ وَأَنفُسِهِمْ فِے سَبِيلِ اِ۬للَّهِ وَقَالُواْ لَا تَنفِرُواْ فِے اِ۬لْحَرِّۖ قُلْ نَارُ جَهَنَّمَ أَشَدُّ حَرّاٗ لَّوْ كَانُواْ يَفْقَهُونَۖ ﱑ
1321,9,83,10,200,التوبَة,At-Taubah,فَلْيَضْحَكُواْ قَلِيلاٗ وَلْيَبْكُواْ كَثِيراٗ جَزَآءَۢ بِمَا كَانُواْ يَكْسِبُونَۖ ﱒ
1322,9,84,10,200,التوبَة,At-Taubah,فَإِن رَّجَعَكَ اَ۬للَّهُ إِلَىٰ طَآئِفَةٖ مِّنْهُمْ فَاسْتَٰذَنُوكَ لِلْخُرُوجِ فَقُل لَّن تَخْرُجُواْ مَعِيَ أَبَداٗ وَلَن تُقَٰتِلُواْ مَعِے عَدُوّاًۖ اِنَّكُمْ رَضِيتُم بِالْقُعُودِ أَوَّلَ مَرَّةٖۖ فَاقْعُدُواْ مَعَ اَ۬لْخَٰلِفِينَۖ ﱓ
1323,9,85,10,200,التوبَة,At-Taubah,وَلَا تُصَلِّ عَلَىٰٓ أَحَدٖ مِّنْهُم مَّاتَ أَبَداٗ وَلَا تَقُمْ عَلَىٰ قَبْرِهِۦٓۖ إِنَّهُمْ كَفَرُواْ بِاللَّهِ وَرَسُولِهِۦ وَمَاتُواْ وَهُمْ فَٰسِقُونَۖ ﱔ
1324,9,86,10,200,التوبَة,At-Taubah,۞ وَلَا تُعْجِبْكَ أَمْوَٰلُهُمْ وَأَوْلَٰدُهُمُۥٓۖ إِنَّمَا يُرِيدُ اُ۬للَّهُ أَنْ يُّعَذِّبَهُم بِهَا فِے اِ۬لدُّنْي۪ا وَتَزْهَقَ أَنفُسُهُمْ وَهُمْ كَٰفِرُونَۖ ﱕ
1325,9,87,10,200,التوبَة,At-Taubah,وَإِذَآ أُنزِلَتْ سُورَةٌ اَنَ اٰمِنُواْ بِاللَّهِ وَجَٰهِدُواْ مَعَ رَسُولِهِ اِ۪سْتَٰذَنَكَ أُوْلُواْ اُ۬لطَّوْلِ مِنْهُمْ وَقَالُواْ ذَرْنَا نَكُن مَّعَ اَ۬لْقَٰعِدِينَۖ ﱖ
1326,9,88,10,201,التوبَة,At-Taubah,رَضُواْ بِأَنْ يَّكُونُواْ مَعَ اَ۬لْخَوَالِفِۖ وَطُبِعَ عَلَىٰ قُلُوبِهِمْ فَهُمْ لَا يَفْقَهُونَۖ ﱗ
1327,9,89,10,201,التوبَة,At-Taubah,لَٰكِنِ اِ۬لرَّسُولُ وَالذِينَ ءَامَنُواْ مَعَهُۥ جَٰهَدُواْ بِأَمْوَٰلِهِمْ وَأَنفُسِهِمْۖ وَأُوْلَٰٓئِكَ لَهُمُ اُ۬لْخَيْرَٰتُۖ وَأُوْلَٰٓئِكَ هُمُ اُ۬لْمُفْلِحُونَۖ ﱘ
1328,9,90,10,201,التوبَة,At-Taubah,أَعَدَّ اَ۬للَّهُ لَهُمْ جَنَّٰتٖ تَجْرِے مِن تَحْتِهَا اَ۬لَانْهَٰرُ خَٰلِدِينَ فِيهَاۖ ذَٰلِكَ اَ۬لْفَوْزُ اُ۬لْعَظِيمُۖ ﱙ
1329,9,91,10,201,التوبَة,At-Taubah,وَجَآءَ اَ۬لْمُعَذِّرُونَ مِنَ اَ۬لَاعْرَابِ لِيُوذَنَ لَهُمْ وَقَعَدَ اَ۬لذِينَ كَذَبُواْ اُ۬للَّهَ وَرَسُولَهُۥۖ سَيُصِيبُ اُ۬لذِينَ كَفَرُواْ مِنْهُمْ عَذَابٌ اَلِيمٞۖ ﱚ
1330,9,92,10,201,التوبَة,At-Taubah,لَّيْسَ عَلَى اَ۬لضُّعَفَآءِ وَلَا عَلَى اَ۬لْمَرْض۪ىٰ وَلَا عَلَى اَ۬لذِينَ لَا يَجِدُونَ مَا يُنفِقُونَ حَرَجٌ اِذَا نَصَحُواْ لِلهِ وَرَسُولِهِۦۖ مَا عَلَى اَ۬لْمُحْسِنِينَ مِن سَبِيلٖۖ وَاللَّهُ غَفُورٞ رَّحِيمٞۖ ﱛ
1331,9,93,10,201,التوبَة,At-Taubah,وَلَا عَلَى اَ۬لذِينَ إِذَا مَآ أَتَوْكَ لِتَحْمِلَهُمْ قُلْتَ لَآ أَجِدُ مَآ أَحْمِلُكُمْ عَلَيْهِۖ تَوَلَّواْ وَّأَعْيُنُهُمْ تَفِيضُ مِنَ اَ۬لدَّمْعِ حَزَناً اَلَّا يَجِدُواْ مَا يُنفِقُونَۖ ﱜ
1332,9,94,11,201,التوبَة,At-Taubah,۞ إِنَّمَا اَ۬لسَّبِيلُ عَلَى اَ۬لذِينَ يَسْتَٰذِنُونَكَ وَهُمُۥٓ أَغْنِيَآءُۖ رَضُواْ بِأَنْ يَّكُونُواْ مَعَ اَ۬لْخَوَالِفِۖ وَطَبَعَ اَ۬للَّهُ عَلَىٰ قُلُوبِهِمْ فَهُمْ لَا يَعْلَمُونَۖ ﱝ
1333,9,95,11,202,التوبَة,At-Taubah,يَعْتَذِرُونَ إِلَيْكُمُۥٓ إِذَا رَجَعْتُمُۥٓ إِلَيْهِمْۖ قُل لَّا تَعْتَذِرُواْ لَن نُّومِنَ لَكُمْۖ قَدْ نَبَّأَنَا اَ۬للَّهُ مِنَ اَخْب۪ارِكُمْۖ وَسَيَرَى اَ۬للَّهُ عَمَلَكُمْ وَرَسُولُهُۥۖ ثُمَّ تُرَدُّونَ إِلَىٰ عَٰلِمِ اِ۬لْغَيْبِ وَالشَّهَٰدَةِ فَيُنَبِّئُكُم بِمَا كُنتُمْ تَعْمَلُونَۖ ﱞ
1334,9,96,11,202,التوبَة,At-Taubah,سَيَحْلِفُونَ بِاللَّهِ لَكُمُۥٓ إِذَا اَ۪نقَلَبْتُمُۥٓ إِلَيْهِمْ لِتُعْرِضُواْ عَنْهُمْۖ فَأَعْرِضُواْ عَنْهُمُۥٓۖ إِنَّهُمْ رِجْسٞۖ وَمَأْو۪يٰهُمْ جَهَنَّمُۖ جَزَآءَۢ بِمَا كَانُواْ يَكْسِبُونَۖ ﱟ
1335,9,97,11,202,التوبَة,At-Taubah,يَحْلِفُونَ لَكُمْ لِتَرْضَوْاْ عَنْهُمْ فَإِن تَرْضَوْاْ عَنْهُمْ فَإِنَّ اَ۬للَّهَ لَا يَرْض۪ىٰ عَنِ اِ۬لْقَوْمِ اِ۬لْفَٰسِقِينَۖ ﱠ
1336,9,98,11,202,التوبَة,At-Taubah,اَ۬لَاعْرَابُ أَشَدُّ كُفْراٗ وَنِفَاقاٗ وَأَجْدَرُ أَلَّا يَعْلَمُواْ حُدُودَ مَآ أَنزَلَ اَ۬للَّهُ عَلَىٰ رَسُولِهِۦۖ وَاللَّهُ عَلِيمٌ حَكِيمٞۖ ﱡ
1337,9,99,11,202,التوبَة,At-Taubah,وَمِنَ اَ۬لَاعْرَابِ مَنْ يَّتَّخِذُ مَا يُنفِقُ مَغْرَماٗ وَيَتَرَبَّصُ بِكُمُ اُ۬لدَّوَآئِرَۖ عَلَيْهِمْ دَآئِرَةُ اُ۬لسَّوْءِۖ وَاللَّهُ سَمِيعٌ عَلِيمٞۖ ﱢ
1338,9,100,11,202,التوبَة,At-Taubah,وَمِنَ اَ۬لَاعْرَابِ مَنْ يُّومِنُ بِاللَّهِ وَالْيَوْمِ اِ۬لَاخِرِ وَيَتَّخِذُ مَا يُنفِقُ قُرُبَٰتٍ عِندَ اَ۬للَّهِ وَصَلَوَٰتِ اِ۬لرَّسُولِۖ أَلَآ إِنَّهَا قُرُبَةٞ لَّهُمْۖ سَيُدْخِلُهُمُ اُ۬للَّهُ فِے رَحْمَتِهِۦٓۖ إِنَّ اَ۬للَّهَ غَفُورٞ رَّحِيمٞۖ ﱣ
1339,9,101,11,203,التوبَة,At-Taubah,وَالسَّٰبِقُونَ اَ۬لَاوَّلُونَ مِنَ اَ۬لْمُهَٰجِرِينَ وَالَانص۪ارِ وَالذِينَ اَ۪تَّبَعُوهُم بِإِحْسَٰنٖ رَّضِيَ اَ۬للَّهُ عَنْهُمْ وَرَضُواْ عَنْهُۖ وَأَعَدَّ لَهُمْ جَنَّٰتٖ تَجْرِے تَحْتَهَا اَ۬لَانْهَٰرُ خَٰلِدِينَ فِيهَآ أَبَداٗۖ ذَٰلِكَ اَ۬لْفَوْزُ اُ۬لْعَظِيمُۖ ﱤ
1340,9,102,11,203,التوبَة,At-Taubah,۞ وَمِمَّنْ حَوْلَكُم مِّنَ اَ۬لَاعْرَابِ مُنَٰفِقُونَۖ وَمِنَ اَهْلِ اِ۬لْمَدِينَةِ مَرَدُواْ عَلَى اَ۬لنِّفَاقِ لَا تَعْلَمُهُمْۖ نَحْنُ نَعْلَمُهُمْۖ سَنُعَذِّبُهُم مَّرَّتَيْنِ ثُمَّ يُرَدُّونَ إِلَىٰ عَذَابٍ عَظِيمٖۖ ﱥ
1341,9,103,11,203,التوبَة,At-Taubah,وَءَاخَرُونَ اَ۪عْتَرَفُواْ بِذُنُوبِهِمْ خَلَطُواْ عَمَلاٗ صَٰلِحاٗ وَءَاخَرَ سَيِّئاً عَسَى اَ۬للَّهُ أَنْ يَّتُوبَ عَلَيْهِمُۥٓۖ إِنَّ اَ۬للَّهَ غَفُورٞ رَّحِيمٌۖ ﱦ
1342,9,104,11,203,التوبَة,At-Taubah,خُذْ مِنَ اَمْوَٰلِهِمْ صَدَقَةٗ تُطَهِّرُهُمْ وَتُزَكِّيهِم بِهَا وَصَلِّ عَلَيْهِمُۥٓۖ إِنَّ صَلَوَٰتِكَ سَكَنٞ لَّهُمْۖ وَاللَّهُ سَمِيعٌ عَلِيمٌۖ ﱧ
1343,9,105,11,203,التوبَة,At-Taubah,اَلَمْ يَعْلَمُوٓاْ أَنَّ اَ۬للَّهَ هُوَ يَقْبَلُ اُ۬لتَّوْبَةَ عَنْ عِبَادِهِۦ وَيَاخُذُ اُ۬لصَّدَقَٰتِ وَأَنَّ اَ۬للَّهَ هُوَ اَ۬لتَّوَّابُ اُ۬لرَّحِيمُۖ ﱨ
1344,9,106,11,203,التوبَة,At-Taubah,وَقُلِ اِ۪عْمَلُواْ فَسَيَرَى اَ۬للَّهُ عَمَلَكُمْ وَرَسُولُهُۥ وَالْمُومِنُونَۖ وَسَتُرَدُّونَ إِلَىٰ عَٰلِمِ اِ۬لْغَيْبِ وَالشَّهَٰدَةِ فَيُنَبِّئُكُم بِمَا كُنتُمْ تَعْمَلُونَۖ ﱩ
1345,9,107,11,203,التوبَة,At-Taubah,وَءَاخَرُونَ مُرْجَوْنَ لِأَمْرِ اِ۬للَّهِ إِمَّا يُعَذِّبُهُمْ وَإِمَّا يَتُوبُ عَلَيْهِمْۖ وَاللَّهُ عَلِيمٌ حَكِيمٌۖ ﱪ
1346,9,108,11,204,التوبَة,At-Taubah,اِ۬لذِينَ اَ۪تَّخَذُواْ مَسْجِداٗ ضِرَاراٗ وَكُفْراٗ وَتَفْرِيقاَۢ بَيْنَ اَ۬لْمُومِنِينَ وَإِرْصَاداٗ لِّمَنْ حَارَبَ اَ۬للَّهَ وَرَسُولَهُۥ مِن قَبْلُۖ وَلَيَحْلِفُنَّ إِنَ اَرَدْنَآ إِلَّا اَ۬لْحُسْن۪ىٰۖ وَاللَّهُ يَشْهَدُ إِنَّهُمْ لَكَٰذِبُونَۖ ﱫ
1347,9,109,11,204,التوبَة,At-Taubah,لَا تَقُمْ فِيهِ أَبَداٗۖ لَّمَسْجِدٌ ا۟سِّسَ عَلَى اَ۬لتَّقْو۪ىٰ مِنَ اَوَّلِ يَوْمٍ اَحَقُّ أَن تَقُومَ فِيهِۖ فِيهِ رِجَالٞ يُحِبُّونَ أَنْ يَّتَطَهَّرُواْۖ وَاللَّهُ يُحِبُّ اُ۬لْمُطَّهِّرِينَۖ ﱬ
1348,9,110,11,204,التوبَة,At-Taubah,أَفَمَنُ ا۟سِّسَ بُنْيَٰنُهُۥ عَلَىٰ تَقْو۪ىٰ مِنَ اَ۬للَّهِ وَرِضْوَٰنٍ خَيْرٌ اَم مَّنُ ا۟سِّسَ بُنْيَٰنُهُۥ عَلَىٰ شَفَا جُرُفٍ ه۪ارٖ فَانْهَارَ بِهِۦ فِے ن۪ارِ جَهَنَّمَۖ وَاللَّهُ لَا يَهْدِے اِ۬لْقَوْمَ اَ۬لظَّٰلِمِينَۖ ﱭ
1349,9,111,11,204,التوبَة,At-Taubah,لَا يَزَالُ بُنْيَٰنُهُمُ اُ۬لذِے بَنَوْاْ رِيبَةٗ فِے قُلُوبِهِمُۥٓ إِلَّآ أَن تُقَطَّعَ قُلُوبُهُمْۖ وَاللَّهُ عَلِيمٌ حَكِيمٌۖ ﱮ
1350,9,112,11,204,التوبَة,At-Taubah,۞ اِنَّ اَ۬للَّهَ اَ۪شْتَر۪ىٰ مِنَ اَ۬لْمُومِنِينَ أَنفُسَهُمْ وَأَمْوَٰلَهُم بِأَنَّ لَهُمُ اُ۬لْجَنَّةَۖ يُقَٰتِلُونَ فِے سَبِيلِ اِ۬للَّهِ فَيَقْتُلُونَ وَيُقْتَلُونَ وَعْداً عَلَيْهِ حَقّاٗ فِے اِ۬لتَّوْر۪يٰةِ وَالِانجِيلِ وَالْقُرْءَانِۖ وَمَنَ اَوْف۪ىٰ بِعَهْدِهِۦ مِنَ اَ۬للَّهِۖ فَاسْتَبْشِرُواْ بِبَيْعِكُمُ اُ۬لذِے بَايَعْتُم بِهِۦۖ وَذَٰلِكَ هُوَ اَ۬لْفَوْزُ اُ۬لْعَظِيمُۖ ﱯ
1351,9,113,11,205,التوبَة,At-Taubah,اُ۬لتَّٰٓئِبُونَ اَ۬لْعَٰبِدُونَ اَ۬لْحَٰمِدُونَ اَ۬لسَّٰٓئِحُونَ اَ۬لرَّٰكِعُونَ اَ۬لسَّٰجِدُونَ اَ۬لَامِرُونَ بِالْمَعْرُوفِ وَالنَّاهُونَ عَنِ اِ۬لْمُنكَرِ وَالْحَٰفِظُونَ لِحُدُودِ اِ۬للَّهِۖ وَبَشِّرِ اِ۬لْمُومِنِينَۖ ﱰ
1352,9,114,11,205,التوبَة,At-Taubah,مَا كَانَ لِلنَّبِےٓءِ وَالذِينَ ءَامَنُوٓاْ أَنْ يَّسْتَغْفِرُواْ لِلْمُشْرِكِينَ وَلَوْ كَانُوٓاْ أُوْلِے قُرْب۪ىٰ مِنۢ بَعْدِ مَا تَبَيَّنَ لَهُمُۥٓ أَنَّهُمُۥٓ أَصْحَٰبُ اُ۬لْجَحِيمِۖ ﱱ
1353,9,115,11,205,التوبَة,At-Taubah,وَمَا كَانَ اَ۪سْتِغْفَارُ إِبْرَٰهِيمَ لِأَبِيهِ إِلَّا عَن مَّوْعِدَةٖ وَعَدَهَآ إِيَّاهُۖ فَلَمَّا تَبَيَّنَ لَهُۥٓ أَنَّهُۥ عَدُوّٞ لِّلهِ تَبَرَّأَ مِنْهُۖ إِنَّ إِبْرَٰهِيمَ لَأَوَّٰهٌ حَلِيمٞۖ ﱲ
1354,9,116,11,205,التوبَة,At-Taubah,وَمَا كَانَ اَ۬للَّهُ لِيُضِلَّ قَوْماَۢ بَعْدَ إِذْ هَد۪يٰهُمْ حَتَّىٰ يُبَيِّنَ لَهُم مَّا يَتَّقُونَۖ إِنَّ اَ۬للَّهَ بِكُلِّ شَےْءٍ عَلِيمٌۖ ﱳ
1355,9,117,11,205,التوبَة,At-Taubah,اِنَّ اَ۬للَّهَ لَهُۥ مُلْكُ اُ۬لسَّمَٰوَٰتِ وَالَارْضِۖ يُحْيِۦ وَيُمِيتُۖ وَمَا لَكُم مِّن دُونِ اِ۬للَّهِ مِنْ وَّلِيّٖ وَلَا نَصِيرٖۖ ﱴ
1356,9,118,11,205,التوبَة,At-Taubah,۞ لَّقَد تَّابَ اَ۬للَّهُ عَلَى اَ۬لنَّبِےٓءِ وَالْمُهَٰجِرِينَ وَالَانص۪ارِ اِ۬لذِينَ اَ۪تَّبَعُوهُ فِے سَاعَةِ اِ۬لْعُسْرَةِ مِنۢ بَعْدِ مَا كَادَ تَزِيغُ قُلُوبُ فَرِيقٖ مِّنْهُمْ ثُمَّ تَابَ عَلَيْهِمُۥٓۖ إِنَّهُۥ بِهِمْ رَءُوفٞ رَّحِيمٞ ﱵ
1357,9,119,11,206,التوبَة,At-Taubah,وَعَلَى اَ۬لثَّلَٰثَةِ اِ۬لذِينَ خُلِّفُواْۖ حَتَّىٰٓ إِذَا ضَاقَتْ عَلَيْهِمُ اُ۬لَارْضُ بِمَا رَحُبَتْ وَضَاقَتْ عَلَيْهِمُۥٓ أَنفُسُهُمْ وَظَنُّوٓاْ أَن لَّا مَلْجَأَ مِنَ اَ۬للَّهِ إِلَّآ إِلَيْهِ ثُمَّ تَابَ عَلَيْهِمْ لِيَتُوبُوٓاْۖ إِنَّ اَ۬للَّهَ هُوَ اَ۬لتَّوَّابُ اُ۬لرَّحِيمُۖ ﱶ
1358,9,120,11,206,التوبَة,At-Taubah,يَٰٓأَيُّهَا اَ۬لذِينَ ءَامَنُواْ اُ۪تَّقُواْ اُ۬للَّهَ وَكُونُواْ مَعَ اَ۬لصَّٰدِقِينَۖ ﱷ
1359,9,121,11,206,التوبَة,At-Taubah,مَا كَانَ لِأَهْلِ اِ۬لْمَدِينَةِ وَمَنْ حَوْلَهُم مِّنَ اَ۬لَاعْرَابِ أَنْ يَّتَخَلَّفُواْ عَن رَّسُولِ اِ۬للَّهِ وَلَا يَرْغَبُواْ بِأَنفُسِهِمْ عَن نَّفْسِهِۦۖ ذَٰلِكَ بِأَنَّهُمْ لَا يُصِيبُهُمْ ظَمَأٞ وَلَا نَصَبٞ وَلَا مَخْمَصَةٞ فِے سَبِيلِ اِ۬للَّهِ وَلَا يَطَـُٔونَ مَوْطِئاٗ يَغِيظُ اُ۬لْكُفَّارَ وَلَا يَنَالُونَ مِنْ عَدُوّٖ نَّيْلاً اِلَّا كُتِبَ لَهُم بِهِۦ عَمَلٞ صَٰلِحٌۖ اِنَّ اَ۬للَّهَ لَا يُضِيعُ أَجْرَ اَ۬لْمُحْسِنِينَۖ ﱸ
1360,9,122,11,206,التوبَة,At-Taubah,وَلَا يُنفِقُونَ نَفَقَةٗ صَغِيرَةٗ وَلَا كَبِيرَةٗ وَلَا يَقْطَعُونَ وَادِياً اِلَّا كُتِبَ لَهُمْۖ لِيَجْزِيَهُمُ اُ۬للَّهُ أَحْسَنَ مَا كَانُواْ يَعْمَلُونَۖ ﱹ
1361,9,123,11,206,التوبَة,At-Taubah,وَمَا كَانَ اَ۬لْمُومِنُونَ لِيَنفِرُواْ كَآفَّةٗۖ فَلَوْلَا نَفَرَ مِن كُلِّ فِرْقَةٖ مِّنْهُمْ طَآئِفَةٞ لِّيَتَفَقَّهُواْ فِے اِ۬لدِّينِ وَلِيُنذِرُواْ قَوْمَهُمُۥٓ إِذَا رَجَعُوٓاْ إِلَيْهِمْ لَعَلَّهُمْ يَحْذَرُونَۖ ﱺ
1362,9,124,11,207,التوبَة,At-Taubah,۞ يَٰٓأَيُّهَا اَ۬لذِينَ ءَامَنُواْ قَٰتِلُواْ اُ۬لذِينَ يَلُونَكُم مِّنَ اَ۬لْكُفّ۪ارِ وَلْيَجِدُواْ فِيكُمْ غِلْظَةٗۖ وَاعْلَمُوٓاْ أَنَّ اَ۬للَّهَ مَعَ اَ۬لْمُتَّقِينَۖ ﱻ
1363,9,125,11,207,التوبَة,At-Taubah,وَإِذَا مَآ أُنزِلَتْ سُورَةٞ فَمِنْهُم مَّنْ يَّقُولُ أَيُّكُمْ زَادَتْهُ هَٰذِهِۦٓ إِيمَٰناٗۖ فَأَمَّا اَ۬لذِينَ ءَامَنُواْ فَزَادَتْهُمُۥٓ إِيمَٰناٗ وَهُمْ يَسْتَبْشِرُونَۖ ﱼ
1364,9,126,11,207,التوبَة,At-Taubah,وَأَمَّا اَ۬لذِينَ فِے قُلُوبِهِم مَّرَضٞ فَزَادَتْهُمْ رِجْساً اِلَىٰ رِجْسِهِمْ وَمَاتُواْ وَهُمْ كَٰفِرُونَۖ ﱽ
1365,9,127,11,207,التوبَة,At-Taubah,أَوَلَا يَرَوْنَ أَنَّهُمْ يُفْتَنُونَ فِے كُلِّ عَامٖ مَّرَّةً اَوْ مَرَّتَيْنِ ثُمَّ لَا يَتُوبُونَ وَلَا هُمْ يَذَّكَّرُونَۖ ﱾ
1366,9,128,11,207,التوبَة,At-Taubah,وَإِذَا مَآ أُنزِلَتْ سُورَةٞ نَّظَرَ بَعْضُهُمُۥٓ إِلَىٰ بَعْضٍ هَلْ يَر۪يٰكُم مِّنَ اَحَدٖ ثُمَّ اَ۪نصَرَفُواْۖ صَرَفَ اَ۬للَّهُ قُلُوبَهُم بِأَنَّهُمْ قَوْمٞ لَّا يَفْقَهُونَۖ ﱿ
1367,9,129,11,207,التوبَة,At-Taubah,لَقَدْ جَآءَكُمْ رَسُولٞ مِّنَ اَنفُسِكُمْ عَزِيزٌ عَلَيْهِ مَا عَنِتُّمْۖ حَرِيصٌ عَلَيْكُمۖ بِالْمُومِنِينَ رَءُوفٞ رَّحِيمٞۖ ﲀ
1368,9,130,11,207,التوبَة,At-Taubah,فَإِن تَوَلَّوْاْ فَقُلْ حَسْبِيَ اَ۬للَّهُۖ لَآ إِلَٰهَ إِلَّا هُوَۖ عَلَيْهِ تَوَكَّلْتُۖ وَهُوَ رَبُّ اُ۬لْعَرْشِ اِ۬لْعَظِيمِۖ ﲁ
1369,10,1,11,208,يُونس,Yūnus,أَلَٓر۪ۖ تِلْكَ ءَايَٰتُ اُ۬لْكِتَٰبِ اِ۬لْحَكِيمِۖ ﰀ
1370,10,2,11,208,يُونس,Yūnus,أَكَانَ لِلنَّاسِ عَجَباً اَنَ اَوْحَيْنَآ إِلَىٰ رَجُلٖ مِّنْهُمُۥٓ أَنَ اَنذِرِ اِ۬لنَّاسَۖ وَبَشِّرِ اِ۬لذِينَ ءَامَنُوٓاْ أَنَّ لَهُمْ قَدَمَ صِدْقٍ عِندَ رَبِّهِمْۖ قَالَ اَ۬لْكَٰفِرُونَ إِنَّ هَٰذَا لَسِحْرٞ مُّبِينٌۖ ﰁ
1371,10,3,11,208,يُونس,Yūnus,۞ اِنَّ رَبَّكُمُ اُ۬للَّهُ اُ۬لذِے خَلَقَ اَ۬لسَّمَٰوَٰتِ وَالَارْضَ فِے سِتَّةِ أَيَّامٖ ثُمَّ اَ۪سْتَو۪ىٰ عَلَى اَ۬لْعَرْشِۖ يُدَبِّرُ اُ۬لَامْرَۖ مَا مِن شَفِيعٍ اِلَّا مِنۢ بَعْدِ إِذْنِهِۦۖ ذَٰلِكُمُ اُ۬للَّهُ رَبُّكُمْۖ فَاعْبُدُوهُۖ أَفَلَا تَذَّكَّرُونَۖ ﰂ
1372,10,4,11,208,يُونس,Yūnus,إِلَيْهِ مَرْجِعُكُمْ جَمِيعاٗۖ وَعْدَ اَ۬للَّهِ حَقّاًۖ اِنَّهُۥ يَبْدَؤُاْ اُ۬لْخَلْقَ ثُمَّ يُعِيدُهُۥ لِيَجْزِيَ اَ۬لذِينَ ءَامَنُواْ وَعَمِلُواْ اُ۬لصَّٰلِحَٰتِ بِالْقِسْطِۖ وَالذِينَ كَفَرُواْ لَهُمْ شَرَابٞ مِّنْ حَمِيمٖ وَعَذَابٌ اَلِيمُۢ بِمَا كَانُواْ يَكْفُرُونَۖ ﰃ
1373,10,5,11,208,يُونس,Yūnus,هُوَ اَ۬لذِے جَعَلَ اَ۬لشَّمْسَ ضِيَآءٗ وَالْقَمَرَ نُوراٗ وَقَدَّرَهُۥ مَنَازِلَ لِتَعْلَمُواْ عَدَدَ اَ۬لسِّنِينَ وَالْحِسَابَۖ مَا خَلَقَ اَ۬للَّهُ ذَٰلِكَ إِلَّا بِالْحَقِّۖ نُفَصِّلُ اُ۬لَايَٰتِ لِقَوْمٖ يَعْلَمُونَۖ ﰄ
1374,10,6,11,208,يُونس,Yūnus,إِنَّ فِے اِ۪خْتِلَٰفِ اِ۬ليْلِ وَالنَّه۪ارِ وَمَا خَلَقَ اَ۬للَّهُ فِے اِ۬لسَّمَٰوَٰتِ وَالَارْضِ لَأٓيَٰتٖ لِّقَوْمٖ يَتَّقُونَۖ ﰅ
1375,10,7,11,209,يُونس,Yūnus,إِنَّ اَ۬لذِينَ لَا يَرْجُونَ لِقَآءَنَا وَرَضُواْ بِالْحَيَوٰةِ اِ۬لدُّنْي۪ا وَاطْمَأَنُّواْ بِهَا وَالذِينَ هُمْ عَنَ اٰيَٰتِنَا غَٰفِلُونَ ﰆ
1376,10,8,11,209,يُونس,Yūnus,أُوْلَٰٓئِكَ مَأْو۪يٰهُمُ اُ۬لنَّارُ بِمَا كَانُواْ يَكْسِبُونَۖ ﰇ
1377,10,9,11,209,يُونس,Yūnus,إِنَّ اَ۬لذِينَ ءَامَنُواْ وَعَمِلُواْ اُ۬لصَّٰلِحَٰتِ يَهْدِيهِمْ رَبُّهُم بِإِيمَٰنِهِمْۖ تَجْرِے مِن تَحْتِهِمُ اُ۬لَانْهَٰرُ فِے جَنَّٰتِ اِ۬لنَّعِيمِۖ ﰈ
1378,10,10,11,209,يُونس,Yūnus,دَعْو۪يٰهُمْ فِيهَا سُبْحَٰنَكَ اَ۬للَّهُمَّۖ وَتَحِيَّتُهُمْ فِيهَا سَلَٰمٞۖ وَءَاخِرُ دَعْو۪يٰهُمُۥٓ أَنِ اِ۬لْحَمْدُ لِلهِ رَبِّ اِ۬لْعَٰلَمِينَۖ ﰉ
1379,10,11,11,209,يُونس,Yūnus,۞ وَلَوْ يُعَجِّلُ اُ۬للَّهُ لِلنَّاسِ اِ۬لشَّرَّ اَ۪سْتِعْجَالَهُم بِالْخَيْرِ لَقُضِيَ إِلَيْهِمُۥٓ أَجَلُهُمْۖ فَنَذَرُ اُ۬لذِينَ لَا يَرْجُونَ لِقَآءَنَا فِے طُغْيَٰنِهِمْ يَعْمَهُونَۖ ﰊ
1380,10,12,11,209,يُونس,Yūnus,وَإِذَا مَسَّ اَ۬لِانسَٰنَ اَ۬لضُّرُّ دَعَانَا لِجَنۢبِهِۦٓ أَوْ قَاعِداً اَوْ قَآئِماٗۖ فَلَمَّا كَشَفْنَا عَنْهُ ضُرَّهُۥ مَرَّ كَأَن لَّمْ يَدْعُنَآ إِلَىٰ ضُرّٖ مَّسَّهُۥۖ كَذَٰلِكَ زُيِّنَ لِلْمُسْرِفِينَ مَا كَانُواْ يَعْمَلُونَۖ ﰋ
1381,10,13,11,209,يُونس,Yūnus,وَلَقَدَ اَهْلَكْنَا اَ۬لْقُرُونَ مِن قَبْلِكُمْ لَمَّا ظَلَمُواْ وَجَآءَتْهُمْ رُسُلُهُم بِالْبَيِّنَٰتِۖ وَمَا كَانُواْ لِيُومِنُواْۖ كَذَٰلِكَ نَجْزِے اِ۬لْقَوْمَ اَ۬لْمُجْرِمِينَۖ ﰌ
1382,10,14,11,209,يُونس,Yūnus,ثُمَّ جَعَلْنَٰكُمْ خَلَٰٓئِفَ فِے اِ۬لَارْضِ مِنۢ بَعْدِهِمْ لِنَنظُرَ كَيْفَ تَعْمَلُونَۖ ﰍ
1383,10,15,11,210,يُونس,Yūnus,وَإِذَا تُتْل۪ىٰ عَلَيْهِمُۥٓ ءَايَاتُنَا بَيِّنَٰتٖ قَالَ اَ۬لذِينَ لَا يَرْجُونَ لِقَآءَنَا اَ۪يتِ بِقُرْءَانٍ غَيْرِ هَٰذَآ أَوْ بَدِّلْهُۖ قُلْ مَا يَكُونُ لِيَ أَنُ ا۟بَدِّلَهُۥ مِن تِلْقَآءِےْ نَفْسِيَۖ إِنَ اَتَّبِعُ إِلَّا مَا يُوح۪ىٰٓ إِلَيَّۖ إِنِّيَ أَخَافُ إِنْ عَصَيْتُ رَبِّے عَذَابَ يَوْمٍ عَظِيمٖۖ ﰎ
1384,10,16,11,210,يُونس,Yūnus,قُل لَّوْ شَآءَ اَ۬للَّهُ مَا تَلَوْتُهُۥ عَلَيْكُمْ وَلَآ أَدْر۪يٰكُم بِهِۦۖ فَقَدْ لَبِثْتُ فِيكُمْ عُمُراٗ مِّن قَبْلِهِۦٓۖ أَفَلَا تَعْقِلُونَۖ ﰏ
1385,10,17,11,210,يُونس,Yūnus,فَمَنَ اَظْلَمُ مِمَّنِ اِ۪فْتَر۪ىٰ عَلَى اَ۬للَّهِ كَذِباً اَوْ كَذَّبَ بِـَٔايَٰتِهِۦٓۖ إِنَّهُۥ لَا يُفْلِحُ اُ۬لْمُجْرِمُونَۖ ﰐ
1386,10,18,11,210,يُونس,Yūnus,وَيَعْبُدُونَ مِن دُونِ اِ۬للَّهِ مَا لَا يَضُرُّهُمْ وَلَا يَنفَعُهُمْ وَيَقُولُونَ هَٰٓؤُلَآءِ شُفَعَٰٓؤُنَا عِندَ اَ۬للَّهِۖ قُلَ اَتُنَبِّـُٔونَ اَ۬للَّهَ بِمَا لَا يَعْلَمُ فِے اِ۬لسَّمَٰوَٰتِ وَلَا فِے اِ۬لَارْضِۖ سُبْحَٰنَهُۥ وَتَعَٰل۪ىٰ عَمَّا يُشْرِكُونَۖ ﰑ
1387,10,19,11,210,يُونس,Yūnus,۞ وَمَا كَانَ اَ۬لنَّاسُ إِلَّآ أُمَّةٗ وَٰحِدَةٗ فَاخْتَلَفُواْۖ وَلَوْلَا كَلِمَةٞ سَبَقَتْ مِن رَّبِّكَ لَقُضِيَ بَيْنَهُمْ فِيمَا فِيهِ يَخْتَلِفُونَۖ ﰒ
1388,10,20,11,210,يُونس,Yūnus,وَيَقُولُونَ لَوْلَآ أُنزِلَ عَلَيْهِ ءَايَةٞ مِّن رَّبِّهِۦۖ فَقُلِ اِنَّمَا اَ۬لْغَيْبُ لِلهِۖ فَانتَظِرُوٓاْۖ إِنِّے مَعَكُم مِّنَ اَ۬لْمُنتَظِرِينَۖ ﰓ
1389,10,21,11,211,يُونس,Yūnus,وَإِذَآ أَذَقْنَا اَ۬لنَّاسَ رَحْمَةٗ مِّنۢ بَعْدِ ضَرَّآءَ مَسَّتْهُمُۥٓ إِذَا لَهُم مَّكْرٞ فِےٓ ءَايَاتِنَاۖ قُلِ اِ۬للَّهُ أَسْرَعُ مَكْراًۖ اِنَّ رُسُلَنَا يَكْتُبُونَ مَا تَمْكُرُونَۖ ﰔ
1390,10,22,11,211,يُونس,Yūnus,هُوَ اَ۬لذِے يُسَيِّرُكُمْ فِے اِ۬لْبَرِّ وَالْبَحْرِۖ حَتَّىٰٓ إِذَا كُنتُمْ فِے اِ۬لْفُلْكِ وَجَرَيْنَ بِهِم بِرِيحٖ طَيِّبَةٖ وَفَرِحُواْ بِهَا جَآءَتْهَا رِيحٌ عَاصِفٞ وَجَآءَهُمُ اُ۬لْمَوْجُ مِن كُلِّ مَكَانٖ وَظَنُّوٓاْ أَنَّهُمُۥٓ أُحِيطَ بِهِمْ دَعَوُاْ اُ۬للَّهَ مُخْلِصِينَ لَهُ اُ۬لدِّينَ لَئِنَ اَنجَيْتَنَا مِنْ هَٰذِهِۦ لَنَكُونَنَّ مِنَ اَ۬لشَّٰكِرِينَۖ ﰕ
1391,10,23,11,211,يُونس,Yūnus,فَلَمَّآ أَنج۪يٰهُمُۥٓ إِذَا هُمْ يَبْغُونَ فِے اِ۬لَارْضِ بِغَيْرِ اِ۬لْحَقِّۖ يَٰٓأَيُّهَا اَ۬لنَّاسُ إِنَّمَا بَغْيُكُمْ عَلَىٰٓ أَنفُسِكُمۖ مَّتَٰعُ اُ۬لْحَيَوٰةِ اِ۬لدُّنْي۪اۖ ثُمَّ إِلَيْنَا مَرْجِعُكُمْ فَنُنَبِّئُكُم بِمَا كُنتُمْ تَعْمَلُونَۖ ﰖ
1392,10,24,11,211,يُونس,Yūnus,إِنَّمَا مَثَلُ اُ۬لْحَيَوٰةِ اِ۬لدُّنْي۪ا كَمَآءٍ اَنزَلْنَٰهُ مِنَ اَ۬لسَّمَآءِ فَاخْتَلَطَۖ بِهِۦ نَبَاتُ اُ۬لَارْضِ مِمَّا يَاكُلُ اُ۬لنَّاسُ وَالَانْعَٰمُۖ حَتَّىٰٓ إِذَآ أَخَذَتِ اِ۬لَارْضُ زُخْرُفَهَا وَازَّيَّنَتْ وَظَنَّ أَهْلُهَآ أَنَّهُمْ قَٰدِرُونَ عَلَيْهَآ أَت۪يٰهَآ أَمْرُنَا لَيْلاً اَوْ نَهَاراٗ فَجَعَلْنَٰهَا حَصِيداٗ كَأَن لَّمْ تَغْنَ بِالَامْسِۖ كَذَٰلِكَ نُفَصِّلُ اُ۬لَايَٰتِ لِقَوْمٖ يَتَفَكَّرُونَۖ ﰗ
1393,10,25,11,211,يُونس,Yūnus,وَاللَّهُ يَدْعُوٓاْ إِلَىٰ د۪ارِ اِ۬لسَّلَٰمِ وَيَهْدِے مَنْ يَّشَآءُ اِ۪لَىٰ صِرَٰطٖ مُّسْتَقِيمٖۖ ﰘ
1394,10,26,11,212,يُونس,Yūnus,۞ لِّلذِينَ أَحْسَنُواْ اُ۬لْحُسْن۪ىٰ وَزِيَادَةٞۖ وَلَا يَرْهَقُ وُجُوهَهُمْ قَتَرٞ وَلَا ذِلَّةٌۖ ا۟وْلَٰٓئِكَ أَصْحَٰبُ اُ۬لْجَنَّةِۖ هُمْ فِيهَا خَٰلِدُونَۖ ﰙ
1395,10,27,11,212,يُونس,Yūnus,وَالذِينَ كَسَبُواْ اُ۬لسَّيِّـَٔاتِ جَزَآءُ سَيِّئَةِۢ بِمِثْلِهَا وَتَرْهَقُهُمْ ذِلَّةٞ مَّا لَهُم مِّنَ اَ۬للَّهِ مِنْ عَاصِمٖ كَأَنَّمَآ أُغْشِيَتْ وُجُوهُهُمْ قِطَعاٗ مِّنَ اَ۬ليْلِ مُظْلِماًۖ ا۟وْلَٰٓئِكَ أَصْحَٰبُ اُ۬لنّ۪ارِ هُمْ فِيهَا خَٰلِدُونَۖ ﰚ
1396,10,28,11,212,يُونس,Yūnus,وَيَوْمَ نَحْشُرُهُمْ جَمِيعاٗ ثُمَّ نَقُولُ لِلذِينَ أَشْرَكُواْ مَكَانَكُمُۥٓ أَنتُمْ وَشُرَكَآؤُكُمْ فَزَيَّلْنَا بَيْنَهُمْۖ وَقَالَ شُرَكَآؤُهُم مَّا كُنتُمُۥٓ إِيَّانَا تَعْبُدُونَۖ ﰛ
1397,10,29,11,212,يُونس,Yūnus,فَكَف۪ىٰ بِاللَّهِ شَهِيداَۢ بَيْنَنَا وَبَيْنَكُمُۥٓ إِن كُنَّا عَنْ عِبَادَتِكُمْ لَغَٰفِلِينَۖ ﰜ
1398,10,30,11,212,يُونس,Yūnus,هُنَالِكَ تَبْلُواْ كُلُّ نَفْسٖ مَّآ أَسْلَفَتْۖ وَرُدُّوٓاْ إِلَى اَ۬للَّهِ مَوْل۪يٰهُمُ اُ۬لْحَقِّۖ وَضَلَّ عَنْهُم مَّا كَانُواْ يَفْتَرُونَۖ ﰝ
1399,10,31,11,212,يُونس,Yūnus,قُلْ مَنْ يَّرْزُقُكُم مِّنَ اَ۬لسَّمَآءِ وَالَارْضِۖ أَمَّنْ يَّمْلِكُ اُ۬لسَّمْعَ وَالَابْصَٰرَ وَمَنْ يُّخْرِجُ اُ۬لْحَيَّ مِنَ اَ۬لْمَيِّتِ وَيُخْرِجُ اُ۬لْمَيِّتَ مِنَ اَ۬لْحَيِّ وَمَنْ يُّدَبِّرُ اُ۬لَامْرَۖ فَسَيَقُولُونَ اَ۬للَّهُۖ فَقُلَ اَفَلَا تَتَّقُونَۖ ﰞ
1400,10,32,11,212,يُونس,Yūnus,فَذَٰلِكُمُ اُ۬للَّهُ رَبُّكُمُ اُ۬لْحَقُّۖ فَمَاذَا بَعْدَ اَ۬لْحَقِّ إِلَّا اَ۬لضَّلَٰلُۖ فَأَنّ۪ىٰ تُصْرَفُونَۖ ﰟ
1401,10,33,11,212,يُونس,Yūnus,كَذَٰلِكَ حَقَّتْ كَلِمَٰتُ رَبِّكَ عَلَى اَ۬لذِينَ فَسَقُوٓاْ أَنَّهُمْ لَا يُومِنُونَۖ ﰠ
1402,10,34,11,213,يُونس,Yūnus,قُلْ هَلْ مِن شُرَكَآئِكُم مَّنْ يَّبْدَؤُاْ اُ۬لْخَلْقَ ثُمَّ يُعِيدُهُۥۖ قُلِ اِ۬للَّهُ يَبْدَؤُاْ اُ۬لْخَلْقَ ثُمَّ يُعِيدُهُۥۖ فَأَنّ۪ىٰ تُوفَكُونَۖ ﰡ
1403,10,35,11,213,يُونس,Yūnus,قُلْ هَلْ مِن شُرَكَآئِكُم مَّنْ يَّهْدِےٓ إِلَى اَ۬لْحَقِّۖ قُلِ اِ۬للَّهُ يَهْدِے لِلْحَقِّۖ أَفَمَنْ يَّهْدِےٓ إِلَى اَ۬لْحَقِّ أَحَقُّ أَنْ يُّتَّبَعَ أَمَّن لَّا يَهَدِّےٓ إِلَّآ أَنْ يُّهْد۪ىٰۖ فَمَا لَكُمْۖ كَيْفَ تَحْكُمُونَۖ ﰢ
1404,10,36,11,213,يُونس,Yūnus,وَمَا يَتَّبِعُ أَكْثَرُهُمُۥٓ إِلَّا ظَنّاًۖ اِنَّ اَ۬لظَّنَّ لَا يُغْنِے مِنَ اَ۬لْحَقِّ شَئْاًۖ اِنَّ اَ۬للَّهَ عَلِيمُۢ بِمَا يَفْعَلُونَۖ ﰣ
1405,10,37,11,213,يُونس,Yūnus,۞ وَمَا كَانَ هَٰذَا اَ۬لْقُرْءَانُ أَنْ يُّفْتَر۪ىٰ مِن دُونِ اِ۬للَّهِۖ وَلَٰكِن تَصْدِيقَ اَ۬لذِے بَيْنَ يَدَيْهِ وَتَفْصِيلَ اَ۬لْكِتَٰبِ لَا رَيْبَ فِيهِ مِن رَّبِّ اِ۬لْعَٰلَمِينَۖ ﰤ
1406,10,38,11,213,يُونس,Yūnus,أَمْ يَقُولُونَ اَ۪فْتَر۪يٰهُۖ قُلْ فَاتُواْ بِسُورَةٖ مِّثْلِهِۦۖ وَادْعُواْ مَنِ اِ۪سْتَطَعْتُم مِّن دُونِ اِ۬للَّهِ إِن كُنتُمْ صَٰدِقِينَۖ ﰥ
1407,10,39,11,213,يُونس,Yūnus,بَلْ كَذَّبُواْ بِمَا لَمْ يُحِيطُواْ بِعِلْمِهِۦ وَلَمَّا يَاتِهِمْ تَاوِيلُهُۥۖ كَذَٰلِكَ كَذَّبَ اَ۬لذِينَ مِن قَبْلِهِمْۖ فَانظُرْ كَيْفَ كَانَ عَٰقِبَةُ اُ۬لظَّٰلِمِينَۖ ﰦ
1408,10,40,11,213,يُونس,Yūnus,وَمِنْهُم مَّنْ يُّومِنُ بِهِۦ وَمِنْهُم مَّن لَّا يُومِنُ بِهِۦۖ وَرَبُّكَ أَعْلَمُ بِالْمُفْسِدِينَۖ ﰧ
1409,10,41,11,213,يُونس,Yūnus,وَإِن كَذَّبُوكَ فَقُل لِّے عَمَلِے وَلَكُمْ عَمَلُكُمُۥٓ أَنتُم بَرِيٓـُٔونَ مِمَّآ أَعْمَلُ وَأَنَا بَرِےٓءٞ مِّمَّا تَعْمَلُونَۖ ﰨ
1410,10,42,11,213,يُونس,Yūnus,وَمِنْهُم مَّنْ يَّسْتَمِعُونَ إِلَيْكَۖ أَفَأَنتَ تُسْمِعُ اُ۬لصُّمَّ وَلَوْ كَانُواْ لَا يَعْقِلُونَۖ ﰩ
1411,10,43,11,214,يُونس,Yūnus,وَمِنْهُم مَّنْ يَّنظُرُ إِلَيْكَۖ أَفَأَنتَ تَهْدِے اِ۬لْعُمْيَ وَلَوْ كَانُواْ لَا يُبْصِرُونَۖ ﰪ
1412,10,44,11,214,يُونس,Yūnus,إِنَّ اَ۬للَّهَ لَا يَظْلِمُ اُ۬لنَّاسَ شَئْاٗۖ وَلَٰكِنَّ اَ۬لنَّاسَ أَنفُسَهُمْ يَظْلِمُونَۖ ﰫ
1413,10,45,11,214,يُونس,Yūnus,وَيَوْمَ نَحْشُرُهُمْ كَأَن لَّمْ يَلْبَثُوٓاْ إِلَّا سَاعَةٗ مِّنَ اَ۬لنَّه۪ارِ يَتَعَارَفُونَ بَيْنَهُمْۖ قَدْ خَسِرَ اَ۬لذِينَ كَذَّبُواْ بِلِقَآءِ اِ۬للَّهِ وَمَا كَانُواْ مُهْتَدِينَۖ ﰬ
1414,10,46,11,214,يُونس,Yūnus,وَإِمَّا نُرِيَنَّكَ بَعْضَ اَ۬لذِے نَعِدُهُمُۥٓ أَوْ نَتَوَفَّيَنَّكَ فَإِلَيْنَا مَرْجِعُهُمْۖ ثُمَّ اَ۬للَّهُ شَهِيدٌ عَلَىٰ مَا يَفْعَلُونَۖ ﰭ
1415,10,47,11,214,يُونس,Yūnus,وَلِكُلِّ أُمَّةٖ رَّسُولٞۖ فَإِذَا جَآءَ رَسُولُهُمْ قُضِيَ بَيْنَهُم بِالْقِسْطِ وَهُمْ لَا يُظْلَمُونَۖ ﰮ
1416,10,48,11,214,يُونس,Yūnus,وَيَقُولُونَ مَت۪ىٰ هَٰذَا اَ۬لْوَعْدُ إِن كُنتُمْ صَٰدِقِينَۖ ﰯ
1417,10,49,11,214,يُونس,Yūnus,۞ قُل لَّآ أَمْلِكُ لِنَفْسِے ضَرّاٗ وَلَا نَفْعاً اِلَّا مَا شَآءَ اَ۬للَّهُۖ لِكُلِّ أُمَّةٍ اَجَلٌۖ اِذَا جَآءَ اجَلُهُمْ فَلَا يَسْتَٰخِرُونَ سَاعَةٗۖ وَلَا يَسْتَقْدِمُونَۖ ﰰ
1418,10,50,11,214,يُونس,Yūnus,قُلَ اَرَٰٓيْتُمُۥٓ إِنَ اَت۪يٰكُمْ عَذَابُهُۥ بَيَٰتاً اَوْ نَهَاراٗ مَّاذَا يَسْتَعْجِلُ مِنْهُ اُ۬لْمُجْرِمُونَۖ ﰱ
1419,10,51,11,214,يُونس,Yūnus,أَثُمَّ إِذَا مَا وَقَعَ ءَامَنتُم بِهِۦٓۖ ءَالَٰنَ وَقَدْ كُنتُم بِهِۦ تَسْتَعْجِلُونَۖ ﰲ
1420,10,52,11,214,يُونس,Yūnus,ثُمَّ قِيلَ لِلذِينَ ظَلَمُواْ ذُوقُواْ عَذَابَ اَ۬لْخُلْدِۖ هَلْ تُجْزَوْنَ إِلَّا بِمَا كُنتُمْ تَكْسِبُونَۖ ﰳ
1421,10,53,11,214,يُونس,Yūnus,وَيَسْتَنۢبِـُٔونَكَ أَحَقٌّ هُوَۖ قُلِ اِے وَرَبِّيَ إِنَّهُۥ لَحَقّٞ وَمَآ أَنتُم بِمُعْجِزِينَۖ ﰴ
1422,10,54,11,215,يُونس,Yūnus,وَلَوَ اَنَّ لِكُلِّ نَفْسٖ ظَلَمَتْ مَا فِے اِ۬لَارْضِ لَافْتَدَتْ بِهِۦۖ وَأَسَرُّواْ اُ۬لنَّدَامَةَ لَمَّا رَأَوُاْ اُ۬لْعَذَابَ وَقُضِيَ بَيْنَهُم بِالْقِسْطِ وَهُمْ لَا يُظْلَمُونَۖ ﰵ
1423,10,55,11,215,يُونس,Yūnus,أَلَآ إِنَّ لِلهِ مَا فِے اِ۬لسَّمَٰوَٰتِ وَالَارْضِۖ أَلَآ إِنَّ وَعْدَ اَ۬للَّهِ حَقّٞۖ وَلَٰكِنَّ أَكْثَرَهُمْ لَا يَعْلَمُونَۖ ﰶ
1424,10,56,11,215,يُونس,Yūnus,هُوَ يُحْيِۦ وَيُمِيتُۖ وَإِلَيْهِ تُرْجَعُونَۖ ﰷ
1425,10,57,11,215,يُونس,Yūnus,يَٰٓأَيُّهَا اَ۬لنَّاسُ قَدْ جَآءَتْكُم مَّوْعِظَةٞ مِّن رَّبِّكُمْ وَشِفَآءٞ لِّمَا فِے اِ۬لصُّدُورِ وَهُدىٗ وَرَحْمَةٞ لِّلْمُومِنِينَۖ ﰸ
1426,10,58,11,215,يُونس,Yūnus,قُلْ بِفَضْلِ اِ۬للَّهِ وَبِرَحْمَتِهِۦ فَبِذَٰلِكَ فَلْيَفْرَحُواْۖ هُوَ خَيْرٞ مِّمَّا يَجْمَعُونَۖ ﰹ
1427,10,59,11,215,يُونس,Yūnus,قُلَ اَرَٰٓيْتُم مَّآ أَنزَلَ اَ۬للَّهُ لَكُم مِّن رِّزْقٖ فَجَعَلْتُم مِّنْهُ حَرَاماٗ وَحَلَٰلاٗۖ قُلَ آٰللَّهُ أَذِنَ لَكُمُۥٓ أَمْ عَلَى اَ۬للَّهِ تَفْتَرُونَۖ ﰺ
1428,10,60,11,215,يُونس,Yūnus,وَمَا ظَنُّ اُ۬لذِينَ يَفْتَرُونَ عَلَى اَ۬للَّهِ اِ۬لْكَذِبَ يَوْمَ اَ۬لْقِيَٰمَةِۖ إِنَّ اَ۬للَّهَ لَذُو فَضْلٍ عَلَى اَ۬لنَّاسِۖ وَلَٰكِنَّ أَكْثَرَهُمْ لَا يَشْكُرُونَۖ ﰻ
1429,10,61,11,215,يُونس,Yūnus,۞ وَمَا تَكُونُ فِے شَأْنٖ وَمَا تَتْلُواْ مِنْهُ مِن قُرْءَانٖ وَلَا تَعْمَلُونَ مِنْ عَمَلٍ اِلَّا كُنَّا عَلَيْكُمْ شُهُوداً اِذْ تُفِيضُونَ فِيهِۖ وَمَا يَعْزُبُ عَن رَّبِّكَ مِن مِّثْقَالِ ذَرَّةٖ فِے اِ۬لَارْضِ وَلَا فِے اِ۬لسَّمَآءِۖ وَلَآ أَصْغَرَ مِن ذَٰلِكَ وَلَآ أَكْبَرَ إِلَّا فِے كِتَٰبٖ مُّبِينٍۖ ﰼ
1430,10,62,11,216,يُونس,Yūnus,اَلَآ إِنَّ أَوْلِيَآءَ اَ۬للَّهِ لَا خَوْفٌ عَلَيْهِمْ وَلَا هُمْ يَحْزَنُونَۖ ﰽ
1431,10,63,11,216,يُونس,Yūnus,اَ۬لذِينَ ءَامَنُواْ وَكَانُواْ يَتَّقُونَ ﰾ
1432,10,64,11,216,يُونس,Yūnus,لَهُمُ اُ۬لْبُشْر۪ىٰ فِے اِ۬لْحَيَوٰةِ اِ۬لدُّنْي۪ا وَفِے اِ۬لَاخِرَةِۖ لَا تَبْدِيلَ لِكَلِمَٰتِ اِ۬للَّهِۖ ذَٰلِكَ هُوَ اَ۬لْفَوْزُ اُ۬لْعَظِيمُۖ ﰿ
1433,10,65,11,216,يُونس,Yūnus,وَلَا يُحْزِنكَ قَوْلُهُمُۥٓۖ إِنَّ اَ۬لْعِزَّةَ لِلهِ جَمِيعاًۖ هُوَ اَ۬لسَّمِيعُ اُ۬لْعَلِيمُۖ ﱀ
1434,10,66,11,216,يُونس,Yūnus,أَلَآ إِنَّ لِلهِ مَن فِے اِ۬لسَّمَٰوَٰتِ وَمَن فِے اِ۬لَارْضِۖ وَمَا يَتَّبِعُ اُ۬لذِينَ يَدْعُونَ مِن دُونِ اِ۬للَّهِ شُرَكَآءَۖ ا۪نْ يَّتَّبِعُونَ إِلَّا اَ۬لظَّنَّۖ وَإِنْ هُمُۥٓ إِلَّا يَخْرُصُونَۖ ﱁ
1435,10,67,11,216,يُونس,Yūnus,هُوَ اَ۬لذِے جَعَلَ لَكُمُ اُ۬ليْلَ لِتَسْكُنُواْ فِيهِ وَالنَّهَارَ مُبْصِراًۖ اِنَّ فِے ذَٰلِكَ لَأٓيَٰتٖ لِّقَوْمٖ يَسْمَعُونَۖ ﱂ
1436,10,68,11,216,يُونس,Yūnus,قَالُواْ اُ۪تَّخَذَ اَ۬للَّهُ وَلَداٗۖ سُبْحَٰنَهُۥۖ هُوَ اَ۬لْغَنِيُّۖ لَهُۥ مَا فِے اِ۬لسَّمَٰوَٰتِ وَمَا فِے اِ۬لَارْضِۖ إِنْ عِندَكُم مِّن سُلْطَٰنِۢ بِهَٰذَآۖ أَتَقُولُونَ عَلَى اَ۬للَّهِ مَا لَا تَعْلَمُونَۖ ﱃ
1437,10,69,11,216,يُونس,Yūnus,قُلِ اِنَّ اَ۬لذِينَ يَفْتَرُونَ عَلَى اَ۬للَّهِ اِ۬لْكَذِبَ لَا يُفْلِحُونَۖ ﱄ
1438,10,70,11,216,يُونس,Yūnus,مَتَٰعٞ فِے اِ۬لدُّنْي۪اۖ ثُمَّ إِلَيْنَا مَرْجِعُهُمْ ثُمَّ نُذِيقُهُمُ اُ۬لْعَذَابَ اَ۬لشَّدِيدَ بِمَا كَانُواْ يَكْفُرُونَۖ ﱅ
1439,10,71,11,217,يُونس,Yūnus,۞ وَاتْلُ عَلَيْهِمْ نَبَأَ نُوحٍ اِذْ قَالَ لِقَوْمِهِۦ يَٰقَوْمِ إِن كَانَ كَبُرَ عَلَيْكُم مَّقَامِے وَتَذْكِيرِے بِـَٔايَٰتِ اِ۬للَّهِ فَعَلَى اَ۬للَّهِ تَوَكَّلْتُۖ فَأَجْمِعُوٓاْ أَمْرَكُمْ وَشُرَكَآءَكُمْۖ ثُمَّ لَا يَكُنَ اَمْرُكُمْ عَلَيْكُمْ غُمَّةٗۖ ثُمَّ اَ۪قْضُوٓاْ إِلَيَّ وَلَا تُنظِرُونِۖ ﱆ
1440,10,72,11,217,يُونس,Yūnus,فَإِن تَوَلَّيْتُمْ فَمَا سَأَلْتُكُم مِّنَ اَجْرٍۖ اِنَ اَجْرِيَ إِلَّا عَلَى اَ۬للَّهِۖ وَأُمِرْتُ أَنَ اَكُونَ مِنَ اَ۬لْمُسْلِمِينَۖ ﱇ
1441,10,73,11,217,يُونس,Yūnus,فَكَذَّبُوهُ فَنَجَّيْنَٰهُ وَمَن مَّعَهُۥ فِے اِ۬لْفُلْكِ وَجَعَلْنَٰهُمْ خَلَٰٓئِفَۖ وَأَغْرَقْنَا اَ۬لذِينَ كَذَّبُواْ بِـَٔايَٰتِنَاۖ فَانظُرْ كَيْفَ كَانَ عَٰقِبَةُ اُ۬لْمُنذَرِينَۖ ﱈ
1442,10,74,11,217,يُونس,Yūnus,ثُمَّ بَعَثْنَا مِنۢ بَعْدِهِۦ رُسُلاً اِلَىٰ قَوْمِهِمْ فَجَآءُوهُم بِالْبَيِّنَٰتِ فَمَا كَانُواْ لِيُومِنُواْ بِمَا كَذَّبُواْ بِهِۦ مِن قَبْلُۖ كَذَٰلِكَ نَطْبَعُ عَلَىٰ قُلُوبِ اِ۬لْمُعْتَدِينَۖ ﱉ
1443,10,75,11,217,يُونس,Yūnus,ثُمَّ بَعَثْنَا مِنۢ بَعْدِهِم مُّوس۪ىٰ وَهَٰرُونَ إِلَىٰ فِرْعَوْنَ وَمَلَإِيْهِۦ بِـَٔايَٰتِنَا فَاسْتَكْبَرُواْ وَكَانُواْ قَوْماٗ مُّجْرِمِينَۖ ﱊ
1444,10,76,11,217,يُونس,Yūnus,فَلَمَّا جَآءَهُمُ اُ۬لْحَقُّ مِنْ عِندِنَا قَالُوٓاْ إِنَّ هَٰذَا لَسِحْرٞ مُّبِينٞۖ ﱋ
1445,10,77,11,217,يُونس,Yūnus,قَالَ مُوس۪ىٰٓ أَتَقُولُونَ لِلْحَقِّ لَمَّا جَآءَكُمُۥٓۖ أَسِحْرٌ هَٰذَاۖ وَلَا يُفْلِحُ اُ۬لسَّٰحِرُونَۖ ﱌ
1446,10,78,11,217,يُونس,Yūnus,قَالُوٓاْ أَجِئْتَنَا لِتَلْفِتَنَا عَمَّا وَجَدْنَا عَلَيْهِ ءَابَآءَنَا وَتَكُونَ لَكُمَا اَ۬لْكِبْرِيَآءُ فِے اِ۬لَارْضِ وَمَا نَحْنُ لَكُمَا بِمُومِنِينَۖ ﱍ
1447,10,79,11,218,يُونس,Yūnus,وَقَالَ فِرْعَوْنُ اُ۪يتُونِے بِكُلِّ سَٰحِرٍ عَلِيمٖۖ ﱎ
1448,10,80,11,218,يُونس,Yūnus,فَلَمَّا جَآءَ اَ۬لسَّحَرَةُ قَالَ لَهُم مُّوس۪ىٰٓ أَلْقُواْ مَآ أَنتُم مُّلْقُونَۖ ﱏ
1449,10,81,11,218,يُونس,Yūnus,فَلَمَّآ أَلْقَوْاْ قَالَ مُوس۪ىٰ مَا جِئْتُم بِهِ اِ۬لسِّحْرُۖ إِنَّ اَ۬للَّهَ سَيُبْطِلُهُۥٓۖ إِنَّ اَ۬للَّهَ لَا يُصْلِحُ عَمَلَ اَ۬لْمُفْسِدِينَۖ ﱐ
1450,10,82,11,218,يُونس,Yūnus,وَيُحِقُّ اُ۬للَّهُ اُ۬لْحَقَّ بِكَلِمَٰتِهِۦ وَلَوْ كَرِهَ اَ۬لْمُجْرِمُونَۖ ﱑ
1451,10,83,11,218,يُونس,Yūnus,۞ فَمَآ ءَامَنَ لِمُوس۪ىٰٓ إِلَّا ذُرِّيَّةٞ مِّن قَوْمِهِۦ عَلَىٰ خَوْفٖ مِّن فِرْعَوْنَ وَمَلَإِيْهِمُۥٓ أَنْ يَّفْتِنَهُمْۖ وَإِنَّ فِرْعَوْنَ لَعَالٖ فِے اِ۬لَارْضِۖ وَإِنَّهُۥ لَمِنَ اَ۬لْمُسْرِفِينَۖ ﱒ
1452,10,84,11,218,يُونس,Yūnus,وَقَالَ مُوس۪ىٰ يَٰقَوْمِ إِن كُنتُمُۥٓ ءَامَنتُم بِاللَّهِ فَعَلَيْهِ تَوَكَّلُوٓاْ إِن كُنتُم مُّسْلِمِينَۖ ﱓ
1453,10,85,11,218,يُونس,Yūnus,فَقَالُواْ عَلَى اَ۬للَّهِ تَوَكَّلْنَاۖ رَبَّنَا لَا تَجْعَلْنَا فِتْنَةٗ لِّلْقَوْمِ اِ۬لظَّٰلِمِينَۖ ﱔ
1454,10,86,11,218,يُونس,Yūnus,وَنَجِّنَا بِرَحْمَتِكَ مِنَ اَ۬لْقَوْمِ اِ۬لْكٰ۪فِرِينَۖ ﱕ
1455,10,87,11,218,يُونس,Yūnus,وَأَوْحَيْنَآ إِلَىٰ مُوس۪ىٰ وَأَخِيهِ أَن تَبَوَّءَا لِقَوْمِكُمَا بِمِصْرَ بُيُوتاٗ وَاجْعَلُواْ بُيُوتَكُمْ قِبْلَةٗ وَأَقِيمُواْ اُ۬لصَّلَوٰةَۖ وَبَشِّرِ اِ۬لْمُومِنِينَۖ ﱖ
1456,10,88,11,218,يُونس,Yūnus,وَقَالَ مُوس۪ىٰ رَبَّنَآ إِنَّكَ ءَاتَيْتَ فِرْعَوْنَ وَمَلَأَهُۥ زِينَةٗ وَأَمْوَٰلاٗ فِے اِ۬لْحَيَوٰةِ اِ۬لدُّنْي۪اۖ رَبَّنَا لِيَضِلُّواْ عَن سَبِيلِكَۖ رَبَّنَا اَ۪طْمِسْ عَلَىٰٓ أَمْوَٰلِهِمْ وَاشْدُدْ عَلَىٰ قُلُوبِهِمْ فَلَا يُومِنُواْ حَتَّىٰ يَرَوُاْ اُ۬لْعَذَابَ اَ۬لَالِيمَۖ ﱗ
1457,10,89,11,219,يُونس,Yūnus,قَالَ قَدُ ا۟جِيبَت دَّعْوَتُكُمَا فَاسْتَقِيمَاۖ وَلَا تَتَّبِعَٰٓنِّ سَبِيلَ اَ۬لذِينَ لَا يَعْلَمُونَۖ ﱘ
1458,10,90,11,219,يُونس,Yūnus,وَجَٰوَزْنَا بِبَنِےٓ إِسْرَآءِيلَ اَ۬لْبَحْرَ فَأَتْبَعَهُمْ فِرْعَوْنُ وَجُنُودُهُۥ بَغْياٗ وَعَدْواًۖ حَتَّىٰٓ إِذَآ أَدْرَكَهُ اُ۬لْغَرَقُ قَالَ ءَامَنتُ أَنَّهُۥ لَآ إِلَٰهَ إِلَّا اَ۬لذِےٓ ءَامَنَتْ بِهِۦ بَنُوٓاْ إِسْرَآءِيلَ وَأَنَا مِنَ اَ۬لْمُسْلِمِينَۖ ﱙ
1459,10,91,11,219,يُونس,Yūnus,ءَالَٰنَ وَقَدْ عَصَيْتَ قَبْلُ وَكُنتَ مِنَ اَ۬لْمُفْسِدِينَۖ ﱚ
1460,10,92,11,219,يُونس,Yūnus,فَالْيَوْمَ نُنَجِّيكَ بِبَدَنِكَ لِتَكُونَ لِمَنْ خَلْفَكَ ءَايَةٗۖ وَإِنَّ كَثِيراٗ مِّنَ اَ۬لنَّاسِ عَنَ اٰيَٰتِنَا لَغَٰفِلُونَۖ ﱛ
1461,10,93,11,219,يُونس,Yūnus,۞ وَلَقَدْ بَوَّأْنَا بَنِےٓ إِسْرَآءِيلَ مُبَوَّأَ صِدْقٖ وَرَزَقْنَٰهُم مِّنَ اَ۬لطَّيِّبَٰتِ فَمَا اَ۪خْتَلَفُواْ حَتَّىٰ جَآءَهُمُ اُ۬لْعِلْمُۖ إِنَّ رَبَّكَ يَقْضِے بَيْنَهُمْ يَوْمَ اَ۬لْقِيَٰمَةِ فِيمَا كَانُواْ فِيهِ يَخْتَلِفُونَۖ ﱜ
1462,10,94,11,219,يُونس,Yūnus,فَإِن كُنتَ فِے شَكّٖ مِّمَّآ أَنزَلْنَآ إِلَيْكَ فَسْـَٔلِ اِ۬لذِينَ يَقْرَءُونَ اَ۬لْكِتَٰبَ مِن قَبْلِكَۖ لَقَدْ جَآءَكَ اَ۬لْحَقُّ مِن رَّبِّكَۖ فَلَا تَكُونَنَّ مِنَ اَ۬لْمُمْتَرِينَۖ ﱝ
1463,10,95,11,219,يُونس,Yūnus,وَلَا تَكُونَنَّ مِنَ اَ۬لذِينَ كَذَّبُواْ بِـَٔايَٰتِ اِ۬للَّهِ فَتَكُونَ مِنَ اَ۬لْخَٰسِرِينَۖ ﱞ
1464,10,96,11,219,يُونس,Yūnus,إِنَّ اَ۬لذِينَ حَقَّتْ عَلَيْهِمْ كَلِمَٰتُ رَبِّكَ لَا يُومِنُونَ ﱟ
1465,10,97,11,219,يُونس,Yūnus,وَلَوْ جَآءَتْهُمْ كُلُّ ءَايَةٍ حَتَّىٰ يَرَوُاْ اُ۬لْعَذَابَ اَ۬لَالِيمَۖ ﱠ
1466,10,98,11,220,يُونس,Yūnus,فَلَوْلَا كَانَتْ قَرْيَةٌ اٰمَنَتْ فَنَفَعَهَآ إِيمَٰنُهَآ إِلَّا قَوْمَ يُونُسَ لَمَّآ ءَامَنُواْ كَشَفْنَا عَنْهُمْ عَذَابَ اَ۬لْخِزْيِ فِے اِ۬لْحَيَوٰةِ اِ۬لدُّنْي۪ا وَمَتَّعْنَٰهُمُۥٓ إِلَىٰ حِينٖۖ ﱡ
1467,10,99,11,220,يُونس,Yūnus,وَلَوْ شَآءَ رَبُّكَ لَأٓمَنَ مَن فِے اِ۬لَارْضِ كُلُّهُمْ جَمِيعاًۖ اَفَأَنتَ تُكْرِهُ اُ۬لنَّاسَ حَتَّىٰ يَكُونُواْ مُومِنِينَۖ ﱢ
1468,10,100,11,220,يُونس,Yūnus,وَمَا كَانَ لِنَفْسٍ اَن تُومِنَ إِلَّا بِإِذْنِ اِ۬للَّهِۖ وَيَجْعَلُ اُ۬لرِّجْسَ عَلَى اَ۬لذِينَ لَا يَعْقِلُونَۖ ﱣ
1469,10,101,11,220,يُونس,Yūnus,قُلُ اُ۟نظُرُواْ مَاذَا فِے اِ۬لسَّمَٰوَٰتِ وَالَارْضِ وَمَا تُغْنِے اِ۬لَايَٰتُ وَالنُّذُرُ عَن قَوْمٖ لَّا يُومِنُونَۖ ﱤ
1470,10,102,11,220,يُونس,Yūnus,فَهَلْ يَنتَظِرُونَ إِلَّا مِثْلَ أَيَّامِ اِ۬لذِينَ خَلَوْاْ مِن قَبْلِهِمْۖ قُلْ فَانتَظِرُوٓاْۖ إِنِّے مَعَكُم مِّنَ اَ۬لْمُنتَظِرِينَۖ ﱥ
1471,10,103,11,220,يُونس,Yūnus,ثُمَّ نُنَجِّے رُسُلَنَا وَالذِينَ ءَامَنُواْ كَذَٰلِكَۖ حَقّاً عَلَيْنَا نُنَجِّ اِ۬لْمُومِنِينَۖ ﱦ
1472,10,104,11,220,يُونس,Yūnus,۞ قُلْ يَٰٓأَيُّهَا اَ۬لنَّاسُ إِن كُنتُمْ فِے شَكّٖ مِّن دِينِے فَلَآ أَعْبُدُ اُ۬لذِينَ تَعْبُدُونَ مِن دُونِ اِ۬للَّهِۖ وَلَٰكِنَ اَعْبُدُ اُ۬للَّهَ اَ۬لذِے يَتَوَفّ۪يٰكُمْۖ وَأُمِرْتُ أَنَ اَكُونَ مِنَ اَ۬لْمُومِنِينَ ﱧ
1473,10,105,11,220,يُونس,Yūnus,وَأَنَ اَقِمْ وَجْهَكَ لِلدِّينِ حَنِيفاٗۖ وَلَا تَكُونَنَّ مِنَ اَ۬لْمُشْرِكِينَۖ ﱨ
1474,10,106,11,220,يُونس,Yūnus,وَلَا تَدْعُ مِن دُونِ اِ۬للَّهِ مَا لَا يَنفَعُكَ وَلَا يَضُرُّكَۖ فَإِن فَعَلْتَ فَإِنَّكَ إِذاٗ مِّنَ اَ۬لظَّٰلِمِينَۖ ﱩ
1475,10,107,11,221,يُونس,Yūnus,وَإِنْ يَّمْسَسْكَ اَ۬للَّهُ بِضُرّٖ فَلَا كَاشِفَ لَهُۥٓ إِلَّا هُوَۖ وَإِنْ يُّرِدْكَ بِخَيْرٖ فَلَا رَآدَّ لِفَضْلِهِۦۖ يُصِيبُ بِهِۦ مَنْ يَّشَآءُ مِنْ عِبَادِهِۦۖ وَهُوَ اَ۬لْغَفُورُ اُ۬لرَّحِيمُۖ ﱪ
1476,10,108,11,221,يُونس,Yūnus,قُلْ يَٰٓأَيُّهَا اَ۬لنَّاسُ قَدْ جَآءَكُمُ اُ۬لْحَقُّ مِن رَّبِّكُمْۖ فَمَنِ اِ۪هْتَد۪ىٰ فَإِنَّمَا يَهْتَدِے لِنَفْسِهِۦۖ وَمَن ضَلَّ فَإِنَّمَا يَضِلُّ عَلَيْهَاۖ وَمَآ أَنَا عَلَيْكُم بِوَكِيلٖۖ ﱫ
1477,10,109,11,221,يُونس,Yūnus,وَاتَّبِعْ مَا يُوح۪ىٰٓ إِلَيْكَ وَاصْبِرْ حَتَّىٰ يَحْكُمَ اَ۬للَّهُۖ وَهُوَ خَيْرُ اُ۬لْحَٰكِمِينَۖ ﱬ
1478,11,1,11,221,هُود,Hūd,أَلَٓر۪ۖ كِتَٰبٌ ا۟حْكِمَتَ اٰيَٰتُهُۥ ثُمَّ فُصِّلَتْ مِن لَّدُنْ حَكِيمٍ خَبِيرٍ ﰀ
1479,11,2,11,221,هُود,Hūd,اَلَّا تَعْبُدُوٓاْ إِلَّا اَ۬للَّهَۖ إِنَّنِے لَكُم مِّنْهُ نَذِيرٞ وَبَشِيرٞ ﰁ
1480,11,3,11,221,هُود,Hūd,وَأَنِ اِ۪سْتَغْفِرُواْ رَبَّكُمْ ثُمَّ تُوبُوٓاْ إِلَيْهِ يُمَتِّعْكُم مَّتَٰعاً حَسَناً اِلَىٰٓ أَجَلٖ مُّسَمّىٗ وَيُوتِ كُلَّ ذِے فَضْلٖ فَضْلَهُۥۖ وَإِن تَوَلَّوْاْ فَإِنِّيَ أَخَافُ عَلَيْكُمْ عَذَابَ يَوْمٖ كَبِيرٍۖ ﰂ
1481,11,4,11,221,هُود,Hūd,اِلَى اَ۬للَّهِ مَرْجِعُكُمْۖ وَهُوَ عَلَىٰ كُلِّ شَےْءٖ قَدِيرٌۖ ﰃ
1482,11,5,11,221,هُود,Hūd,اَلَآ إِنَّهُمْ يَثْنُونَ صُدُورَهُمْ لِيَسْتَخْفُواْ مِنْهُۖ أَلَا حِينَ يَسْتَغْشُونَ ثِيَابَهُمْ يَعْلَمُ مَا يُسِرُّونَ وَمَا يُعْلِنُونَۖ إِنَّهُۥ عَلِيمُۢ بِذَاتِ اِ۬لصُّدُورِۖ ﰄ
1483,11,6,12,222,هُود,Hūd,۞ وَمَا مِن دَآبَّةٖ فِے اِ۬لَارْضِ إِلَّا عَلَى اَ۬للَّهِ رِزْقُهَا وَيَعْلَمُ مُسْتَقَرَّهَا وَمُسْتَوْدَعَهَاۖ كُلّٞ فِے كِتَٰبٖ مُّبِينٖۖ ﰅ
1484,11,7,12,222,هُود,Hūd,وَهُوَ اَ۬لذِے خَلَقَ اَ۬لسَّمَٰوَٰتِ وَالَارْضَ فِے سِتَّةِ أَيَّامٖ وَكَانَ عَرْشُهُۥ عَلَى اَ۬لْمَآءِ لِيَبْلُوَكُمُۥٓ أَيُّكُمُۥٓ أَحْسَنُ عَمَلاٗۖ وَلَئِن قُلْتَ إِنَّكُم مَّبْعُوثُونَ مِنۢ بَعْدِ اِ۬لْمَوْتِ لَيَقُولَنَّ اَ۬لذِينَ كَفَرُوٓاْ إِنْ هَٰذَآ إِلَّا سِحْرٞ مُّبِينٞۖ ﰆ
1485,11,8,12,222,هُود,Hūd,وَلَئِنَ اَخَّرْنَا عَنْهُمُ اُ۬لْعَذَابَ إِلَىٰٓ أُمَّةٖ مَّعْدُودَةٖ لَّيَقُولُنَّ مَا يَحْبِسُهُۥٓۖ أَلَا يَوْمَ يَاتِيهِمْ لَيْسَ مَصْرُوفاً عَنْهُمْۖ وَحَاقَ بِهِم مَّا كَانُواْ بِهِۦ يَسْتَهْزِءُونَۖ ﰇ
1486,11,9,12,222,هُود,Hūd,وَلَئِنَ اَذَقْنَا اَ۬لِانسَٰنَ مِنَّا رَحْمَةٗ ثُمَّ نَزَعْنَٰهَا مِنْهُ إِنَّهُۥ لَيَـُٔوسٞ كَفُورٞۖ ﰈ
1487,11,10,12,222,هُود,Hūd,وَلَئِنَ اَذَقْنَٰهُ نَعْمَآءَ بَعْدَ ضَرَّآءَ مَسَّتْهُ لَيَقُولَنَّ ذَهَبَ اَ۬لسَّيِّـَٔاتُ عَنِّيَۖ إِنَّهُۥ لَفَرِحٞ فَخُورٌۖ ﰉ
1488,11,11,12,222,هُود,Hūd,اِلَّا اَ۬لذِينَ صَبَرُواْ وَعَمِلُواْ اُ۬لصَّٰلِحَٰتِ أُوْلَٰٓئِكَ لَهُم مَّغْفِرَةٞ وَأَجْرٞ كَبِيرٞۖ ﰊ
1489,11,12,12,222,هُود,Hūd,فَلَعَلَّكَ تَارِكُۢ بَعْضَ مَا يُوح۪ىٰٓ إِلَيْكَ وَضَآئِقُۢ بِهِۦ صَدْرُكَ أَنْ يَّقُولُواْ لَوْلَآ أُنزِلَ عَلَيْهِ كَنزٌ اَوْ جَآءَ مَعَهُۥ مَلَكٌۖ اِنَّمَآ أَنتَ نَذِيرٞۖ وَاللَّهُ عَلَىٰ كُلِّ شَےْءٖ وَكِيلٌۖ ﰋ
1490,11,13,12,223,هُود,Hūd,اَمْ يَقُولُونَ اَ۪فْتَر۪يٰهُۖ قُلْ فَاتُواْ بِعَشْرِ سُوَرٖ مِّثْلِهِۦ مُفْتَرَيَٰتٖ وَادْعُواْ مَنِ اِ۪سْتَطَعْتُم مِّن دُونِ اِ۬للَّهِ إِن كُنتُمْ صَٰدِقِينَۖ ﰌ
1491,11,14,12,223,هُود,Hūd,فَإِلَّمْ يَسْتَجِيبُواْ لَكُمْ فَاعْلَمُوٓاْ أَنَّمَآ أُنزِلَ بِعِلْمِ اِ۬للَّهِ وَأَن لَّآ إِلَٰهَ إِلَّا هُوَۖ فَهَلَ اَنتُم مُّسْلِمُونَۖ ﰍ
1492,11,15,12,223,هُود,Hūd,۞ مَن كَانَ يُرِيدُ اُ۬لْحَيَوٰةَ اَ۬لدُّنْي۪ا وَزِينَتَهَا نُوَفِّ إِلَيْهِمُۥٓ أَعْمَٰلَهُمْ فِيهَا وَهُمْ فِيهَا لَا يُبْخَسُونَۖ ﰎ
1493,11,16,12,223,هُود,Hūd,أُوْلَٰٓئِكَ اَ۬لذِينَ لَيْسَ لَهُمْ فِے اِ۬لَاخِرَةِ إِلَّا اَ۬لنَّارُۖ وَحَبِطَ مَا صَنَعُواْ فِيهَاۖ وَبَٰطِلٞ مَّا كَانُواْ يَعْمَلُونَۖ ﰏ
1494,11,17,12,223,هُود,Hūd,أَفَمَن كَانَ عَلَىٰ بَيِّنَةٖ مِّن رَّبِّهِۦ وَيَتْلُوهُ شَاهِدٞ مِّنْهُۖ وَمِن قَبْلِهِۦ كِتَٰبُ مُوس۪ىٰٓ إِمَاماٗ وَرَحْمَةًۖ ا۟وْلَٰٓئِكَ يُومِنُونَ بِهِۦۖ وَمَنْ يَّكْفُرْ بِهِۦ مِنَ اَ۬لَاحْزَابِ فَالنَّارُ مَوْعِدُهُۥۖ فَلَا تَكُ فِے مِرْيَةٖ مِّنْهُۖ إِنَّهُ اُ۬لْحَقُّ مِن رَّبِّكَۖ وَلَٰكِنَّ أَكْثَرَ اَ۬لنَّاسِ لَا يُومِنُونَۖ ﰐ
1495,11,18,12,223,هُود,Hūd,وَمَنَ اَظْلَمُ مِمَّنِ اِ۪فْتَر۪ىٰ عَلَى اَ۬للَّهِ كَذِباًۖ ا۟وْلَٰٓئِكَ يُعْرَضُونَ عَلَىٰ رَبِّهِمْ وَيَقُولُ اُ۬لَاشْهَٰدُ هَٰٓؤُلَآءِ اِ۬لذِينَ كَذَبُواْ عَلَىٰ رَبِّهِمُۥٓۖ أَلَا لَعْنَةُ اُ۬للَّهِ عَلَى اَ۬لظَّٰلِمِينَ ﰑ
1496,11,19,12,223,هُود,Hūd,اَ۬لذِينَ يَصُدُّونَ عَن سَبِيلِ اِ۬للَّهِ وَيَبْغُونَهَا عِوَجاٗ وَهُم بِالَاخِرَةِ هُمْ كَٰفِرُونَۖ ﰒ
1497,11,20,12,224,هُود,Hūd,أُوْلَٰٓئِكَ لَمْ يَكُونُواْ مُعْجِزِينَ فِے اِ۬لَارْضِ وَمَا كَانَ لَهُم مِّن دُونِ اِ۬للَّهِ مِنَ اَوْلِيَآءَۖ يُضَٰعَفُ لَهُمُ اُ۬لْعَذَابُۖ مَا كَانُواْ يَسْتَطِيعُونَ اَ۬لسَّمْعَ وَمَا كَانُواْ يُبْصِرُونَۖ ﰓ
1498,11,21,12,224,هُود,Hūd,أُوْلَٰٓئِكَ اَ۬لذِينَ خَسِرُوٓاْ أَنفُسَهُمْ وَضَلَّ عَنْهُم مَّا كَانُواْ يَفْتَرُونَۖ ﰔ
1499,11,22,12,224,هُود,Hūd,لَا جَرَمَ أَنَّهُمْ فِے اِ۬لَاخِرَةِ هُمُ اُ۬لَاخْسَرُونَۖ ﰕ
1500,11,23,12,224,هُود,Hūd,إِنَّ اَ۬لذِينَ ءَامَنُواْ وَعَمِلُواْ اُ۬لصَّٰلِحَٰتِ وَأَخْبَتُوٓاْ إِلَىٰ رَبِّهِمُۥٓ أُوْلَٰٓئِكَ أَصْحَٰبُ اُ۬لْجَنَّةِۖ هُمْ فِيهَا خَٰلِدُونَۖ ﰖ
1501,11,24,12,224,هُود,Hūd,۞ مَثَلُ اُ۬لْفَرِيقَيْنِ كَالَاعْم۪ىٰ وَالَاصَمِّ وَالْبَصِيرِ وَالسَّمِيعِۖ هَلْ يَسْتَوِيَٰنِ مَثَلاًۖ اَفَلَا تَذَّكَّرُونَۖ ﰗ
1502,11,25,12,224,هُود,Hūd,وَلَقَدَ اَرْسَلْنَا نُوحاً اِلَىٰ قَوْمِهِۦٓۖ إِنِّے لَكُمْ نَذِيرٞ مُّبِينٌ ﰘ
1503,11,26,12,224,هُود,Hūd,اَن لَّا تَعْبُدُوٓاْ إِلَّا اَ۬للَّهَۖ إِنِّيَ أَخَافُ عَلَيْكُمْ عَذَابَ يَوْمٍ اَلِيمٖۖ ﰙ
1504,11,27,12,224,هُود,Hūd,فَقَالَ اَ۬لْمَلَأُ اُ۬لذِينَ كَفَرُواْ مِن قَوْمِهِۦ مَا نَر۪يٰكَ إِلَّا بَشَراٗ مِّثْلَنَا وَمَا نَر۪يٰكَ اَ۪تَّبَعَكَ إِلَّا اَ۬لذِينَ هُمُۥٓ أَرَاذِلُنَا بَادِيَ اَ۬لرَّأْيِۖ وَمَا نَر۪ىٰ لَكُمْ عَلَيْنَا مِن فَضْلِۢ بَلْ نَظُنُّكُمْ كَٰذِبِينَۖ ﰚ
1505,11,28,12,224,هُود,Hūd,قَالَ يَٰقَوْمِ أَرَٰٓيْتُمُۥٓ إِن كُنتُ عَلَىٰ بَيِّنَةٖ مِّن رَّبِّے وَءَات۪يٰنِے رَحْمَةٗ مِّنْ عِندِهِۦ فَعَمِيَتْ عَلَيْكُمُۥٓ أَنُلْزِمُكُمُوهَا وَأَنتُمْ لَهَا كَٰرِهُونَۖ ﰛ
1506,11,29,12,225,هُود,Hūd,وَيَٰقَوْمِ لَآ أَسْـَٔلُكُمْ عَلَيْهِ مَالاًۖ اِنَ اَجْرِيَ إِلَّا عَلَى اَ۬للَّهِۖ وَمَآ أَنَا بِطَارِدِ اِ۬لذِينَ ءَامَنُوٓاْ إِنَّهُم مُّلَٰقُواْ رَبِّهِمْۖ وَلَٰكِنِّيَ أَر۪يٰكُمْ قَوْماٗ تَجْهَلُونَۖ ﰜ
1507,11,30,12,225,هُود,Hūd,وَيَٰقَوْمِ مَنْ يَّنصُرُنِے مِنَ اَ۬للَّهِ إِن طَرَدتُّهُمُۥٓۖ أَفَلَا تَذَّكَّرُونَۖ ﰝ
1508,11,31,12,225,هُود,Hūd,وَلَآ أَقُولُ لَكُمْ عِندِے خَزَآئِنُ اُ۬للَّهِ وَلَآ أَعْلَمُ اُ۬لْغَيْبَ وَلَآ أَقُولُ إِنِّے مَلَكٞۖ وَلَآ أَقُولُ لِلذِينَ تَزْدَرِےٓ أَعْيُنُكُمْ لَنْ يُّوتِيَهُمُ اُ۬للَّهُ خَيْراًۖ اِ۬للَّهُ أَعْلَمُ بِمَا فِےٓ أَنفُسِهِمُۥٓۖ إِنِّيَ إِذاٗ لَّمِنَ اَ۬لظَّٰلِمِينَۖ ﰞ
1509,11,32,12,225,هُود,Hūd,۞ قَالُواْ يَٰنُوحُ قَدْ جَٰدَلْتَنَا فَأَكْثَرْتَ جِدَٰلَنَا فَاتِنَا بِمَا تَعِدُنَآ إِن كُنتَ مِنَ اَ۬لصَّٰدِقِينَۖ ﰟ
1510,11,33,12,225,هُود,Hūd,قَالَ إِنَّمَا يَاتِيكُم بِهِ اِ۬للَّهُ إِن شَآءَ وَمَآ أَنتُم بِمُعْجِزِينَۖ ﰠ
1511,11,34,12,225,هُود,Hūd,وَلَا يَنفَعُكُمْ نُصْحِيَ إِنَ اَرَدتُّ أَنَ اَنصَحَ لَكُمُۥٓ إِن كَانَ اَ۬للَّهُ يُرِيدُ أَنْ يُّغْوِيَكُمْۖ هُوَ رَبُّكُمْۖ وَإِلَيْهِ تُرْجَعُونَۖ ﰡ
1512,11,35,12,225,هُود,Hūd,أَمْ يَقُولُونَ اَ۪فْتَر۪يٰهُۖ قُلِ اِنِ اِ۪فْتَرَيْتُهُۥ فَعَلَيَّ إِجْرَامِے وَأَنَا بَرِےٓءٞ مِّمَّا تُجْرِمُونَۖ ﰢ
1513,11,36,12,225,هُود,Hūd,وَأُوحِيَ إِلَىٰ نُوحٍ اَنَّهُۥ لَنْ يُّومِنَ مِن قَوْمِكَ إِلَّا مَن قَدَ اٰمَنَۖ فَلَا تَبْتَئِسْ بِمَا كَانُواْ يَفْعَلُونَۖ ﰣ
1514,11,37,12,225,هُود,Hūd,وَاصْنَعِ اِ۬لْفُلْكَ بِأَعْيُنِنَا وَوَحْيِنَاۖ وَلَا تُخَٰطِبْنِے فِے اِ۬لذِينَ ظَلَمُوٓاْ إِنَّهُم مُّغْرَقُونَۖ ﰤ
1515,11,38,12,226,هُود,Hūd,وَيَصْنَعُ اُ۬لْفُلْكَ وَكُلَّمَا مَرَّ عَلَيْهِ مَلَأٞ مِّن قَوْمِهِۦ سَخِرُواْ مِنْهُۖ قَالَ إِن تَسْخَرُواْ مِنَّا فَإِنَّا نَسْخَرُ مِنكُمْ كَمَا تَسْخَرُونَۖ ﰥ
1516,11,39,12,226,هُود,Hūd,فَسَوْفَ تَعْلَمُونَ مَنْ يَّاتِيهِ عَذَابٞ يُخْزِيهِ وَيَحِلُّ عَلَيْهِ عَذَابٞ مُّقِيمٌۖ ﰦ
1517,11,40,12,226,هُود,Hūd,حَتَّىٰٓ إِذَا جَآءَ امْرُنَا وَفَارَ اَ۬لتَّنُّورُ قُلْنَا اَ۪حْمِلْ فِيهَا مِن كُلِّ زَوْجَيْنِ اِ۪ثْنَيْنِ وَأَهْلَكَ إِلَّا مَن سَبَقَ عَلَيْهِ اِ۬لْقَوْلُ وَمَنَ اٰمَنَۖ وَمَآ ءَامَنَ مَعَهُۥٓ إِلَّا قَلِيلٞۖ ﰧ
1518,11,41,12,226,هُود,Hūd,۞ وَقَالَ اَ۪رْكَبُواْ فِيهَا بِسْمِ اِ۬للَّهِ مُجْر۪يٰهَا وَمُرْس۪يٰهَآۖ إِنَّ رَبِّے لَغَفُورٞ رَّحِيمٞۖ ﰨ
1519,11,42,12,226,هُود,Hūd,وَهِيَ تَجْرِے بِهِمْ فِے مَوْجٖ كَالْجِبَالِۖ وَنَاد۪ىٰ نُوحٌ اِ۪بْنَهُۥ وَكَانَ فِے مَعْزِلٖ يَٰبُنَيِّ اِ۪رْكَبْ مَعَنَا وَلَا تَكُن مَّعَ اَ۬لْكٰ۪فِرِينَۖ ﰩ
1520,11,43,12,226,هُود,Hūd,قَالَ سَـَٔاوِےٓ إِلَىٰ جَبَلٖ يَعْصِمُنِے مِنَ اَ۬لْمَآءِۖ قَالَ لَا عَٰصِمَ اَ۬لْيَوْمَ مِنَ اَمْرِ اِ۬للَّهِ إِلَّا مَن رَّحِمَۖ وَحَالَ بَيْنَهُمَا اَ۬لْمَوْجُ فَكَانَ مِنَ اَ۬لْمُغْرَقِينَۖ ﰪ
1521,11,44,12,226,هُود,Hūd,وَقِيلَ يَٰٓأَرْضُ اُ۪بْلَعِے مَآءَكِ وَيَٰسَمَآءُ اَ۬قْلِعِےۖ وَغِيضَ اَ۬لْمَآءُ وَقُضِيَ اَ۬لَامْرُ وَاسْتَوَتْ عَلَى اَ۬لْجُودِيِّۖ وَقِيلَ بُعْداٗ لِّلْقَوْمِ اِ۬لظَّٰلِمِينَۖ ﰫ
1522,11,45,12,226,هُود,Hūd,وَنَاد۪ىٰ نُوحٞ رَّبَّهُۥ فَقَالَ رَبِّ إِنَّ اَ۪بْنِے مِنَ اَهْلِے وَإِنَّ وَعْدَكَ اَ۬لْحَقُّۖ وَأَنتَ أَحْكَمُ اُ۬لْحَٰكِمِينَۖ ﰬ
1523,11,46,12,227,هُود,Hūd,قَالَ يَٰنُوحُ إِنَّهُۥ لَيْسَ مِنَ اَهْلِكَۖ إِنَّهُۥ عَمَلٌ غَيْرُ صَٰلِحٖۖ فَلَا تَسْـَٔلَنِّۦ مَا لَيْسَ لَكَ بِهِۦ عِلْمٌۖ اِنِّيَ أَعِظُكَ أَن تَكُونَ مِنَ اَ۬لْجَٰهِلِينَۖ ﰭ
1524,11,47,12,227,هُود,Hūd,قَالَ رَبِّ إِنِّيَ أَعُوذُ بِكَ أَنَ اَسْـَٔلَكَ مَا لَيْسَ لِے بِهِۦ عِلْمٞۖ وَإِلَّا تَغْفِرْ لِے وَتَرْحَمْنِےٓ أَكُن مِّنَ اَ۬لْخَٰسِرِينَۖ ﰮ
1525,11,48,12,227,هُود,Hūd,قِيلَ يَٰنُوحُ اُ۪هْبِطْ بِسَلَٰمٖ مِّنَّا وَبَرَكَٰتٍ عَلَيْكَ وَعَلَىٰٓ أُمَمٖ مِّمَّن مَّعَكَۖ وَأُمَمٞ سَنُمَتِّعُهُمْ ثُمَّ يَمَسُّهُم مِّنَّا عَذَابٌ اَلِيمٞۖ ﰯ
1526,11,49,12,227,هُود,Hūd,تِلْكَ مِنَ اَنۢبَآءِ اِ۬لْغَيْبِ نُوحِيهَآ إِلَيْكَۖ مَا كُنتَ تَعْلَمُهَآ أَنتَ وَلَا قَوْمُكَ مِن قَبْلِ هَٰذَاۖ فَاصْبِرِۖ اِنَّ اَ۬لْعَٰقِبَةَ لِلْمُتَّقِينَۖ ﰰ
1527,11,50,12,227,هُود,Hūd,وَإِلَىٰ عَادٍ اَخَاهُمْ هُوداٗۖ قَالَ يَٰقَوْمِ اِ۟عْبُدُواْ اُ۬للَّهَ مَا لَكُم مِّنِ اِلَٰهٍ غَيْرُهُۥٓۖ إِنَ اَنتُمُۥٓ إِلَّا مُفْتَرُونَۖ ﰱ
1528,11,51,12,227,هُود,Hūd,يَٰقَوْمِ لَآ أَسْـَٔلُكُمْ عَلَيْهِ أَجْراًۖ اِنَ اَجْرِيَ إِلَّا عَلَى اَ۬لذِے فَطَرَنِيَۖ أَفَلَا تَعْقِلُونَۖ ﰲ
1529,11,52,12,227,هُود,Hūd,وَيَٰقَوْمِ اِ۪سْتَغْفِرُواْ رَبَّكُمْ ثُمَّ تُوبُوٓاْ إِلَيْهِ يُرْسِلِ اِ۬لسَّمَآءَ عَلَيْكُم مِّدْرَاراٗ وَيَزِدْكُمْ قُوَّةً اِلَىٰ قُوَّتِكُمْ وَلَا تَتَوَلَّوْاْ مُجْرِمِينَۖ ﰳ
1530,11,53,12,227,هُود,Hūd,۞ قَالُواْ يَٰهُودُ مَا جِئْتَنَا بِبَيِّنَةٖ وَمَا نَحْنُ بِتَارِكِےٓ ءَالِهَتِنَا عَن قَوْلِكَ وَمَا نَحْنُ لَكَ بِمُومِنِينَۖ ﰴ
1531,11,54,12,228,هُود,Hūd,إِن نَّقُولُ إِلَّا اَ۪عْتَر۪يٰكَ بَعْضُ ءَالِهَتِنَا بِسُوٓءٖۖ قَالَ إِنِّيَ أُشْهِدُ اُ۬للَّهَۖ وَاشْهَدُوٓاْ أَنِّے بَرِےٓءٞ مِّمَّا تُشْرِكُونَ مِن دُونِهِۦۖ فَكِيدُونِے جَمِيعاٗ ثُمَّ لَا تُنظِرُونِۖ ﰵ
1532,11,55,12,228,هُود,Hūd,إِنِّے تَوَكَّلْتُ عَلَى اَ۬للَّهِ رَبِّے وَرَبِّكُمۖ مَّا مِن دَآبَّةٍ اِلَّا هُوَ ءَاخِذُۢ بِنَاصِيَتِهَآۖ إِنَّ رَبِّے عَلَىٰ صِرَٰطٖ مُّسْتَقِيمٖۖ ﰶ
1533,11,56,12,228,هُود,Hūd,فَإِن تَوَلَّوْاْ فَقَدَ اَبْلَغْتُكُم مَّآ أُرْسِلْتُ بِهِۦٓ إِلَيْكُمْۖ وَيَسْتَخْلِفُ رَبِّے قَوْماً غَيْرَكُمْ وَلَا تَضُرُّونَهُۥ شَئْاًۖ اِنَّ رَبِّے عَلَىٰ كُلِّ شَےْءٍ حَفِيظٞۖ ﰷ
1534,11,57,12,228,هُود,Hūd,وَلَمَّا جَآءَ امْرُنَا نَجَّيْنَا هُوداٗ وَالذِينَ ءَامَنُواْ مَعَهُۥ بِرَحْمَةٖ مِّنَّا وَنَجَّيْنَٰهُم مِّنْ عَذَابٍ غَلِيظٖۖ ﰸ
1535,11,58,12,228,هُود,Hūd,وَتِلْكَ عَادٞ جَحَدُواْ بِـَٔايَٰتِ رَبِّهِمْ وَعَصَوْاْ رُسُلَهُۥ وَاتَّبَعُوٓاْ أَمْرَ كُلِّ جَبّ۪ارٍ عَنِيدٖۖ ﰹ
1536,11,59,12,228,هُود,Hūd,وَأُتْبِعُواْ فِے هَٰذِهِ اِ۬لدُّنْي۪ا لَعْنَةٗ وَيَوْمَ اَ۬لْقِيَٰمَةِۖ أَلَآ إِنَّ عَاداٗ كَفَرُواْ رَبَّهُمُۥٓۖ أَلَا بُعْداٗ لِّعَادٖ قَوْمِ هُودٖۖ ﰺ
1537,11,60,12,228,هُود,Hūd,وَإِلَىٰ ثَمُودَ أَخَاهُمْ صَٰلِحاٗۖ قَالَ يَٰقَوْمِ اِ۟عْبُدُواْ اُ۬للَّهَ مَا لَكُم مِّنِ اِلَٰهٍ غَيْرُهُۥۖ هُوَ أَنشَأَكُم مِّنَ اَ۬لَارْضِ وَاسْتَعْمَرَكُمْ فِيهَا فَاسْتَغْفِرُوهُ ثُمَّ تُوبُوٓاْ إِلَيْهِۖ إِنَّ رَبِّے قَرِيبٞ مُّجِيبٞۖ ﰻ
1538,11,61,12,228,هُود,Hūd,۞ قَالُواْ يَٰصَٰلِحُ قَدْ كُنتَ فِينَا مَرْجُوّاٗ قَبْلَ هَٰذَآ أَتَنْه۪يٰنَآ أَن نَّعْبُدَ مَا يَعْبُدُ ءَابَآؤُنَا وَإِنَّنَا لَفِے شَكّٖ مِّمَّا تَدْعُونَآ إِلَيْهِ مُرِيبٖۖ ﰼ
1539,11,62,12,229,هُود,Hūd,قَالَ يَٰقَوْمِ أَرَٰٓيْتُمُۥٓ إِن كُنتُ عَلَىٰ بَيِّنَةٖ مِّن رَّبِّے وَءَات۪يٰنِے مِنْهُ رَحْمَةٗ فَمَنْ يَّنصُرُنِے مِنَ اَ۬للَّهِ إِنْ عَصَيْتُهُۥۖ فَمَا تَزِيدُونَنِے غَيْرَ تَخْسِيرٖۖ ﰽ
1540,11,63,12,229,هُود,Hūd,وَيَٰقَوْمِ هَٰذِهِۦ نَاقَةُ اُ۬للَّهِ لَكُمُۥٓ ءَايَةٗۖ فَذَرُوهَا تَاكُلْ فِےٓ أَرْضِ اِ۬للَّهِۖ وَلَا تَمَسُّوهَا بِسُوٓءٖ فَيَاخُذَكُمْ عَذَابٞ قَرِيبٞۖ ﰾ
1541,11,64,12,229,هُود,Hūd,فَعَقَرُوهَا فَقَالَ تَمَتَّعُواْ فِے د۪ارِكُمْ ثَلَٰثَةَ أَيَّامٖۖ ذَٰلِكَ وَعْدٌ غَيْرُ مَكْذُوبٖۖ ﰿ
1542,11,65,12,229,هُود,Hūd,فَلَمَّا جَآءَ امْرُنَا نَجَّيْنَا صَٰلِحاٗ وَالذِينَ ءَامَنُواْ مَعَهُۥ بِرَحْمَةٖ مِّنَّا وَمِنْ خِزْيِ يَوْمَئِذٍۖ اِنَّ رَبَّكَ هُوَ اَ۬لْقَوِيُّ اُ۬لْعَزِيزُۖ ﱀ
1543,11,66,12,229,هُود,Hūd,وَأَخَذَ اَ۬لذِينَ ظَلَمُواْ اُ۬لصَّيْحَةُ فَأَصْبَحُواْ فِے دِيٰ۪رِهِمْ جَٰثِمِينَ ﱁ
1544,11,67,12,229,هُود,Hūd,كَأَن لَّمْ يَغْنَوْاْ فِيهَآۖ أَلَآ إِنَّ ثَمُوداٗ كَفَرُواْ رَبَّهُمُۥٓۖ أَلَا بُعْداٗ لِّثَمُودَۖ ﱂ
1545,11,68,12,229,هُود,Hūd,وَلَقَدْ جَآءَتْ رُسُلُنَآ إِبْرَٰهِيمَ بِالْبُشْر۪ىٰ قَالُواْ سَلَٰماٗۖ قَالَ سَلَٰمٞۖ فَمَا لَبِثَ أَن جَآءَ بِعِجْلٍ حَنِيذٖۖ ﱃ
1546,11,69,12,229,هُود,Hūd,فَلَمَّا ر۪ء۪آ أَيْدِيَهُمْ لَا تَصِلُ إِلَيْهِ نَكِرَهُمْ وَأَوْجَسَ مِنْهُمْ خِيفَةٗۖ قَالُواْ لَا تَخَفِۖ اِنَّآ أُرْسِلْنَآ إِلَىٰ قَوْمِ لُوطٖۖ ﱄ
1547,11,70,12,229,هُود,Hūd,وَامْرَأَتُهُۥ قَآئِمَةٞ فَضَحِكَتْۖ فَبَشَّرْنَٰهَا بِإِسْحَٰقَۖ وَمِنْ وَّرَآءِ اسْحَٰقَ يَعْقُوبُۖ ﱅ
1548,11,71,12,230,هُود,Hūd,قَالَتْ يَٰوَيْلَت۪ىٰٓ ءَالِدُ وَأَنَا عَجُوزٞ وَهَٰذَا بَعْلِے شَيْخاًۖ اِنَّ هَٰذَا لَشَےْءٌ عَجِيبٞۖ ﱆ
1549,11,72,12,230,هُود,Hūd,۞ قَالُوٓاْ أَتَعْجَبِينَ مِنَ اَمْرِ اِ۬للَّهِۖ رَحْمَتُ اُ۬للَّهِ وَبَرَكَٰتُهُۥ عَلَيْكُمُۥٓ أَهْلَ اَ۬لْبَيْتِۖ إِنَّهُۥ حَمِيدٞ مَّجِيدٞۖ ﱇ
1550,11,73,12,230,هُود,Hūd,فَلَمَّا ذَهَبَ عَنِ اِبْرَٰهِيمَ اَ۬لرَّوْعُ وَجَآءَتْهُ اُ۬لْبُشْر۪ىٰ يُجَٰدِلُنَا فِے قَوْمِ لُوطٍۖ ﱈ
1551,11,74,12,230,هُود,Hūd,اِنَّ إِبْرَٰهِيمَ لَحَلِيمٌ اَوَّٰهٞ مُّنِيبٞۖ ﱉ
1552,11,75,12,230,هُود,Hūd,يَٰٓإِبْرَٰهِيمُ أَعْرِضْ عَنْ هَٰذَآۖ إِنَّهُۥ قَدْ جَآءَ امْرُ رَبِّكَۖ وَإِنَّهُمُۥٓ ءَاتِيهِمْ عَذَابٌ غَيْرُ مَرْدُودٖۖ ﱊ
1553,11,76,12,230,هُود,Hūd,وَلَمَّا جَآءَتْ رُسُلُنَا لُوطاٗ س۬ےٓءَ بِهِمْ وَضَاقَ بِهِمْ ذَرْعاٗ وَقَالَ هَٰذَا يَوْمٌ عَصِيبٞۖ ﱋ
1554,11,77,12,230,هُود,Hūd,وَجَآءَهُۥ قَوْمُهُۥ يُهْرَعُونَ إِلَيْهِ وَمِن قَبْلُ كَانُواْ يَعْمَلُونَ اَ۬لسَّيِّـَٔاتِۖ قَالَ يَٰقَوْمِ هَٰٓؤُلَآءِ بَنَاتِے هُنَّ أَطْهَرُ لَكُمْ فَاتَّقُواْ اُ۬للَّهَ وَلَا تُخْزُونِ فِے ضَيْفِيَۖ أَلَيْسَ مِنكُمْ رَجُلٞ رَّشِيدٞۖ ﱌ
1555,11,78,12,230,هُود,Hūd,قَالُواْ لَقَدْ عَلِمْتَ مَا لَنَا فِے بَنَاتِكَ مِنْ حَقّٖ وَإِنَّكَ لَتَعْلَمُ مَا نُرِيدُۖ ﱍ
1556,11,79,12,230,هُود,Hūd,قَالَ لَوَ اَنَّ لِے بِكُمْ قُوَّةً اَوَ اٰوِےٓ إِلَىٰ رُكْنٖ شَدِيدٖۖ ﱎ
1557,11,80,12,230,هُود,Hūd,قَالُواْ يَٰلُوطُ إِنَّا رُسُلُ رَبِّكَ لَنْ يَّصِلُوٓاْ إِلَيْكَۖ فَاسْرِ بِأَهْلِكَ بِقِطْعٖ مِّنَ اَ۬ليْلِ وَلَا يَلْتَفِتْ مِنكُمُۥٓ أَحَدٌ اِلَّا اَ۪مْرَأَتَكَۖ إِنَّهُۥ مُصِيبُهَا مَآ أَصَابَهُمُۥٓۖ إِنَّ مَوْعِدَهُمُ اُ۬لصُّبْحُۖ أَلَيْسَ اَ۬لصُّبْحُ بِقَرِيبٖۖ ﱏ
1558,11,81,12,231,هُود,Hūd,فَلَمَّا جَآءَ امْرُنَا جَعَلْنَا عَٰلِيَهَا سَافِلَهَا وَأَمْطَرْنَا عَلَيْهَا حِجَارَةٗ مِّن سِجِّيلٖ ﱐ
1559,11,82,12,231,هُود,Hūd,مَّنضُودٖ مُّسَوَّمَةً عِندَ رَبِّكَۖ وَمَا هِيَ مِنَ اَ۬لظَّٰلِمِينَ بِبَعِيدٖۖ ﱑ
1560,11,83,12,231,هُود,Hūd,۞ وَإِلَىٰ مَدْيَنَ أَخَاهُمْ شُعَيْباٗۖ قَالَ يَٰقَوْمِ اِ۟عْبُدُواْ اُ۬للَّهَ مَا لَكُم مِّنِ اِلَٰهٍ غَيْرُهُۥۖ وَلَا تَنقُصُواْ اُ۬لْمِكْيَالَ وَالْمِيزَانَۖ إِنِّيَ أَر۪يٰكُم بِخَيْرٖ وَإِنِّيَ أَخَافُ عَلَيْكُمْ عَذَابَ يَوْمٖ مُّحِيطٖۖ ﱒ
1561,11,84,12,231,هُود,Hūd,وَيَٰقَوْمِ أَوْفُواْ اُ۬لْمِكْيَالَ وَالْمِيزَانَ بِالْقِسْطِۖ وَلَا تَبْخَسُواْ اُ۬لنَّاسَ أَشْيَآءَهُمْ وَلَا تَعْثَوْاْ فِے اِ۬لَارْضِ مُفْسِدِينَۖ ﱓ
1562,11,85,12,231,هُود,Hūd,بَقِيَّتُ اُ۬للَّهِ خَيْرٞ لَّكُمُۥٓ إِن كُنتُم مُّومِنِينَۖ ﱔ
1563,11,86,12,231,هُود,Hūd,وَمَآ أَنَا عَلَيْكُم بِحَفِيظٖۖ ﱕ
1564,11,87,12,231,هُود,Hūd,قَالُواْ يَٰشُعَيْبُ أَصَلَوَٰتُكَ تَامُرُكَ أَن نَّتْرُكَ مَا يَعْبُدُ ءَابَآؤُنَآ أَوَ اَن نَّفْعَلَ فِےٓ أَمْوَٰلِنَا مَا نَشَٰٓؤُاْۖ اِ۪نَّكَ لَأَنتَ اَ۬لْحَلِيمُ اُ۬لرَّشِيدُۖ ﱖ
1565,11,88,12,231,هُود,Hūd,قَالَ يَٰقَوْمِ أَرَٰٓيْتُمُۥٓ إِن كُنتُ عَلَىٰ بَيِّنَةٖ مِّن رَّبِّے وَرَزَقَنِے مِنْهُ رِزْقاً حَسَناٗۖ وَمَآ أُرِيدُ أَنُ ا۟خَالِفَكُمُۥٓ إِلَىٰ مَآ أَنْه۪يٰكُمْ عَنْهُۖ إِنُ ا۟رِيدُ إِلَّا اَ۬لِاصْلَٰحَ مَا اَ۪سْتَطَعْتُۖ وَمَا تَوْفِيقِيَ إِلَّا بِاللَّهِۖ عَلَيْهِ تَوَكَّلْتُۖ وَإِلَيْهِ أُنِيبُۖ ﱗ
1566,11,89,12,232,هُود,Hūd,وَيَٰقَوْمِ لَا يَجْرِمَنَّكُمْ شِقَاقِيَ أَنْ يُّصِيبَكُم مِّثْلُ مَآ أَصَابَ قَوْمَ نُوحٍ اَوْ قَوْمَ هُودٍ اَوْ قَوْمَ صَٰلِحٖۖ وَمَا قَوْمُ لُوطٖ مِّنكُم بِبَعِيدٖۖ ﱘ
1567,11,90,12,232,هُود,Hūd,وَاسْتَغْفِرُواْ رَبَّكُمْ ثُمَّ تُوبُوٓاْ إِلَيْهِۖ إِنَّ رَبِّے رَحِيمٞ وَدُودٞۖ ﱙ
1568,11,91,12,232,هُود,Hūd,قَالُواْ يَٰشُعَيْبُ مَا نَفْقَهُ كَثِيراٗ مِّمَّا تَقُولُ وَإِنَّا لَنَر۪يٰكَ فِينَا ضَعِيفاٗ وَلَوْلَا رَهْطُكَ لَرَجَمْنَٰكَ وَمَآ أَنتَ عَلَيْنَا بِعَزِيزٖۖ ﱚ
1569,11,92,12,232,هُود,Hūd,قَالَ يَٰقَوْمِ أَرَهْطِيَ أَعَزُّ عَلَيْكُم مِّنَ اَ۬للَّهِ وَاتَّخَذتُّمُوهُ وَرَآءَكُمْ ظِهْرِيّاًۖ اِنَّ رَبِّے بِمَا تَعْمَلُونَ مُحِيطٞۖ ﱛ
1570,11,93,12,232,هُود,Hūd,۞ وَيَٰقَوْمِ اِ۪عْمَلُواْ عَلَىٰ مَكَانَتِكُمُۥٓ إِنِّے عَٰمِلٞۖ سَوْفَ تَعْلَمُونَ مَنْ يَّاتِيهِ عَذَابٞ يُخْزِيهِ وَمَنْ هُوَ كَٰذِبٞۖ وَارْتَقِبُوٓاْۖ إِنِّے مَعَكُمْ رَقِيبٞۖ ﱜ
1571,11,94,12,232,هُود,Hūd,وَلَمَّا جَآءَ امْرُنَا نَجَّيْنَا شُعَيْباٗ وَالذِينَ ءَامَنُواْ مَعَهُۥ بِرَحْمَةٖ مِّنَّاۖ وَأَخَذَتِ اِ۬لذِينَ ظَلَمُواْ اُ۬لصَّيْحَةُ فَأَصْبَحُواْ فِے دِيٰ۪رِهِمْ جَٰثِمِينَ ﱝ
1572,11,95,12,232,هُود,Hūd,كَأَن لَّمْ يَغْنَوْاْ فِيهَآۖ أَلَا بُعْداٗ لِّمَدْيَنَ كَمَا بَعِدَتْ ثَمُودُۖ ﱞ
1573,11,96,12,232,هُود,Hūd,وَلَقَدَ اَرْسَلْنَا مُوس۪ىٰ بِـَٔايَٰتِنَا وَسُلْطَٰنٖ مُّبِينٍ ﱟ
1574,11,97,12,232,هُود,Hūd,اِلَىٰ فِرْعَوْنَ وَمَلَإِيْهِۦ فَاتَّبَعُوٓاْ أَمْرَ فِرْعَوْنَۖ وَمَآ أَمْرُ فِرْعَوْنَ بِرَشِيدٖۖ ﱠ
1575,11,98,12,233,هُود,Hūd,يَقْدُمُ قَوْمَهُۥ يَوْمَ اَ۬لْقِيَٰمَةِ فَأَوْرَدَهُمُ اُ۬لنَّارَۖ وَبِيسَ اَ۬لْوِرْدُ اُ۬لْمَوْرُودُۖ ﱡ
1576,11,99,12,233,هُود,Hūd,وَأُتْبِعُواْ فِے هَٰذِهِۦ لَعْنَةٗ وَيَوْمَ اَ۬لْقِيَٰمَةِۖ بِيسَ اَ۬لرِّفْدُ اُ۬لْمَرْفُودُۖ ﱢ
1577,11,100,12,233,هُود,Hūd,ذَٰلِكَ مِنَ اَنۢبَآءِ اِ۬لْقُر۪ىٰ نَقُصُّهُۥ عَلَيْكَ مِنْهَا قَآئِمٞ وَحَصِيدٞۖ ﱣ
1578,11,101,12,233,هُود,Hūd,وَمَا ظَلَمْنَٰهُمْ وَلَٰكِن ظَلَمُوٓاْ أَنفُسَهُمْۖ فَمَآ أَغْنَتْ عَنْهُمُۥٓ ءَالِهَتُهُمُ اُ۬لتِے يَدْعُونَ مِن دُونِ اِ۬للَّهِ مِن شَےْءٖ لَّمَّا جَآءَ امْرُ رَبِّكَۖ وَمَا زَادُوهُمْ غَيْرَ تَتْبِيبٖۖ ﱤ
1579,11,102,12,233,هُود,Hūd,وَكَذَٰلِكَ أَخْذُ رَبِّكَ إِذَآ أَخَذَ اَ۬لْقُر۪ىٰ وَهِيَ ظَالِمَةٌۖ اِنَّ أَخْذَهُۥٓ أَلِيمٞ شَدِيدٌۖ ﱥ
1580,11,103,12,233,هُود,Hūd,اِنَّ فِے ذَٰلِكَ لَأٓيَةٗ لِّمَنْ خَافَ عَذَابَ اَ۬لَاخِرَةِۖ ذَٰلِكَ يَوْمٞ مَّجْمُوعٞ لَّهُ اُ۬لنَّاسُۖ وَذَٰلِكَ يَوْمٞ مَّشْهُودٞۖ ﱦ
1581,11,104,12,233,هُود,Hūd,وَمَا نُوَ۬خِّرُهُۥٓ إِلَّا لِأَجَلٖ مَّعْدُودٖۖ ﱧ
1582,11,105,12,233,هُود,Hūd,۞ يَوْمَ يَاتِۦ لَا تَكَلَّمُ نَفْسٌ اِلَّا بِإِذْنِهِۦۖ فَمِنْهُمْ شَقِيّٞ وَسَعِيدٞۖ ﱨ
1583,11,106,12,233,هُود,Hūd,فَأَمَّا اَ۬لذِينَ شَقُواْ فَفِے اِ۬لنّ۪ارِ لَهُمْ فِيهَا زَفِيرٞ وَشَهِيقٌ ﱩ
1584,11,107,12,233,هُود,Hūd,خَٰلِدِينَ فِيهَا مَا دَامَتِ اِ۬لسَّمَٰوَٰتُ وَالَارْضُ إِلَّا مَا شَآءَ رَبُّكَۖ إِنَّ رَبَّكَ فَعَّالٞ لِّمَا يُرِيدُۖ ﱪ
1585,11,108,12,233,هُود,Hūd,وَأَمَّا اَ۬لذِينَ سَعِدُواْ فَفِے اِ۬لْجَنَّةِ خَٰلِدِينَ فِيهَا مَا دَامَتِ اِ۬لسَّمَٰوَٰتُ وَالَارْضُ إِلَّا مَا شَآءَ رَبُّكَۖ عَطَآءً غَيْرَ مَجْذُوذٖۖ ﱫ
1586,11,109,12,234,هُود,Hūd,فَلَا تَكُ فِے مِرْيَةٖ مِّمَّا يَعْبُدُ هَٰٓؤُلَآءِۖ مَا يَعْبُدُونَ إِلَّا كَمَا يَعْبُدُ ءَابَآؤُهُم مِّن قَبْلُۖ وَإِنَّا لَمُوَفُّوهُمْ نَصِيبَهُمْ غَيْرَ مَنقُوصٖۖ ﱬ
1587,11,110,12,234,هُود,Hūd,وَلَقَدَ اٰتَيْنَا مُوسَى اَ۬لْكِتَٰبَ فَاخْتُلِفَ فِيهِۖ وَلَوْلَا كَلِمَةٞ سَبَقَتْ مِن رَّبِّكَ لَقُضِيَ بَيْنَهُمْۖ وَإِنَّهُمْ لَفِے شَكّٖ مِّنْهُ مُرِيبٖۖ ﱭ
1588,11,111,12,234,هُود,Hūd,وَإِن كُلّاٗ لَّمَا لَيُوَفِّيَنَّهُمْ رَبُّكَ أَعْمَٰلَهُمُۥٓۖ إِنَّهُۥ بِمَا يَعْمَلُونَ خَبِيرٞۖ ﱮ
1589,11,112,12,234,هُود,Hūd,فَاسْتَقِمْ كَمَآ أُمِرْتَ وَمَن تَابَ مَعَكَ وَلَا تَطْغَوِاْۖ اِنَّهُۥ بِمَا تَعْمَلُونَ بَصِيرٞۖ ﱯ
1590,11,113,12,234,هُود,Hūd,وَلَا تَرْكَنُوٓاْ إِلَى اَ۬لذِينَ ظَلَمُواْ فَتَمَسَّكُمُ اُ۬لنَّارُۖ وَمَا لَكُم مِّن دُونِ اِ۬للَّهِ مِنَ اَوْلِيَآءَۖ ثُمَّ لَا تُنصَرُونَۖ ﱰ
1591,11,114,12,234,هُود,Hūd,وَأَقِمِ اِ۬لصَّلَوٰةَ طَرَفَيِ اِ۬لنَّه۪ارِ وَزُلَفاٗ مِّنَ اَ۬ليْلِۖ إِنَّ اَ۬لْحَسَنَٰتِ يُذْهِبْنَ اَ۬لسَّيِّـَٔاتِۖ ذَٰلِكَ ذِكْر۪ىٰ لِلذَّٰكِرِينَۖ ﱱ
1592,11,115,12,234,هُود,Hūd,وَاصْبِرْۖ فَإِنَّ اَ۬للَّهَ لَا يُضِيعُ أَجْرَ اَ۬لْمُحْسِنِينَۖ ﱲ
1593,11,116,12,234,هُود,Hūd,فَلَوْلَا كَانَ مِنَ اَ۬لْقُرُونِ مِن قَبْلِكُمُۥٓ أُوْلُواْ بَقِيَّةٖ يَنْهَوْنَ عَنِ اِ۬لْفَسَادِ فِے اِ۬لَارْضِ إِلَّا قَلِيلاٗ مِّمَّنَ اَنجَيْنَا مِنْهُمْۖ وَاتَّبَعَ اَ۬لذِينَ ظَلَمُواْ مَآ أُتْرِفُواْ فِيهِ وَكَانُواْ مُجْرِمِينَۖ ﱳ
1594,11,117,12,234,هُود,Hūd,۞ وَمَا كَانَ رَبُّكَ لِيُهْلِكَ اَ۬لْقُر۪ىٰ بِظُلْمٖ وَأَهْلُهَا مُصْلِحُونَۖ ﱴ
1595,11,118,12,235,هُود,Hūd,وَلَوْ شَآءَ رَبُّكَ لَجَعَلَ اَ۬لنَّاسَ أُمَّةٗ وَٰحِدَةٗۖ وَلَا يَزَالُونَ مُخْتَلِفِينَ إِلَّا مَن رَّحِمَ رَبُّكَۖ وَلِذَٰلِكَ خَلَقَهُمْۖ وَتَمَّتْ كَلِمَةُ رَبِّكَ لَأَمْلَأَنَّ جَهَنَّمَ مِنَ اَ۬لْجِنَّةِ وَالنَّاسِ أَجْمَعِينَۖ ﱵ
1596,11,119,12,235,هُود,Hūd,وَكُلّاٗ نَّقُصُّ عَلَيْكَ مِنَ اَنۢبَآءِ اِ۬لرُّسُلِ مَا نُثَبِّتُ بِهِۦ فُؤَادَكَۖ وَجَآءَكَ فِے هَٰذِهِ اِ۬لْحَقُّ وَمَوْعِظَةٞ وَذِكْر۪ىٰ لِلْمُومِنِينَۖ ﱶ
1597,11,120,12,235,هُود,Hūd,وَقُل لِّلذِينَ لَا يُومِنُونَ اَ۪عْمَلُواْ عَلَىٰ مَكَانَتِكُمُۥٓ إِنَّا عَٰمِلُونَ وَانتَظِرُوٓاْ إِنَّا مُنتَظِرُونَۖ ﱷ
1598,11,121,12,235,هُود,Hūd,وَلِلهِ غَيْبُ اُ۬لسَّمَٰوَٰتِ وَالَارْضِۖ وَإِلَيْهِ يُرْجَعُ اُ۬لَامْرُ كُلُّهُۥۖ فَاعْبُدْهُ وَتَوَكَّلْ عَلَيْهِۖ وَمَا رَبُّكَ بِغَٰفِلٍ عَمَّا تَعْمَلُونَۖ ﱸ
1599,12,1,12,235,يُوسُف,Yūsuf,أَلَٓر۪ۖ تِلْكَ ءَايَٰتُ اُ۬لْكِتَٰبِ اِ۬لْمُبِينِۖ ﰀ
1600,12,2,12,235,يُوسُف,Yūsuf,إِنَّآ أَنزَلْنَٰهُ قُرْءَٰناً عَرَبِيّاٗ لَّعَلَّكُمْ تَعْقِلُونَۖ ﰁ
1601,12,3,12,235,يُوسُف,Yūsuf,نَحْنُ نَقُصُّ عَلَيْكَ أَحْسَنَ اَ۬لْقَصَصِ بِمَآ أَوْحَيْنَآ إِلَيْكَ هَٰذَا اَ۬لْقُرْءَانَ وَإِن كُنتَ مِن قَبْلِهِۦ لَمِنَ اَ۬لْغَٰفِلِينَۖ ﰂ
1602,12,4,12,235,يُوسُف,Yūsuf,إِذْ قَالَ يُوسُفُ لِأَبِيهِ يَٰٓأَبَتِ إِنِّے رَأَيْتُ أَحَدَ عَشَرَ كَوْكَباٗ وَالشَّمْسَ وَالْقَمَرَۖ رَأَيْتُهُمْ لِے سَٰجِدِينَۖ ﰃ
1603,12,5,12,236,يُوسُف,Yūsuf,قَالَ يَٰبُنَيِّ لَا تَقْصُصْ رُءْي۪اكَ عَلَىٰٓ إِخْوَتِكَ فَيَكِيدُواْ لَكَ كَيْداًۖ اِنَّ اَ۬لشَّيْطَٰنَ لِلِانسَٰنِ عَدُوّٞ مُّبِينٞۖ ﰄ
1604,12,6,12,236,يُوسُف,Yūsuf,وَكَذَٰلِكَ يَجْتَبِيكَ رَبُّكَ وَيُعَلِّمُكَ مِن تَاوِيلِ اِ۬لَاحَادِيثِۖ وَيُتِمُّ نِعْمَتَهُۥ عَلَيْكَ وَعَلَىٰٓ ءَالِ يَعْقُوبَ كَمَآ أَتَمَّهَا عَلَىٰٓ أَبَوَيْكَ مِن قَبْلُ إِبْرَٰهِيمَ وَإِسْحَٰقَۖ إِنَّ رَبَّكَ عَلِيمٌ حَكِيمٞۖ ﰅ
1605,12,7,12,236,يُوسُف,Yūsuf,لَّقَدْ كَانَ فِے يُوسُفَ وَإِخْوَتِهِۦٓ ءَايَٰتٞ لِّلسَّآئِلِينَۖ ﰆ
1606,12,8,12,236,يُوسُف,Yūsuf,إِذْ قَالُواْ لَيُوسُفُ وَأَخُوهُ أَحَبُّ إِلَىٰٓ أَبِينَا مِنَّا وَنَحْنُ عُصْبَةٌۖ اِنَّ أَبَانَا لَفِے ضَلَٰلٖ مُّبِينٍۖ ﰇ
1607,12,9,12,236,يُوسُف,Yūsuf,اُ۟قْتُلُواْ يُوسُفَ أَوِ اِ۪طْرَحُوهُ أَرْضاٗ يَخْلُ لَكُمْ وَجْهُ أَبِيكُمْ وَتَكُونُواْ مِنۢ بَعْدِهِۦ قَوْماٗ صَٰلِحِينَۖ ﰈ
1608,12,10,12,236,يُوسُف,Yūsuf,۞ قَالَ قَآئِلٞ مِّنْهُمْ لَا تَقْتُلُواْ يُوسُفَ وَأَلْقُوهُ فِے غَيَٰبَٰتِ اِ۬لْجُبِّ يَلْتَقِطْهُ بَعْضُ اُ۬لسَّيَّارَةِ إِن كُنتُمْ فَٰعِلِينَۖ ﰉ
1609,12,11,12,236,يُوسُف,Yūsuf,قَالُواْ يَٰٓأَبَانَا مَا لَكَ لَا تَامَ۬نَّا عَلَىٰ يُوسُفَ وَإِنَّا لَهُۥ لَنَٰصِحُونَۖ ﰊ
1610,12,12,12,236,يُوسُف,Yūsuf,أَرْسِلْهُ مَعَنَا غَداٗ يَرْتَعِ وَيَلْعَبْ وَإِنَّا لَهُۥ لَحَٰفِظُونَۖ ﰋ
1611,12,13,12,236,يُوسُف,Yūsuf,قَالَ إِنِّے لَيُحْزِنُنِيَ أَن تَذْهَبُواْ بِهِۦ وَأَخَافُ أَنْ يَّاكُلَهُ اُ۬لذِّيبُ وَأَنتُمْ عَنْهُ غَٰفِلُونَۖ ﰌ
1612,12,14,12,236,يُوسُف,Yūsuf,قَالُواْ لَئِنَ اَكَلَهُ اُ۬لذِّيبُ وَنَحْنُ عُصْبَةٌ اِنَّآ إِذاٗ لَّخَٰسِرُونَۖ ﰍ
1613,12,15,12,237,يُوسُف,Yūsuf,فَلَمَّا ذَهَبُواْ بِهِۦ وَأَجْمَعُوٓاْ أَنْ يَّجْعَلُوهُ فِے غَيَٰبَٰتِ اِ۬لْجُبِّ وَأَوْحَيْنَآ إِلَيْهِ لَتُنَبِّئَنَّهُم بِأَمْرِهِمْ هَٰذَا وَهُمْ لَا يَشْعُرُونَۖ ﰎ
1614,12,16,12,237,يُوسُف,Yūsuf,وَجَآءُوٓ أَبَاهُمْ عِشَآءٗ يَبْكُونَ ﰏ
1615,12,17,12,237,يُوسُف,Yūsuf,قَالُواْ يَٰٓأَبَانَآ إِنَّا ذَهَبْنَا نَسْتَبِقُ وَتَرَكْنَا يُوسُفَ عِندَ مَتَٰعِنَا فَأَكَلَهُ اُ۬لذِّيبُۖ وَمَآ أَنتَ بِمُومِنٖ لَّنَا وَلَوْ كُنَّا صَٰدِقِينَۖ ﰐ
1616,12,18,12,237,يُوسُف,Yūsuf,وَجَآءُو عَلَىٰ قَمِيصِهِۦ بِدَمٖ كَذِبٖۖ قَالَ بَلْ سَوَّلَتْ لَكُمُۥٓ أَنفُسُكُمُۥٓ أَمْراٗۖ فَصَبْرٞ جَمِيلٞۖ وَاللَّهُ اُ۬لْمُسْتَعَانُ عَلَىٰ مَا تَصِفُونَۖ ﰑ
1617,12,19,12,237,يُوسُف,Yūsuf,وَجَآءَتْ سَيَّارَةٞ فَأَرْسَلُواْ وَارِدَهُمْ فَأَدْل۪ىٰ دَلْوَهُۥ قَالَ يَٰبُشْرٰ۪يَ هَٰذَا غُلَٰمٞۖ وَأَسَرُّوهُ بِضَٰعَةٗۖ وَاللَّهُ عَلِيمُۢ بِمَا يَعْمَلُونَۖ ﰒ
1618,12,20,12,237,يُوسُف,Yūsuf,وَشَرَوْهُ بِثَمَنِۢ بَخْسٖ دَرَٰهِمَ مَعْدُودَةٖ وَكَانُواْ فِيهِ مِنَ اَ۬لزَّٰهِدِينَۖ ﰓ
1619,12,21,12,237,يُوسُف,Yūsuf,وَقَالَ اَ۬لذِے اِ۪شْتَر۪يٰهُ مِن مِّصْرَ لِامْرَأَتِهِۦٓ أَكْرِمِے مَثْو۪يٰهُ عَس۪ىٰٓ أَنْ يَّنفَعَنَآ أَوْ نَتَّخِذَهُۥ وَلَداٗۖ وَكَذَٰلِكَ مَكَّنَّا لِيُوسُفَ فِے اِ۬لَارْضِ وَلِنُعَلِّمَهُۥ مِن تَاوِيلِ اِ۬لَاحَادِيثِۖ وَاللَّهُ غَالِبٌ عَلَىٰٓ أَمْرِهِۦۖ وَلَٰكِنَّ أَكْثَرَ اَ۬لنَّاسِ لَا يَعْلَمُونَۖ ﰔ
1620,12,22,12,237,يُوسُف,Yūsuf,وَلَمَّا بَلَغَ أَشُدَّهُۥٓ ءَاتَيْنَٰهُ حُكْماٗ وَعِلْماٗۖ وَكَذَٰلِكَ نَجْزِے اِ۬لْمُحْسِنِينَۖ ﰕ
1621,12,23,12,238,يُوسُف,Yūsuf,۞ وَرَٰوَدَتْهُ اُ۬لتِے هُوَ فِے بَيْتِهَا عَن نَّفْسِهِۦ وَغَلَّقَتِ اِ۬لَابْوَٰبَ وَقَالَتْ هِيتَ لَكَۖ قَالَ مَعَاذَ اَ۬للَّهِۖ إِنَّهُۥ رَبِّيَ أَحْسَنَ مَثْو۪ايَۖ إِنَّهُۥ لَا يُفْلِحُ اُ۬لظَّٰلِمُونَۖ ﰖ
1622,12,24,12,238,يُوسُف,Yūsuf,وَلَقَدْ هَمَّتْ بِهِۦۖ وَهَمَّ بِهَا لَوْلَآ أَن رّ۪ء۪ا بُرْهَٰنَ رَبِّهِۦۖ كَذَٰلِكَ لِنَصْرِفَ عَنْهُ اُ۬لسُّوٓءَ وَالْفَحْشَآءَۖ ا۪نَّهُۥ مِنْ عِبَادِنَا اَ۬لْمُخْلَصِينَۖ ﰗ
1623,12,25,12,238,يُوسُف,Yūsuf,وَاسْتَبَقَا اَ۬لْبَابَ وَقَدَّتْ قَمِيصَهُۥ مِن دُبُرٖ وَأَلْفَيَا سَيِّدَهَا لَدَا اَ۬لْبَابِۖ قَالَتْ مَا جَزَآءُ مَنَ اَرَادَ بِأَهْلِكَ سُوٓءاً اِلَّآ أَنْ يُّسْجَنَ أَوْ عَذَابٌ اَلِيمٞۖ ﰘ
1624,12,26,12,238,يُوسُف,Yūsuf,قَالَ هِيَ رَٰوَدَتْنِے عَن نَّفْسِےۖ وَشَهِدَ شَاهِدٞ مِّنَ اَهْلِهَآ إِن كَانَ قَمِيصُهُۥ قُدَّ مِن قُبُلٖ فَصَدَقَتْ وَهُوَ مِنَ اَ۬لْكَٰذِبِينَ ﰙ
1625,12,27,12,238,يُوسُف,Yūsuf,وَإِن كَانَ قَمِيصُهُۥ قُدَّ مِن دُبُرٖ فَكَذَبَتْۖ وَهُوَ مِنَ اَ۬لصَّٰدِقِينَۖ ﰚ
1626,12,28,12,238,يُوسُف,Yūsuf,فَلَمَّا ر۪ء۪ا قَمِيصَهُۥ قُدَّ مِن دُبُرٖ قَالَ إِنَّهُۥ مِن كَيْدِكُنَّ إِنَّ كَيْدَكُنَّ عَظِيمٞۖ ﰛ
1627,12,29,12,238,يُوسُف,Yūsuf,يُوسُفُ أَعْرِضْ عَنْ هَٰذَاۖ وَاسْتَغْفِرِے لِذَنۢبِكِ إِنَّكِ كُنتِ مِنَ اَ۬لْخَاطِـِٕينَۖ ﰜ
1628,12,30,12,238,يُوسُف,Yūsuf,وَقَالَ نِسْوَةٞ فِے اِ۬لْمَدِينَةِ اِ۪مْرَأَتُ اُ۬لْعَزِيزِ تُرَٰوِدُ فَت۪يٰهَا عَن نَّفْسِهِۦ قَدْ شَغَفَهَا حُبّاًۖ اِنَّا لَنَر۪يٰهَا فِے ضَلَٰلٖ مُّبِينٖۖ ﰝ
1629,12,31,12,239,يُوسُف,Yūsuf,فَلَمَّا سَمِعَتْ بِمَكْرِهِنَّ أَرْسَلَتِ اِلَيْهِنَّ وَأَعْتَدَتْ لَهُنَّ مُتَّكَـٔاٗ وَءَاتَتْ كُلَّ وَٰحِدَةٖ مِّنْهُنَّ سِكِّيناٗ وَقَالَتُ اُ۟خْرُجْ عَلَيْهِنَّۖ فَلَمَّا رَأَيْنَهُۥٓ أَكْبَرْنَهُۥ وَقَطَّعْنَ أَيْدِيَهُنَّ وَقُلْنَ حَٰشَ لِلهِ مَا هَٰذَا بَشَراًۖ اِنْ هَٰذَآ إِلَّا مَلَكٞ كَرِيمٞۖ ﰞ
1630,12,32,12,239,يُوسُف,Yūsuf,قَالَتْ فَذَٰلِكُنَّ اَ۬لذِے لُمْتُنَّنِے فِيهِۖ وَلَقَدْ رَٰوَدتُّهُۥ عَن نَّفْسِهِۦ فَاسْتَعْصَمَۖ وَلَئِن لَّمْ يَفْعَلْ مَآ ءَامُرُهُۥ لَيُسْجَنَنَّ وَلَيَكُوناٗ مِّنَ اَ۬لصَّٰغِرِينَۖ ﰟ
1631,12,33,12,239,يُوسُف,Yūsuf,۞ قَالَ رَبِّ اِ۬لسِّجْنُ أَحَبُّ إِلَيَّ مِمَّا يَدْعُونَنِےٓ إِلَيْهِ وَإِلَّا تَصْرِفْ عَنِّے كَيْدَهُنَّ أَصْبُ إِلَيْهِنَّ وَأَكُن مِّنَ اَ۬لْجَٰهِلِينَۖ ﰠ
1632,12,34,12,239,يُوسُف,Yūsuf,فَاسْتَجَابَ لَهُۥ رَبُّهُۥ فَصَرَفَ عَنْهُ كَيْدَهُنَّۖ إِنَّهُۥ هُوَ اَ۬لسَّمِيعُ اُ۬لْعَلِيمُۖ ﰡ
1633,12,35,12,239,يُوسُف,Yūsuf,ثُمَّ بَدَا لَهُم مِّنۢ بَعْدِ مَا رَأَوُاْ اُ۬لَايَٰتِ لَيَسْجُنُنَّهُۥ حَتَّىٰ حِينٖۖ ﰢ
1634,12,36,12,239,يُوسُف,Yūsuf,وَدَخَلَ مَعَهُ اُ۬لسِّجْنَ فَتَيَٰنِۖ قَالَ أَحَدُهُمَآ إِنِّيَ أَر۪يٰنِيَ أَعْصِرُ خَمْراٗۖ وَقَالَ اَ۬لَاخَرُ إِنِّيَ أَر۪يٰنِيَ أَحْمِلُ فَوْقَ رَأْسِے خُبْزاٗ تَاكُلُ اُ۬لطَّيْرُ مِنْهُۖ نَبِّئْنَا بِتَاوِيلِهِۦٓ إِنَّا نَر۪يٰكَ مِنَ اَ۬لْمُحْسِنِينَۖ ﰣ
1635,12,37,12,239,يُوسُف,Yūsuf,قَالَ لَا يَاتِيكُمَا طَعَامٞ تُرْزَقَٰنِهِۦٓ إِلَّا نَبَّأْتُكُمَا بِتَاوِيلِهِۦ قَبْلَ أَنْ يَّاتِيَكُمَاۖ ذَٰلِكُمَا مِمَّا عَلَّمَنِے رَبِّيَۖ إِنِّے تَرَكْتُ مِلَّةَ قَوْمٖ لَّا يُومِنُونَ بِاللَّهِ وَهُم بِالَاخِرَةِ هُمْ كَٰفِرُونَۖ ﰤ
1636,12,38,12,240,يُوسُف,Yūsuf,وَاتَّبَعْتُ مِلَّةَ ءَابَآءِيَ إِبْرَٰهِيمَ وَإِسْحَٰقَ وَيَعْقُوبَۖ مَا كَانَ لَنَآ أَن نُّشْرِكَ بِاللَّهِ مِن شَےْءٖۖ ذَٰلِكَ مِن فَضْلِ اِ۬للَّهِ عَلَيْنَا وَعَلَى اَ۬لنَّاسِۖ وَلَٰكِنَّ أَكْثَرَ اَ۬لنَّاسِ لَا يَشْكُرُونَۖ ﰥ
1637,12,39,12,240,يُوسُف,Yūsuf,يَٰصَٰحِبَيِ اِ۬لسِّجْنِ ءَآرْبَابٞ مُّتَفَرِّقُونَ خَيْرٌ اَمِ اِ۬للَّهُ اُ۬لْوَٰحِدُ اُ۬لْقَهَّارُۖ ﰦ
1638,12,40,12,240,يُوسُف,Yūsuf,مَا تَعْبُدُونَ مِن دُونِهِۦٓ إِلَّآ أَسْمَآءٗ سَمَّيْتُمُوهَآ أَنتُمْ وَءَابَآؤُكُم مَّآ أَنزَلَ اَ۬للَّهُ بِهَا مِن سُلْطَٰنٍۖ اِنِ اِ۬لْحُكْمُ إِلَّا لِلهِۖ أَمَرَ أَلَّا تَعْبُدُوٓاْ إِلَّآ إِيَّاهُۖ ذَٰلِكَ اَ۬لدِّينُ اُ۬لْقَيِّمُۖ وَلَٰكِنَّ أَكْثَرَ اَ۬لنَّاسِ لَا يَعْلَمُونَۖ ﰧ
1639,12,41,12,240,يُوسُف,Yūsuf,يَٰصَٰحِبَيِ اِ۬لسِّجْنِ أَمَّآ أَحَدُكُمَا فَيَسْقِے رَبَّهُۥ خَمْراٗۖ وَأَمَّا اَ۬لَاخَرُ فَيُصْلَبُ فَتَاكُلُ اُ۬لطَّيْرُ مِن رَّأْسِهِۦۖ قُضِيَ اَ۬لَامْرُ اُ۬لذِے فِيهِ تَسْتَفْتِيَٰنِۖ ﰨ
1640,12,42,12,240,يُوسُف,Yūsuf,۞ وَقَالَ لِلذِے ظَنَّ أَنَّهُۥ نَاجٖ مِّنْهُمَا اَ۟ذْكُرْنِے عِندَ رَبِّكَۖ فَأَنس۪يٰهُ اُ۬لشَّيْطَٰنُ ذِكْرَ رَبِّهِۦ فَلَبِثَ فِے اِ۬لسِّجْنِ بِضْعَ سِنِينَۖ ﰩ
1641,12,43,12,240,يُوسُف,Yūsuf,وَقَالَ اَ۬لْمَلِكُ إِنِّيَ أَر۪ىٰ سَبْعَ بَقَرَٰتٖ سِمَانٖ يَاكُلُهُنَّ سَبْعٌ عِجَافٞ وَسَبْعَ سُنۢبُلَٰتٍ خُضْرٖ وَأُخَرَ يَابِسَٰتٖۖ يَٰٓأَيُّهَا اَ۬لْمَلَأُ اَ۬فْتُونِے فِے رُءْيٰ۪يَ إِن كُنتُمْ لِلرُّءْي۪ا تَعْبُرُونَۖ ﰪ
1642,12,44,12,241,يُوسُف,Yūsuf,قَالُوٓاْ أَضْغَٰثُ أَحْلَٰمٖۖ وَمَا نَحْنُ بِتَاوِيلِ اِ۬لَاحْلَٰمِ بِعَٰلِمِينَۖ ﰫ
1643,12,45,12,241,يُوسُف,Yūsuf,وَقَالَ اَ۬لذِے نَجَا مِنْهُمَا وَادَّكَرَ بَعْدَ أُمَّةٍ اَنَآ أُنَبِّئُكُم بِتَاوِيلِهِۦ فَأَرْسِلُونِۖ ﰬ
1644,12,46,12,241,يُوسُف,Yūsuf,يُوسُفُ أَيُّهَا اَ۬لصِّدِّيقُ أَفْتِنَا فِے سَبْعِ بَقَرَٰتٖ سِمَانٖ يَاكُلُهُنَّ سَبْعٌ عِجَافٞ وَسَبْعِ سُنۢبُلَٰتٍ خُضْرٖ وَأُخَرَ يَابِسَٰتٖ لَّعَلِّيَ أَرْجِعُ إِلَى اَ۬لنَّاسِ لَعَلَّهُمْ يَعْلَمُونَۖ ﰭ
1645,12,47,12,241,يُوسُف,Yūsuf,قَالَ تَزْرَعُونَ سَبْعَ سِنِينَ دَأْباٗۖ فَمَا حَصَدتُّمْ فَذَرُوهُ فِے سُنۢبُلِهِۦٓ إِلَّا قَلِيلاٗ مِّمَّا تَاكُلُونَۖ ﰮ
1646,12,48,12,241,يُوسُف,Yūsuf,ثُمَّ يَاتِے مِنۢ بَعْدِ ذَٰلِكَ سَبْعٞ شِدَادٞ يَاكُلْنَ مَا قَدَّمْتُمْ لَهُنَّ إِلَّا قَلِيلاٗ مِّمَّا تُحْصِنُونَۖ ﰯ
1647,12,49,12,241,يُوسُف,Yūsuf,ثُمَّ يَاتِے مِنۢ بَعْدِ ذَٰلِكَ عَامٞ فِيهِ يُغَاثُ اُ۬لنَّاسُ وَفِيهِ يَعْصِرُونَۖ ﰰ
1648,12,50,12,241,يُوسُف,Yūsuf,وَقَالَ اَ۬لْمَلِكُ اُ۪يتُونِے بِهِۦۖ فَلَمَّا جَآءَهُ اُ۬لرَّسُولُ قَالَ اَ۪رْجِعِ اِلَىٰ رَبِّكَ فَسْـَٔلْهُ مَا بَالُ اُ۬لنِّسْوَةِ اِ۬لتِے قَطَّعْنَ أَيْدِيَهُنَّۖ إِنَّ رَبِّے بِكَيْدِهِنَّ عَلِيمٞۖ ﰱ
1649,12,51,12,241,يُوسُف,Yūsuf,قَالَ مَا خَطْبُكُنَّ إِذْ رَٰوَدتُّنَّ يُوسُفَ عَن نَّفْسِهِۦۖ قُلْنَ حَٰشَ لِلهِ مَا عَلِمْنَا عَلَيْهِ مِن سُوٓءٖۖ قَالَتِ اِ۪مْرَأَتُ اُ۬لْعَزِيزِ اِ۬لَٰنَ حَصْحَصَ اَ۬لْحَقُّ أَنَا رَٰوَدتُّهُۥ عَن نَّفْسِهِۦ وَإِنَّهُۥ لَمِنَ اَ۬لصَّٰدِقِينَۖ ﰲ
1650,12,52,12,241,يُوسُف,Yūsuf,ذَٰلِكَ لِيَعْلَمَ أَنِّے لَمَ اَخُنْهُ بِالْغَيْبِ وَأَنَّ اَ۬للَّهَ لَا يَهْدِے كَيْدَ اَ۬لْخَآئِنِينَۖ ﰳ
1651,12,53,13,242,يُوسُف,Yūsuf,۞ وَمَآ أُبَرِّۓُ نَفْسِيَۖ إِنَّ اَ۬لنَّفْسَ لَأَمَّارَةُۢ بِالسُّوٓءِ الَّا مَا رَحِمَ رَبِّيَۖ إِنَّ رَبِّے غَفُورٞ رَّحِيمٞۖ ﰴ
1652,12,54,13,242,يُوسُف,Yūsuf,وَقَالَ اَ۬لْمَلِكُ اُ۪يتُونِے بِهِۦٓ أَسْتَخْلِصْهُ لِنَفْسِےۖ فَلَمَّا كَلَّمَهُۥ قَالَ إِنَّكَ اَ۬لْيَوْمَ لَدَيْنَا مَكِينٌ اَمِينٞۖ ﰵ
1653,12,55,13,242,يُوسُف,Yūsuf,قَالَ اَ۪جْعَلْنِے عَلَىٰ خَزَآئِنِ اِ۬لَارْضِ إِنِّے حَفِيظٌ عَلِيمٞۖ ﰶ
1654,12,56,13,242,يُوسُف,Yūsuf,وَكَذَٰلِكَ مَكَّنَّا لِيُوسُفَ فِے اِ۬لَارْضِ يَتَبَوَّأُ مِنْهَا حَيْثُ يَشَآءُۖ نُصِيبُ بِرَحْمَتِنَا مَن نَّشَآءُ وَلَا نُضِيعُ أَجْرَ اَ۬لْمُحْسِنِينَۖ ﰷ
1655,12,57,13,242,يُوسُف,Yūsuf,وَلَأَجْرُ اُ۬لَاخِرَةِ خَيْرٞ لِّلذِينَ ءَامَنُواْ وَكَانُواْ يَتَّقُونَۖ ﰸ
1656,12,58,13,242,يُوسُف,Yūsuf,وَجَآءَ ا۪خْوَةُ يُوسُفَ فَدَخَلُواْ عَلَيْهِ فَعَرَفَهُمْ وَهُمْ لَهُۥ مُنكِرُونَۖ ﰹ
1657,12,59,13,242,يُوسُف,Yūsuf,وَلَمَّا جَهَّزَهُم بِجَهَازِهِمْ قَالَ اَ۪يتُونِے بِأَخٖ لَّكُم مِّنَ اَبِيكُمُۥٓۖ أَلَا تَرَوْنَ أَنِّيَ أُوفِے اِ۬لْكَيْلَ وَأَنَا خَيْرُ اُ۬لْمُنزِلِينَۖ ﰺ
1658,12,60,13,242,يُوسُف,Yūsuf,فَإِن لَّمْ تَاتُونِے بِهِۦ فَلَا كَيْلَ لَكُمْ عِندِے وَلَا تَقْرَبُونِۖ ﰻ
1659,12,61,13,242,يُوسُف,Yūsuf,قَالُواْ سَنُرَٰوِدُ عَنْهُ أَبَاهُ وَإِنَّا لَفَٰعِلُونَۖ ﰼ
1660,12,62,13,242,يُوسُف,Yūsuf,وَقَالَ لِفِتْيَتِهِ اِ۪جْعَلُواْ بِضَٰعَتَهُمْ فِے رِحَالِهِمْ لَعَلَّهُمْ يَعْرِفُونَهَآ إِذَا اَ۪نقَلَبُوٓاْ إِلَىٰٓ أَهْلِهِمْ لَعَلَّهُمْ يَرْجِعُونَۖ ﰽ
1661,12,63,13,242,يُوسُف,Yūsuf,فَلَمَّا رَجَعُوٓاْ إِلَىٰٓ أَبِيهِمْ قَالُواْ يَٰٓأَبَانَا مُنِعَ مِنَّا اَ۬لْكَيْلُ فَأَرْسِلْ مَعَنَآ أَخَانَا نَكْتَلْ وَإِنَّا لَهُۥ لَحَٰفِظُونَۖ ﰾ
1662,12,64,13,243,يُوسُف,Yūsuf,قَالَ هَلَ اٰمَنُكُمْ عَلَيْهِ إِلَّا كَمَآ أَمِنتُكُمْ عَلَىٰٓ أَخِيهِ مِن قَبْلُۖ فَاللَّهُ خَيْرٌ حِفْظاٗۖ وَهُوَ أَرْحَمُ اُ۬لرَّٰحِمِينَۖ ﰿ
1663,12,65,13,243,يُوسُف,Yūsuf,وَلَمَّا فَتَحُواْ مَتَٰعَهُمْ وَجَدُواْ بِضَٰعَتَهُمْ رُدَّتِ اِلَيْهِمْ قَالُواْ يَٰٓأَبَانَا مَا نَبْغِےۖ هَٰذِهِۦ بِضَٰعَتُنَا رُدَّتِ اِلَيْنَا وَنَمِيرُ أَهْلَنَا وَنَحْفَظُ أَخَانَا وَنَزْدَادُ كَيْلَ بَعِيرٖۖ ذَٰلِكَ كَيْلٞ يَسِيرٞۖ ﱀ
1664,12,66,13,243,يُوسُف,Yūsuf,۞ قَالَ لَنُ ا۟رْسِلَهُۥ مَعَكُمْ حَتَّىٰ تُوتُونِ مَوْثِقاٗ مِّنَ اَ۬للَّهِ لَتَاتُنَّنِے بِهِۦٓ إِلَّآ أَنْ يُّحَاطَ بِكُمْۖ فَلَمَّآ ءَاتَوْهُ مَوْثِقَهُمْ قَالَ اَ۬للَّهُ عَلَىٰ مَا نَقُولُ وَكِيلٞۖ ﱁ
1665,12,67,13,243,يُوسُف,Yūsuf,وَقَالَ يَٰبَنِيَّ لَا تَدْخُلُواْ مِنۢ بَابٖ وَٰحِدٖ وَادْخُلُواْ مِنَ اَبْوَٰبٖ مُّتَفَرِّقَةٖۖ وَمَآ أُغْنِے عَنكُم مِّنَ اَ۬للَّهِ مِن شَےْءٍۖ اِنِ اِ۬لْحُكْمُ إِلَّا لِلهِۖ عَلَيْهِ تَوَكَّلْتُۖ وَعَلَيْهِ فَلْيَتَوَكَّلِ اِ۬لْمُتَوَكِّلُونَۖ ﱂ
1666,12,68,13,243,يُوسُف,Yūsuf,وَلَمَّا دَخَلُواْ مِنْ حَيْثُ أَمَرَهُمُۥٓ أَبُوهُم مَّا كَانَ يُغْنِے عَنْهُم مِّنَ اَ۬للَّهِ مِن شَےْءٍ اِلَّا حَاجَةٗ فِے نَفْسِ يَعْقُوبَ قَض۪يٰهَاۖ وَإِنَّهُۥ لَذُو عِلْمٖ لِّمَا عَلَّمْنَٰهُۖ وَلَٰكِنَّ أَكْثَرَ اَ۬لنَّاسِ لَا يَعْلَمُونَۖ ﱃ
1667,12,69,13,243,يُوسُف,Yūsuf,وَلَمَّا دَخَلُواْ عَلَىٰ يُوسُفَ ءَاو۪ىٰٓ إِلَيْهِ أَخَاهُۖ قَالَ إِنِّيَ أَنَآ أَخُوكَ فَلَا تَبْتَئِسْ بِمَا كَانُواْ يَعْمَلُونَۖ ﱄ
1668,12,70,13,244,يُوسُف,Yūsuf,فَلَمَّا جَهَّزَهُم بِجَهَازِهِمْ جَعَلَ اَ۬لسِّقَايَةَ فِے رَحْلِ أَخِيهِ ثُمَّ أَذَّنَ مُوَ۬ذِّنٌ اَيَّتُهَا اَ۬لْعِيرُ إِنَّكُمْ لَسَٰرِقُونَۖ ﱅ
1669,12,71,13,244,يُوسُف,Yūsuf,قَالُواْ وَأَقْبَلُواْ عَلَيْهِم مَّاذَا تَفْقِدُونَۖ ﱆ
1670,12,72,13,244,يُوسُف,Yūsuf,قَالُواْ نَفْقِدُ صُوَاعَ اَ۬لْمَلِكِۖ وَلِمَن جَآءَ بِهِۦ حِمْلُ بَعِيرٖ وَأَنَا بِهِۦ زَعِيمٞۖ ﱇ
1671,12,73,13,244,يُوسُف,Yūsuf,قَالُواْ تَاللَّهِ لَقَدْ عَلِمْتُم مَّا جِئْنَا لِنُفْسِدَ فِے اِ۬لَارْضِ وَمَا كُنَّا سَٰرِقِينَۖ ﱈ
1672,12,74,13,244,يُوسُف,Yūsuf,قَالُواْ فَمَا جَزَٰٓؤُهُۥٓ إِن كُنتُمْ كَٰذِبِينَۖ ﱉ
1673,12,75,13,244,يُوسُف,Yūsuf,قَالُواْ جَزَٰٓؤُهُۥ مَنْ وُّجِدَ فِے رَحْلِهِۦ فَهُوَ جَزَٰٓؤُهُۥۖ كَذَٰلِكَ نَجْزِے اِ۬لظَّٰلِمِينَۖ ﱊ
1674,12,76,13,244,يُوسُف,Yūsuf,فَبَدَأَ بِأَوْعِيَتِهِمْ قَبْلَ وِعَآءِ اَ۬خِيهِ ثُمَّ اَ۪سْتَخْرَجَهَا مِنْ وِّعَآءِ اَ۬خِيهِۖ كَذَٰلِكَ كِدْنَا لِيُوسُفَۖ مَا كَانَ لِيَاخُذَ أَخَاهُ فِے دِينِ اِ۬لْمَلِكِ إِلَّآ أَنْ يَّشَآءَ اَ۬للَّهُۖ نَرْفَعُ دَرَجَٰتِ مَن نَّشَآءُۖ وَفَوْقَ كُلِّ ذِے عِلْمٍ عَلِيمٞۖ ﱋ
1675,12,77,13,244,يُوسُف,Yūsuf,۞ قَالُوٓاْ إِنْ يَّسْرِقْ فَقَدْ سَرَقَ أَخٞ لَّهُۥ مِن قَبْلُۖ فَأَسَرَّهَا يُوسُفُ فِے نَفْسِهِۦ وَلَمْ يُبْدِهَا لَهُمْۖ قَالَ أَنتُمْ شَرّٞ مَّكَاناٗۖ وَاللَّهُ أَعْلَمُ بِمَا تَصِفُونَۖ ﱌ
1676,12,78,13,244,يُوسُف,Yūsuf,قَالُواْ يَٰٓأَيُّهَا اَ۬لْعَزِيزُ إِنَّ لَهُۥٓ أَباٗ شَيْخاٗ كَبِيراٗ فَخُذَ اَحَدَنَا مَكَانَهُۥٓ إِنَّا نَر۪يٰكَ مِنَ اَ۬لْمُحْسِنِينَۖ ﱍ
1677,12,79,13,245,يُوسُف,Yūsuf,قَالَ مَعَاذَ اَ۬للَّهِ أَن نَّاخُذَ إِلَّا مَنْ وَّجَدْنَا مَتَٰعَنَا عِندَهُۥٓ إِنَّآ إِذاٗ لَّظَٰلِمُونَۖ ﱎ
1678,12,80,13,245,يُوسُف,Yūsuf,فَلَمَّا اَ۪سْتَيْـَٔسُواْ مِنْهُ خَلَصُواْ نَجِيّاٗۖ قَالَ كَبِيرُهُمُۥٓ أَلَمْ تَعْلَمُوٓاْ أَنَّ أَبَاكُمْ قَدَ اَخَذَ عَلَيْكُم مَّوْثِقاٗ مِّنَ اَ۬للَّهِۖ وَمِن قَبْلُ مَا فَرَّطْتُّمْ فِے يُوسُفَۖ فَلَنَ اَبْرَحَ اَ۬لَارْضَ حَتَّىٰ يَاذَنَ لِيَ أَبِيَ أَوْ يَحْكُمَ اَ۬للَّهُ لِےۖ وَهُوَ خَيْرُ اُ۬لْحَٰكِمِينَۖ ﱏ
1679,12,81,13,245,يُوسُف,Yūsuf,اَ۪رْجِعُوٓاْ إِلَىٰٓ أَبِيكُمْ فَقُولُواْ يَٰٓأَبَانَآ إِنَّ اَ۪بْنَكَ سَرَقَۖ وَمَا شَهِدْنَآ إِلَّا بِمَا عَلِمْنَا وَمَا كُنَّا لِلْغَيْبِ حَٰفِظِينَۖ ﱐ
1680,12,82,13,245,يُوسُف,Yūsuf,وَسْـَٔلِ اِ۬لْقَرْيَةَ اَ۬لتِے كُنَّا فِيهَا وَالْعِيرَ اَ۬لتِےٓ أَقْبَلْنَا فِيهَا وَإِنَّا لَصَٰدِقُونَۖ ﱑ
1681,12,83,13,245,يُوسُف,Yūsuf,قَالَ بَلْ سَوَّلَتْ لَكُمُۥٓ أَنفُسُكُمُۥٓ أَمْراٗۖ فَصَبْرٞ جَمِيلٌۖ عَسَى اَ۬للَّهُ أَنْ يَّاتِيَنِے بِهِمْ جَمِيعاًۖ اِنَّهُۥ هُوَ اَ۬لْعَلِيمُ اُ۬لْحَكِيمُۖ ﱒ
1682,12,84,13,245,يُوسُف,Yūsuf,وَتَوَلّ۪ىٰ عَنْهُمْ وَقَالَ يَٰٓأَسَف۪ىٰ عَلَىٰ يُوسُفَۖ وَابْيَضَّتْ عَيْنَٰهُ مِنَ اَ۬لْحُزْنِ فَهُوَ كَظِيمٞۖ ﱓ
1683,12,85,13,245,يُوسُف,Yūsuf,قَالُواْ تَاللَّهِ تَفْتَؤُاْ تَذْكُرُ يُوسُفَ حَتَّىٰ تَكُونَ حَرَضاً اَوْ تَكُونَ مِنَ اَ۬لْهَٰلِكِينَۖ ﱔ
1684,12,86,13,245,يُوسُف,Yūsuf,قَالَ إِنَّمَآ أَشْكُواْ بَثِّے وَحُزْنِيَ إِلَى اَ۬للَّهِۖ وَأَعْلَمُ مِنَ اَ۬للَّهِ مَا لَا تَعْلَمُونَۖ ﱕ
1685,12,87,13,246,يُوسُف,Yūsuf,يَٰبَنِيَّ اَ۪ذْهَبُواْ فَتَحَسَّسُواْ مِنْ يُّوسُفَ وَأَخِيهِ وَلَا تَاْيْـَٔسُواْ مِن رَّوْحِ اِ۬للَّهِۖ إِنَّهُۥ لَا يَاْيْـَٔسُ مِن رَّوْحِ اِ۬للَّهِ إِلَّا اَ۬لْقَوْمُ اُ۬لْكَٰفِرُونَۖ ﱖ
1686,12,88,13,246,يُوسُف,Yūsuf,۞ فَلَمَّا دَخَلُواْ عَلَيْهِ قَالُواْ يَٰٓأَيُّهَا اَ۬لْعَزِيزُ مَسَّنَا وَأَهْلَنَا اَ۬لضُّرُّ وَجِئْنَا بِبِضَٰعَةٖ مُّزْج۪يٰةٖۖ فَأَوْفِ لَنَا اَ۬لْكَيْلَ وَتَصَدَّقْ عَلَيْنَآۖ إِنَّ اَ۬للَّهَ يَجْزِے اِ۬لْمُتَصَدِّقِينَۖ ﱗ
1687,12,89,13,246,يُوسُف,Yūsuf,قَالَ هَلْ عَلِمْتُم مَّا فَعَلْتُم بِيُوسُفَ وَأَخِيهِ إِذَ اَنتُمْ جَٰهِلُونَۖ ﱘ
1688,12,90,13,246,يُوسُف,Yūsuf,قَالُوٓاْ أَ۟نَّكَ لَأَنتَ يُوسُفُۖ قَالَ أَنَا يُوسُفُ وَهَٰذَآ أَخِےۖ قَدْ مَنَّ اَ۬للَّهُ عَلَيْنَآۖ إِنَّهُۥ مَنْ يَّتَّقِ وَيَصْبِرْ فَإِنَّ اَ۬للَّهَ لَا يُضِيعُ أَجْرَ اَ۬لْمُحْسِنِينَۖ ﱙ
1689,12,91,13,246,يُوسُف,Yūsuf,قَالُواْ تَاللَّهِ لَقَدَ اٰثَرَكَ اَ۬للَّهُ عَلَيْنَا وَإِن كُنَّا لَخَٰطِـِٕينَۖ ﱚ
1690,12,92,13,246,يُوسُف,Yūsuf,قَالَ لَا تَثْرِيبَ عَلَيْكُمُۖ اُ۬لْيَوْمَ يَغْفِرُ اُ۬للَّهُ لَكُمْۖ وَهُوَ أَرْحَمُ اُ۬لرَّٰحِمِينَۖ ﱛ
1691,12,93,13,246,يُوسُف,Yūsuf,اَ۪ذْهَبُواْ بِقَمِيصِے هَٰذَا فَأَلْقُوهُ عَلَىٰ وَجْهِ أَبِے يَاتِ بَصِيراٗ وَاتُونِے بِأَهْلِكُمُۥٓ أَجْمَعِينَۖ ﱜ
1692,12,94,13,246,يُوسُف,Yūsuf,وَلَمَّا فَصَلَتِ اِ۬لْعِيرُ قَالَ أَبُوهُمُۥٓ إِنِّے لَأَجِدُ رِيحَ يُوسُفَ لَوْلَآ أَن تُفَنِّدُونِۖ ﱝ
1693,12,95,13,246,يُوسُف,Yūsuf,قَالُواْ تَاللَّهِ إِنَّكَ لَفِے ضَلَٰلِكَ اَ۬لْقَدِيمِۖ ﱞ
1694,12,96,13,247,يُوسُف,Yūsuf,فَلَمَّآ أَن جَآءَ اَ۬لْبَشِيرُ أَلْق۪يٰهُ عَلَىٰ وَجْهِهِۦ فَارْتَدَّ بَصِيراٗۖ قَالَ أَلَمَ اَقُل لَّكُمُۥٓ إِنِّيَ أَعْلَمُ مِنَ اَ۬للَّهِ مَا لَا تَعْلَمُونَۖ ﱟ
1695,12,97,13,247,يُوسُف,Yūsuf,قَالُواْ يَٰٓأَبَانَا اَ۪سْتَغْفِرْ لَنَا ذُنُوبَنَآ إِنَّا كُنَّا خَٰطِـِٕينَۖ ﱠ
1696,12,98,13,247,يُوسُف,Yūsuf,قَالَ سَوْفَ أَسْتَغْفِرُ لَكُمْ رَبِّيَۖ إِنَّهُۥ هُوَ اَ۬لْغَفُورُ اُ۬لرَّحِيمُۖ ﱡ
1697,12,99,13,247,يُوسُف,Yūsuf,فَلَمَّا دَخَلُواْ عَلَىٰ يُوسُفَ ءَاو۪ىٰٓ إِلَيْهِ أَبَوَيْهِ وَقَالَ اَ۟دْخُلُواْ مِصْرَ إِن شَآءَ اَ۬للَّهُ ءَامِنِينَۖ ﱢ
1698,12,100,13,247,يُوسُف,Yūsuf,وَرَفَعَ أَبَوَيْهِ عَلَى اَ۬لْعَرْشِ وَخَرُّواْ لَهُۥ سُجَّداٗۖ وَقَالَ يَٰٓأَبَتِ هَٰذَا تَاوِيلُ رُءْيٰ۪يَ مِن قَبْلُ قَدْ جَعَلَهَا رَبِّے حَقّاٗۖ وَقَدَ اَحْسَنَ بِيَ إِذَ اَخْرَجَنِے مِنَ اَ۬لسِّجْنِ وَجَآءَ بِكُم مِّنَ اَ۬لْبَدْوِ مِنۢ بَعْدِ أَن نَّزَغَ اَ۬لشَّيْطَٰنُ بَيْنِے وَبَيْنَ إِخْوَتِيَۖ إِنَّ رَبِّے لَطِيفٞ لِّمَا يَشَآءُۖ اِ۪نَّهُۥ هُوَ اَ۬لْعَلِيمُ اُ۬لْحَكِيمُۖ ﱣ
1699,12,101,13,247,يُوسُف,Yūsuf,۞ رَبِّ قَدَ اٰتَيْتَنِے مِنَ اَ۬لْمُلْكِ وَعَلَّمْتَنِے مِن تَاوِيلِ اِ۬لَاحَادِيثِۖ فَاطِرَ اَ۬لسَّمَٰوَٰتِ وَالَارْضِ أَنتَ وَلِيِّۦ فِے اِ۬لدُّنْي۪ا وَالَاخِرَةِ تَوَفَّنِے مُسْلِماٗ وَأَلْحِقْنِے بِالصَّٰلِحِينَۖ ﱤ
1700,12,102,13,247,يُوسُف,Yūsuf,ذَٰلِكَ مِنَ اَنۢبَآءِ اِ۬لْغَيْبِ نُوحِيهِ إِلَيْكَۖ وَمَا كُنتَ لَدَيْهِمُۥٓ إِذَ اَجْمَعُوٓاْ أَمْرَهُمْ وَهُمْ يَمْكُرُونَۖ ﱥ
1701,12,103,13,247,يُوسُف,Yūsuf,وَمَآ أَكْثَرُ اُ۬لنَّاسِ وَلَوْ حَرَصْتَ بِمُومِنِينَۖ ﱦ
1702,12,104,13,248,يُوسُف,Yūsuf,وَمَا تَسْـَٔلُهُمْ عَلَيْهِ مِنَ اَجْرٍۖ اِنْ هُوَ إِلَّا ذِكْرٞ لِّلْعَٰلَمِينَۖ ﱧ
1703,12,105,13,248,يُوسُف,Yūsuf,وَكَأَيِّن مِّنَ اٰيَةٖ فِے اِ۬لسَّمَٰوَٰتِ وَالَارْضِ يَمُرُّونَ عَلَيْهَا وَهُمْ عَنْهَا مُعْرِضُونَۖ ﱨ
1704,12,106,13,248,يُوسُف,Yūsuf,وَمَا يُومِنُ أَكْثَرُهُم بِاللَّهِ إِلَّا وَهُم مُّشْرِكُونَۖ ﱩ
1705,12,107,13,248,يُوسُف,Yūsuf,أَفَأَمِنُوٓاْ أَن تَاتِيَهُمْ غَٰشِيَةٞ مِّنْ عَذَابِ اِ۬للَّهِ أَوْ تَاتِيَهُمُ اُ۬لسَّاعَةُ بَغْتَةٗ وَهُمْ لَا يَشْعُرُونَۖ ﱪ
1706,12,108,13,248,يُوسُف,Yūsuf,قُلْ هَٰذِهِۦ سَبِيلِيَ أَدْعُوٓاْ إِلَى اَ۬للَّهِۖ عَلَىٰ بَصِيرَةٍ اَنَا وَمَنِ اِ۪تَّبَعَنِےۖ وَسُبْحَٰنَ اَ۬للَّهِۖ وَمَآ أَنَا مِنَ اَ۬لْمُشْرِكِينَۖ ﱫ
1707,12,109,13,248,يُوسُف,Yūsuf,وَمَآ أَرْسَلْنَا مِن قَبْلِكَ إِلَّا رِجَالاٗ يُوح۪ىٰٓ إِلَيْهِم مِّنَ اَهْلِ اِ۬لْقُر۪ىٰٓۖ أَفَلَمْ يَسِيرُواْ فِے اِ۬لَارْضِ فَيَنظُرُواْ كَيْفَ كَانَ عَٰقِبَةُ اُ۬لذِينَ مِن قَبْلِهِمْۖ وَلَدَارُ اُ۬لَاخِرَةِ خَيْرٞ لِّلذِينَ اَ۪تَّقَوَاْۖ اَفَلَا تَعْقِلُونَۖ ﱬ
1708,12,110,13,248,يُوسُف,Yūsuf,حَتَّىٰٓ إِذَا اَ۪سْتَيْـَٔسَ اَ۬لرُّسُلُ وَظَنُّوٓاْ أَنَّهُمْ قَدْ كُذِّبُواْ جَآءَهُمْ نَصْرُنَا فَنُۨجِے مَن نَّشَآءُۖ وَلَا يُرَدُّ بَأْسُنَا عَنِ اِ۬لْقَوْمِ اِ۬لْمُجْرِمِينَۖ ﱭ
1709,12,111,13,248,يُوسُف,Yūsuf,۞ لَقَدْ كَانَ فِے قَصَصِهِمْ عِبْرَةٞ لِّأُوْلِے اِ۬لَالْبَٰبِۖ مَا كَانَ حَدِيثاٗ يُفْتَر۪ىٰۖ وَلَٰكِن تَصْدِيقَ اَ۬لذِے بَيْنَ يَدَيْهِ وَتَفْصِيلَ كُلِّ شَےْءٖ وَهُدىٗ وَرَحْمَةٗ لِّقَوْمٖ يُومِنُونَۖ ﱮ
1710,13,1,13,249,الرَّعد,Ar-Ra‘d,أَلَٓمِّٓر۪ۖ تِلْكَ ءَايَٰتُ اُ۬لْكِتَٰبِۖ وَالذِےٓ أُنزِلَ إِلَيْكَ مِن رَّبِّكَ اَ۬لْحَقُّۖ وَلَٰكِنَّ أَكْثَرَ اَ۬لنَّاسِ لَا يُومِنُونَۖ ﰀ
1711,13,2,13,249,الرَّعد,Ar-Ra‘d,اَ۬للَّهُ اُ۬لذِے رَفَعَ اَ۬لسَّمَٰوَٰتِ بِغَيْرِ عَمَدٖۖ تَرَوْنَهَاۖ ثُمَّ اَ۪سْتَو۪ىٰ عَلَى اَ۬لْعَرْشِۖ وَسَخَّرَ اَ۬لشَّمْسَ وَالْقَمَرَۖ كُلّٞ يَجْرِے لِأَجَلٖ مُّسَمّىٗۖ يُدَبِّرُ اُ۬لَامْرَۖ يُفَصِّلُ اُ۬لَايَٰتِ لَعَلَّكُم بِلِقَآءِ رَبِّكُمْ تُوقِنُونَۖ ﰁ
1712,13,3,13,249,الرَّعد,Ar-Ra‘d,وَهُوَ اَ۬لذِے مَدَّ اَ۬لَارْضَ وَجَعَلَ فِيهَا رَوَٰسِيَ وَأَنْهَٰراٗۖ وَمِن كُلِّ اِ۬لثَّمَرَٰتِ جَعَلَ فِيهَا زَوْجَيْنِ اِ۪ثْنَيْنِۖ يُغْشِے اِ۬ليْلَ اَ۬لنَّهَارَۖ إِنَّ فِے ذَٰلِكَ لَأٓيَٰتٖ لِّقَوْمٖ يَتَفَكَّرُونَۖ ﰂ
1713,13,4,13,249,الرَّعد,Ar-Ra‘d,وَفِے اِ۬لَارْضِ قِطَعٞ مُّتَجَٰوِرَٰتٞ وَجَنَّٰتٞ مِّنَ اَعْنَٰبٖ وَزَرْعٖ وَنَخِيلٖ صِنْوَانٖ وَغَيْرِ صِنْوَانٖ تُسْق۪ىٰ بِمَآءٖ وَٰحِدٖۖ وَنُفَضِّلُ بَعْضَهَا عَلَىٰ بَعْضٖ فِے اِ۬لُاكْلِۖ إِنَّ فِے ذَٰلِكَ لَأٓيَٰتٖ لِّقَوْمٖ يَعْقِلُونَۖ ﰃ
1714,13,5,13,249,الرَّعد,Ar-Ra‘d,۞ وَإِن تَعْجَبْ فَعَجَبٞ قَوْلُهُمُۥٓ أَ۟ذَا كُنَّا تُرَٰباً اِنَّا لَفِے خَلْقٖ جَدِيدٍۖ ﰄ
1715,13,6,13,249,الرَّعد,Ar-Ra‘d,ا۟وْلَٰٓئِكَ اَ۬لذِينَ كَفَرُواْ بِرَبِّهِمْۖ وَأُوْلَٰٓئِكَ اَ۬لَاغْلَٰلُ فِےٓ أَعْنَٰقِهِمْۖ وَأُوْلَٰٓئِكَ أَصْحَٰبُ اُ۬لنّ۪ارِ هُمْ فِيهَا خَٰلِدُونَۖ ﰅ
1716,13,7,13,250,الرَّعد,Ar-Ra‘d,وَيَسْتَعْجِلُونَكَ بِالسَّيِّئَةِ قَبْلَ اَ۬لْحَسَنَةِ وَقَدْ خَلَتْ مِن قَبْلِهِمُ اُ۬لْمَثُلَٰتُۖ وَإِنَّ رَبَّكَ لَذُو مَغْفِرَةٖ لِّلنَّاسِ عَلَىٰ ظُلْمِهِمْۖ وَإِنَّ رَبَّكَ لَشَدِيدُ اُ۬لْعِقَابِۖ ﰆ
1717,13,8,13,250,الرَّعد,Ar-Ra‘d,وَيَقُولُ اُ۬لذِينَ كَفَرُواْ لَوْلَآ أُنزِلَ عَلَيْهِ ءَايَةٞ مِّن رَّبِّهِۦٓۖ إِنَّمَآ أَنتَ مُنذِرٞۖ وَلِكُلِّ قَوْمٍ هَادٍۖ ﰇ
1718,13,9,13,250,الرَّعد,Ar-Ra‘d,اِ۬للَّهُ يَعْلَمُ مَا تَحْمِلُ كُلُّ أُنث۪ىٰ وَمَا تَغِيضُ اُ۬لَارْحَامُ وَمَا تَزْدَادُۖ وَكُلُّ شَےْءٍ عِندَهُۥ بِمِقْد۪ارٍۖ ﰈ
1719,13,10,13,250,الرَّعد,Ar-Ra‘d,عَٰلِمُ اُ۬لْغَيْبِ وَالشَّهَٰدَةِۖ اِ۬لْكَبِيرُ اُ۬لْمُتَعَالِۖ ﰉ
1720,13,11,13,250,الرَّعد,Ar-Ra‘d,سَوَآءٞ مِّنكُم مَّنَ اَسَرَّ اَ۬لْقَوْلَ وَمَن جَهَرَ بِهِۦ وَمَنْ هُوَ مُسْتَخْفِۢ بِاليْلِ وَسَارِبُۢ بِالنَّه۪ارِۖ ﰊ
1721,13,12,13,250,الرَّعد,Ar-Ra‘d,لَهُۥ مُعَقِّبَٰتٞ مِّنۢ بَيْنِ يَدَيْهِ وَمِنْ خَلْفِهِۦ يَحْفَظُونَهُۥ مِنَ اَمْرِ اِ۬للَّهِۖ إِنَّ اَ۬للَّهَ لَا يُغَيِّرُ مَا بِقَوْمٍ حَتَّىٰ يُغَيِّرُواْ مَا بِأَنفُسِهِمْۖ وَإِذَآ أَرَادَ اَ۬للَّهُ بِقَوْمٖ سُوٓءاٗ فَلَا مَرَدَّ لَهُۥۖ وَمَا لَهُم مِّن دُونِهِۦ مِنْ وَّالٍۖ ﰋ
1722,13,13,13,250,الرَّعد,Ar-Ra‘d,هُوَ اَ۬لذِے يُرِيكُمُ اُ۬لْبَرْقَ خَوْفاٗ وَطَمَعاٗ وَيُنشِۓُ اُ۬لسَّحَابَ اَ۬لثِّقَالَ ﰌ
1723,13,14,13,250,الرَّعد,Ar-Ra‘d,وَيُسَبِّحُ اُ۬لرَّعْدُ بِحَمْدِهِۦ وَالْمَلَٰٓئِكَةُ مِنْ خِيفَتِهِۦۖ وَيُرْسِلُ اُ۬لصَّوَٰعِقَ فَيُصِيبُ بِهَا مَنْ يَّشَآءُ وَهُمْ يُجَٰدِلُونَ فِے اِ۬للَّهِ وَهُوَ شَدِيدُ اُ۬لْمِحَالِۖ ﰍ
1724,13,15,13,251,الرَّعد,Ar-Ra‘d,۞ لَهُۥ دَعْوَةُ اُ۬لْحَقِّۖ وَالذِينَ يَدْعُونَ مِن دُونِهِۦ لَا يَسْتَجِيبُونَ لَهُم بِشَےْءٍ اِلَّا كَبَٰسِطِ كَفَّيْهِ إِلَى اَ۬لْمَآءِ لِيَبْلُغَ فَاهُ وَمَا هُوَ بِبَٰلِغِهِۦۖ وَمَا دُعَآءُ اُ۬لْكٰ۪فِرِينَ إِلَّا فِے ضَلَٰلٖۖ ﰎ
1725,13,16,13,251,الرَّعد,Ar-Ra‘d,وَلِلهِ يَسْجُدُ مَن فِے اِ۬لسَّمَٰوَٰتِ وَالَارْضِ طَوْعاٗ وَكَرْهاٗ وَظِلَٰلُهُم بِالْغُدُوِّ وَالَاصَالِۖ۩ ﰏ
1726,13,17,13,251,الرَّعد,Ar-Ra‘d,قُلْ مَن رَّبُّ اُ۬لسَّمَٰوَٰتِ وَالَارْضِ قُلِ اِ۬للَّهُۖ قُلَ اَفَاتَّخَذتُّم مِّن دُونِهِۦٓ أَوْلِيَآءَ لَا يَمْلِكُونَ لِأَنفُسِهِمْ نَفْعاٗ وَلَا ضَرّاٗۖ قُلْ هَلْ يَسْتَوِے اِ۬لَاعْم۪ىٰ وَالْبَصِيرُۖ أَمْ هَلْ تَسْتَوِے اِ۬لظُّلُمَٰتُ وَالنُّورُۖ ﰐ
1727,13,18,13,251,الرَّعد,Ar-Ra‘d,أَمْ جَعَلُواْ لِلهِ شُرَكَآءَ خَلَقُواْ كَخَلْقِهِۦ فَتَشَٰبَهَ اَ۬لْخَلْقُ عَلَيْهِمْۖ قُلِ اِ۬للَّهُ خَٰلِقُ كُلِّ شَےْءٖۖ وَهُوَ اَ۬لْوَٰحِدُ اُ۬لْقَهَّٰرُۖ ﰑ
1728,13,19,13,251,الرَّعد,Ar-Ra‘d,أَنزَلَ مِنَ اَ۬لسَّمَآءِ مَآءٗ فَسَالَتَ اَوْدِيَةُۢ بِقَدَرِهَا فَاحْتَمَلَ اَ۬لسَّيْلُ زَبَداٗ رَّابِياٗۖ وَمِمَّا تُوقِدُونَ عَلَيْهِ فِے اِ۬لنّ۪ارِ اِ۪بْتِغَآءَ حِلْيَةٍ اَوْ مَتَٰعٖ زَبَدٞ مِّثْلُهُۥۖ كَذَٰلِكَ يَضْرِبُ اُ۬للَّهُ اُ۬لْحَقَّ وَالْبَٰطِلَۖ فَأَمَّا اَ۬لزَّبَدُ فَيَذْهَبُ جُفَآءٗۖ وَأَمَّا مَا يَنفَعُ اُ۬لنَّاسَ فَيَمْكُثُ فِے اِ۬لَارْضِۖ كَذَٰلِكَ يَضْرِبُ اُ۬للَّهُ اُ۬لَامْثَالَۖ ﰒ
1729,13,20,13,251,الرَّعد,Ar-Ra‘d,لِلذِينَ اَ۪سْتَجَابُواْ لِرَبِّهِمُ اُ۬لْحُسْن۪ىٰۖ وَالذِينَ لَمْ يَسْتَجِيبُواْ لَهُۥ لَوَ اَنَّ لَهُم مَّا فِے اِ۬لَارْضِ جَمِيعاٗ وَمِثْلَهُۥ مَعَهُۥ لَافْتَدَوْاْ بِهِۦٓۖ أُوْلَٰٓئِكَ لَهُمْ سُوٓءُ اُ۬لْحِسَابِۖ وَمَأْو۪يٰهُمْ جَهَنَّمُۖ وَبِيسَ اَ۬لْمِهَادُۖ ﰓ
1730,13,21,13,252,الرَّعد,Ar-Ra‘d,۞ أَفَمَنْ يَّعْلَمُ أَنَّمَآ أُنزِلَ إِلَيْكَ مِن رَّبِّكَ اَ۬لْحَقُّ كَمَنْ هُوَ أَعْم۪ىٰٓۖ إِنَّمَا يَتَذَكَّرُ أُوْلُواْ اُ۬لَالْبَٰبِ ﰔ
1731,13,22,13,252,الرَّعد,Ar-Ra‘d,اِ۬لذِينَ يُوفُونَ بِعَهْدِ اِ۬للَّهِ وَلَا يَنقُضُونَ اَ۬لْمِيثَٰقَ ﰕ
1732,13,23,13,252,الرَّعد,Ar-Ra‘d,وَالذِينَ يَصِلُونَ مَآ أَمَرَ اَ۬للَّهُ بِهِۦٓ أَنْ يُّوصَلَ وَيَخْشَوْنَ رَبَّهُمْ وَيَخَافُونَ سُوٓءَ اَ۬لْحِسَابِ ﰖ
1733,13,24,13,252,الرَّعد,Ar-Ra‘d,وَالذِينَ صَبَرُواْ اُ۪بْتِغَآءَ وَجْهِ رَبِّهِمْ وَأَقَامُواْ اُ۬لصَّلَوٰةَ وَأَنفَقُواْ مِمَّا رَزَقْنَٰهُمْ سِرّاٗ وَعَلَٰنِيَةٗ وَيَدْرَءُونَ بِالْحَسَنَةِ اِ۬لسَّيِّئَةَۖ أُوْلَٰٓئِكَ لَهُمْ عُقْبَى اَ۬لدّ۪ارِۖ ﰗ
1734,13,25,13,252,الرَّعد,Ar-Ra‘d,جَنَّٰتُ عَدْنٖ يَدْخُلُونَهَا وَمَن صَلَحَ مِنَ اٰبَآئِهِمْ وَأَزْوَٰجِهِمْ وَذُرِّيَّٰتِهِمْۖ وَالْمَلَٰٓئِكَةُ يَدْخُلُونَ عَلَيْهِم مِّن كُلِّ بَابٖۖ سَلَٰمٌ عَلَيْكُم بِمَا صَبَرْتُمْۖ فَنِعْمَ عُقْبَى اَ۬لدّ۪ارِۖ ﰘ
1735,13,26,13,252,الرَّعد,Ar-Ra‘d,وَالذِينَ يَنقُضُونَ عَهْدَ اَ۬للَّهِ مِنۢ بَعْدِ مِيثَٰقِهِۦ وَيَقْطَعُونَ مَآ أَمَرَ اَ۬للَّهُ بِهِۦٓ أَنْ يُّوصَلَ وَيُفْسِدُونَ فِے اِ۬لَارْضِ أُوْلَٰٓئِكَ لَهُمُ اُ۬للَّعْنَةُ وَلَهُمْ سُوٓءُ اُ۬لدّ۪ارِۖ ﰙ
1736,13,27,13,252,الرَّعد,Ar-Ra‘d,اِ۬للَّهُ يَبْسُطُ اُ۬لرِّزْقَ لِمَنْ يَّشَآءُ وَيَقْدِرُۖ وَفَرِحُواْ بِالْحَيَوٰةِ اِ۬لدُّنْي۪اۖ وَمَا اَ۬لْحَيَوٰةُ اُ۬لدُّنْي۪ا فِے اِ۬لَاخِرَةِ إِلَّا مَتَٰعٞۖ ﰚ
1737,13,28,13,252,الرَّعد,Ar-Ra‘d,وَيَقُولُ اُ۬لذِينَ كَفَرُواْ لَوْلَآ أُنزِلَ عَلَيْهِ ءَايَةٞ مِّن رَّبِّهِۦۖ قُلِ اِنَّ اَ۬للَّهَ يُضِلُّ مَنْ يَّشَآءُ وَيَهْدِےٓ إِلَيْهِ مَنَ اَنَابَۖ ﰛ
1738,13,29,13,252,الرَّعد,Ar-Ra‘d,اَ۬لذِينَ ءَامَنُواْ وَتَطْمَئِنُّ قُلُوبُهُم بِذِكْرِ اِ۬للَّهِۖ أَلَا بِذِكْرِ اِ۬للَّهِ تَطْمَئِنُّ اُ۬لْقُلُوبُۖ ﰜ
1739,13,30,13,253,الرَّعد,Ar-Ra‘d,اُ۬لذِينَ ءَامَنُواْ وَعَمِلُواْ اُ۬لصَّٰلِحَٰتِ طُوب۪ىٰ لَهُمْ وَحُسْنُ مَـَٔابٖۖ ﰝ
1740,13,31,13,253,الرَّعد,Ar-Ra‘d,۞ كَذَٰلِكَ أَرْسَلْنَٰكَ فِےٓ أُمَّةٖ قَدْ خَلَتْ مِن قَبْلِهَآ أُمَمٞ لِّتَتْلُوَاْ عَلَيْهِمُ اُ۬لذِےٓ أَوْحَيْنَآ إِلَيْكَ وَهُمْ يَكْفُرُونَ بِالرَّحْمَٰنِۖ قُلْ هُوَ رَبِّےۖ لَآ إِلَٰهَ إِلَّا هُوَۖ عَلَيْهِ تَوَكَّلْتُۖ وَإِلَيْهِ مَتَابِۖ ﰞ
1741,13,32,13,253,الرَّعد,Ar-Ra‘d,وَلَوَ اَنَّ قُرْءَاناٗ سُيِّرَتْ بِهِ اِ۬لْجِبَالُ أَوْ قُطِّعَتْ بِهِ اِ۬لَارْضُ أَوْ كُلِّمَ بِهِ اِ۬لْمَوْت۪ىٰۖ بَل لِّلهِ اِ۬لَامْرُ جَمِيعاًۖ اَفَلَمْ يَاْيْـَٔسِ اِ۬لذِينَ ءَامَنُوٓاْ أَن لَّوْ يَشَآءُ اُ۬للَّهُ لَهَدَى اَ۬لنَّاسَ جَمِيعاٗۖ وَلَا يَزَالُ اُ۬لذِينَ كَفَرُواْ تُصِيبُهُم بِمَا صَنَعُواْ قَارِعَةٌ اَوْ تَحُلُّ قَرِيباٗ مِّن د۪ارِهِمْ حَتَّىٰ يَاتِيَ وَعْدُ اُ۬للَّهِۖ إِنَّ اَ۬للَّهَ لَا يُخْلِفُ اُ۬لْمِيعَادَۖ ﰟ
1742,13,33,13,253,الرَّعد,Ar-Ra‘d,وَلَقَدُ اُ۟سْتُهْزِۓَ بِرُسُلٖ مِّن قَبْلِكَ فَأَمْلَيْتُ لِلذِينَ كَفَرُواْ ثُمَّ أَخَذتُّهُمْۖ فَكَيْفَ كَانَ عِقَابِۖ ﰠ
1743,13,34,13,253,الرَّعد,Ar-Ra‘d,أَفَمَنْ هُوَ قَآئِمٌ عَلَىٰ كُلِّ نَفْسِۢ بِمَا كَسَبَتْۖ وَجَعَلُواْ لِلهِ شُرَكَآءَ قُلْ سَمُّوهُمُۥٓۖ أَمْ تُنَبِّـُٔونَهُۥ بِمَا لَا يَعْلَمُ فِے اِ۬لَارْضِ أَم بِظَٰهِرٖ مِّنَ اَ۬لْقَوْلِۖ بَلْ زُيِّنَ لِلذِينَ كَفَرُواْ مَكْرُهُمْ وَصَدُّواْ عَنِ اِ۬لسَّبِيلِۖ وَمَنْ يُّضْلِلِ اِ۬للَّهُ فَمَا لَهُۥ مِنْ هَادٖۖ ﰡ
1744,13,35,13,253,الرَّعد,Ar-Ra‘d,لَّهُمْ عَذَابٞ فِے اِ۬لْحَيَوٰةِ اِ۬لدُّنْي۪اۖ وَلَعَذَابُ اُ۬لَاخِرَةِ أَشَقُّۖ وَمَا لَهُم مِّنَ اَ۬للَّهِ مِنْ وَّاقٖۖ ﰢ
1745,13,36,13,254,الرَّعد,Ar-Ra‘d,۞ مَّثَلُ اُ۬لْجَنَّةِ اِ۬لتِے وُعِدَ اَ۬لْمُتَّقُونَ تَجْرِے مِن تَحْتِهَا اَ۬لَانْهَٰرُ أُكْلُهَا دَآئِمٞ وَظِلُّهَاۖ تِلْكَ عُقْبَى اَ۬لذِينَ اَ۪تَّقَواْۖ وَّعُقْبَى اَ۬لْكٰ۪فِرِينَ اَ۬لنَّارُۖ ﰣ
1746,13,37,13,254,الرَّعد,Ar-Ra‘d,وَالذِينَ ءَاتَيْنَٰهُمُ اُ۬لْكِتَٰبَ يَفْرَحُونَ بِمَآ أُنزِلَ إِلَيْكَۖ وَمِنَ اَ۬لَاحْزَابِ مَنْ يُّنكِرُ بَعْضَهُۥۖ قُلِ اِنَّمَآ أُمِرْتُ أَنَ اَعْبُدَ اَ۬للَّهَ وَلَآ أُشْرِكَ بِهِۦٓۖ إِلَيْهِ أَدْعُواْۖ وَإِلَيْهِ مَـَٔابِۖ ﰤ
1747,13,38,13,254,الرَّعد,Ar-Ra‘d,وَكَذَٰلِكَ أَنزَلْنَٰهُ حُكْماً عَرَبِيّاٗۖ وَلَئِنِ اِ۪تَّبَعْتَ أَهْوَآءَهُم بَعْدَ مَا جَآءَكَ مِنَ اَ۬لْعِلْمِ مَا لَكَ مِنَ اَ۬للَّهِ مِنْ وَّلِيّٖ وَلَا وَاقٖۖ ﰥ
1748,13,39,13,254,الرَّعد,Ar-Ra‘d,وَلَقَدَ اَرْسَلْنَا رُسُلاٗ مِّن قَبْلِكَ وَجَعَلْنَا لَهُمُۥٓ أَزْوَٰجاٗ وَذُرِّيَّةٗۖ وَمَا كَانَ لِرَسُولٍ اَنْ يَّاتِيَ بِـَٔايَةٍ اِلَّا بِإِذْنِ اِ۬للَّهِۖ لِكُلِّ أَجَلٖ كِتَابٞۖ ﰦ
1749,13,40,13,254,الرَّعد,Ar-Ra‘d,يَمْحُواْ اُ۬للَّهُ مَا يَشَآءُ وَيُثَبِّتُۖ وَعِندَهُۥٓ أُمُّ اُ۬لْكِتَٰبِۖ ﰧ
1750,13,41,13,254,الرَّعد,Ar-Ra‘d,وَإِن مَّا نُرِيَنَّكَ بَعْضَ اَ۬لذِے نَعِدُهُمُۥٓ أَوْ نَتَوَفَّيَنَّكَ فَإِنَّمَا عَلَيْكَ اَ۬لْبَلَٰغُ وَعَلَيْنَا اَ۬لْحِسَابُۖ ﰨ
1751,13,42,13,254,الرَّعد,Ar-Ra‘d,أَوَلَمْ يَرَوَاْ اَنَّا نَاتِے اِ۬لَارْضَ نَنقُصُهَا مِنَ اَطْرَافِهَاۖ وَاللَّهُ يَحْكُمُ لَا مُعَقِّبَ لِحُكْمِهِۦۖ وَهُوَ سَرِيعُ اُ۬لْحِسَابِۖ ﰩ
1752,13,43,13,254,الرَّعد,Ar-Ra‘d,وَقَدْ مَكَرَ اَ۬لذِينَ مِن قَبْلِهِمْ فَلِلهِ اِ۬لْمَكْرُ جَمِيعاٗۖ يَعْلَمُ مَا تَكْسِبُ كُلُّ نَفْسٖۖ وَسَيَعْلَمُ اُ۬لْكَٰفِرُ لِمَنْ عُقْبَى اَ۬لدّ۪ارِۖ ﰪ
1753,13,44,13,255,الرَّعد,Ar-Ra‘d,وَيَقُولُ اُ۬لذِينَ كَفَرُواْ لَسْتَ مُرْسَلاٗۖ قُلْ كَف۪ىٰ بِاللَّهِ شَهِيداَۢ بَيْنِے وَبَيْنَكُمْ وَمَنْ عِندَهُۥ عِلْمُ اُ۬لْكِتَٰبِۖ ﰫ
1754,14,1,13,255,إبراهِيم,Ibrāhīm,أَلَٓر۪ۖ كِتَٰبٌ اَنزَلْنَٰهُ إِلَيْكَ لِتُخْرِجَ اَ۬لنَّاسَ مِنَ اَ۬لظُّلُمَٰتِ إِلَى اَ۬لنُّورِ ﰀ
1755,14,2,13,255,إبراهِيم,Ibrāhīm,بِإِذْنِ رَبِّهِمُۥٓ إِلَىٰ صِرَٰطِ اِ۬لْعَزِيزِ اِ۬لْحَمِيدِۖ ﰁ
1756,14,3,13,255,إبراهِيم,Ibrāhīm,اِ۬للَّهُ اُ۬لذِے لَهُۥ مَا فِے اِ۬لسَّمَٰوَٰتِ وَمَا فِے اِ۬لَارْضِۖ وَوَيْلٞ لِّلْكٰ۪فِرِينَ مِنْ عَذَابٖ شَدِيدٍۖ ﰂ
1757,14,4,13,255,إبراهِيم,Ibrāhīm,اِ۬لذِينَ يَسْتَحِبُّونَ اَ۬لْحَيَوٰةَ اَ۬لدُّنْي۪ا عَلَى اَ۬لَاخِرَةِ وَيَصُدُّونَ عَن سَبِيلِ اِ۬للَّهِ وَيَبْغُونَهَا عِوَجاً ا۟وْلَٰٓئِكَ فِے ضَلَٰلِۢ بَعِيدٖۖ ﰃ
1758,14,5,13,255,إبراهِيم,Ibrāhīm,وَمَآ أَرْسَلْنَا مِن رَّسُولٍ اِلَّا بِلِسَانِ قَوْمِهِۦ لِيُبَيِّنَ لَهُمْۖ فَيُضِلُّ اُ۬للَّهُ مَنْ يَّشَآءُ وَيَهْدِے مَنْ يَّشَآءُۖ وَهُوَ اَ۬لْعَزِيزُ اُ۬لْحَكِيمُۖ ﰄ
1759,14,6,13,255,إبراهِيم,Ibrāhīm,وَلَقَدَ اَرْسَلْنَا مُوس۪ىٰ بِـَٔايَٰتِنَآ أَنَ اَخْرِجْ قَوْمَكَ مِنَ اَ۬لظُّلُمَٰتِ إِلَى اَ۬لنُّورِ ﰅ
1760,14,7,13,255,إبراهِيم,Ibrāhīm,وَذَكِّرْهُم بِأَييَّٰمِ اِ۬للَّهِۖ إِنَّ فِے ذَٰلِكَ لَأٓيَٰتٖ لِّكُلِّ صَبّ۪ارٖ شَكُورٖۖ ﰆ
1761,14,8,13,256,إبراهِيم,Ibrāhīm,وَإِذْ قَالَ مُوس۪ىٰ لِقَوْمِهِ اِ۟ذْكُرُواْ نِعْمَةَ اَ۬للَّهِ عَلَيْكُمُۥٓ إِذَ اَنج۪يٰكُم مِّنَ اٰلِ فِرْعَوْنَ يَسُومُونَكُمْ سُوٓءَ اَ۬لْعَذَابِ وَيُذَبِّحُونَ أَبْنَآءَكُمْ وَيَسْتَحْيُونَ نِسَآءَكُمْۖ وَفِے ذَٰلِكُم بَلَآءٞ مِّن رَّبِّكُمْ عَظِيمٞۖ ﰇ
1762,14,9,13,256,إبراهِيم,Ibrāhīm,وَإِذْ تَأَذَّنَ رَبُّكُمْ لَئِن شَكَرْتُمْ لَأَزِيدَنَّكُمْ وَلَئِن كَفَرْتُمُۥٓ إِنَّ عَذَابِے لَشَدِيدٞۖ ﰈ
1763,14,10,13,256,إبراهِيم,Ibrāhīm,وَقَالَ مُوس۪ىٰٓ إِن تَكْفُرُوٓاْ أَنتُمْ وَمَن فِے اِ۬لَارْضِ جَمِيعاٗ فَإِنَّ اَ۬للَّهَ لَغَنِيٌّ حَمِيدٌۖ ﰉ
1764,14,11,13,256,إبراهِيم,Ibrāhīm,اَلَمْ يَاتِكُمْ نَبَؤُاْ اُ۬لذِينَ مِن قَبْلِكُمْ قَوْمِ نُوحٖ وَعَادٖ وَثَمُودَ ﰊ
1765,14,12,13,256,إبراهِيم,Ibrāhīm,وَالذِينَ مِنۢ بَعْدِهِمْۖ لَا يَعْلَمُهُمُۥٓ إِلَّا اَ۬للَّهُۖ جَآءَتْهُمْ رُسُلُهُم بِالْبَيِّنَٰتِ فَرَدُّوٓاْ أَيْدِيَهُمْ فِےٓ أَفْوَٰهِهِمْ وَقَالُوٓاْ إِنَّا كَفَرْنَا بِمَآ أُرْسِلْتُم بِهِۦ وَإِنَّا لَفِے شَكّٖ مِّمَّا تَدْعُونَنَآ إِلَيْهِ مُرِيبٖۖ ﰋ
1766,14,13,13,256,إبراهِيم,Ibrāhīm,۞ قَالَتْ رُسُلُهُمُۥٓ أَفِے اِ۬للَّهِ شَكّٞ فَاطِرِ اِ۬لسَّمَٰوَٰتِ وَالَارْضِ يَدْعُوكُمْ لِيَغْفِرَ لَكُم مِّن ذُنُوبِكُمْ وَيُوَ۬خِّرَكُمُۥٓ إِلَىٰٓ أَجَلٖ مُّسَمّىٗۖ قَالُوٓاْ إِنَ اَنتُمُۥٓ إِلَّا بَشَرٞ مِّثْلُنَا تُرِيدُونَ أَن تَصُدُّونَا عَمَّا كَانَ يَعْبُدُ ءَابَآؤُنَا فَاتُونَا بِسُلْطَٰنٖ مُّبِينٖۖ ﰌ
1767,14,14,13,257,إبراهِيم,Ibrāhīm,قَالَتْ لَهُمْ رُسُلُهُمُۥٓ إِن نَّحْنُ إِلَّا بَشَرٞ مِّثْلُكُمْ وَلَٰكِنَّ اَ۬للَّهَ يَمُنُّ عَلَىٰ مَنْ يَّشَآءُ مِنْ عِبَادِهِۦۖ وَمَا كَانَ لَنَآ أَن نَّاتِيَكُم بِسُلْطَٰنٍ اِلَّا بِإِذْنِ اِ۬للَّهِۖ وَعَلَى اَ۬للَّهِ فَلْيَتَوَكَّلِ اِ۬لْمُومِنُونَۖ ﰍ
1768,14,15,13,257,إبراهِيم,Ibrāhīm,وَمَا لَنَآ أَلَّا نَتَوَكَّلَ عَلَى اَ۬للَّهِ وَقَدْ هَد۪يٰنَا سُبُلَنَاۖ وَلَنَصْبِرَنَّ عَلَىٰ مَآ ءَاذَيْتُمُونَاۖ وَعَلَى اَ۬للَّهِ فَلْيَتَوَكَّلِ اِ۬لْمُتَوَكِّلُونَۖ ﰎ
1769,14,16,13,257,إبراهِيم,Ibrāhīm,وَقَالَ اَ۬لذِينَ كَفَرُواْ لِرُسُلِهِمْ لَنُخْرِجَنَّكُم مِّنَ اَرْضِنَآ أَوْ لَتَعُودُنَّ فِے مِلَّتِنَاۖ فَأَوْح۪ىٰٓ إِلَيْهِمْ رَبُّهُمْ لَنُهْلِكَنَّ اَ۬لظَّٰلِمِينَ ﰏ
1770,14,17,13,257,إبراهِيم,Ibrāhīm,وَلَنُسْكِنَنَّكُمُ اُ۬لَارْضَ مِنۢ بَعْدِهِمْۖ ذَٰلِكَ لِمَنْ خَافَ مَقَامِے وَخَافَ وَعِيدِۦۖ ﰐ
1771,14,18,13,257,إبراهِيم,Ibrāhīm,وَاسْتَفْتَحُواْۖ وَخَابَ كُلُّ جَبّ۪ارٍ عَنِيدٖ ﰑ
1772,14,19,13,257,إبراهِيم,Ibrāhīm,مِّنْ وَّرَآئِهِۦ جَهَنَّمُ وَيُسْق۪ىٰ مِن مَّآءٖ صَدِيدٖ ﰒ
1773,14,20,13,257,إبراهِيم,Ibrāhīm,يَتَجَرَّعُهُۥ وَلَا يَكَادُ يُسِيغُهُۥ وَيَاتِيهِ اِ۬لْمَوْتُ مِن كُلِّ مَكَانٖ وَمَا هُوَ بِمَيِّتٖ وَمِنْ وَّرَآئِهِۦ عَذَابٌ غَلِيظٞۖ ﰓ
1774,14,21,13,257,إبراهِيم,Ibrāhīm,مَّثَلُ اُ۬لذِينَ كَفَرُواْ بِرَبِّهِمُۥٓۖ أَعْمَٰلُهُمْ كَرَمَادٍ اِ۪شْتَدَّتْ بِهِ اِ۬لرِّيَٰحُ فِے يَوْمٍ عَاصِفٖ لَّا يَقْدِرُونَ مِمَّا كَسَبُواْ عَلَىٰ شَےْءٖۖ ذَٰلِكَ هُوَ اَ۬لضَّلَٰلُ اُ۬لْبَعِيدُۖ ﰔ
1775,14,22,13,258,إبراهِيم,Ibrāhīm,۞ أَلَمْ تَرَ أَنَّ اَ۬للَّهَ خَلَقَ اَ۬لسَّمَٰوَٰتِ وَالَارْضَ بِالْحَقِّۖ إِنْ يَّشَأْ يُذْهِبْكُمْ وَيَاتِ بِخَلْقٖ جَدِيدٖۖ وَمَا ذَٰلِكَ عَلَى اَ۬للَّهِ بِعَزِيزٖۖ ﰕ
1776,14,23,13,258,إبراهِيم,Ibrāhīm,وَبَرَزُواْ لِلهِ جَمِيعاٗ فَقَالَ اَ۬لضُّعَفَٰٓؤُاْ لِلذِينَ اَ۪سْتَكْبَرُوٓاْ إِنَّا كُنَّا لَكُمْ تَبَعاٗ فَهَلَ اَنتُم مُّغْنُونَ عَنَّا مِنْ عَذَابِ اِ۬للَّهِ مِن شَےْءٖۖ قَالُواْ لَوْ هَد۪يٰنَا اَ۬للَّهُ لَهَدَيْنَٰكُمْۖ سَوَآءٌ عَلَيْنَآ أَجَزِعْنَآ أَمْ صَبَرْنَا مَا لَنَا مِن مَّحِيصٖۖ ﰖ
1777,14,24,13,258,إبراهِيم,Ibrāhīm,وَقَالَ اَ۬لشَّيْطَٰنُ لَمَّا قُضِيَ اَ۬لَامْرُ إِنَّ اَ۬للَّهَ وَعَدَكُمْ وَعْدَ اَ۬لْحَقِّ وَوَعَدتُّكُمْ فَأَخْلَفْتُكُمْ وَمَا كَانَ لِے عَلَيْكُم مِّن سُلْطَٰنٍ اِلَّآ أَن دَعَوْتُكُمْ فَاسْتَجَبْتُمْ لِے فَلَا تَلُومُونِے وَلُومُوٓاْ أَنفُسَكُم مَّآ أَنَا بِمُصْرِخِكُمْ وَمَآ أَنتُم بِمُصْرِخِيَّ إِنِّے كَفَرْتُ بِمَآ أَشْرَكْتُمُونِ مِن قَبْلُۖ إِنَّ اَ۬لظَّٰلِمِينَ لَهُمْ عَذَابٌ اَلِيمٞۖ ﰗ
1778,14,25,13,258,إبراهِيم,Ibrāhīm,وَأُدْخِلَ اَ۬لذِينَ ءَامَنُواْ وَعَمِلُواْ اُ۬لصَّٰلِحَٰتِ جَنَّٰتٖ تَجْرِے مِن تَحْتِهَا اَ۬لَانْهَٰرُ خَٰلِدِينَ فِيهَا بِإِذْنِ رَبِّهِمْۖ تَحِيَّتُهُمْ فِيهَا سَلَٰمٌۖ ﰘ
1779,14,26,13,258,إبراهِيم,Ibrāhīm,اَلَمْ تَرَ كَيْفَ ضَرَبَ اَ۬للَّهُ مَثَلاٗ كَلِمَةٗ طَيِّبَةٗ كَشَجَرَةٖ طَيِّبَةٍ اَصْلُهَا ثَابِتٞ وَفَرْعُهَا فِے اِ۬لسَّمَآءِ ﰙ
1780,14,27,13,259,إبراهِيم,Ibrāhīm,تُوتِےٓ أُكْلَهَا كُلَّ حِينِۢ بِإِذْنِ رَبِّهَاۖ وَيَضْرِبُ اُ۬للَّهُ اُ۬لَامْثَالَ لِلنَّاسِ لَعَلَّهُمْ يَتَذَكَّرُونَۖ ﰚ
1781,14,28,13,259,إبراهِيم,Ibrāhīm,وَمَثَلُ كَلِمَةٍ خَبِيثَةٖ كَشَجَرَةٍ خَبِيثَةٍ اُ۟جْتُثَّتْ مِن فَوْقِ اِ۬لَارْضِ مَا لَهَا مِن قَر۪ارٖۖ ﰛ
1782,14,29,13,259,إبراهِيم,Ibrāhīm,يُثَبِّتُ اُ۬للَّهُ اُ۬لذِينَ ءَامَنُواْ بِالْقَوْلِ اِ۬لثَّابِتِ فِے اِ۬لْحَيَوٰةِ اِ۬لدُّنْي۪ا وَفِے اِ۬لَاخِرَةِۖ وَيُضِلُّ اُ۬للَّهُ اُ۬لظَّٰلِمِينَۖ وَيَفْعَلُ اُ۬للَّهُ مَا يَشَآءُۖ ﰜ
1783,14,30,13,259,إبراهِيم,Ibrāhīm,۞ اَ۬لَمْ تَرَ إِلَى اَ۬لذِينَ بَدَّلُواْ نِعْمَتَ اَ۬للَّهِ كُفْراٗ وَأَحَلُّواْ قَوْمَهُمْ دَارَ اَ۬لْبَو۪ارِ ﰝ
1784,14,31,13,259,إبراهِيم,Ibrāhīm,جَهَنَّمَ يَصْلَوْنَهَاۖ وَبِيسَ اَ۬لْقَرَارُۖ ﰞ
1785,14,32,13,259,إبراهِيم,Ibrāhīm,وَجَعَلُواْ لِلهِ أَندَاداٗ لِّيُضِلُّواْ عَن سَبِيلِهِۦۖ قُلْ تَمَتَّعُواْ فَإِنَّ مَصِيرَكُمُۥٓ إِلَى اَ۬لنّ۪ارِۖ ﰟ
1786,14,33,13,259,إبراهِيم,Ibrāhīm,قُل لِّعِبَادِيَ اَ۬لذِينَ ءَامَنُواْ يُقِيمُواْ اُ۬لصَّلَوٰةَ وَيُنفِقُواْ مِمَّا رَزَقْنَٰهُمْ سِرّاٗ وَعَلَٰنِيَةٗ مِّن قَبْلِ أَنْ يَّاتِيَ يَوْمٞ لَّا بَيْعٞ فِيهِ وَلَا خِلَٰلٌۖ ﰠ
1787,14,34,13,259,إبراهِيم,Ibrāhīm,اِ۬للَّهُ اُ۬لذِے خَلَقَ اَ۬لسَّمَٰوَٰتِ وَالَارْضَ وَأَنزَلَ مِنَ اَ۬لسَّمَآءِ مَآءٗ فَأَخْرَجَ بِهِۦ مِنَ اَ۬لثَّمَرَٰتِ رِزْقاٗ لَّكُمْۖ وَسَخَّرَ لَكُمُ اُ۬لْفُلْكَ لِتَجْرِيَ فِے اِ۬لْبَحْرِ بِأَمْرِهِۦۖ وَسَخَّرَ لَكُمُ اُ۬لَانْهَٰرَۖ ﰡ
1788,14,35,13,259,إبراهِيم,Ibrāhīm,وَسَخَّرَ لَكُمُ اُ۬لشَّمْسَ وَالْقَمَرَ دَآئِبَيْنِۖ وَسَخَّرَ لَكُمُ اُ۬ليْلَ وَالنَّهَارَۖ ﰢ
1789,14,36,13,260,إبراهِيم,Ibrāhīm,وَءَات۪يٰكُم مِّن كُلِّ مَا سَأَلْتُمُوهُۖ وَإِن تَعُدُّواْ نِعْمَتَ اَ۬للَّهِ لَا تُحْصُوهَآۖ إِنَّ اَ۬لِانسَٰنَ لَظَلُومٞ كَفَّارٞۖ ﰣ
1790,14,37,13,260,إبراهِيم,Ibrāhīm,وَإِذْ قَالَ إِبْرَٰهِيمُ رَبِّ اِ۪جْعَلْ هَٰذَا اَ۬لْبَلَدَ ءَامِناٗ وَاجْنُبْنِے وَبَنِيَّ أَن نَّعْبُدَ اَ۬لَاصْنَامَۖ ﰤ
1791,14,38,13,260,إبراهِيم,Ibrāhīm,رَبِّ إِنَّهُنَّ أَضْلَلْنَ كَثِيراٗ مِّنَ اَ۬لنَّاسِ فَمَن تَبِعَنِے فَإِنَّهُۥ مِنِّے وَمَنْ عَص۪انِے فَإِنَّكَ غَفُورٞ رَّحِيمٞۖ ﰥ
1792,14,39,13,260,إبراهِيم,Ibrāhīm,رَّبَّنَآ إِنِّيَ أَسْكَنتُ مِن ذُرِّيَّتِے بِوَادٍ غَيْرِ ذِے زَرْعٍ عِندَ بَيْتِكَ اَ۬لْمُحَرَّمِۖ رَبَّنَا لِيُقِيمُواْ اُ۬لصَّلَوٰةَ فَاجْعَلَ اَفْـِٕدَةٗ مِّنَ اَ۬لنَّاسِ تَهْوِےٓ إِلَيْهِمْ وَارْزُقْهُم مِّنَ اَ۬لثَّمَرَٰتِ لَعَلَّهُمْ يَشْكُرُونَۖ ﰦ
1793,14,40,13,260,إبراهِيم,Ibrāhīm,رَبَّنَآ إِنَّكَ تَعْلَمُ مَا نُخْفِے وَمَا نُعْلِنُۖ وَمَا يَخْف۪ىٰ عَلَى اَ۬للَّهِ مِن شَےْءٖ فِے اِ۬لَارْضِ وَلَا فِے اِ۬لسَّمَآءِۖ ﰧ
1794,14,41,13,260,إبراهِيم,Ibrāhīm,۞ اِ۬لْحَمْدُ لِلهِ اِ۬لذِے وَهَبَ لِے عَلَى اَ۬لْكِبَرِ إِسْمَٰعِيلَ وَإِسْحَٰقَۖ إِنَّ رَبِّے لَسَمِيعُ اُ۬لدُّعَآءِۖ ﰨ
1795,14,42,13,260,إبراهِيم,Ibrāhīm,رَبِّ اِ۪جْعَلْنِے مُقِيمَ اَ۬لصَّلَوٰةِ وَمِن ذُرِّيَّتِےۖ رَبَّنَا وَتَقَبَّلْ دُعَآءِۦۖ ﰩ
1796,14,43,13,260,إبراهِيم,Ibrāhīm,رَبَّنَا اَ۪غْفِرْ لِے وَلِوَٰلِدَيَّ وَلِلْمُومِنِينَ يَوْمَ يَقُومُ اُ۬لْحِسَابُۖ ﰪ
1797,14,44,13,260,إبراهِيم,Ibrāhīm,وَلَا تَحْسِبَنَّ اَ۬للَّهَ غَٰفِلاً عَمَّا يَعْمَلُ اُ۬لظَّٰلِمُونَۖ إِنَّمَا يُوَ۬خِّرُهُمْ لِيَوْمٖ تَشْخَصُ فِيهِ اِ۬لَابْصَٰرُ ﰫ
1798,14,45,13,261,إبراهِيم,Ibrāhīm,مُهْطِعِينَ مُقْنِعِے رُءُوسِهِمْ لَا يَرْتَدُّ إِلَيْهِمْ طَرْفُهُمْ وَأَفْـِٕدَتُهُمْ هَوَآءٞۖ ﰬ
1799,14,46,13,261,إبراهِيم,Ibrāhīm,وَأَنذِرِ اِ۬لنَّاسَ يَوْمَ يَاتِيهِمُ اُ۬لْعَذَابُ فَيَقُولُ اُ۬لذِينَ ظَلَمُواْ رَبَّنَآ أَخِّرْنَآ إِلَىٰٓ أَجَلٖ قَرِيبٖ نُّجِبْ دَعْوَتَكَ وَنَتَّبِعِ اِ۬لرُّسُلَۖ أَوَلَمْ تَكُونُوٓاْ أَقْسَمْتُم مِّن قَبْلُ مَا لَكُم مِّن زَوَالٖۖ ﰭ
1800,14,47,13,261,إبراهِيم,Ibrāhīm,وَسَكَنتُمْ فِے مَسَٰكِنِ اِ۬لذِينَ ظَلَمُوٓاْ أَنفُسَهُمْ وَتَبَيَّنَ لَكُمْ كَيْفَ فَعَلْنَا بِهِمْ وَضَرَبْنَا لَكُمُ اُ۬لَامْثَالَۖ ﰮ
1801,14,48,13,261,إبراهِيم,Ibrāhīm,وَقَدْ مَكَرُواْ مَكْرَهُمْۖ وَعِندَ اَ۬للَّهِ مَكْرُهُمْۖ وَإِن كَانَ مَكْرُهُمْ لِتَزُولَ مِنْهُ اُ۬لْجِبَالُۖ ﰯ
1802,14,49,13,261,إبراهِيم,Ibrāhīm,فَلَا تَحْسِبَنَّ اَ۬للَّهَ مُخْلِفَ وَعْدِهِۦ رُسُلَهُۥٓۖ إِنَّ اَ۬للَّهَ عَزِيزٞ ذُو اُ۪نتِقَامٖۖ ﰰ
1803,14,50,13,261,إبراهِيم,Ibrāhīm,يَوْمَ تُبَدَّلُ اُ۬لَارْضُ غَيْرَ اَ۬لَارْضِ وَالسَّمَٰوَٰتُۖ وَبَرَزُواْ لِلهِ اِ۬لْوَٰحِدِ اِ۬لْقَهّ۪ارِۖ ﰱ
1804,14,51,13,261,إبراهِيم,Ibrāhīm,وَتَرَى اَ۬لْمُجْرِمِينَ يَوْمَئِذٖ مُّقَرَّنِينَ فِے اِ۬لَاصْفَادِ ﰲ
1805,14,52,13,261,إبراهِيم,Ibrāhīm,سَرَابِيلُهُم مِّن قَطِرَانٖ وَتَغْش۪ىٰ وُجُوهَهُمُ اُ۬لنَّارُ ﰳ
1806,14,53,13,261,إبراهِيم,Ibrāhīm,لِيَجْزِيَ اَ۬للَّهُ كُلَّ نَفْسٖ مَّا كَسَبَتِۖ اِنَّ اَ۬للَّهَ سَرِيعُ اُ۬لْحِسَابِۖ ﰴ
1807,14,54,13,261,إبراهِيم,Ibrāhīm,هَٰذَا بَلَٰغٞ لِّلنَّاسِ وَلِيُنذَرُواْ بِهِۦ وَلِيَعْلَمُوٓاْ أَنَّمَا هُوَ إِلَٰهٞ وَٰحِدٞ وَلِيَذَّكَّرَ أُوْلُواْ اُ۬لَالْبَٰبِۖ ﰵ
1808,15,1,14,262,الحِجر,Al-Ḥijr,أَلَٓر۪ۖ تِلْكَ ءَايَٰتُ اُ۬لْكِتَٰبِ وَقُرْءَانٖ مُّبِينٖۖ ﰀ
1809,15,2,14,262,الحِجر,Al-Ḥijr,رُّبَمَا يَوَدُّ اُ۬لذِينَ كَفَرُواْ لَوْ كَانُواْ مُسْلِمِينَۖ ﰁ
1810,15,3,14,262,الحِجر,Al-Ḥijr,ذَرْهُمْ يَاكُلُواْ وَيَتَمَتَّعُواْ وَيُلْهِهِمُ اُ۬لَامَلُۖ فَسَوْفَ يَعْلَمُونَۖ ﰂ
1811,15,4,14,262,الحِجر,Al-Ḥijr,وَمَآ أَهْلَكْنَا مِن قَرْيَةٍ اِلَّا وَلَهَا كِتَابٞ مَّعْلُومٞۖ ﰃ
1812,15,5,14,262,الحِجر,Al-Ḥijr,مَّا تَسْبِقُ مِنُ ا۟مَّةٍ اَجَلَهَا وَمَا يَسْتَٰخِرُونَۖ ﰄ
1813,15,6,14,262,الحِجر,Al-Ḥijr,وَقَالُواْ يَٰٓأَيُّهَا اَ۬لذِے نُزِّلَ عَلَيْهِ اِ۬لذِّكْرُ إِنَّكَ لَمَجْنُونٞ ﰅ
1814,15,7,14,262,الحِجر,Al-Ḥijr,لَّوْمَا تَاتِينَا بِالْمَلَٰٓئِكَةِ إِن كُنتَ مِنَ اَ۬لصَّٰدِقِينَۖ ﰆ
1815,15,8,14,262,الحِجر,Al-Ḥijr,مَا تَنَزَّلُ اُ۬لْمَلَٰٓئِكَةُ إِلَّا بِالْحَقِّۖ وَمَا كَانُوٓاْ إِذاٗ مُّنظَرِينَۖ ﰇ
1816,15,9,14,262,الحِجر,Al-Ḥijr,إِنَّا نَحْنُ نَزَّلْنَا اَ۬لذِّكْرَۖ وَإِنَّا لَهُۥ لَحَٰفِظُونَۖ ﰈ
1817,15,10,14,262,الحِجر,Al-Ḥijr,وَلَقَدَ اَرْسَلْنَا مِن قَبْلِكَ فِے شِيَعِ اِ۬لَاوَّلِينَۖ ﰉ
1818,15,11,14,262,الحِجر,Al-Ḥijr,وَمَا يَاتِيهِم مِّن رَّسُولٍ اِلَّا كَانُواْ بِهِۦ يَسْتَهْزِءُونَۖ ﰊ
1819,15,12,14,262,الحِجر,Al-Ḥijr,كَذَٰلِكَ نَسْلُكُهُۥ فِے قُلُوبِ اِ۬لْمُجْرِمِينَ ﰋ
1820,15,13,14,262,الحِجر,Al-Ḥijr,لَا يُومِنُونَ بِهِۦ وَقَدْ خَلَتْ سُنَّةُ اُ۬لَاوَّلِينَۖ ﰌ
1821,15,14,14,262,الحِجر,Al-Ḥijr,وَلَوْ فَتَحْنَا عَلَيْهِم بَاباٗ مِّنَ اَ۬لسَّمَآءِ فَظَلُّواْ فِيهِ يَعْرُجُونَ ﰍ
1822,15,15,14,262,الحِجر,Al-Ḥijr,لَقَالُوٓاْ إِنَّمَا سُكِّرَتَ اَبْصَٰرُنَا بَلْ نَحْنُ قَوْمٞ مَّسْحُورُونَۖ ﰎ
1823,15,16,14,263,الحِجر,Al-Ḥijr,وَلَقَدْ جَعَلْنَا فِے اِ۬لسَّمَآءِ بُرُوجاٗ وَزَيَّنَّٰهَا لِلنَّٰظِرِينَ ﰏ
1824,15,17,14,263,الحِجر,Al-Ḥijr,وَحَفِظْنَٰهَا مِن كُلِّ شَيْطَٰنٖ رَّجِيمٍ ﰐ
1825,15,18,14,263,الحِجر,Al-Ḥijr,اِلَّا مَنِ اِ۪سْتَرَقَ اَ۬لسَّمْعَ فَأَتْبَعَهُۥ شِهَابٞ مُّبِينٞۖ ﰑ
1826,15,19,14,263,الحِجر,Al-Ḥijr,وَالَارْضَ مَدَدْنَٰهَا وَأَلْقَيْنَا فِيهَا رَوَٰسِيَ وَأَنۢبَتْنَا فِيهَا مِن كُلِّ شَےْءٖ مَّوْزُونٖ ﰒ
1827,15,20,14,263,الحِجر,Al-Ḥijr,وَجَعَلْنَا لَكُمْ فِيهَا مَعَٰيِشَۖ وَمَن لَّسْتُمْ لَهُۥ بِرَٰزِقِينَۖ ﰓ
1828,15,21,14,263,الحِجر,Al-Ḥijr,وَإِن مِّن شَےْءٍ اِلَّا عِندَنَا خَزَآئِنُهُۥۖ وَمَا نُنَزِّلُهُۥٓ إِلَّا بِقَدَرٖ مَّعْلُومٖۖ ﰔ
1829,15,22,14,263,الحِجر,Al-Ḥijr,۞ وَأَرْسَلْنَا اَ۬لرِّيَٰحَ لَوَٰقِحَ فَأَنزَلْنَا مِنَ اَ۬لسَّمَآءِ مَآءٗ فَأَسْقَيْنَٰكُمُوهُ وَمَآ أَنتُمْ لَهُۥ بِخَٰزِنِينَۖ ﰕ
1830,15,23,14,263,الحِجر,Al-Ḥijr,وَإِنَّا لَنَحْنُ نُحْيِۦ وَنُمِيتُ وَنَحْنُ اُ۬لْوَٰرِثُونَۖ ﰖ
1831,15,24,14,263,الحِجر,Al-Ḥijr,وَلَقَدْ عَلِمْنَا اَ۬لْمُسْتَقْدِمِينَ مِنكُمْ وَلَقَدْ عَلِمْنَا اَ۬لْمُسْتَٰخِرِينَۖ ﰗ
1832,15,25,14,263,الحِجر,Al-Ḥijr,وَإِنَّ رَبَّكَ هُوَ يَحْشُرُهُمُۥٓۖ إِنَّهُۥ حَكِيمٌ عَلِيمٞۖ ﰘ
1833,15,26,14,263,الحِجر,Al-Ḥijr,وَلَقَدْ خَلَقْنَا اَ۬لِانسَٰنَ مِن صَلْصَٰلٖ مِّنْ حَمَإٖ مَّسْنُونٖۖ ﰙ
1834,15,27,14,263,الحِجر,Al-Ḥijr,وَالْجَآنَّ خَلَقْنَٰهُ مِن قَبْلُ مِن نّ۪ارِ اِ۬لسَّمُومِۖ ﰚ
1835,15,28,14,263,الحِجر,Al-Ḥijr,وَإِذْ قَالَ رَبُّكَ لِلْمَلَٰٓئِكَةِ إِنِّے خَٰلِقُۢ بَشَراٗ مِّن صَلْصَٰلٖ مِّنْ حَمَإٖ مَّسْنُونٖ ﰛ
1836,15,29,14,263,الحِجر,Al-Ḥijr,فَإِذَا سَوَّيْتُهُۥ وَنَفَخْتُ فِيهِ مِن رُّوحِے فَقَعُواْ لَهُۥ سَٰجِدِينَۖ ﰜ
1837,15,30,14,263,الحِجر,Al-Ḥijr,فَسَجَدَ اَ۬لْمَلَٰٓئِكَةُ كُلُّهُمُۥٓ أَجْمَعُونَ ﰝ
1838,15,31,14,263,الحِجر,Al-Ḥijr,إِلَّآ إِبْلِيسَ أَب۪ىٰٓ أَنْ يَّكُونَ مَعَ اَ۬لسَّٰجِدِينَۖ ﰞ
1839,15,32,14,264,الحِجر,Al-Ḥijr,قَالَ يَٰٓإِبْلِيسُ مَا لَكَ أَلَّا تَكُونَ مَعَ اَ۬لسَّٰجِدِينَۖ ﰟ
1840,15,33,14,264,الحِجر,Al-Ḥijr,قَالَ لَمَ اَكُن لِّأَسْجُدَ لِبَشَرٍ خَلَقْتَهُۥ مِن صَلْصَٰلٖ مِّنْ حَمَإٖ مَّسْنُونٖۖ ﰠ
1841,15,34,14,264,الحِجر,Al-Ḥijr,قَالَ فَاخْرُجْ مِنْهَا فَإِنَّكَ رَجِيمٞ ﰡ
1842,15,35,14,264,الحِجر,Al-Ḥijr,وَإِنَّ عَلَيْكَ اَ۬للَّعْنَةَ إِلَىٰ يَوْمِ اِ۬لدِّينِۖ ﰢ
1843,15,36,14,264,الحِجر,Al-Ḥijr,قَالَ رَبِّ فَأَنظِرْنِےٓ إِلَىٰ يَوْمِ يُبْعَثُونَۖ ﰣ
1844,15,37,14,264,الحِجر,Al-Ḥijr,قَالَ فَإِنَّكَ مِنَ اَ۬لْمُنظَرِينَ ﰤ
1845,15,38,14,264,الحِجر,Al-Ḥijr,إِلَىٰ يَوْمِ اِ۬لْوَقْتِ اِ۬لْمَعْلُومِۖ ﰥ
1846,15,39,14,264,الحِجر,Al-Ḥijr,قَالَ رَبِّ بِمَآ أَغْوَيْتَنِے لَأُزَيِّنَنَّ لَهُمْ فِے اِ۬لَارْضِ وَلَأُغْوِيَنَّهُمُۥٓ أَجْمَعِينَ ﰦ
1847,15,40,14,264,الحِجر,Al-Ḥijr,إِلَّا عِبَادَكَ مِنْهُمُ اُ۬لْمُخْلَصِينَۖ ﰧ
1848,15,41,14,264,الحِجر,Al-Ḥijr,قَالَ هَٰذَا صِرَٰطٌ عَلَيَّ مُسْتَقِيمٌۖ ﰨ
1849,15,42,14,264,الحِجر,Al-Ḥijr,اِنَّ عِبَادِے لَيْسَ لَكَ عَلَيْهِمْ سُلْطَٰنٌ اِلَّا مَنِ اِ۪تَّبَعَكَ مِنَ اَ۬لْغَاوِينَۖ ﰩ
1850,15,43,14,264,الحِجر,Al-Ḥijr,وَإِنَّ جَهَنَّمَ لَمَوْعِدُهُمُۥٓ أَجْمَعِينَ ﰪ
1851,15,44,14,264,الحِجر,Al-Ḥijr,لَهَا سَبْعَةُ أَبْوَٰبٖۖ لِّكُلِّ بَابٖ مِّنْهُمْ جُزْءٞ مَّقْسُومٌۖ ﰫ
1852,15,45,14,264,الحِجر,Al-Ḥijr,اِنَّ اَ۬لْمُتَّقِينَ فِے جَنَّٰتٖ وَعُيُونٍ ﰬ
1853,15,46,14,264,الحِجر,Al-Ḥijr,اُ۟دْخُلُوهَا بِسَلَٰمٍ اٰمِنِينَۖ ﰭ
1854,15,47,14,264,الحِجر,Al-Ḥijr,وَنَزَعْنَا مَا فِے صُدُورِهِم مِّنْ غِلٍّۖ اِخْوَٰناً عَلَىٰ سُرُرٖ مُّتَقَٰبِلِينَۖ ﰮ
1855,15,48,14,264,الحِجر,Al-Ḥijr,لَا يَمَسُّهُمْ فِيهَا نَصَبٞۖ وَمَا هُم مِّنْهَا بِمُخْرَجِينَۖ ﰯ
1856,15,49,14,264,الحِجر,Al-Ḥijr,۞ نَبِّۓْ عِبَادِيَ أَنِّيَ أَنَا اَ۬لْغَفُورُ اُ۬لرَّحِيمُ ﰰ
1857,15,50,14,264,الحِجر,Al-Ḥijr,وَأَنَّ عَذَابِے هُوَ اَ۬لْعَذَابُ اُ۬لَالِيمُۖ ﰱ
1858,15,51,14,264,الحِجر,Al-Ḥijr,وَنَبِّئْهُمْ عَن ضَيْفِ إِبْرَٰهِيمَ ﰲ
1859,15,52,14,265,الحِجر,Al-Ḥijr,إِذْ دَخَلُواْ عَلَيْهِ فَقَالُواْ سَلَٰماٗۖ قَالَ إِنَّا مِنكُمْ وَجِلُونَۖ ﰳ
1860,15,53,14,265,الحِجر,Al-Ḥijr,قَالُواْ لَا تَوْجَلِ اِنَّا نُبَشِّرُكَ بِغُلَٰمٍ عَلِيمٖۖ ﰴ
1861,15,54,14,265,الحِجر,Al-Ḥijr,قَالَ أَبَشَّرْتُمُونِے عَلَىٰٓ أَن مَّسَّنِيَ اَ۬لْكِبَرُ فَبِمَ تُبَشِّرُونِۖ ﰵ
1862,15,55,14,265,الحِجر,Al-Ḥijr,قَالُواْ بَشَّرْنَٰكَ بِالْحَقِّ فَلَا تَكُن مِّنَ اَ۬لْقَٰنِطِينَۖ ﰶ
1863,15,56,14,265,الحِجر,Al-Ḥijr,قَالَ وَمَنْ يَّقْنَطُ مِن رَّحْمَةِ رَبِّهِۦٓ إِلَّا اَ۬لضَّآلُّونَۖ ﰷ
1864,15,57,14,265,الحِجر,Al-Ḥijr,قَالَ فَمَا خَطْبُكُمُۥٓ أَيُّهَا اَ۬لْمُرْسَلُونَۖ ﰸ
1865,15,58,14,265,الحِجر,Al-Ḥijr,قَالُوٓاْ إِنَّآ أُرْسِلْنَآ إِلَىٰ قَوْمٖ مُّجْرِمِينَ ﰹ
1866,15,59,14,265,الحِجر,Al-Ḥijr,إِلَّآ ءَالَ لُوطٍۖ اِنَّا لَمُنَجُّوهُمُۥٓ أَجْمَعِينَ ﰺ
1867,15,60,14,265,الحِجر,Al-Ḥijr,إِلَّا اَ۪مْرَأَتَهُۥ قَدَّرْنَآ إِنَّهَا لَمِنَ اَ۬لْغَٰبِرِينَۖ ﰻ
1868,15,61,14,265,الحِجر,Al-Ḥijr,فَلَمَّا جَآءَ ا۟لَ لُوطٍ اِ۬لْمُرْسَلُونَ ﰼ
1869,15,62,14,265,الحِجر,Al-Ḥijr,قَالَ إِنَّكُمْ قَوْمٞ مُّنكَرُونَۖ ﰽ
1870,15,63,14,265,الحِجر,Al-Ḥijr,قَالُواْ بَلْ جِئْنَٰكَ بِمَا كَانُواْ فِيهِ يَمْتَرُونَ ﰾ
1871,15,64,14,265,الحِجر,Al-Ḥijr,وَأَتَيْنَٰكَ بِالْحَقِّ وَإِنَّا لَصَٰدِقُونَۖ ﰿ
1872,15,65,14,265,الحِجر,Al-Ḥijr,فَاسْرِ بِأَهْلِكَ بِقِطْعٖ مِّنَ اَ۬ليْلِ وَاتَّبِعَ اَدْبَٰرَهُمْ وَلَا يَلْتَفِتْ مِنكُمُۥٓ أَحَدٞ وَامْضُواْ حَيْثُ تُومَرُونَۖ ﱀ
1873,15,66,14,265,الحِجر,Al-Ḥijr,وَقَضَيْنَآ إِلَيْهِ ذَٰلِكَ اَ۬لَامْرَ أَنَّ دَابِرَ هَٰٓؤُلَآءِ مَقْطُوعٞ مُّصْبِحِينَۖ ﱁ
1874,15,67,14,265,الحِجر,Al-Ḥijr,وَجَآءَ اهْلُ اُ۬لْمَدِينَةِ يَسْتَبْشِرُونَۖ ﱂ
1875,15,68,14,265,الحِجر,Al-Ḥijr,قَالَ إِنَّ هَٰٓؤُلَآءِ ضَيْفِے فَلَا تَفْضَحُونِۖ ﱃ
1876,15,69,14,265,الحِجر,Al-Ḥijr,وَاتَّقُواْ اُ۬للَّهَ وَلَا تُخْزُونِۖ ﱄ
1877,15,70,14,265,الحِجر,Al-Ḥijr,قَالُوٓاْ أَوَلَمْ نَنْهَكَ عَنِ اِ۬لْعَٰلَمِينَۖ ﱅ
1878,15,71,14,266,الحِجر,Al-Ḥijr,قَالَ هَٰٓؤُلَآءِ بَنَاتِيَ إِن كُنتُمْ فَٰعِلِينَۖ ﱆ
1879,15,72,14,266,الحِجر,Al-Ḥijr,لَعَمْرُكَ إِنَّهُمْ لَفِے سَكْرَتِهِمْ يَعْمَهُونَۖ ﱇ
1880,15,73,14,266,الحِجر,Al-Ḥijr,فَأَخَذَتْهُمُ اُ۬لصَّيْحَةُ مُشْرِقِينَ ﱈ
1881,15,74,14,266,الحِجر,Al-Ḥijr,فَجَعَلْنَا عَٰلِيَهَا سَافِلَهَا وَأَمْطَرْنَا عَلَيْهِمْ حِجَارَةٗ مِّن سِجِّيلٍۖ ﱉ
1882,15,75,14,266,الحِجر,Al-Ḥijr,اِنَّ فِے ذَٰلِكَ لَأٓيَٰتٖ لِّلْمُتَوَسِّمِينَۖ ﱊ
1883,15,76,14,266,الحِجر,Al-Ḥijr,وَإِنَّهَا لَبِسَبِيلٖ مُّقِيمٍۖ ﱋ
1884,15,77,14,266,الحِجر,Al-Ḥijr,اِنَّ فِے ذَٰلِكَ لَأٓيَةٗ لِّلْمُومِنِينَۖ ﱌ
1885,15,78,14,266,الحِجر,Al-Ḥijr,۞ وَإِن كَانَ أَصْحَٰبُ اُ۬لَايْكَةِ لَظَٰلِمِينَۖ ﱍ
1886,15,79,14,266,الحِجر,Al-Ḥijr,فَانتَقَمْنَا مِنْهُمْۖ وَإِنَّهُمَا لَبِإِمَامٖ مُّبِينٖۖ ﱎ
1887,15,80,14,266,الحِجر,Al-Ḥijr,وَلَقَدْ كَذَّبَ أَصْحَٰبُ اُ۬لْحِجْرِ اِ۬لْمُرْسَلِينَۖ ﱏ
1888,15,81,14,266,الحِجر,Al-Ḥijr,وَءَاتَيْنَٰهُمُۥٓ ءَايَٰتِنَا فَكَانُواْ عَنْهَا مُعْرِضِينَۖ ﱐ
1889,15,82,14,266,الحِجر,Al-Ḥijr,وَكَانُواْ يَنْحِتُونَ مِنَ اَ۬لْجِبَالِ بُيُوتاً اٰمِنِينَۖ ﱑ
1890,15,83,14,266,الحِجر,Al-Ḥijr,فَأَخَذَتْهُمُ اُ۬لصَّيْحَةُ مُصْبِحِينَۖ ﱒ
1891,15,84,14,266,الحِجر,Al-Ḥijr,فَمَآ أَغْن۪ىٰ عَنْهُم مَّا كَانُواْ يَكْسِبُونَۖ ﱓ
1892,15,85,14,266,الحِجر,Al-Ḥijr,وَمَا خَلَقْنَا اَ۬لسَّمَٰوَٰتِ وَالَارْضَ وَمَا بَيْنَهُمَآ إِلَّا بِالْحَقِّۖ وَإِنَّ اَ۬لسَّاعَةَ لَأٓتِيَةٞۖ فَاصْفَحِ اِ۬لصَّفْحَ اَ۬لْجَمِيلَۖ ﱔ
1893,15,86,14,266,الحِجر,Al-Ḥijr,إِنَّ رَبَّكَ هُوَ اَ۬لْخَلَّٰقُ اُ۬لْعَلِيمُۖ ﱕ
1894,15,87,14,266,الحِجر,Al-Ḥijr,وَلَقَدَ اٰتَيْنَٰكَ سَبْعاٗ مِّنَ اَ۬لْمَثَانِے وَالْقُرْءَانَ اَ۬لْعَظِيمَۖ ﱖ
1895,15,88,14,266,الحِجر,Al-Ḥijr,لَا تَمُدَّنَّ عَيْنَيْكَ إِلَىٰ مَا مَتَّعْنَا بِهِۦٓ أَزْوَٰجاٗ مِّنْهُمْۖ وَلَا تَحْزَنْ عَلَيْهِمْۖ وَاخْفِضْ جَنَاحَكَ لِلْمُومِنِينَۖ ﱗ
1896,15,89,14,266,الحِجر,Al-Ḥijr,وَقُلِ اِنِّيَ أَنَا اَ۬لنَّذِيرُ اُ۬لْمُبِينُ ﱘ
1897,15,90,14,266,الحِجر,Al-Ḥijr,كَمَآ أَنزَلْنَا عَلَى اَ۬لْمُقْتَسِمِينَ ﱙ
1898,15,91,14,267,الحِجر,Al-Ḥijr,اَ۬لذِينَ جَعَلُواْ اُ۬لْقُرْءَانَ عِضِينَۖ ﱚ
1899,15,92,14,267,الحِجر,Al-Ḥijr,فَوَرَبِّكَ لَنَسْـَٔلَنَّهُمُۥٓ أَجْمَعِينَ ﱛ
1900,15,93,14,267,الحِجر,Al-Ḥijr,عَمَّا كَانُواْ يَعْمَلُونَۖ ﱜ
1901,15,94,14,267,الحِجر,Al-Ḥijr,فَاصْدَعْ بِمَا تُومَرُۖ وَأَعْرِضْ عَنِ اِ۬لْمُشْرِكِينَۖ ﱝ
1902,15,95,14,267,الحِجر,Al-Ḥijr,إِنَّا كَفَيْنَٰكَ اَ۬لْمُسْتَهْزِءِينَ ﱞ
1903,15,96,14,267,الحِجر,Al-Ḥijr,اَ۬لذِينَ يَجْعَلُونَ مَعَ اَ۬للَّهِ إِلَٰهاً اٰخَرَۖ فَسَوْفَ يَعْلَمُونَۖ ﱟ
1904,15,97,14,267,الحِجر,Al-Ḥijr,وَلَقَدْ نَعْلَمُ أَنَّكَ يَضِيقُ صَدْرُكَ بِمَا يَقُولُونَۖ ﱠ
1905,15,98,14,267,الحِجر,Al-Ḥijr,فَسَبِّحْ بِحَمْدِ رَبِّكَ وَكُن مِّنَ اَ۬لسَّٰجِدِينَۖ ﱡ
1906,15,99,14,267,الحِجر,Al-Ḥijr,وَاعْبُدْ رَبَّكَ حَتَّىٰ يَاتِيَكَ اَ۬لْيَقِينُۖ ﱢ
1907,16,1,14,267,النَّحل,An-Naḥl,أَت۪ىٰٓ أَمْرُ اُ۬للَّهِ فَلَا تَسْتَعْجِلُوهُۖ سُبْحَٰنَهُۥ وَتَعَٰل۪ىٰ عَمَّا يُشْرِكُونَۖ ﰀ
1908,16,2,14,267,النَّحل,An-Naḥl,يُنَزِّلُ اُ۬لْمَلَٰٓئِكَةَ بِالرُّوحِ مِنَ اَمْرِهِۦ عَلَىٰ مَنْ يَّشَآءُ مِنْ عِبَادِهِۦٓ أَنَ اَنذِرُوٓاْ أَنَّهُۥ لَآ إِلَٰهَ إِلَّآ أَنَا فَاتَّقُونِۖ ﰁ
1909,16,3,14,267,النَّحل,An-Naḥl,خَلَقَ اَ۬لسَّمَٰوَٰتِ وَالَارْضَ بِالْحَقِّۖ تَعَٰل۪ىٰ عَمَّا يُشْرِكُونَۖ ﰂ
1910,16,4,14,267,النَّحل,An-Naḥl,خَلَقَ اَ۬لِانسَٰنَ مِن نُّطْفَةٖ فَإِذَا هُوَ خَصِيمٞ مُّبِينٞۖ ﰃ
1911,16,5,14,267,النَّحل,An-Naḥl,وَالَانْعَٰمَ خَلَقَهَاۖ لَكُمْ فِيهَا دِفْءٞ وَمَنَٰفِعُ وَمِنْهَا تَاكُلُونَۖ ﰄ
1912,16,6,14,267,النَّحل,An-Naḥl,وَلَكُمْ فِيهَا جَمَالٌ حِينَ تُرِيحُونَ وَحِينَ تَسْرَحُونَۖ ﰅ
1913,16,7,14,268,النَّحل,An-Naḥl,وَتَحْمِلُ أَثْقَالَكُمُۥٓ إِلَىٰ بَلَدٖ لَّمْ تَكُونُواْ بَٰلِغِيهِ إِلَّا بِشِقِّ اِ۬لَانفُسِۖ إِنَّ رَبَّكُمْ لَرَءُوفٞ رَّحِيمٞۖ ﰆ
1914,16,8,14,268,النَّحل,An-Naḥl,وَالْخَيْلَ وَالْبِغَالَ وَالْحَمِيرَ لِتَرْكَبُوهَا وَزِينَةٗۖ وَيَخْلُقُ مَا لَا تَعْلَمُونَۖ ﰇ
1915,16,9,14,268,النَّحل,An-Naḥl,وَعَلَى اَ۬للَّهِ قَصْدُ اُ۬لسَّبِيلِ وَمِنْهَا جَآئِرٞۖ وَلَوْ شَآءَ لَهَد۪يٰكُمُۥٓ أَجْمَعِينَۖ ﰈ
1916,16,10,14,268,النَّحل,An-Naḥl,هُوَ اَ۬لذِےٓ أَنزَلَ مِنَ اَ۬لسَّمَآءِ مَآءٗ لَّكُم مِّنْهُ شَرَابٞ وَمِنْهُ شَجَرٞ فِيهِ تُسِيمُونَۖ ﰉ
1917,16,11,14,268,النَّحل,An-Naḥl,يُنۢبِتُ لَكُم بِهِ اِ۬لزَّرْعَ وَالزَّيْتُونَ وَالنَّخِيلَ وَالَاعْنَٰبَ وَمِن كُلِّ اِ۬لثَّمَرَٰتِۖ إِنَّ فِے ذَٰلِكَ لَأٓيَةٗ لِّقَوْمٖ يَتَفَكَّرُونَۖ ﰊ
1918,16,12,14,268,النَّحل,An-Naḥl,وَسَخَّرَ لَكُمُ اُ۬ليْلَ وَالنَّهَارَ وَالشَّمْسَ وَالْقَمَرَ وَالنُّجُومَ مُسَخَّرَٰتِۢ بِأَمْرِهِۦٓۖ إِنَّ فِے ذَٰلِكَ لَأٓيَٰتٖ لِّقَوْمٖ يَعْقِلُونَۖ ﰋ
1919,16,13,14,268,النَّحل,An-Naḥl,وَمَا ذَرَأَ لَكُمْ فِے اِ۬لَارْضِ مُخْتَلِفاً اَلْوَٰنُهُۥٓۖ إِنَّ فِے ذَٰلِكَ لَأٓيَةٗ لِّقَوْمٖ يَذَّكَّرُونَۖ ﰌ
1920,16,14,14,268,النَّحل,An-Naḥl,وَهُوَ اَ۬لذِے سَخَّرَ اَ۬لْبَحْرَ لِتَاكُلُواْ مِنْهُ لَحْماٗ طَرِيّاٗ وَتَسْتَخْرِجُواْ مِنْهُ حِلْيَةٗ تَلْبَسُونَهَاۖ وَتَرَى اَ۬لْفُلْكَ مَوَاخِرَ فِيهِ وَلِتَبْتَغُواْ مِن فَضْلِهِۦ وَلَعَلَّكُمْ تَشْكُرُونَۖ ﰍ
1921,16,15,14,269,النَّحل,An-Naḥl,۞ وَأَلْق۪ىٰ فِے اِ۬لَارْضِ رَوَٰسِيَ أَن تَمِيدَ بِكُمْ وَأَنْهَٰراٗ وَسُبُلاٗ لَّعَلَّكُمْ تَهْتَدُونَ ﰎ
1922,16,16,14,269,النَّحل,An-Naḥl,وَعَلَٰمَٰتٖۖ وَبِالنَّجْمِ هُمْ يَهْتَدُونَۖ ﰏ
1923,16,17,14,269,النَّحل,An-Naḥl,أَفَمَنْ يَّخْلُقُ كَمَن لَّا يَخْلُقُۖ أَفَلَا تَذَّكَّرُونَۖ ﰐ
1924,16,18,14,269,النَّحل,An-Naḥl,وَإِن تَعُدُّواْ نِعْمَةَ اَ۬للَّهِ لَا تُحْصُوهَآۖ إِنَّ اَ۬للَّهَ لَغَفُورٞ رَّحِيمٞۖ ﰑ
1925,16,19,14,269,النَّحل,An-Naḥl,وَاللَّهُ يَعْلَمُ مَا تُسِرُّونَ وَمَا تُعْلِنُونَۖ ﰒ
1926,16,20,14,269,النَّحل,An-Naḥl,وَالذِينَ تَدْعُونَ مِن دُونِ اِ۬للَّهِ لَا يَخْلُقُونَ شَئْاٗ وَهُمْ يُخْلَقُونَۖ ﰓ
1927,16,21,14,269,النَّحل,An-Naḥl,أَمْوَٰتٌ غَيْرُ أَحْيَآءٖۖ وَمَا يَشْعُرُونَ أَيَّانَ يُبْعَثُونَۖ ﰔ
1928,16,22,14,269,النَّحل,An-Naḥl,إِلَٰهُكُمُۥٓ إِلَٰهٞ وَٰحِدٞۖ فَالذِينَ لَا يُومِنُونَ بِالَاخِرَةِ قُلُوبُهُم مُّنكِرَةٞ وَهُم مُّسْتَكْبِرُونَۖ ﰕ
1929,16,23,14,269,النَّحل,An-Naḥl,لَا جَرَمَ أَنَّ اَ۬للَّهَ يَعْلَمُ مَا يُسِرُّونَ وَمَا يُعْلِنُونَۖ إِنَّهُۥ لَا يُحِبُّ اُ۬لْمُسْتَكْبِرِينَۖ ﰖ
1930,16,24,14,269,النَّحل,An-Naḥl,وَإِذَا قِيلَ لَهُم مَّاذَآ أَنزَلَ رَبُّكُمْ قَالُوٓاْ أَسَٰطِيرُ اُ۬لَاوَّلِينَ ﰗ
1931,16,25,14,269,النَّحل,An-Naḥl,لِيَحْمِلُوٓاْ أَوْزَارَهُمْ كَامِلَةٗ يَوْمَ اَ۬لْقِيَٰمَةِ وَمِنَ اَوْز۪ارِ اِ۬لذِينَ يُضِلُّونَهُم بِغَيْرِ عِلْمٍۖ اَلَا سَآءَ مَا يَزِرُونَۖ ﰘ
1932,16,26,14,269,النَّحل,An-Naḥl,قَدْ مَكَرَ اَ۬لذِينَ مِن قَبْلِهِمْ فَأَتَى اَ۬للَّهُ بُنْيَٰنَهُم مِّنَ اَ۬لْقَوَاعِدِ فَخَرَّ عَلَيْهِمُ اُ۬لسَّقْفُ مِن فَوْقِهِمْ وَأَت۪يٰهُمُ اُ۬لْعَذَابُ مِنْ حَيْثُ لَا يَشْعُرُونَۖ ﰙ
1933,16,27,14,270,النَّحل,An-Naḥl,ثُمَّ يَوْمَ اَ۬لْقِيَٰمَةِ يُخْزِيهِمْ وَيَقُولُ أَيْنَ شُرَكَآءِيَ اَ۬لذِينَ كُنتُمْ تُشَٰٓقُّونِ فِيهِمْۖ قَالَ اَ۬لذِينَ أُوتُواْ اُ۬لْعِلْمَ إِنَّ اَ۬لْخِزْيَ اَ۬لْيَوْمَ وَالسُّوٓءَ عَلَى اَ۬لْكٰ۪فِرِينَ ﰚ
1934,16,28,14,270,النَّحل,An-Naḥl,اَ۬لذِينَ تَتَوَفّ۪يٰهُمُ اُ۬لْمَلَٰٓئِكَةُ ظَالِمِےٓ أَنفُسِهِمْۖ فَأَلْقَوُاْ اُ۬لسَّلَمَ مَا كُنَّا نَعْمَلُ مِن سُوٓءِۢ بَل۪ىٰٓۖ إِنَّ اَ۬للَّهَ عَلِيمُۢ بِمَا كُنتُمْ تَعْمَلُونَۖ ﰛ
1935,16,29,14,270,النَّحل,An-Naḥl,فَادْخُلُوٓاْ أَبْوَٰبَ جَهَنَّمَ خَٰلِدِينَ فِيهَاۖ فَلَبِيسَ مَثْوَى اَ۬لْمُتَكَبِّرِينَۖ ﰜ
1936,16,30,14,270,النَّحل,An-Naḥl,۞ وَقِيلَ لِلذِينَ اَ۪تَّقَوْاْ مَاذَآ أَنزَلَ رَبُّكُمْ قَالُواْ خَيْراٗۖ لِّلذِينَ أَحْسَنُواْ فِے هَٰذِهِ اِ۬لدُّنْي۪ا حَسَنَةٞۖ وَلَدَارُ اُ۬لَاخِرَةِ خَيْرٞۖ وَلَنِعْمَ دَارُ اُ۬لْمُتَّقِينَۖ ﰝ
1937,16,31,14,270,النَّحل,An-Naḥl,جَنَّٰتُ عَدْنٖ يَدْخُلُونَهَا تَجْرِے مِن تَحْتِهَا اَ۬لَانْهَٰرُ لَهُمْ فِيهَا مَا يَشَآءُونَۖ كَذَٰلِكَ يَجْزِے اِ۬للَّهُ اُ۬لْمُتَّقِينَ ﰞ
1938,16,32,14,270,النَّحل,An-Naḥl,اَ۬لذِينَ تَتَوَفّ۪يٰهُمُ اُ۬لْمَلَٰٓئِكَةُ طَيِّبِينَۖ يَقُولُونَ سَلَٰمٌ عَلَيْكُمُ اُ۟دْخُلُواْ اُ۬لْجَنَّةَ بِمَا كُنتُمْ تَعْمَلُونَۖ ﰟ
1939,16,33,14,270,النَّحل,An-Naḥl,هَلْ يَنظُرُونَ إِلَّآ أَن تَاتِيَهُمُ اُ۬لْمَلَٰٓئِكَةُ أَوْ يَاتِيَ أَمْرُ رَبِّكَۖ كَذَٰلِكَ فَعَلَ اَ۬لذِينَ مِن قَبْلِهِمْۖ وَمَا ظَلَمَهُمُ اُ۬للَّهُۖ وَلَٰكِن كَانُوٓاْ أَنفُسَهُمْ يَظْلِمُونَۖ ﰠ
1940,16,34,14,270,النَّحل,An-Naḥl,فَأَصَابَهُمْ سَيِّـَٔاتُ مَا عَمِلُواْۖ وَحَاقَ بِهِم مَّا كَانُواْ بِهِۦ يَسْتَهْزِءُونَۖ ﰡ
1941,16,35,14,271,النَّحل,An-Naḥl,وَقَالَ اَ۬لذِينَ أَشْرَكُواْ لَوْ شَآءَ اَ۬للَّهُ مَا عَبَدْنَا مِن دُونِهِۦ مِن شَےْءٖ نَّحْنُ وَلَآ ءَابَآؤُنَا وَلَا حَرَّمْنَا مِن دُونِهِۦ مِن شَےْءٖۖ كَذَٰلِكَ فَعَلَ اَ۬لذِينَ مِن قَبْلِهِمْۖ فَهَلْ عَلَى اَ۬لرُّسُلِ إِلَّا اَ۬لْبَلَٰغُ اُ۬لْمُبِينُۖ ﰢ
1942,16,36,14,271,النَّحل,An-Naḥl,وَلَقَدْ بَعَثْنَا فِے كُلِّ أُمَّةٖ رَّسُولاً اَنُ اُ۟عْبُدُواْ اُ۬للَّهَ وَاجْتَنِبُواْ اُ۬لطَّٰغُوتَۖ فَمِنْهُم مَّنْ هَدَى اَ۬للَّهُۖ وَمِنْهُم مَّنْ حَقَّتْ عَلَيْهِ اِ۬لضَّلَٰلَةُۖ فَسِيرُواْ فِے اِ۬لَارْضِ فَانظُرُواْ كَيْفَ كَانَ عَٰقِبَةُ اُ۬لْمُكَذِّبِينَۖ ﰣ
1943,16,37,14,271,النَّحل,An-Naḥl,إِن تَحْرِصْ عَلَىٰ هُد۪يٰهُمْ فَإِنَّ اَ۬للَّهَ لَا يُهْد۪ىٰ مَنْ يُّضِلُّۖ وَمَا لَهُم مِّن نَّٰصِرِينَۖ ﰤ
1944,16,38,14,271,النَّحل,An-Naḥl,۞ وَأَقْسَمُواْ بِاللَّهِ جَهْدَ أَيْمَٰنِهِمْ لَا يَبْعَثُ اُ۬للَّهُ مَنْ يَّمُوتُۖ بَل۪ىٰ وَعْداً عَلَيْهِ حَقّاٗ وَلَٰكِنَّ أَكْثَرَ اَ۬لنَّاسِ لَا يَعْلَمُونَ ﰥ
1945,16,39,14,271,النَّحل,An-Naḥl,لِيُبَيِّنَ لَهُمُ اُ۬لذِے يَخْتَلِفُونَ فِيهِ وَلِيَعْلَمَ اَ۬لذِينَ كَفَرُوٓاْ أَنَّهُمْ كَانُواْ كَٰذِبِينَۖ ﰦ
1946,16,40,14,271,النَّحل,An-Naḥl,إِنَّمَا قَوْلُنَا لِشَےْءٍ اِذَآ أَرَدْنَٰهُ أَن نَّقُولَ لَهُۥ كُنۖ فَيَكُونُۖ ﰧ
1947,16,41,14,271,النَّحل,An-Naḥl,وَالذِينَ هَاجَرُواْ فِے اِ۬للَّهِ مِنۢ بَعْدِ مَا ظُلِمُواْ لَنُبَوِّئَنَّهُمْ فِے اِ۬لدُّنْي۪ا حَسَنَةٗۖ وَلَأَجْرُ اُ۬لَاخِرَةِ أَكْبَرُ لَوْ كَانُواْ يَعْلَمُونَۖ ﰨ
1948,16,42,14,271,النَّحل,An-Naḥl,اَ۬لذِينَ صَبَرُواْ وَعَلَىٰ رَبِّهِمْ يَتَوَكَّلُونَۖ ﰩ
1949,16,43,14,272,النَّحل,An-Naḥl,وَمَآ أَرْسَلْنَا مِن قَبْلِكَ إِلَّا رِجَالاٗ يُوح۪ىٰٓ إِلَيْهِمْ فَسْـَٔلُوٓاْ أَهْلَ اَ۬لذِّكْرِ إِن كُنتُمْ لَا تَعْلَمُونَ ﰪ
1950,16,44,14,272,النَّحل,An-Naḥl,بِالْبَيِّنَٰتِ وَالزُّبُرِۖ وَأَنزَلْنَآ إِلَيْكَ اَ۬لذِّكْرَ لِتُبَيِّنَ لِلنَّاسِ مَا نُزِّلَ إِلَيْهِمْ وَلَعَلَّهُمْ يَتَفَكَّرُونَۖ ﰫ
1951,16,45,14,272,النَّحل,An-Naḥl,أَفَأَمِنَ اَ۬لذِينَ مَكَرُواْ اُ۬لسَّيِّـَٔاتِ أَنْ يَّخْسِفَ اَ۬للَّهُ بِهِمُ اُ۬لَارْضَ أَوْ يَاتِيَهُمُ اُ۬لْعَذَابُ مِنْ حَيْثُ لَا يَشْعُرُونَ ﰬ
1952,16,46,14,272,النَّحل,An-Naḥl,أَوْ يَاخُذَهُمْ فِے تَقَلُّبِهِمْ فَمَا هُم بِمُعْجِزِينَ ﰭ
1953,16,47,14,272,النَّحل,An-Naḥl,أَوْ يَاخُذَهُمْ عَلَىٰ تَخَوُّفٖۖ فَإِنَّ رَبَّكُمْ لَرَءُوفٞ رَّحِيمٌۖ ﰮ
1954,16,48,14,272,النَّحل,An-Naḥl,اَوَلَمْ يَرَوِاْ اِلَىٰ مَا خَلَقَ اَ۬للَّهُ مِن شَےْءٖ يَتَفَيَّؤُاْ ظِلَٰلُهُۥ عَنِ اِ۬لْيَمِينِ وَالشَّمَآئِلِ سُجَّداٗ لِّلهِ وَهُمْ دَٰخِرُونَۖ ﰯ
1955,16,49,14,272,النَّحل,An-Naḥl,وَلِلهِ يَسْجُدُ مَا فِے اِ۬لسَّمَٰوَٰتِ وَمَا فِے اِ۬لَارْضِ مِن دَآبَّةٖ وَالْمَلَٰٓئِكَةُ وَهُمْ لَا يَسْتَكْبِرُونَ ﰰ
1956,16,50,14,272,النَّحل,An-Naḥl,يَخَافُونَ رَبَّهُم مِّن فَوْقِهِمْ وَيَفْعَلُونَ مَا يُومَرُونَۖ۩ ﰱ
1957,16,51,14,272,النَّحل,An-Naḥl,۞ وَقَالَ اَ۬للَّهُ لَا تَتَّخِذُوٓاْ إِلَٰهَيْنِ اِ۪ثْنَيْنِۖ إِنَّمَا هُوَ إِلَٰهٞ وَٰحِدٞۖ فَإِيَّٰيَ فَارْهَبُونِۖ ﰲ
1958,16,52,14,272,النَّحل,An-Naḥl,وَلَهُۥ مَا فِے اِ۬لسَّمَٰوَٰتِ وَالَارْضِۖ وَلَهُ اُ۬لدِّينُ وَاصِباًۖ اَفَغَيْرَ اَ۬للَّهِ تَتَّقُونَۖ ﰳ
1959,16,53,14,272,النَّحل,An-Naḥl,وَمَا بِكُم مِّن نِّعْمَةٖ فَمِنَ اَ۬للَّهِۖ ثُمَّ إِذَا مَسَّكُمُ اُ۬لضُّرُّ فَإِلَيْهِ تَجْـَٔرُونَۖ ﰴ
1960,16,54,14,272,النَّحل,An-Naḥl,ثُمَّ إِذَا كَشَفَ اَ۬لضُّرَّ عَنكُمُۥٓ إِذَا فَرِيقٞ مِّنكُم بِرَبِّهِمْ يُشْرِكُونَ ﰵ
1961,16,55,14,273,النَّحل,An-Naḥl,لِيَكْفُرُواْ بِمَآ ءَاتَيْنَٰهُمْۖ فَتَمَتَّعُواْۖ فَسَوْفَ تَعْلَمُونَۖ ﰶ
1962,16,56,14,273,النَّحل,An-Naḥl,وَيَجْعَلُونَ لِمَا لَا يَعْلَمُونَ نَصِيباٗ مِّمَّا رَزَقْنَٰهُمْۖ تَاللَّهِ لَتُسْـَٔلُنَّ عَمَّا كُنتُمْ تَفْتَرُونَۖ ﰷ
1963,16,57,14,273,النَّحل,An-Naḥl,وَيَجْعَلُونَ لِلهِ اِ۬لْبَنَٰتِ سُبْحَٰنَهُۥۖ وَلَهُم مَّا يَشْتَهُونَۖ ﰸ
1964,16,58,14,273,النَّحل,An-Naḥl,وَإِذَا بُشِّرَ أَحَدُهُم بِالُانث۪ىٰ ظَلَّ وَجْهُهُۥ مُسْوَدّاٗ وَهُوَ كَظِيمٞ ﰹ
1965,16,59,14,273,النَّحل,An-Naḥl,يَتَوَٰر۪ىٰ مِنَ اَ۬لْقَوْمِ مِن سُوٓءِ مَا بُشِّرَ بِهِۦٓۖ أَيُمْسِكُهُۥ عَلَىٰ هُونٍ اَمْ يَدُسُّهُۥ فِے اِ۬لتُّرَابِۖ أَلَا سَآءَ مَا يَحْكُمُونَۖ ﰺ
1966,16,60,14,273,النَّحل,An-Naḥl,لِلذِينَ لَا يُومِنُونَ بِالَاخِرَةِ مَثَلُ اُ۬لسَّوْءِۖ وَلِلهِ اِ۬لْمَثَلُ اُ۬لَاعْل۪ىٰۖ وَهُوَ اَ۬لْعَزِيزُ اُ۬لْحَكِيمُۖ ﰻ
1967,16,61,14,273,النَّحل,An-Naḥl,وَلَوْ يُوَ۬اخِذُ اُ۬للَّهُ اُ۬لنَّاسَ بِظُلْمِهِم مَّا تَرَكَ عَلَيْهَا مِن دَآبَّةٖۖ وَلَٰكِنْ يُّوَ۬خِّرُهُمُۥٓ إِلَىٰٓ أَجَلٖ مُّسَمّىٗۖ فَإِذَا جَآءَ اجَلُهُمْ لَا يَسْتَٰخِرُونَ سَاعَةٗۖ وَلَا يَسْتَقْدِمُونَۖ ﰼ
1968,16,62,14,273,النَّحل,An-Naḥl,وَيَجْعَلُونَ لِلهِ مَا يَكْرَهُونَۖ وَتَصِفُ أَلْسِنَتُهُمُ اُ۬لْكَذِبَ أَنَّ لَهُمُ اُ۬لْحُسْن۪ىٰۖ لَا جَرَمَ أَنَّ لَهُمُ اُ۬لنَّارَ وَأَنَّهُم مُّفْرِطُونَۖ ﰽ
1969,16,63,14,273,النَّحل,An-Naḥl,۞ تَاللَّهِ لَقَدَ اَرْسَلْنَآ إِلَىٰٓ أُمَمٖ مِّن قَبْلِكَ فَزَيَّنَ لَهُمُ اُ۬لشَّيْطَٰنُ أَعْمَٰلَهُمْ فَهُوَ وَلِيُّهُمُ اُ۬لْيَوْمَۖ وَلَهُمْ عَذَابٌ اَلِيمٞۖ ﰾ
1970,16,64,14,273,النَّحل,An-Naḥl,وَمَآ أَنزَلْنَا عَلَيْكَ اَ۬لْكِتَٰبَ إِلَّا لِتُبَيِّنَ لَهُمُ اُ۬لذِے اِ۪خْتَلَفُواْ فِيهِ وَهُدىٗ وَرَحْمَةٗ لِّقَوْمٖ يُومِنُونَۖ ﰿ
1971,16,65,14,274,النَّحل,An-Naḥl,وَاللَّهُ أَنزَلَ مِنَ اَ۬لسَّمَآءِ مَآءٗ فَأَحْي۪ا بِهِ اِ۬لَارْضَ بَعْدَ مَوْتِهَآۖ إِنَّ فِے ذَٰلِكَ لَأٓيَةٗ لِّقَوْمٖ يَسْمَعُونَۖ ﱀ
1972,16,66,14,274,النَّحل,An-Naḥl,وَإِنَّ لَكُمْ فِے اِ۬لَانْعَٰمِ لَعِبْرَةٗۖ نَّسْقِيكُم مِّمَّا فِے بُطُونِهِۦ مِنۢ بَيْنِ فَرْثٖ وَدَمٖ لَّبَناً خَالِصاٗ سَآئِغاٗ لِّلشَّٰرِبِينَ ﱁ
1973,16,67,14,274,النَّحل,An-Naḥl,وَمِن ثَمَرَٰتِ اِ۬لنَّخِيلِ وَالَاعْنَٰبِ تَتَّخِذُونَ مِنْهُ سَكَراٗ وَرِزْقاً حَسَناًۖ اِنَّ فِے ذَٰلِكَ لَأٓيَةٗ لِّقَوْمٖ يَعْقِلُونَۖ ﱂ
1974,16,68,14,274,النَّحل,An-Naḥl,وَأَوْح۪ىٰ رَبُّكَ إِلَى اَ۬لنَّحْلِ أَنِ اِ۪تَّخِذِے مِنَ اَ۬لْجِبَالِ بُيُوتاٗ وَمِنَ اَ۬لشَّجَرِ وَمِمَّا يَعْرِشُونَ ﱃ
1975,16,69,14,274,النَّحل,An-Naḥl,ثُمَّ كُلِے مِن كُلِّ اِ۬لثَّمَرَٰتِ فَاسْلُكِے سُبُلَ رَبِّكِ ذُلُلاٗۖ يَخْرُجُ مِنۢ بُطُونِهَا شَرَابٞ مُّخْتَلِفٌ اَلْوَٰنُهُۥ فِيهِ شِفَآءٞ لِّلنَّاسِۖ إِنَّ فِے ذَٰلِكَ لَأٓيَةٗ لِّقَوْمٖ يَتَفَكَّرُونَۖ ﱄ
1976,16,70,14,274,النَّحل,An-Naḥl,وَاللَّهُ خَلَقَكُمْ ثُمَّ يَتَوَفّ۪يٰكُمْۖ وَمِنكُم مَّنْ يُّرَدُّ إِلَىٰٓ أَرْذَلِ اِ۬لْعُمُرِ لِكَےْ لَا يَعْلَمَ بَعْدَ عِلْمٖ شَئْاًۖ اِنَّ اَ۬للَّهَ عَلِيمٞ قَدِيرٞۖ ﱅ
1977,16,71,14,274,النَّحل,An-Naḥl,۞ وَاللَّهُ فَضَّلَ بَعْضَكُمْ عَلَىٰ بَعْضٖ فِے اِ۬لرِّزْقِۖ فَمَا اَ۬لذِينَ فُضِّلُواْ بِرَآدِّے رِزْقِهِمْ عَلَىٰ مَا مَلَكَتَ اَيْمَٰنُهُمْ فَهُمْ فِيهِ سَوَآءٌۖ اَفَبِنِعْمَةِ اِ۬للَّهِ يَجْحَدُونَۖ ﱆ
1978,16,72,14,274,النَّحل,An-Naḥl,وَاللَّهُ جَعَلَ لَكُم مِّنَ اَنفُسِكُمُۥٓ أَزْوَٰجاٗ وَجَعَلَ لَكُم مِّنَ اَزْوَٰجِكُم بَنِينَ وَحَفَدَةٗۖ وَرَزَقَكُم مِّنَ اَ۬لطَّيِّبَٰتِۖ أَفَبِالْبَٰطِلِ يُومِنُونَ وَبِنِعْمَتِ اِ۬للَّهِ هُمْ يَكْفُرُونَۖ ﱇ
1979,16,73,14,275,النَّحل,An-Naḥl,وَيَعْبُدُونَ مِن دُونِ اِ۬للَّهِ مَا لَا يَمْلِكُ لَهُمْ رِزْقاٗ مِّنَ اَ۬لسَّمَٰوَٰتِ وَالَارْضِ شَئْاٗ وَلَا يَسْتَطِيعُونَۖ ﱈ
1980,16,74,14,275,النَّحل,An-Naḥl,فَلَا تَضْرِبُواْ لِلهِ اِ۬لَامْثَالَۖ إِنَّ اَ۬للَّهَ يَعْلَمُۖ وَأَنتُمْ لَا تَعْلَمُونَۖ ﱉ
1981,16,75,14,275,النَّحل,An-Naḥl,ضَرَبَ اَ۬للَّهُ مَثَلاً عَبْداٗ مَّمْلُوكاٗ لَّا يَقْدِرُ عَلَىٰ شَےْءٖ وَمَن رَّزَقْنَٰهُ مِنَّا رِزْقاً حَسَناٗ فَهُوَ يُنفِقُ مِنْهُ سِرّاٗ وَجَهْراً هَلْ يَسْتَوُۥنَۖ اَ۬لْحَمْدُ لِلهِۖ بَلَ اَكْثَرُهُمْ لَا يَعْلَمُونَۖ ﱊ
1982,16,76,14,275,النَّحل,An-Naḥl,وَضَرَبَ اَ۬للَّهُ مَثَلاٗ رَّجُلَيْنِ أَحَدُهُمَآ أَبْكَمُ لَا يَقْدِرُ عَلَىٰ شَےْءٖ وَهُوَ كَلٌّ عَلَىٰ مَوْل۪يٰهُ أَيْنَمَا يُوَجِّههُّ لَا يَاتِ بِخَيْرٍ هَلْ يَسْتَوِے هُوَ وَمَنْ يَّامُرُ بِالْعَدْلِ وَهُوَ عَلَىٰ صِرَٰطٖ مُّسْتَقِيمٖۖ ﱋ
1983,16,77,14,275,النَّحل,An-Naḥl,وَلِلهِ غَيْبُ اُ۬لسَّمَٰوَٰتِ وَالَارْضِۖ وَمَآ أَمْرُ اُ۬لسَّاعَةِ إِلَّا كَلَمْحِ اِ۬لْبَصَرِ أَوْ هُوَ أَقْرَبُۖ إِنَّ اَ۬للَّهَ عَلَىٰ كُلِّ شَےْءٖ قَدِيرٞۖ ﱌ
1984,16,78,14,275,النَّحل,An-Naḥl,وَاللَّهُ أَخْرَجَكُم مِّنۢ بُطُونِ أُمَّهَٰتِكُمْ لَا تَعْلَمُونَ شَئْاٗۖ وَجَعَلَ لَكُمُ اُ۬لسَّمْعَ وَالَابْصَٰرَ وَالَافْـِٕدَةَ لَعَلَّكُمْ تَشْكُرُونَۖ ﱍ
1985,16,79,14,275,النَّحل,An-Naḥl,۞ أَلَمْ يَرَوِاْ اِلَى اَ۬لطَّيْرِ مُسَخَّرَٰتٖ فِے جَوِّ اِ۬لسَّمَآءِ مَا يُمْسِكُهُنَّ إِلَّا اَ۬للَّهُۖ إِنَّ فِے ذَٰلِكَ لَأٓيَٰتٖ لِّقَوْمٖ يُومِنُونَۖ ﱎ
1986,16,80,14,276,النَّحل,An-Naḥl,وَاللَّهُ جَعَلَ لَكُم مِّنۢ بُيُوتِكُمْ سَكَناٗ وَجَعَلَ لَكُم مِّن جُلُودِ اِ۬لَانْعَٰمِ بُيُوتاٗ تَسْتَخِفُّونَهَا يَوْمَ ظَعَنِكُمْ وَيَوْمَ إِقَامَتِكُمْۖ وَمِنَ اَصْوَافِهَا وَأَوْب۪ارِهَا وَأَشْع۪ارِهَآ أَثَٰثاٗ وَمَتَٰعاً اِلَىٰ حِينٖۖ ﱏ
1987,16,81,14,276,النَّحل,An-Naḥl,وَاللَّهُ جَعَلَ لَكُم مِّمَّا خَلَقَ ظِلَٰلاٗ وَجَعَلَ لَكُم مِّنَ اَ۬لْجِبَالِ أَكْنَٰناٗ وَجَعَلَ لَكُمْ سَرَٰبِيلَ تَقِيكُمُ اُ۬لْحَرَّ وَسَرَٰبِيلَ تَقِيكُم بَأْسَكُمْۖ كَذَٰلِكَ يُتِمُّ نِعْمَتَهُۥ عَلَيْكُمْ لَعَلَّكُمْ تُسْلِمُونَۖ ﱐ
1988,16,82,14,276,النَّحل,An-Naḥl,فَإِن تَوَلَّوْاْ فَإِنَّمَا عَلَيْكَ اَ۬لْبَلَٰغُ اُ۬لْمُبِينُۖ ﱑ
1989,16,83,14,276,النَّحل,An-Naḥl,يَعْرِفُونَ نِعْمَتَ اَ۬للَّهِ ثُمَّ يُنكِرُونَهَاۖ وَأَكْثَرُهُمُ اُ۬لْكَٰفِرُونَۖ ﱒ
1990,16,84,14,276,النَّحل,An-Naḥl,وَيَوْمَ نَبْعَثُ مِن كُلِّ أُمَّةٖ شَهِيداٗ ثُمَّ لَا يُوذَنُ لِلذِينَ كَفَرُواْ وَلَا هُمْ يُسْتَعْتَبُونَۖ ﱓ
1991,16,85,14,276,النَّحل,An-Naḥl,وَإِذَا رَءَا اَ۬لذِينَ ظَلَمُواْ اُ۬لْعَذَابَ فَلَا يُخَفَّفُ عَنْهُمْ وَلَا هُمْ يُنظَرُونَۖ ﱔ
1992,16,86,14,276,النَّحل,An-Naḥl,وَإِذَا رَءَا اَ۬لذِينَ أَشْرَكُواْ شُرَكَآءَهُمْ قَالُواْ رَبَّنَا هَٰٓؤُلَآءِ شُرَكَآؤُنَا اَ۬لذِينَ كُنَّا نَدْعُواْ مِن دُونِكَۖ فَأَلْقَوِاْ اِلَيْهِمُ اُ۬لْقَوْلَ إِنَّكُمْ لَكَٰذِبُونَۖ ﱕ
1993,16,87,14,276,النَّحل,An-Naḥl,وَأَلْقَوِاْ اِلَى اَ۬للَّهِ يَوْمَئِذٍ اِ۬لسَّلَمَۖ وَضَلَّ عَنْهُم مَّا كَانُواْ يَفْتَرُونَۖ ﱖ
1994,16,88,14,277,النَّحل,An-Naḥl,اَ۬لذِينَ كَفَرُواْ وَصَدُّواْ عَن سَبِيلِ اِ۬للَّهِ زِدْنَٰهُمْ عَذَاباٗ فَوْقَ اَ۬لْعَذَابِ بِمَا كَانُواْ يُفْسِدُونَۖ ﱗ
1995,16,89,14,277,النَّحل,An-Naḥl,وَيَوْمَ نَبْعَثُ فِے كُلِّ أُمَّةٖ شَهِيداً عَلَيْهِم مِّنَ اَنفُسِهِمْ وَجِئْنَا بِكَ شَهِيداً عَلَىٰ هَٰٓؤُلَآءِۖ وَنَزَّلْنَا عَلَيْكَ اَ۬لْكِتَٰبَ تِبْيَٰناٗ لِّكُلِّ شَےْءٖ وَهُدىٗ وَرَحْمَةٗ وَبُشْر۪ىٰ لِلْمُسْلِمِينَۖ ﱘ
1996,16,90,14,277,النَّحل,An-Naḥl,۞ إِنَّ اَ۬للَّهَ يَامُرُ بِالْعَدْلِ وَالِاحْسَٰنِ وَإِيتَآءِےْ ذِے اِ۬لْقُرْب۪ىٰۖ وَيَنْه۪ىٰ عَنِ اِ۬لْفَحْشَآءِ وَالْمُنكَرِ وَالْبَغْيِۖ يَعِظُكُمْ لَعَلَّكُمْ تَذَّكَّرُونَۖ ﱙ
1997,16,91,14,277,النَّحل,An-Naḥl,وَأَوْفُواْ بِعَهْدِ اِ۬للَّهِ إِذَا عَٰهَدتُّمْۖ وَلَا تَنقُضُواْ اُ۬لَايْمَٰنَ بَعْدَ تَوْكِيدِهَا وَقَدْ جَعَلْتُمُ اُ۬للَّهَ عَلَيْكُمْ كَفِيلاًۖ اِنَّ اَ۬للَّهَ يَعْلَمُ مَا تَفْعَلُونَۖ ﱚ
1998,16,92,14,277,النَّحل,An-Naḥl,وَلَا تَكُونُواْ كَالتِے نَقَضَتْ غَزْلَهَا مِنۢ بَعْدِ قُوَّةٍ اَنكَٰثاٗ تَتَّخِذُونَ أَيْمَٰنَكُمْ دَخَلاَۢ بَيْنَكُمُۥٓ أَن تَكُونَ أُمَّةٌ هِيَ أَرْب۪ىٰ مِنُ ا۟مَّةٍۖ اِنَّمَا يَبْلُوكُمُ اُ۬للَّهُ بِهِۦۖ وَلَيُبَيِّنَنَّ لَكُمْ يَوْمَ اَ۬لْقِيَٰمَةِ مَا كُنتُمْ فِيهِ تَخْتَلِفُونَۖ ﱛ
1999,16,93,14,277,النَّحل,An-Naḥl,وَلَوْ شَآءَ اَ۬للَّهُ لَجَعَلَكُمُۥٓ أُمَّةٗ وَٰحِدَةٗۖ وَلَٰكِنْ يُّضِلُّ مَنْ يَّشَآءُ وَيَهْدِے مَنْ يَّشَآءُۖ وَلَتُسْـَٔلُنَّ عَمَّا كُنتُمْ تَعْمَلُونَۖ ﱜ
2000,16,94,14,278,النَّحل,An-Naḥl,وَلَا تَتَّخِذُوٓاْ أَيْمَٰنَكُمْ دَخَلاَۢ بَيْنَكُمْ فَتَزِلَّ قَدَمُۢ بَعْدَ ثُبُوتِهَا وَتَذُوقُواْ اُ۬لسُّوٓءَ بِمَا صَدَدتُّمْ عَن سَبِيلِ اِ۬للَّهِ وَلَكُمْ عَذَابٌ عَظِيمٞۖ ﱝ
2001,16,95,14,278,النَّحل,An-Naḥl,وَلَا تَشْتَرُواْ بِعَهْدِ اِ۬للَّهِ ثَمَناٗ قَلِيلاًۖ اِنَّمَا عِندَ اَ۬للَّهِ هُوَ خَيْرٞ لَّكُمُۥٓ إِن كُنتُمْ تَعْلَمُونَۖ ﱞ
2002,16,96,14,278,النَّحل,An-Naḥl,مَا عِندَكُمْ يَنفَدُۖ وَمَا عِندَ اَ۬للَّهِ بَاقٖۖ وَلَيَجْزِيَنَّ اَ۬لذِينَ صَبَرُوٓاْ أَجْرَهُم بِأَحْسَنِ مَا كَانُواْ يَعْمَلُونَۖ ﱟ
2003,16,97,14,278,النَّحل,An-Naḥl,مَنْ عَمِلَ صَٰلِحاٗ مِّن ذَكَرٍ اَوُ ا۟نث۪ىٰ وَهُوَ مُومِنٞ فَلَنُحْيِيَنَّهُۥ حَيَوٰةٗ طَيِّبَةٗ وَلَنَجْزِيَنَّهُمُۥٓ أَجْرَهُم بِأَحْسَنِ مَا كَانُواْ يَعْمَلُونَۖ ﱠ
2004,16,98,14,278,النَّحل,An-Naḥl,۞ فَإِذَا قَرَأْتَ اَ۬لْقُرْءَانَ فَاسْتَعِذْ بِاللَّهِ مِنَ اَ۬لشَّيْطَٰنِ اِ۬لرَّجِيمِۖ ﱡ
2005,16,99,14,278,النَّحل,An-Naḥl,إِنَّهُۥ لَيْسَ لَهُۥ سُلْطَٰنٌ عَلَى اَ۬لذِينَ ءَامَنُواْ وَعَلَىٰ رَبِّهِمْ يَتَوَكَّلُونَۖ ﱢ
2006,16,100,14,278,النَّحل,An-Naḥl,إِنَّمَا سُلْطَٰنُهُۥ عَلَى اَ۬لذِينَ يَتَوَلَّوْنَهُۥ وَالذِينَ هُم بِهِۦ مُشْرِكُونَۖ ﱣ
2007,16,101,14,278,النَّحل,An-Naḥl,وَإِذَا بَدَّلْنَآ ءَايَةٗ مَّكَانَ ءَايَةٖ وَاللَّهُ أَعْلَمُ بِمَا يُنَزِّلُ قَالُوٓاْ إِنَّمَآ أَنتَ مُفْتَرِۢۖ بَلَ اَكْثَرُهُمْ لَا يَعْلَمُونَۖ ﱤ
2008,16,102,14,278,النَّحل,An-Naḥl,قُلْ نَزَّلَهُۥ رُوحُ اُ۬لْقُدُسِ مِن رَّبِّكَ بِالْحَقِّ لِيُثَبِّتَ اَ۬لذِينَ ءَامَنُواْ وَهُدىٗ وَبُشْر۪ىٰ لِلْمُسْلِمِينَۖ ﱥ
2009,16,103,14,279,النَّحل,An-Naḥl,وَلَقَدْ نَعْلَمُ أَنَّهُمْ يَقُولُونَ إِنَّمَا يُعَلِّمُهُۥ بَشَرٞۖ لِّسَانُ اُ۬لذِے يُلْحِدُونَ إِلَيْهِ أَعْجَمِيّٞ وَهَٰذَا لِسَانٌ عَرَبِيّٞ مُّبِينٌۖ ﱦ
2010,16,104,14,279,النَّحل,An-Naḥl,اِنَّ اَ۬لذِينَ لَا يُومِنُونَ بِـَٔايَٰتِ اِ۬للَّهِ لَا يَهْدِيهِمُ اُ۬للَّهُۖ وَلَهُمْ عَذَابٌ اَلِيمٌۖ ﱧ
2011,16,105,14,279,النَّحل,An-Naḥl,اِنَّمَا يَفْتَرِے اِ۬لْكَذِبَ اَ۬لذِينَ لَا يُومِنُونَ بِـَٔايَٰتِ اِ۬للَّهِۖ وَأُوْلَٰٓئِكَ هُمُ اُ۬لْكَٰذِبُونَۖ ﱨ
2012,16,106,14,279,النَّحل,An-Naḥl,مَن كَفَرَ بِاللَّهِ مِنۢ بَعْدِ إِيمَٰنِهِۦٓ إِلَّا مَنُ ا۟كْرِهَ وَقَلْبُهُۥ مُطْمَئِنُّۢ بِالِايمَٰنِۖ وَلَٰكِن مَّن شَرَحَ بِالْكُفْرِ صَدْراٗ فَعَلَيْهِمْ غَضَبٞ مِّنَ اَ۬للَّهِۖ وَلَهُمْ عَذَابٌ عَظِيمٞۖ ﱩ
2013,16,107,14,279,النَّحل,An-Naḥl,ذَٰلِكَ بِأَنَّهُمُ اُ۪سْتَحَبُّواْ اُ۬لْحَيَوٰةَ اَ۬لدُّنْي۪ا عَلَى اَ۬لَاخِرَةِ وَأَنَّ اَ۬للَّهَ لَا يَهْدِے اِ۬لْقَوْمَ اَ۬لْكٰ۪فِرِينَۖ ﱪ
2014,16,108,14,279,النَّحل,An-Naḥl,أُوْلَٰٓئِكَ اَ۬لذِينَ طَبَعَ اَ۬للَّهُ عَلَىٰ قُلُوبِهِمْ وَسَمْعِهِمْ وَأَبْصٰ۪رِهِمْۖ وَأُوْلَٰٓئِكَ هُمُ اُ۬لْغَٰفِلُونَۖ ﱫ
2015,16,109,14,279,النَّحل,An-Naḥl,لَا جَرَمَ أَنَّهُمْ فِے اِ۬لَاخِرَةِ هُمُ اُ۬لْخَٰسِرُونَۖ ﱬ
2016,16,110,14,279,النَّحل,An-Naḥl,ثُمَّ إِنَّ رَبَّكَ لِلذِينَ هَاجَرُواْ مِنۢ بَعْدِ مَا فُتِنُواْ ثُمَّ جَٰهَدُواْ وَصَبَرُوٓاْ إِنَّ رَبَّكَ مِنۢ بَعْدِهَا لَغَفُورٞ رَّحِيمٞۖ ﱭ
2017,16,111,14,280,النَّحل,An-Naḥl,۞ يَوْمَ تَاتِے كُلُّ نَفْسٖ تُجَٰدِلُ عَن نَّفْسِهَا وَتُوَفّ۪ىٰ كُلُّ نَفْسٖ مَّا عَمِلَتْ وَهُمْ لَا يُظْلَمُونَۖ ﱮ
2018,16,112,14,280,النَّحل,An-Naḥl,وَضَرَبَ اَ۬للَّهُ مَثَلاٗ قَرْيَةٗ كَانَتَ اٰمِنَةٗ مُّطْمَئِنَّةٗ يَاتِيهَا رِزْقُهَا رَغَداٗ مِّن كُلِّ مَكَانٖ فَكَفَرَتْ بِأَنْعُمِ اِ۬للَّهِ فَأَذَاقَهَا اَ۬للَّهُ لِبَاسَ اَ۬لْجُوعِ وَالْخَوْفِ بِمَا كَانُواْ يَصْنَعُونَۖ ﱯ
2019,16,113,14,280,النَّحل,An-Naḥl,وَلَقَدْ جَآءَهُمْ رَسُولٞ مِّنْهُمْ فَكَذَّبُوهُ فَأَخَذَهُمُ اُ۬لْعَذَابُ وَهُمْ ظَٰلِمُونَۖ ﱰ
2020,16,114,14,280,النَّحل,An-Naḥl,فَكُلُواْ مِمَّا رَزَقَكُمُ اُ۬للَّهُ حَلَٰلاٗ طَيِّباٗۖ وَاشْكُرُواْ نِعْمَتَ اَ۬للَّهِ إِن كُنتُمُۥٓ إِيَّاهُ تَعْبُدُونَۖ ﱱ
2021,16,115,14,280,النَّحل,An-Naḥl,إِنَّمَا حَرَّمَ عَلَيْكُمُ اُ۬لْمَيْتَةَ وَالدَّمَ وَلَحْمَ اَ۬لْخِنزِيرِ وَمَآ أُهِلَّ لِغَيْرِ اِ۬للَّهِ بِهِۦۖ فَمَنُ اُ۟ضْطُرَّ غَيْرَ بَاغٖ وَلَا عَادٖ فَإِنَّ اَ۬للَّهَ غَفُورٞ رَّحِيمٞۖ ﱲ
2022,16,116,14,280,النَّحل,An-Naḥl,وَلَا تَقُولُواْ لِمَا تَصِفُ أَلْسِنَتُكُمُ اُ۬لْكَذِبَ هَٰذَا حَلَٰلٞ وَهَٰذَا حَرَامٞ لِّتَفْتَرُواْ عَلَى اَ۬للَّهِ اِ۬لْكَذِبَۖ إِنَّ اَ۬لذِينَ يَفْتَرُونَ عَلَى اَ۬للَّهِ اِ۬لْكَذِبَ لَا يُفْلِحُونَۖ ﱳ
2023,16,117,14,280,النَّحل,An-Naḥl,مَتَٰعٞ قَلِيلٞۖ وَلَهُمْ عَذَابٌ اَلِيمٞۖ ﱴ
2024,16,118,14,280,النَّحل,An-Naḥl,وَعَلَى اَ۬لذِينَ هَادُواْ حَرَّمْنَا مَا قَصَصْنَا عَلَيْكَ مِن قَبْلُۖ وَمَا ظَلَمْنَٰهُمْۖ وَلَٰكِن كَانُوٓاْ أَنفُسَهُمْ يَظْلِمُونَۖ ﱵ
2025,16,119,14,281,النَّحل,An-Naḥl,ثُمَّ إِنَّ رَبَّكَ لِلذِينَ عَمِلُواْ اُ۬لسُّوٓءَ بِجَهَٰلَةٖ ثُمَّ تَابُواْ مِنۢ بَعْدِ ذَٰلِكَ وَأَصْلَحُوٓاْ إِنَّ رَبَّكَ مِنۢ بَعْدِهَا لَغَفُورٞ رَّحِيمٌۖ ﱶ
2026,16,120,14,281,النَّحل,An-Naḥl,۞ اِنَّ إِبْرَٰهِيمَ كَانَ أُمَّةٗ قَانِتاٗ لِّلهِ حَنِيفاٗ وَلَمْ يَكُ مِنَ اَ۬لْمُشْرِكِينَۖ ﱷ
2027,16,121,14,281,النَّحل,An-Naḥl,شَاكِراٗ لِّأَنْعُمِهِۖ اِ۪جْتَب۪يٰهُ وَهَد۪يٰهُ إِلَىٰ صِرَٰطٖ مُّسْتَقِيمٖۖ ﱸ
2028,16,122,14,281,النَّحل,An-Naḥl,وَءَاتَيْنَٰهُ فِے اِ۬لدُّنْي۪ا حَسَنَةٗۖ وَإِنَّهُۥ فِے اِ۬لَاخِرَةِ لَمِنَ اَ۬لصَّٰلِحِينَۖ ﱹ
2029,16,123,14,281,النَّحل,An-Naḥl,ثُمَّ أَوْحَيْنَآ إِلَيْكَ أَنِ اِ۪تَّبِعْ مِلَّةَ إِبْرَٰهِيمَ حَنِيفاٗۖ وَمَا كَانَ مِنَ اَ۬لْمُشْرِكِينَۖﱺ
2030,16,124,14,281,النَّحل,An-Naḥl,إِنَّمَا جُعِلَ اَ۬لسَّبْتُ عَلَى اَ۬لذِينَ اَ۪خْتَلَفُواْ فِيهِۖ وَإِنَّ رَبَّكَ لَيَحْكُمُ بَيْنَهُمْ يَوْمَ اَ۬لْقِيَٰمَةِ فِيمَا كَانُواْ فِيهِ يَخْتَلِفُونَۖ ﱻ
2031,16,125,14,281,النَّحل,An-Naḥl,اَ۟دْعُ إِلَىٰ سَبِيلِ رَبِّكَ بِالْحِكْمَةِ وَالْمَوْعِظَةِ اِ۬لْحَسَنَةِ وَجَٰدِلْهُم بِالتِے هِيَ أَحْسَنُۖ إِنَّ رَبَّكَ هُوَ أَعْلَمُ بِمَن ضَلَّ عَن سَبِيلِهِۦۖ وَهُوَ أَعْلَمُ بِالْمُهْتَدِينَۖ ﱼ
2032,16,126,14,281,النَّحل,An-Naḥl,وَإِنْ عَاقَبْتُمْ فَعَاقِبُواْ بِمِثْلِ مَا عُوقِبْتُم بِهِۦۖ وَلَئِن صَبَرْتُمْ لَهُوَ خَيْرٞ لِّلصَّٰبِرِينَۖ ﱽ
2033,16,127,14,281,النَّحل,An-Naḥl,وَاصْبِرْۖ وَمَا صَبْرُكَ إِلَّا بِاللَّهِۖ وَلَا تَحْزَنْ عَلَيْهِمْ وَلَا تَكُ فِے ضَيْقٖ مِّمَّا يَمْكُرُونَۖ ﱾ
2034,16,128,14,281,النَّحل,An-Naḥl,إِنَّ اَ۬للَّهَ مَعَ اَ۬لذِينَ اَ۪تَّقَواْ وَّالذِينَ هُم مُّحْسِنُونَۖ ﱿ
2035,17,1,15,282,الإسرَاء,Al-Isrā’,سُبْحَٰنَ اَ۬لذِےٓ أَسْر۪ىٰ بِعَبْدِهِۦ لَيْلاٗ مِّنَ اَ۬لْمَسْجِدِ اِ۬لْحَرَامِ إِلَى اَ۬لْمَسْجِدِ اِ۬لَاقْصَا اَ۬لذِے بَٰرَكْنَا حَوْلَهُۥ لِنُرِيَهُۥ مِنَ اٰيَٰتِنَآۖ إِنَّهُۥ هُوَ اَ۬لسَّمِيعُ اُ۬لْبَصِيرُۖ ﰀ
2036,17,2,15,282,الإسرَاء,Al-Isrā’,وَءَاتَيْنَا مُوسَى اَ۬لْكِتَٰبَ وَجَعَلْنَٰهُ هُدىٗ لِّبَنِےٓ إِسْرَآءِيلَ أَلَّا تَتَّخِذُواْ مِن دُونِے وَكِيلاٗ ﰁ
2037,17,3,15,282,الإسرَاء,Al-Isrā’,ذُرِّيَّةَ مَنْ حَمَلْنَا مَعَ نُوحٍۖ اِنَّهُۥ كَانَ عَبْداٗ شَكُوراٗۖ ﰂ
2038,17,4,15,282,الإسرَاء,Al-Isrā’,وَقَضَيْنَآ إِلَىٰ بَنِےٓ إِسْرَآءِيلَ فِے اِ۬لْكِتَٰبِ لَتُفْسِدُنَّ فِے اِ۬لَارْضِ مَرَّتَيْنِ وَلَتَعْلُنَّ عُلُوّاٗ كَبِيراٗۖ ﰃ
2039,17,5,15,282,الإسرَاء,Al-Isrā’,فَإِذَا جَآءَ وَعْدُ أُول۪يٰهُمَا بَعَثْنَا عَلَيْكُمْ عِبَاداٗ لَّنَآ أُوْلِے بَأْسٖ شَدِيدٖ فَجَاسُواْ خِلَٰلَ اَ۬لدِّي۪ارِۖ وَكَانَ وَعْداٗ مَّفْعُولاٗۖ ﰄ
2040,17,6,15,282,الإسرَاء,Al-Isrā’,ثُمَّ رَدَدْنَا لَكُمُ اُ۬لْكَرَّةَ عَلَيْهِمْ وَأَمْدَدْنَٰكُم بِأَمْوَٰلٖ وَبَنِينَ وَجَعَلْنَٰكُمُۥٓ أَكْثَرَ نَفِيراًۖ ﰅ
2041,17,7,15,282,الإسرَاء,Al-Isrā’,اِنَ اَحْسَنتُمُۥٓ أَحْسَنتُمْ لِأَنفُسِكُمْۖ وَإِنَ اَسَأْتُمْ فَلَهَاۖ فَإِذَا جَآءَ وَعْدُ اُ۬لَاخِرَةِ لِيَسُـُٔواْ وُجُوهَكُمْ وَلِيَدْخُلُواْ اُ۬لْمَسْجِدَ كَمَا دَخَلُوهُ أَوَّلَ مَرَّةٖ وَلِيُتَبِّرُواْ مَا عَلَوْاْ تَتْبِيراًۖ ﰆ
2042,17,8,15,283,الإسرَاء,Al-Isrā’,عَس۪ىٰ رَبُّكُمُۥٓ أَنْ يَّرْحَمَكُمْۖ وَإِنْ عُدتُّمْ عُدْنَاۖ وَجَعَلْنَا جَهَنَّمَ لِلْكٰ۪فِرِينَ حَصِيراًۖ ﰇ
2043,17,9,15,283,الإسرَاء,Al-Isrā’,اِنَّ هَٰذَا اَ۬لْقُرْءَانَ يَهْدِے لِلتِے هِيَ أَقْوَمُ وَيُبَشِّرُ اُ۬لْمُومِنِينَ اَ۬لذِينَ يَعْمَلُونَ اَ۬لصَّٰلِحَٰتِ أَنَّ لَهُمُۥٓ أَجْراٗ كَبِيراٗ ﰈ
2044,17,10,15,283,الإسرَاء,Al-Isrā’,وَأَنَّ اَ۬لذِينَ لَا يُومِنُونَ بِالَاخِرَةِ أَعْتَدْنَا لَهُمْ عَذَاباً اَلِيماٗۖ ﰉ
2045,17,11,15,283,الإسرَاء,Al-Isrā’,۞ وَيَدْعُ اُ۬لِانسَٰنُ بِالشَّرِّ دُعَآءَهُۥ بِالْخَيْرِۖ وَكَانَ اَ۬لِانسَٰنُ عَجُولاٗۖ ﰊ
2046,17,12,15,283,الإسرَاء,Al-Isrā’,وَجَعَلْنَا اَ۬ليْلَ وَالنَّهَارَ ءَايَتَيْنِ فَمَحَوْنَآ ءَايَةَ اَ۬ليْلِ وَجَعَلْنَآ ءَايَةَ اَ۬لنَّه۪ارِ مُبْصِرَةٗ لِّتَبْتَغُواْ فَضْلاٗ مِّن رَّبِّكُمْ وَلِتَعْلَمُواْ عَدَدَ اَ۬لسِّنِينَ وَالْحِسَابَۖ وَكُلَّ شَےْءٖ فَصَّلْنَٰهُ تَفْصِيلاٗۖ ﰋ
2047,17,13,15,283,الإسرَاء,Al-Isrā’,وَكُلَّ إِنسَٰنٍ اَلْزَمْنَٰهُ طَٰٓئِرَهُۥ فِے عُنُقِهِۦ وَنُخْرِجُ لَهُۥ يَوْمَ اَ۬لْقِيَٰمَةِ كِتَٰباٗ يَلْق۪يٰهُ مَنشُوراًۖ ﰌ
2048,17,14,15,283,الإسرَاء,Al-Isrā’,اِ۪قْرَأْ كِتَٰبَكَ كَف۪ىٰ بِنَفْسِكَ اَ۬لْيَوْمَ عَلَيْكَ حَسِيباٗۖ ﰍ
2049,17,15,15,283,الإسرَاء,Al-Isrā’,مَّنِ اِ۪هْتَد۪ىٰ فَإِنَّمَا يَهْتَدِے لِنَفْسِهِۦۖ وَمَن ضَلَّ فَإِنَّمَا يَضِلُّ عَلَيْهَاۖ وَلَا تَزِرُ وَازِرَةٞ وِزْرَ أُخْر۪ىٰۖ وَمَا كُنَّا مُعَذِّبِينَ حَتَّىٰ نَبْعَثَ رَسُولاٗۖ ﰎ
2050,17,16,15,283,الإسرَاء,Al-Isrā’,وَإِذَآ أَرَدْنَآ أَن نُّهْلِكَ قَرْيَةً اَمَرْنَا مُتْرَفِيهَا فَفَسَقُواْ فِيهَا فَحَقَّ عَلَيْهَا اَ۬لْقَوْلُ فَدَمَّرْنَٰهَا تَدْمِيراٗۖ ﰏ
2051,17,17,15,283,الإسرَاء,Al-Isrā’,وَكَمَ اَهْلَكْنَا مِنَ اَ۬لْقُرُونِ مِنۢ بَعْدِ نُوحٖۖ وَكَف۪ىٰ بِرَبِّكَ بِذُنُوبِ عِبَادِهِۦ خَبِيراَۢ بَصِيراٗۖ ﰐ
2052,17,18,15,284,الإسرَاء,Al-Isrā’,مَّن كَانَ يُرِيدُ اُ۬لْعَاجِلَةَ عَجَّلْنَا لَهُۥ فِيهَا مَا نَشَآءُ لِمَن نُّرِيدُ ثُمَّ جَعَلْنَا لَهُۥ جَهَنَّمَ يَصْلَيٰهَا مَذْمُوماٗ مَّدْحُوراٗۖ ﰑ
2053,17,19,15,284,الإسرَاء,Al-Isrā’,وَمَنَ اَرَادَ اَ۬لَاخِرَةَ وَسَع۪ىٰ لَهَا سَعْيَهَا وَهُوَ مُومِنٞ فَأُوْلَٰٓئِكَ كَانَ سَعْيُهُم مَّشْكُوراٗۖ ﰒ
2054,17,20,15,284,الإسرَاء,Al-Isrā’,كُلّاٗ نُّمِدُّۖ هَٰٓؤُلَآءِ وَهَٰٓؤُلَآءِ مِنْ عَطَآءِ رَبِّكَۖ وَمَا كَانَ عَطَآءُ رَبِّكَ مَحْظُوراًۖ ﰓ
2055,17,21,15,284,الإسرَاء,Al-Isrā’,اُ۟نظُرْ كَيْفَ فَضَّلْنَا بَعْضَهُمْ عَلَىٰ بَعْضٖۖ وَلَلَاخِرَةُ أَكْبَرُ دَرَجَٰتٖ وَأَكْبَرُ تَفْضِيلاٗۖ ﰔ
2056,17,22,15,284,الإسرَاء,Al-Isrā’,لَّا تَجْعَلْ مَعَ اَ۬للَّهِ إِلَٰهاً اٰخَرَ فَتَقْعُدَ مَذْمُوماٗ مَّخْذُولاٗۖ ﰕ
2057,17,23,15,284,الإسرَاء,Al-Isrā’,۞ وَقَض۪ىٰ رَبُّكَ أَلَّا تَعْبُدُوٓاْ إِلَّآ إِيَّاهُۖ وَبِالْوَٰلِدَيْنِ إِحْسَٰناًۖ اِمَّا يَبْلُغَنَّ عِندَكَ اَ۬لْكِبَرَ أَحَدُهُمَآ أَوْ كِلَاهُمَا فَلَا تَقُل لَّهُمَآ أُفّٖ وَلَا تَنْهَرْهُمَاۖ وَقُل لَّهُمَا قَوْلاٗ كَرِيماٗۖ ﰖ
2058,17,24,15,284,الإسرَاء,Al-Isrā’,وَاخْفِضْ لَهُمَا جَنَاحَ اَ۬لذُّلِّ مِنَ اَ۬لرَّحْمَةِۖ وَقُل رَّبِّ اِ۪رْحَمْهُمَا كَمَا رَبَّيَٰنِے صَغِيراٗۖ ﰗ
2059,17,25,15,284,الإسرَاء,Al-Isrā’,رَّبُّكُمُۥٓ أَعْلَمُ بِمَا فِے نُفُوسِكُمُۥٓۖ إِن تَكُونُواْ صَٰلِحِينَ فَإِنَّهُۥ كَانَ لِلَاوَّٰبِينَ غَفُوراٗۖ ﰘ
2060,17,26,15,284,الإسرَاء,Al-Isrā’,وَءَاتِ ذَا اَ۬لْقُرْب۪ىٰ حَقَّهُۥ وَالْمِسْكِينَ وَابْنَ اَ۬لسَّبِيلِۖ وَلَا تُبَذِّرْ تَبْذِيراًۖ ﰙ
2061,17,27,15,284,الإسرَاء,Al-Isrā’,اِنَّ اَ۬لْمُبَذِّرِينَ كَانُوٓاْ إِخْوَٰنَ اَ۬لشَّيَٰطِينِۖ وَكَانَ اَ۬لشَّيْطَٰنُ لِرَبِّهِۦ كَفُوراٗۖ ﰚ
2062,17,28,15,285,الإسرَاء,Al-Isrā’,وَإِمَّا تُعْرِضَنَّ عَنْهُمُ اُ۪بْتِغَآءَ رَحْمَةٖ مِّن رَّبِّكَ تَرْجُوهَا فَقُل لَّهُمْ قَوْلاٗ مَّيْسُوراٗۖ ﰛ
2063,17,29,15,285,الإسرَاء,Al-Isrā’,وَلَا تَجْعَلْ يَدَكَ مَغْلُولَةً اِلَىٰ عُنُقِكَ وَلَا تَبْسُطْهَا كُلَّ اَ۬لْبَسْطِ فَتَقْعُدَ مَلُوماٗ مَّحْسُوراًۖ ﰜ
2064,17,30,15,285,الإسرَاء,Al-Isrā’,اِنَّ رَبَّكَ يَبْسُطُ اُ۬لرِّزْقَ لِمَنْ يَّشَآءُ وَيَقْدِرُۖ إِنَّهُۥ كَانَ بِعِبَادِهِۦ خَبِيراَۢ بَصِيراٗۖ ﰝ
2065,17,31,15,285,الإسرَاء,Al-Isrā’,وَلَا تَقْتُلُوٓاْ أَوْلَٰدَكُمْ خَشْيَةَ إِمْلَٰقٖۖ نَّحْنُ نَرْزُقُهُمْ وَإِيَّاكُمُۥٓۖ إِنَّ قَتْلَهُمْ كَانَ خِطْـٔاٗ كَبِيراٗۖ ﰞ
2066,17,32,15,285,الإسرَاء,Al-Isrā’,وَلَا تَقْرَبُواْ اُ۬لزِّن۪ىٰٓ إِنَّهُۥ كَانَ فَٰحِشَةٗ وَسَآءَ سَبِيلاٗۖ ﰟ
2067,17,33,15,285,الإسرَاء,Al-Isrā’,وَلَا تَقْتُلُواْ اُ۬لنَّفْسَ اَ۬لتِے حَرَّمَ اَ۬للَّهُ إِلَّا بِالْحَقِّۖ وَمَن قُتِلَ مَظْلُوماٗ فَقَدْ جَعَلْنَا لِوَلِيِّهِۦ سُلْطَٰناٗ فَلَا يُسْرِف فِّے اِ۬لْقَتْلِۖ إِنَّهُۥ كَانَ مَنصُوراٗۖ ﰠ
2068,17,34,15,285,الإسرَاء,Al-Isrā’,وَلَا تَقْرَبُواْ مَالَ اَ۬لْيَتِيمِ إِلَّا بِالتِے هِيَ أَحْسَنُ حَتَّىٰ يَبْلُغَ أَشُدَّهُۥۖ وَأَوْفُواْ بِالْعَهْدِۖ إِنَّ اَ۬لْعَهْدَ كَانَ مَسْـُٔولاٗۖ ﰡ
2069,17,35,15,285,الإسرَاء,Al-Isrā’,وَأَوْفُواْ اُ۬لْكَيْلَ إِذَا كِلْتُمْ وَزِنُواْ بِالْقُسْطَاسِ اِ۬لْمُسْتَقِيمِۖ ذَٰلِكَ خَيْرٞ وَأَحْسَنُ تَاوِيلاٗۖ ﰢ
2070,17,36,15,285,الإسرَاء,Al-Isrā’,۞ وَلَا تَقْفُ مَا لَيْسَ لَكَ بِهِۦ عِلْمٌۖ اِنَّ اَ۬لسَّمْعَ وَالْبَصَرَ وَالْفُؤَادَ كُلُّ أُوْلَٰٓئِكَ كَانَ عَنْهُ مَسْـُٔولاٗۖ ﰣ
2071,17,37,15,285,الإسرَاء,Al-Isrā’,وَلَا تَمْشِ فِے اِ۬لَارْضِ مَرَحاًۖ اِنَّكَ لَن تَخْرِقَ اَ۬لَارْضَ وَلَن تَبْلُغَ اَ۬لْجِبَالَ طُولاٗۖ ﰤ
2072,17,38,15,285,الإسرَاء,Al-Isrā’,كُلُّ ذَٰلِكَ كَانَ سَيِّئَةً عِندَ رَبِّكَ مَكْرُوهاٗۖ ﰥ
2073,17,39,15,286,الإسرَاء,Al-Isrā’,ذَٰلِكَ مِمَّآ أَوْح۪ىٰٓ إِلَيْكَ رَبُّكَ مِنَ اَ۬لْحِكْمَةِۖ وَلَا تَجْعَلْ مَعَ اَ۬للَّهِ إِلَٰهاً اٰخَرَ فَتُلْق۪ىٰ فِے جَهَنَّمَ مَلُوماٗ مَّدْحُوراًۖ ﰦ
2074,17,40,15,286,الإسرَاء,Al-Isrā’,اَفَأَصْف۪يٰكُمْ رَبُّكُم بِالْبَنِينَ وَاتَّخَذَ مِنَ اَ۬لْمَلَٰٓئِكَةِ إِنَٰثاًۖ اِنَّكُمْ لَتَقُولُونَ قَوْلاً عَظِيماٗۖ ﰧ
2075,17,41,15,286,الإسرَاء,Al-Isrā’,وَلَقَدْ صَرَّفْنَا فِے هَٰذَا اَ۬لْقُرْءَانِ لِيَذَّكَّرُواْ وَمَا يَزِيدُهُمُۥٓ إِلَّا نُفُوراٗۖ ﰨ
2076,17,42,15,286,الإسرَاء,Al-Isrā’,قُل لَّوْ كَانَ مَعَهُۥٓ ءَالِهَةٞ كَمَا تَقُولُونَ إِذاٗ لَّابْتَغَوِاْ اِلَىٰ ذِے اِ۬لْعَرْشِ سَبِيلاٗۖ ﰩ
2077,17,43,15,286,الإسرَاء,Al-Isrā’,سُبْحَٰنَهُۥ وَتَعَٰل۪ىٰ عَمَّا يَقُولُونَ عُلُوّاٗ كَبِيراٗۖ ﰪ
2078,17,44,15,286,الإسرَاء,Al-Isrā’,يُسَبِّحُ لَهُ اُ۬لسَّمَٰوَٰتُ اُ۬لسَّبْعُ وَالَارْضُ وَمَن فِيهِنَّۖ وَإِن مِّن شَےْءٍ اِلَّا يُسَبِّحُ بِحَمْدِهِۦۖ وَلَٰكِن لَّا تَفْقَهُونَ تَسْبِيحَهُمُۥٓۖ إِنَّهُۥ كَانَ حَلِيماً غَفُوراٗۖ ﰫ
2079,17,45,15,286,الإسرَاء,Al-Isrā’,وَإِذَا قَرَأْتَ اَ۬لْقُرْءَانَ جَعَلْنَا بَيْنَكَ وَبَيْنَ اَ۬لذِينَ لَا يُومِنُونَ بِالَاخِرَةِ حِجَاباٗ مَّسْتُوراٗۖ ﰬ
2080,17,46,15,286,الإسرَاء,Al-Isrā’,وَجَعَلْنَا عَلَىٰ قُلُوبِهِمُۥٓ أَكِنَّةً اَنْ يَّفْقَهُوهُ وَفِےٓ ءَاذَانِهِمْ وَقْراٗۖ وَإِذَا ذَكَرْتَ رَبَّكَ فِے اِ۬لْقُرْءَانِ وَحْدَهُۥ وَلَّوْاْ عَلَىٰٓ أَدْبٰ۪رِهِمْ نُفُوراٗۖ ﰭ
2081,17,47,15,286,الإسرَاء,Al-Isrā’,نَّحْنُ أَعْلَمُ بِمَا يَسْتَمِعُونَ بِهِۦٓ إِذْ يَسْتَمِعُونَ إِلَيْكَ وَإِذْ هُمْ نَجْو۪ىٰٓ إِذْ يَقُولُ اُ۬لظَّٰلِمُونَ إِن تَتَّبِعُونَ إِلَّا رَجُلاٗ مَّسْحُوراًۖ ﰮ
2082,17,48,15,286,الإسرَاء,Al-Isrā’,اُ۟نظُرْ كَيْفَ ضَرَبُواْ لَكَ اَ۬لَامْثَالَ فَضَلُّواْۖ فَلَا يَسْتَطِيعُونَ سَبِيلاٗۖ ﰯ
2083,17,49,15,286,الإسرَاء,Al-Isrā’,وَقَالُوٓاْ أَ۟ذَا كُنَّا عِظَٰماٗ وَرُفَٰتاً اِنَّا لَمَبْعُوثُونَ خَلْقاٗ جَدِيداٗۖ ﰰ
2084,17,50,15,287,الإسرَاء,Al-Isrā’,۞ قُلْ كُونُواْ حِجَارَةً اَوْ حَدِيداً ﰱ
2085,17,51,15,287,الإسرَاء,Al-Isrā’,اَوْ خَلْقاٗ مِّمَّا يَكْبُرُ فِے صُدُورِكُمْۖ فَسَيَقُولُونَ مَنْ يُّعِيدُنَاۖ قُلِ اِ۬لذِے فَطَرَكُمُۥٓ أَوَّلَ مَرَّةٖۖ فَسَيُنْغِضُونَ إِلَيْكَ رُءُوسَهُمْ وَيَقُولُونَ مَت۪ىٰ هُوَۖ قُلْ عَس۪ىٰٓ أَنْ يَّكُونَ قَرِيباٗۖ ﰲ
2086,17,52,15,287,الإسرَاء,Al-Isrā’,يَوْمَ يَدْعُوكُمْ فَتَسْتَجِيبُونَ بِحَمْدِهِۦ وَتَظُنُّونَ إِن لَّبِثْتُمُۥٓ إِلَّا قَلِيلاٗۖ ﰳ
2087,17,53,15,287,الإسرَاء,Al-Isrā’,وَقُل لِّعِبَادِے يَقُولُواْ اُ۬لتِے هِيَ أَحْسَنُۖ إِنَّ اَ۬لشَّيْطَٰنَ يَنزَغُ بَيْنَهُمُۥٓۖ إِنَّ اَ۬لشَّيْطَٰنَ كَانَ لِلِانسَٰنِ عَدُوّاٗ مُّبِيناٗۖ ﰴ
2088,17,54,15,287,الإسرَاء,Al-Isrā’,رَّبُّكُمُۥٓ أَعْلَمُ بِكُمُۥٓ إِنْ يَّشَأْ يَرْحَمْكُمُۥٓ أَوِ اِنْ يَّشَأْ يُعَذِّبْكُمْۖ وَمَآ أَرْسَلْنَٰكَ عَلَيْهِمْ وَكِيلاٗۖ ﰵ
2089,17,55,15,287,الإسرَاء,Al-Isrā’,وَرَبُّكَ أَعْلَمُ بِمَن فِے اِ۬لسَّمَٰوَٰتِ وَالَارْضِۖ وَلَقَدْ فَضَّلْنَا بَعْضَ اَ۬لنَّبِيٓـِٕۧنَ عَلَىٰ بَعْضٖ وَءَاتَيْنَا دَاوُۥدَ زَبُوراٗۖ ﰶ
2090,17,56,15,287,الإسرَاء,Al-Isrā’,قُلُ اُ۟دْعُواْ اُ۬لذِينَ زَعَمْتُم مِّن دُونِهِۦ فَلَا يَمْلِكُونَ كَشْفَ اَ۬لضُّرِّ عَنكُمْ وَلَا تَحْوِيلاًۖ ﰷ
2091,17,57,15,287,الإسرَاء,Al-Isrā’,ا۟وْلَٰٓئِكَ اَ۬لذِينَ يَدْعُونَ يَبْتَغُونَ إِلَىٰ رَبِّهِمُ اُ۬لْوَسِيلَةَ أَيُّهُمُۥٓ أَقْرَبُ وَيَرْجُونَ رَحْمَتَهُۥ وَيَخَافُونَ عَذَابَهُۥٓۖ إِنَّ عَذَابَ رَبِّكَ كَانَ مَحْذُوراٗۖ ﰸ
2092,17,58,15,287,الإسرَاء,Al-Isrā’,وَإِن مِّن قَرْيَةٍ اِلَّا نَحْنُ مُهْلِكُوهَا قَبْلَ يَوْمِ اِ۬لْقِيَٰمَةِ أَوْ مُعَذِّبُوهَا عَذَاباٗ شَدِيداٗۖ كَانَ ذَٰلِكَ فِے اِ۬لْكِتَٰبِ مَسْطُوراٗۖ ﰹ
2093,17,59,15,288,الإسرَاء,Al-Isrā’,وَمَا مَنَعَنَآ أَن نُّرْسِلَ بِالَايَٰتِ إِلَّآ أَن كَذَّبَ بِهَا اَ۬لَاوَّلُونَۖ وَءَاتَيْنَا ثَمُودَ اَ۬لنَّاقَةَ مُبْصِرَةٗ فَظَلَمُواْ بِهَاۖ وَمَا نُرْسِلُ بِالَايَٰتِ إِلَّا تَخْوِيفاٗۖ ﰺ
2094,17,60,15,288,الإسرَاء,Al-Isrā’,وَإِذْ قُلْنَا لَكَ إِنَّ رَبَّكَ أَحَاطَ بِالنَّاسِۖ وَمَا جَعَلْنَا اَ۬لرُّءْيَا اَ۬لتِےٓ أَرَيْنَٰكَ إِلَّا فِتْنَةٗ لِّلنَّاسِ وَالشَّجَرَةَ اَ۬لْمَلْعُونَةَ فِے اِ۬لْقُرْءَانِۖ وَنُخَوِّفُهُمْ فَمَا يَزِيدُهُمُۥٓ إِلَّا طُغْيَٰناٗ كَبِيراٗۖ ﰻ
2095,17,61,15,288,الإسرَاء,Al-Isrā’,۞ وَإِذْ قُلْنَا لِلْمَلَٰٓئِكَةِ اِ۟سْجُدُواْ لِأٓدَمَ فَسَجَدُوٓاْۖ إِلَّآ إِبْلِيسَ قَالَ ءَآسْجُدُ لِمَنْ خَلَقْتَ طِيناٗۖ ﰼ
2096,17,62,15,288,الإسرَاء,Al-Isrā’,قَالَ أَرَٰٓيْتَكَ هَٰذَا اَ۬لذِے كَرَّمْتَ عَلَيَّ لَئِنَ اَخَّرْتَنِۦٓ إِلَىٰ يَوْمِ اِ۬لْقِيَٰمَةِ لَأَحْتَنِكَنَّ ذُرِّيَّتَهُۥٓ إِلَّا قَلِيلاٗۖ ﰽ
2097,17,63,15,288,الإسرَاء,Al-Isrā’,قَالَ اَ۪ذْهَبْ فَمَن تَبِعَكَ مِنْهُمْ فَإِنَّ جَهَنَّمَ جَزَآؤُكُمْ جَزَآءٗ مَّوْفُوراٗۖ ﰾ
2098,17,64,15,288,الإسرَاء,Al-Isrā’,وَاسْتَفْزِزْ مَنِ اِ۪سْتَطَعْتَ مِنْهُم بِصَوْتِكَ وَأَجْلِبْ عَلَيْهِم بِخَيْلِكَ وَرَجْلِكَ وَشَارِكْهُمْ فِے اِ۬لَامْوَٰلِ وَالَاوْلَٰدِ وَعِدْهُمْۖ وَمَا يَعِدُهُمُ اُ۬لشَّيْطَٰنُ إِلَّا غُرُوراًۖ ﰿ
2099,17,65,15,288,الإسرَاء,Al-Isrā’,اِنَّ عِبَادِے لَيْسَ لَكَ عَلَيْهِمْ سُلْطَٰنٞۖ وَكَف۪ىٰ بِرَبِّكَ وَكِيلاٗۖ ﱀ
2100,17,66,15,288,الإسرَاء,Al-Isrā’,رَّبُّكُمُ اُ۬لذِے يُزْجِے لَكُمُ اُ۬لْفُلْكَ فِے اِ۬لْبَحْرِ لِتَبْتَغُواْ مِن فَضْلِهِۦٓۖ إِنَّهُۥ كَانَ بِكُمْ رَحِيماٗۖ ﱁ
2101,17,67,15,289,الإسرَاء,Al-Isrā’,وَإِذَا مَسَّكُمُ اُ۬لضُّرُّ فِے اِ۬لْبَحْرِ ضَلَّ مَن تَدْعُونَ إِلَّآ إِيَّاهُۖ فَلَمَّا نَجّ۪يٰكُمُۥٓ إِلَى اَ۬لْبَرِّ أَعْرَضْتُمْۖ وَكَانَ اَ۬لِانسَٰنُ كَفُوراًۖ ﱂ
2102,17,68,15,289,الإسرَاء,Al-Isrā’,اَفَأَمِنتُمُۥٓ أَنْ يَّخْسِفَ بِكُمْ جَانِبَ اَ۬لْبَرِّ أَوْ يُرْسِلَ عَلَيْكُمْ حَاصِباٗ ثُمَّ لَا تَجِدُواْ لَكُمْ وَكِيلاً ﱃ
2103,17,69,15,289,الإسرَاء,Al-Isrā’,اَمَ اَمِنتُمُۥٓ أَنْ يُّعِيدَكُمْ فِيهِ تَارَةً ا۟خْر۪ىٰ فَيُرْسِلَ عَلَيْكُمْ قَاصِفاٗ مِّنَ اَ۬لرِّيحِ فَيُغْرِقَكُم بِمَا كَفَرْتُمْ ثُمَّ لَا تَجِدُواْ لَكُمْ عَلَيْنَا بِهِۦ تَبِيعاٗۖ ﱄ
2104,17,70,15,289,الإسرَاء,Al-Isrā’,۞ وَلَقَدْ كَرَّمْنَا بَنِےٓ ءَادَمَ وَحَمَلْنَٰهُمْ فِے اِ۬لْبَرِّ وَالْبَحْرِ وَرَزَقْنَٰهُم مِّنَ اَ۬لطَّيِّبَٰتِ وَفَضَّلْنَٰهُمْ عَلَىٰ كَثِيرٖ مِّمَّنْ خَلَقْنَا تَفْضِيلاٗۖ ﱅ
2105,17,71,15,289,الإسرَاء,Al-Isrā’,يَوْمَ نَدْعُواْ كُلَّ أُنَاسِۢ بِإِمَٰمِهِمْۖ فَمَنُ ا۟وتِيَ كِتَٰبَهُۥ بِيَمِينِهِۦ فَأُوْلَٰٓئِكَ يَقْرَءُونَ كِتَٰبَهُمْ وَلَا يُظْلَمُونَ فَتِيلاٗۖ ﱆ
2106,17,72,15,289,الإسرَاء,Al-Isrā’,وَمَن كَانَ فِے هَٰذِهِۦٓ أَعْم۪ىٰ فَهُوَ فِے اِ۬لَاخِرَةِ أَعْم۪ىٰ وَأَضَلُّ سَبِيلاٗۖ ﱇ
2107,17,73,15,289,الإسرَاء,Al-Isrā’,وَإِن كَادُواْ لَيَفْتِنُونَكَ عَنِ اِ۬لذِےٓ أَوْحَيْنَآ إِلَيْكَ لِتَفْتَرِيَ عَلَيْنَا غَيْرَهُۥۖ وَإِذاٗ لَّاتَّخَذُوكَ خَلِيلاٗۖ ﱈ
2108,17,74,15,289,الإسرَاء,Al-Isrā’,وَلَوْلَآ أَن ثَبَّتْنَٰكَ لَقَدْ كِدتَّ تَرْكَنُ إِلَيْهِمْ شَئْاٗ قَلِيلاًۖ ﱉ
2109,17,75,15,289,الإسرَاء,Al-Isrā’,اِذاٗ لَّأَذَقْنَٰكَ ضِعْفَ اَ۬لْحَيَوٰةِ وَضِعْفَ اَ۬لْمَمَاتِ ثُمَّ لَا تَجِدُ لَكَ عَلَيْنَا نَصِيراٗۖ ﱊ
2110,17,76,15,290,الإسرَاء,Al-Isrā’,وَإِن كَادُواْ لَيَسْتَفِزُّونَكَ مِنَ اَ۬لَارْضِ لِيُخْرِجُوكَ مِنْهَاۖ وَإِذاٗ لَّا يَلْبَثُونَ خَلْفَكَ إِلَّا قَلِيلاٗۖ ﱋ
2111,17,77,15,290,الإسرَاء,Al-Isrā’,سُنَّةَ مَن قَدَ اَرْسَلْنَا قَبْلَكَ مِن رُّسُلِنَاۖ وَلَا تَجِدُ لِسُنَّتِنَا تَحْوِيلاًۖ ﱌ
2112,17,78,15,290,الإسرَاء,Al-Isrā’,اَقِمِ اِ۬لصَّلَوٰةَ لِدُلُوكِ اِ۬لشَّمْسِ إِلَىٰ غَسَقِ اِ۬ليْلِ وَقُرْءَانَ اَ۬لْفَجْرِۖ إِنَّ قُرْءَانَ اَ۬لْفَجْرِ كَانَ مَشْهُوداٗۖ ﱍ
2113,17,79,15,290,الإسرَاء,Al-Isrā’,وَمِنَ اَ۬ليْلِ فَتَهَجَّدْ بِهِۦ نَافِلَةٗ لَّكَ عَس۪ىٰٓ أَنْ يَّبْعَثَكَ رَبُّكَ مَقَاماٗ مَّحْمُوداٗۖ ﱎ
2114,17,80,15,290,الإسرَاء,Al-Isrā’,وَقُل رَّبِّ أَدْخِلْنِے مُدْخَلَ صِدْقٖ وَأَخْرِجْنِے مُخْرَجَ صِدْقٖ وَاجْعَل لِّے مِن لَّدُنكَ سُلْطَٰناٗ نَّصِيراٗۖ ﱏ
2115,17,81,15,290,الإسرَاء,Al-Isrā’,وَقُلْ جَآءَ اَ۬لْحَقُّ وَزَهَقَ اَ۬لْبَٰطِلُۖ إِنَّ اَ۬لْبَٰطِلَ كَانَ زَهُوقاٗۖ ﱐ
2116,17,82,15,290,الإسرَاء,Al-Isrā’,وَنُنَزِّلُ مِنَ اَ۬لْقُرْءَانِ مَا هُوَ شِفَآءٞ وَرَحْمَةٞ لِّلْمُومِنِينَۖ وَلَا يَزِيدُ اُ۬لظَّٰلِمِينَ إِلَّا خَسَاراٗۖ ﱑ
2117,17,83,15,290,الإسرَاء,Al-Isrā’,وَإِذَآ أَنْعَمْنَا عَلَى اَ۬لِانسَٰنِ أَعْرَضَ وَنَـ۪ٔا بِجَانِبِهِۦۖ وَإِذَا مَسَّهُ اُ۬لشَّرُّ كَانَ يَـُٔوساٗۖ ﱒ
2118,17,84,15,290,الإسرَاء,Al-Isrā’,قُلْ كُلّٞ يَعْمَلُ عَلَىٰ شَاكِلَتِهِۦ فَرَبُّكُمُۥٓ أَعْلَمُ بِمَنْ هُوَ أَهْد۪ىٰ سَبِيلاٗۖ ﱓ
2119,17,85,15,290,الإسرَاء,Al-Isrā’,۞ وَيَسْـَٔلُونَكَ عَنِ اِ۬لرُّوحِۖ قُلِ اِ۬لرُّوحُ مِنَ اَمْرِ رَبِّے وَمَآ أُوتِيتُم مِّنَ اَ۬لْعِلْمِ إِلَّا قَلِيلاٗۖ ﱔ
2120,17,86,15,290,الإسرَاء,Al-Isrā’,وَلَئِن شِئْنَا لَنَذْهَبَنَّ بِالذِےٓ أَوْحَيْنَآ إِلَيْكَ ثُمَّ لَا تَجِدُ لَكَ بِهِۦ عَلَيْنَا وَكِيلاً ﱕ
2121,17,87,15,291,الإسرَاء,Al-Isrā’,اِلَّا رَحْمَةٗ مِّن رَّبِّكَۖ إِنَّ فَضْلَهُۥ كَانَ عَلَيْكَ كَبِيراٗۖ ﱖ
2122,17,88,15,291,الإسرَاء,Al-Isrā’,قُل لَّئِنِ اِ۪جْتَمَعَتِ اِ۬لِانسُ وَالْجِنُّ عَلَىٰٓ أَنْ يَّاتُواْ بِمِثْلِ هَٰذَا اَ۬لْقُرْءَانِ لَا يَاتُونَ بِمِثْلِهِۦ وَلَوْ كَانَ بَعْضُهُمْ لِبَعْضٖ ظَهِيراٗۖ ﱗ
2123,17,89,15,291,الإسرَاء,Al-Isrā’,وَلَقَدْ صَرَّفْنَا لِلنَّاسِ فِے هَٰذَا اَ۬لْقُرْءَانِ مِن كُلِّ مَثَلٖ فَأَب۪ىٰٓ أَكْثَرُ اُ۬لنَّاسِ إِلَّا كُفُوراٗۖ ﱘ
2124,17,90,15,291,الإسرَاء,Al-Isrā’,وَقَالُواْ لَن نُّومِنَ لَكَ حَتَّىٰ تُفَجِّرَ لَنَا مِنَ اَ۬لَارْضِ يَنۢبُوعاً ﱙ
2125,17,91,15,291,الإسرَاء,Al-Isrā’,اَوْ تَكُونَ لَكَ جَنَّةٞ مِّن نَّخِيلٖ وَعِنَبٖ فَتُفَجِّرَ اَ۬لَانْهَٰرَ خِلَٰلَهَا تَفْجِيراً ﱚ
2126,17,92,15,291,الإسرَاء,Al-Isrā’,اَوْ تُسْقِطَ اَ۬لسَّمَآءَ كَمَا زَعَمْتَ عَلَيْنَا كِسَفاً اَوْ تَاتِيَ بِاللَّهِ وَالْمَلَٰٓئِكَةِ قَبِيلاً ﱛ
2127,17,93,15,291,الإسرَاء,Al-Isrā’,اَوْ يَكُونَ لَكَ بَيْتٞ مِّن زُخْرُفٍ اَوْ تَرْق۪ىٰ فِے اِ۬لسَّمَآءِ وَلَن نُّومِنَ لِرُقِيِّكَ حَتَّىٰ تُنَزِّلَ عَلَيْنَا كِتَٰباٗ نَّقْرَؤُهُۥۖ قُلْ سُبْحَٰنَ رَبِّے هَلْ كُنتُ إِلَّا بَشَراٗ رَّسُولاٗۖ ﱜ
2128,17,94,15,291,الإسرَاء,Al-Isrā’,وَمَا مَنَعَ اَ۬لنَّاسَ أَنْ يُّومِنُوٓاْ إِذْ جَآءَهُمُ اُ۬لْهُد۪ىٰٓ إِلَّآ أَن قَالُوٓاْ أَبَعَثَ اَ۬للَّهُ بَشَراٗ رَّسُولاٗۖ ﱝ
2129,17,95,15,291,الإسرَاء,Al-Isrā’,قُل لَّوْ كَانَ فِے اِ۬لَارْضِ مَلَٰٓئِكَةٞ يَمْشُونَ مُطْمَئِنِّينَ لَنَزَّلْنَا عَلَيْهِم مِّنَ اَ۬لسَّمَآءِ مَلَكاٗ رَّسُولاٗۖ ﱞ
2130,17,96,15,291,الإسرَاء,Al-Isrā’,قُلْ كَف۪ىٰ بِاللَّهِ شَهِيداَۢ بَيْنِے وَبَيْنَكُمُۥٓۖ إِنَّهُۥ كَانَ بِعِبَادِهِۦ خَبِيراَۢ بَصِيراٗۖ ﱟ
2131,17,97,15,292,الإسرَاء,Al-Isrā’,وَمَنْ يَّهْدِ اِ۬للَّهُ فَهُوَ اَ۬لْمُهْتَدِۦۖ وَمَنْ يُّضْلِلْ فَلَن تَجِدَ لَهُمُۥٓ أَوْلِيَآءَ مِن دُونِهِۦۖ وَنَحْشُرُهُمْ يَوْمَ اَ۬لْقِيَٰمَةِ عَلَىٰ وُجُوهِهِمْ عُمْياٗ وَبُكْماٗ وَصُمّاٗۖ مَّأْو۪يٰهُمْ جَهَنَّمُۖ كُلَّمَا خَبَتْ زِدْنَٰهُمْ سَعِيراٗۖ ﱠ
2132,17,98,15,292,الإسرَاء,Al-Isrā’,ذَٰلِكَ جَزَآؤُهُم بِأَنَّهُمْ كَفَرُواْ بِـَٔايَٰتِنَا وَقَالُوٓاْ أَ۟ذَا كُنَّا عِظَٰماٗ وَرُفَٰتاً اِنَّا لَمَبْعُوثُونَ خَلْقاٗ جَدِيداًۖ ﱡ
2133,17,99,15,292,الإسرَاء,Al-Isrā’,۞ اَوَلَمْ يَرَوَاْ اَنَّ اَ۬للَّهَ اَ۬لذِے خَلَقَ اَ۬لسَّمَٰوَٰتِ وَالَارْضَ قَادِرٌ عَلَىٰٓ أَنْ يَّخْلُقَ مِثْلَهُمْ وَجَعَلَ لَهُمُۥٓ أَجَلاٗ لَّا رَيْبَ فِيهِۖ فَأَبَى اَ۬لظَّٰلِمُونَ إِلَّا كُفُوراٗۖ ﱢ
2134,17,100,15,292,الإسرَاء,Al-Isrā’,قُل لَّوَ اَنتُمْ تَمْلِكُونَ خَزَآئِنَ رَحْمَةِ رَبِّيَ إِذاٗ لَّأَمْسَكْتُمْ خَشْيَةَ اَ۬لِانفَاقِۖ وَكَانَ اَ۬لِانسَٰنُ قَتُوراٗۖ ﱣ
2135,17,101,15,292,الإسرَاء,Al-Isrā’,وَلَقَدَ اٰتَيْنَا مُوس۪ىٰ تِسْعَ ءَايَٰتِۢ بَيِّنَٰتٖۖ فَسْـَٔلْ بَنِےٓ إِسْرَآءِيلَ إِذْ جَآءَهُمْ فَقَالَ لَهُۥ فِرْعَوْنُ إِنِّے لَأَظُنُّكَ يَٰمُوس۪ىٰ مَسْحُوراٗۖ ﱤ
2136,17,102,15,292,الإسرَاء,Al-Isrā’,قَالَ لَقَدْ عَلِمْتَ مَآ أَنزَلَ هَٰٓؤُلَآءِ الَّا رَبُّ اُ۬لسَّمَٰوَٰتِ وَالَارْضِ بَصَآئِرَۖ وَإِنِّے لَأَظُنُّكَ يَٰفِرْعَوْنُ مَثْبُوراٗۖ ﱥ
2137,17,103,15,292,الإسرَاء,Al-Isrā’,فَأَرَادَ أَنْ يَّسْتَفِزَّهُم مِّنَ اَ۬لَارْضِ فَأَغْرَقْنَٰهُ وَمَن مَّعَهُۥ جَمِيعاٗۖ ﱦ
2138,17,104,15,292,الإسرَاء,Al-Isrā’,وَقُلْنَا مِنۢ بَعْدِهِۦ لِبَنِےٓ إِسْرَآءِيلَ اَ۟سْكُنُواْ اُ۬لَارْضَۖ فَإِذَا جَآءَ وَعْدُ اُ۬لَاخِرَةِ جِئْنَا بِكُمْ لَفِيفاٗۖ ﱧ
2139,17,105,15,293,الإسرَاء,Al-Isrā’,وَبِالْحَقِّ أَنزَلْنَٰهُۖ وَبِالْحَقِّ نَزَلَۖ وَمَآ أَرْسَلْنَٰكَ إِلَّا مُبَشِّراٗ وَنَذِيراٗۖ ﱨ
2140,17,106,15,293,الإسرَاء,Al-Isrā’,وَقُرْءَاناٗ فَرَقْنَٰهُ لِتَقْرَأَهُۥ عَلَى اَ۬لنَّاسِ عَلَىٰ مُكْثٖۖ وَنَزَّلْنَٰهُ تَنزِيلاٗۖ ﱩ
2141,17,107,15,293,الإسرَاء,Al-Isrā’,قُلَ اٰمِنُواْ بِهِۦٓ أَوْ لَا تُومِنُوٓاْۖ إِنَّ اَ۬لذِينَ أُوتُواْ اُ۬لْعِلْمَ مِن قَبْلِهِۦٓ إِذَا يُتْل۪ىٰ عَلَيْهِمْ يَخِرُّونَ لِلَاذْقَانِ سُجَّداٗ وَيَقُولُونَ سُبْحَٰنَ رَبِّنَآ إِن كَانَ وَعْدُ رَبِّنَا لَمَفْعُولاٗۖ ﱪ
2142,17,108,15,293,الإسرَاء,Al-Isrā’,وَيَخِرُّونَ لِلَاذْقَانِ يَبْكُونَ وَيَزِيدُهُمْ خُشُوعاٗۖ۩ ﱫ
2143,17,109,15,293,الإسرَاء,Al-Isrā’,قُلُ اُ۟دْعُواْ اُ۬للَّهَ أَوُ اُ۟دْعُواْ اُ۬لرَّحْمَٰنَۖ أَيّاٗ مَّا تَدْعُواْ فَلَهُ اُ۬لَاسْمَآءُ اُ۬لْحُسْن۪ىٰۖ وَلَا تَجْهَرْ بِصَلَاتِكَ وَلَا تُخَافِتْ بِهَا وَابْتَغِ بَيْنَ ذَٰلِكَ سَبِيلاٗۖ ﱬ
2144,17,110,15,293,الإسرَاء,Al-Isrā’,وَقُلِ اِ۬لْحَمْدُ لِلهِ اِ۬لذِے لَمْ يَتَّخِذْ وَلَداٗ وَلَمْ يَكُن لَّهُۥ شَرِيكٞ فِے اِ۬لْمُلْكِ وَلَمْ يَكُن لَّهُۥ وَلِيّٞ مِّنَ اَ۬لذُّلِّۖ وَكَبِّرْهُ تَكْبِيراًۖ ﱭ
2145,18,1,15,293,الكَهف,Al-Kahf,اِ۬لْحَمْدُ لِلهِ اِ۬لذِےٓ أَنزَلَ عَلَىٰ عَبْدِهِ اِ۬لْكِتَٰبَ وَلَمْ يَجْعَل لَّهُۥ عِوَجاٗۖ ﰀ
2146,18,2,15,293,الكَهف,Al-Kahf,قَيِّماٗ لِّيُنذِرَ بَأْساٗ شَدِيداٗ مِّن لَّدُنْهُ وَيُبَشِّرَ اَ۬لْمُومِنِينَ اَ۬لذِينَ يَعْمَلُونَ اَ۬لصَّٰلِحَٰتِ أَنَّ لَهُمُۥٓ أَجْراً حَسَناٗ ﰁ
2147,18,3,15,293,الكَهف,Al-Kahf,مَّٰكِثِينَ فِيهِ أَبَداٗ ﰂ
2148,18,4,15,293,الكَهف,Al-Kahf,وَيُنذِرَ اَ۬لذِينَ قَالُواْ اُ۪تَّخَذَ اَ۬للَّهُ وَلَداٗۖ ﰃ
2149,18,5,15,294,الكَهف,Al-Kahf,مَّا لَهُم بِهِۦ مِنْ عِلْمٖ وَلَا لِأٓبَآئِهِمْۖ كَبُرَتْ كَلِمَةٗ تَخْرُجُ مِنَ اَفْوَٰهِهِمُۥٓۖ إِنْ يَّقُولُونَ إِلَّا كَذِباٗۖ ﰄ
2150,18,6,15,294,الكَهف,Al-Kahf,فَلَعَلَّكَ بَٰخِعٞ نَّفْسَكَ عَلَىٰٓ ءَاثٰ۪رِهِمُۥٓ إِن لَّمْ يُومِنُواْ بِهَٰذَا اَ۬لْحَدِيثِ أَسَفاًۖ ﰅ
2151,18,7,15,294,الكَهف,Al-Kahf,اِنَّا جَعَلْنَا مَا عَلَى اَ۬لَارْضِ زِينَةٗ لَّهَا لِنَبْلُوَهُمُۥٓ أَيُّهُمُۥٓ أَحْسَنُ عَمَلاٗۖ ﰆ
2152,18,8,15,294,الكَهف,Al-Kahf,وَإِنَّا لَجَٰعِلُونَ مَا عَلَيْهَا صَعِيداٗ جُرُزاًۖ ﰇ
2153,18,9,15,294,الكَهف,Al-Kahf,اَمْ حَسِبْتَ أَنَّ أَصْحَٰبَ اَ۬لْكَهْفِ وَالرَّقِيمِ كَانُواْ مِنَ اٰيَٰتِنَا عَجَباًۖ ﰈ
2154,18,10,15,294,الكَهف,Al-Kahf,اِذَ اَوَى اَ۬لْفِتْيَةُ إِلَى اَ۬لْكَهْفِ فَقَالُواْ رَبَّنَآ ءَاتِنَا مِن لَّدُنكَ رَحْمَةٗ وَهَيِّۓْ لَنَا مِنَ اَمْرِنَا رَشَداٗۖ ﰉ
2155,18,11,15,294,الكَهف,Al-Kahf,فَضَرَبْنَا عَلَىٰٓ ءَاذَانِهِمْ فِے اِ۬لْكَهْفِ سِنِينَ عَدَداٗ ﰊ
2156,18,12,15,294,الكَهف,Al-Kahf,ثُمَّ بَعَثْنَٰهُمْ لِنَعْلَمَ أَيُّ اُ۬لْحِزْبَيْنِ أَحْص۪ىٰ لِمَا لَبِثُوٓاْ أَمَداٗۖ ﰋ
2157,18,13,15,294,الكَهف,Al-Kahf,نَّحْنُ نَقُصُّ عَلَيْكَ نَبَأَهُم بِالْحَقِّۖ إِنَّهُمْ فِتْيَةٌ اٰمَنُواْ بِرَبِّهِمْ وَزِدْنَٰهُمْ هُدىٗۖ ﰌ
2158,18,14,15,294,الكَهف,Al-Kahf,وَرَبَطْنَا عَلَىٰ قُلُوبِهِمُۥٓ إِذْ قَامُواْ فَقَالُواْ رَبُّنَا رَبُّ اُ۬لسَّمَٰوَٰتِ وَالَارْضِ لَن نَّدْعُوَاْ مِن دُونِهِۦٓ إِلَٰهاٗ لَّقَدْ قُلْنَآ إِذاٗ شَطَطاًۖ ﰍ
2159,18,15,15,294,الكَهف,Al-Kahf,هَٰٓؤُلَآءِ قَوْمُنَا اَ۪تَّخَذُواْ مِن دُونِهِۦٓ ءَالِهَةٗ لَّوْلَا يَاتُونَ عَلَيْهِم بِسُلْطَٰنِۢ بَيِّنٖۖ فَمَنَ اَظْلَمُ مِمَّنِ اِ۪فْتَر۪ىٰ عَلَى اَ۬للَّهِ كَذِباٗۖ ﰎ
2160,18,16,15,295,الكَهف,Al-Kahf,وَإِذِ اِ۪عْتَزَلْتُمُوهُمْ وَمَا يَعْبُدُونَ إِلَّا اَ۬للَّهَ فَأْوُۥٓاْ إِلَى اَ۬لْكَهْفِ يَنشُرْ لَكُمْ رَبُّكُم مِّن رَّحْمَتِهِۦ وَيُهَيِّۓْ لَكُم مِّنَ اَمْرِكُم مَّرْفِقاٗۖ ﰏ
2161,18,17,15,295,الكَهف,Al-Kahf,۞ وَتَرَى اَ۬لشَّمْسَ إِذَا طَلَعَت تَّزَّٰوَرُ عَن كَهْفِهِمْ ذَاتَ اَ۬لْيَمِينِ وَإِذَا غَرَبَت تَّقْرِضُهُمْ ذَاتَ اَ۬لشِّمَالِ وَهُمْ فِے فَجْوَةٖ مِّنْهُۖ ذَٰلِكَ مِنَ اٰيَٰتِ اِ۬للَّهِۖ مَنْ يَّهْدِ اِ۬للَّهُ فَهُوَ اَ۬لْمُهْتَدِۦۖ وَمَنْ يُّضْلِلْ فَلَن تَجِدَ لَهُۥ وَلِيّاٗ مُّرْشِداٗۖ ﰐ
2162,18,18,15,295,الكَهف,Al-Kahf,وَتَحْسِبُهُمُۥٓ أَيْقَاظاٗ وَهُمْ رُقُودٞۖ وَنُقَلِّبُهُمْ ذَاتَ اَ۬لْيَمِينِ وَذَاتَ اَ۬لشِّمَالِ وَكَلْبُهُم بَٰسِطٞ ذِرَاعَيْهِ بِالْوَصِيدِۖ لَوِ اِ۪طَّلَعْتَ عَلَيْهِمْ لَوَلَّيْتَ مِنْهُمْ فِرَاراٗ وَلَمُلِّئْتَ مِنْهُمْ رُعْباٗۖ ﰑ
2163,18,19,15,295,الكَهف,Al-Kahf,وَكَذَٰلِكَ بَعَثْنَٰهُمْ لِيَتَسَآءَلُواْ بَيْنَهُمْۖ قَالَ قَآئِلٞ مِّنْهُمْ كَمْ لَبِثْتُمْۖ قَالُواْ لَبِثْنَا يَوْماً اَوْ بَعْضَ يَوْمٖۖ قَالُواْ رَبُّكُمُۥٓ أَعْلَمُ بِمَا لَبِثْتُمْ فَابْعَثُوٓاْ أَحَدَكُم بِوَرِقِكُمْ هَٰذِهِۦٓ إِلَى اَ۬لْمَدِينَةِ فَلْيَنظُرَ اَيُّهَآ أَزْك۪ىٰ طَعَاماٗ فَلْيَاتِكُم بِرِزْقٖ مِّنْهُ وَلْيَتَلَطَّفْۖ وَلَا يُشْعِرَنَّ بِكُمُۥٓ أَحَداًۖ ﰒ
2164,18,20,15,295,الكَهف,Al-Kahf,اِنَّهُمُۥٓ إِنْ يَّظْهَرُواْ عَلَيْكُمْ يَرْجُمُوكُمُۥٓ أَوْ يُعِيدُوكُمْ فِے مِلَّتِهِمْ وَلَن تُفْلِحُوٓاْ إِذاً اَبَداٗۖ ﰓ
2165,18,21,15,296,الكَهف,Al-Kahf,وَكَذَٰلِكَ أَعْثَرْنَا عَلَيْهِمْ لِيَعْلَمُوٓاْ أَنَّ وَعْدَ اَ۬للَّهِ حَقّٞ وَأَنَّ اَ۬لسَّاعَةَ لَا رَيْبَ فِيهَآۖ إِذْ يَتَنَٰزَعُونَ بَيْنَهُمُۥٓ أَمْرَهُمْ فَقَالُواْ اُ۪بْنُواْ عَلَيْهِم بُنْيَٰناٗۖ رَّبُّهُمُۥٓ أَعْلَمُ بِهِمْۖ قَالَ اَ۬لذِينَ غَلَبُواْ عَلَىٰٓ أَمْرِهِمْ لَنَتَّخِذَنَّ عَلَيْهِم مَّسْجِداٗۖ ﰔ
2166,18,22,15,296,الكَهف,Al-Kahf,سَيَقُولُونَ ثَلَٰثَةٞ رَّابِعُهُمْ كَلْبُهُمْۖ وَيَقُولُونَ خَمْسَةٞ سَادِسُهُمْ كَلْبُهُمْ رَجْماَۢ بِالْغَيْبِۖ وَيَقُولُونَ سَبْعَةٞۖ وَثَامِنُهُمْ كَلْبُهُمْۖ قُل رَّبِّيَ أَعْلَمُ بِعِدَّتِهِمۖ مَّا يَعْلَمُهُمُۥٓ إِلَّا قَلِيلٞۖ ﰕ
2167,18,23,15,296,الكَهف,Al-Kahf,۞ فَلَا تُمَارِ فِيهِمُۥٓ إِلَّا مِرَآءٗ ظَٰهِراٗ وَلَا تَسْتَفْتِ فِيهِم مِّنْهُمُۥٓ أَحَداٗۖ ﰖ
2168,18,24,15,296,الكَهف,Al-Kahf,وَلَا تَقُولَنَّ لِشَاْےْءٍ اِنِّے فَاعِلٞ ذَٰلِكَ غَداً اِلَّآ أَنْ يَّشَآءَ اَ۬للَّهُۖ وَاذْكُر رَّبَّكَ إِذَا نَسِيتَۖ وَقُلْ عَس۪ىٰٓ أَنْ يَّهْدِيَنِۦ رَبِّے لِأَقْرَبَ مِنْ هَٰذَا رَشَداٗۖ ﰗ
2169,18,25,15,296,الكَهف,Al-Kahf,وَلَبِثُواْ فِے كَهْفِهِمْ ثَلَٰثَ مِاْئَةٖ سِنِينَ وَازْدَادُواْ تِسْعاٗۖ ﰘ
2170,18,26,15,296,الكَهف,Al-Kahf,قُلِ اِ۬للَّهُ أَعْلَمُ بِمَا لَبِثُواْۖ لَهُۥ غَيْبُ اُ۬لسَّمَٰوَٰتِ وَالَارْضِۖ أَبْصِرْ بِهِۦ وَأَسْمِعْۖ مَا لَهُم مِّن دُونِهِۦ مِنْ وَّلِيّٖۖ وَلَا يُشْرِكُ فِے حُكْمِهِۦٓ أَحَداٗۖ ﰙ
2171,18,27,15,296,الكَهف,Al-Kahf,وَاتْلُ مَآ أُوحِيَ إِلَيْكَ مِن كِتَابِ رَبِّكَ لَا مُبَدِّلَ لِكَلِمَٰتِهِۦۖ وَلَن تَجِدَ مِن دُونِهِۦ مُلْتَحَداٗۖ ﰚ
2172,18,28,15,297,الكَهف,Al-Kahf,وَاصْبِرْ نَفْسَكَ مَعَ اَ۬لذِينَ يَدْعُونَ رَبَّهُم بِالْغَدَوٰةِ وَالْعَشِيِّ يُرِيدُونَ وَجْهَهُۥۖ وَلَا تَعْدُ عَيْنَٰكَ عَنْهُمْ تُرِيدُ زِينَةَ اَ۬لْحَيَوٰةِ اِ۬لدُّنْي۪اۖ وَلَا تُطِعْ مَنَ اَغْفَلْنَا قَلْبَهُۥ عَن ذِكْرِنَا وَاتَّبَعَ هَو۪يٰهُ وَكَانَ أَمْرُهُۥ فُرُطاٗۖ ﰛ
2173,18,29,15,297,الكَهف,Al-Kahf,وَقُلِ اِ۬لْحَقُّ مِن رَّبِّكُمْ فَمَن شَآءَ فَلْيُومِنْ وَّمَن شَآءَ فَلْيَكْفُرِۖ اِنَّآ أَعْتَدْنَا لِلظَّٰلِمِينَ نَاراً اَحَاطَ بِهِمْ سُرَادِقُهَاۖ وَإِنْ يَّسْتَغِيثُواْ يُغَاثُواْ بِمَآءٖ كَالْمُهْلِ يَشْوِے اِ۬لْوُجُوهَۖ بِيسَ اَ۬لشَّرَابُۖ وَسَآءَتْ مُرْتَفَقاًۖ ﰜ
2174,18,30,15,297,الكَهف,Al-Kahf,۞ اِنَّ اَ۬لذِينَ ءَامَنُواْ وَعَمِلُواْ اُ۬لصَّٰلِحَٰتِ إِنَّا لَا نُضِيعُ أَجْرَ مَنَ اَحْسَنَ عَمَلاًۖ ﰝ
2175,18,31,15,297,الكَهف,Al-Kahf,ا۟وْلَٰٓئِكَ لَهُمْ جَنَّٰتُ عَدْنٖ تَجْرِے مِن تَحْتِهِمُ اُ۬لَانْهَٰرُ يُحَلَّوْنَ فِيهَا مِنَ اَسَاوِرَ مِن ذَهَبٖ وَيَلْبَسُونَ ثِيَاباً خُضْراٗ مِّن سُندُسٖ وَإِسْتَبْرَقٖ مُّتَّكِـِٕينَ فِيهَا عَلَى اَ۬لَارَآئِكِۖ نِعْمَ اَ۬لثَّوَابُۖ وَحَسُنَتْ مُرْتَفَقاٗۖ ﰞ
2176,18,32,15,297,الكَهف,Al-Kahf,وَاضْرِبْ لَهُم مَّثَلاٗ رَّجُلَيْنِ جَعَلْنَا لِأَحَدِهِمَا جَنَّتَيْنِ مِنَ اَعْنَٰبٖ وَحَفَفْنَٰهُمَا بِنَخْلٖ وَجَعَلْنَا بَيْنَهُمَا زَرْعاٗۖ ﰟ
2177,18,33,15,297,الكَهف,Al-Kahf,كِلْتَا اَ۬لْجَنَّتَيْنِ ءَاتَتُ ا۟كْلَهَا وَلَمْ تَظْلِم مِّنْهُ شَئْاٗۖ وَفَجَّرْنَا خِلَٰلَهُمَا نَهَراٗ ﰠ
2178,18,34,15,297,الكَهف,Al-Kahf,وَكَانَ لَهُۥ ثُمُرٞۖ فَقَالَ لِصَٰحِبِهِۦ وَهُوَ يُحَاوِرُهُۥٓ أَنَآ أَكْثَرُ مِنكَ مَالاٗ وَأَعَزُّ نَفَراٗۖ ﰡ
2179,18,35,15,298,الكَهف,Al-Kahf,وَدَخَلَ جَنَّتَهُۥ وَهُوَ ظَالِمٞ لِّنَفْسِهِۦۖ قَالَ مَآ أَظُنُّ أَن تَبِيدَ هَٰذِهِۦٓ أَبَداٗ وَمَآ أَظُنُّ اُ۬لسَّاعَةَ قَآئِمَةٗ وَلَئِن رُّدِدتُّ إِلَىٰ رَبِّے لَأَجِدَنَّ خَيْراٗ مِّنْهُمَا مُنقَلَباٗۖ ﰢ
2180,18,36,15,298,الكَهف,Al-Kahf,قَالَ لَهُۥ صَٰحِبُهُۥ وَهُوَ يُحَاوِرُهُۥٓ أَكَفَرْتَ بِالذِے خَلَقَكَ مِن تُرَابٖ ثُمَّ مِن نُّطْفَةٖ ثُمَّ سَوّ۪يٰكَ رَجُلاٗۖ ﰣ
2181,18,37,15,298,الكَهف,Al-Kahf,لَّٰكِنَّا هُوَ اَ۬للَّهُ رَبِّے وَلَآ أُشْرِكُ بِرَبِّيَ أَحَداٗۖ ﰤ
2182,18,38,15,298,الكَهف,Al-Kahf,وَلَوْلَآ إِذْ دَخَلْتَ جَنَّتَكَ قُلْتَ مَا شَآءَ اَ۬للَّهُ لَا قُوَّةَ إِلَّا بِاللَّهِۖ إِن تَرَنِ أَنَآ أَقَلَّ مِنكَ مَالاٗ وَوَلَداٗ ﰥ
2183,18,39,15,298,الكَهف,Al-Kahf,فَعَس۪ىٰ رَبِّيَ أَنْ يُّوتِيَنِۦ خَيْراٗ مِّن جَنَّتِكَ وَيُرْسِلَ عَلَيْهَا حُسْبَٰناٗ مِّنَ اَ۬لسَّمَآءِ فَتُصْبِحَ صَعِيداٗ زَلَقاً ﰦ
2184,18,40,15,298,الكَهف,Al-Kahf,اَوْ يُصْبِحَ مَآؤُهَا غَوْراٗ فَلَن تَسْتَطِيعَ لَهُۥ طَلَباٗۖ ﰧ
2185,18,41,15,298,الكَهف,Al-Kahf,۞ وَأُحِيطَ بِثُمُرِهِۦ فَأَصْبَحَ يُقَلِّبُ كَفَّيْهِ عَلَىٰ مَآ أَنفَقَ فِيهَا وَهِيَ خَاوِيَةٌ عَلَىٰ عُرُوشِهَا وَيَقُولُ يَٰلَيْتَنِے لَمُ ا۟شْرِكْ بِرَبِّيَ أَحَداٗۖ ﰨ
2186,18,42,15,298,الكَهف,Al-Kahf,وَلَمْ تَكُن لَّهُۥ فِئَةٞ يَنصُرُونَهُۥ مِن دُونِ اِ۬للَّهِۖ وَمَا كَانَ مُنتَصِراًۖ ﰩ
2187,18,43,15,298,الكَهف,Al-Kahf,هُنَالِكَ اَ۬لْوَلَٰيَةُ لِلهِ اِ۬لْحَقِّۖ هُوَ خَيْرٞ ثَوَاباٗ وَخَيْرٌ عُقُباٗۖ ﰪ
2188,18,44,15,298,الكَهف,Al-Kahf,وَاضْرِبْ لَهُم مَّثَلَ اَ۬لْحَيَوٰةِ اِ۬لدُّنْي۪ا كَمَآءٍ اَنزَلْنَٰهُ مِنَ اَ۬لسَّمَآءِ فَاخْتَلَطَ بِهِۦ نَبَاتُ اُ۬لَارْضِ فَأَصْبَحَ هَشِيماٗ تَذْرُوهُ اُ۬لرِّيَٰحُۖ وَكَانَ اَ۬للَّهُ عَلَىٰ كُلِّ شَےْءٖ مُّقْتَدِراًۖ ﰫ
2189,18,45,15,299,الكَهف,Al-Kahf,اِ۬لْمَالُ وَالْبَنُونَ زِينَةُ اُ۬لْحَيَوٰةِ اِ۬لدُّنْي۪اۖ وَالْبَٰقِيَٰتُ اُ۬لصَّٰلِحَٰتُ خَيْرٌ عِندَ رَبِّكَ ثَوَاباٗ وَخَيْرٌ اَمَلاٗۖ ﰬ
2190,18,46,15,299,الكَهف,Al-Kahf,وَيَوْمَ نُسَيِّرُ اُ۬لْجِبَالَ وَتَرَى اَ۬لَارْضَ بَارِزَةٗ وَحَشَرْنَٰهُمْ فَلَمْ نُغَادِرْ مِنْهُمُۥٓ أَحَداٗۖ ﰭ
2191,18,47,15,299,الكَهف,Al-Kahf,وَعُرِضُواْ عَلَىٰ رَبِّكَ صَفّاٗۖ لَّقَدْ جِئْتُمُونَا كَمَا خَلَقْنَٰكُمُۥٓ أَوَّلَ مَرَّةِۢۖ بَلْ زَعَمْتُمُۥٓ أَلَّن نَّجْعَلَ لَكُم مَّوْعِداٗۖ ﰮ
2192,18,48,15,299,الكَهف,Al-Kahf,وَوُضِعَ اَ۬لْكِتَٰبُ فَتَرَى اَ۬لْمُجْرِمِينَ مُشْفِقِينَ مِمَّا فِيهِۖ وَيَقُولُونَ يَٰوَيْلَتَنَا مَالِ هَٰذَا اَ۬لْكِتَٰبِ لَا يُغَادِرُ صَغِيرَةٗ وَلَا كَبِيرَةً اِلَّآ أَحْص۪يٰهَاۖ وَوَجَدُواْ مَا عَمِلُواْ حَاضِراٗۖ وَلَا يَظْلِمُ رَبُّكَ أَحَداٗۖ ﰯ
2193,18,49,15,299,الكَهف,Al-Kahf,۞ وَإِذْ قُلْنَا لِلْمَلَٰٓئِكَةِ اِ۟سْجُدُواْ لِأٓدَمَ فَسَجَدُوٓاْۖ إِلَّآ إِبْلِيسَ كَانَ مِنَ اَ۬لْجِنِّ فَفَسَقَ عَنَ اَمْرِ رَبِّهِۦٓۖ أَفَتَتَّخِذُونَهُۥ وَذُرِّيَّتَهُۥٓ أَوْلِيَآءَ مِن دُونِے وَهُمْ لَكُمْ عَدُوُّۢۖ بِيسَ لِلظَّٰلِمِينَ بَدَلاٗۖ ﰰ
2194,18,50,15,299,الكَهف,Al-Kahf,مَّآ أَشْهَدتُّهُمْ خَلْقَ اَ۬لسَّمَٰوَٰتِ وَالَارْضِ وَلَا خَلْقَ أَنفُسِهِمْ وَمَا كُنتُ مُتَّخِذَ اَ۬لْمُضِلِّينَ عَضُداٗۖ ﰱ
2195,18,51,15,299,الكَهف,Al-Kahf,وَيَوْمَ يَقُولُ نَادُواْ شُرَكَآءِيَ اَ۬لذِينَ زَعَمْتُمْ فَدَعَوْهُمْ فَلَمْ يَسْتَجِيبُواْ لَهُمْ وَجَعَلْنَا بَيْنَهُم مَّوْبِقاٗۖ ﰲ
2196,18,52,15,299,الكَهف,Al-Kahf,وَرَءَا اَ۬لْمُجْرِمُونَ اَ۬لنَّارَ فَظَنُّوٓاْ أَنَّهُم مُّوَاقِعُوهَا وَلَمْ يَجِدُواْ عَنْهَا مَصْرِفاٗۖ ﰳ
2197,18,53,15,300,الكَهف,Al-Kahf,وَلَقَدْ صَرَّفْنَا فِے هَٰذَا اَ۬لْقُرْءَانِ لِلنَّاسِ مِن كُلِّ مَثَلٖۖ وَكَانَ اَ۬لِانسَٰنُ أَكْثَرَ شَےْءٖ جَدَلاٗۖ ﰴ
2198,18,54,15,300,الكَهف,Al-Kahf,وَمَا مَنَعَ اَ۬لنَّاسَ أَنْ يُّومِنُوٓاْ إِذْ جَآءَهُمُ اُ۬لْهُد۪ىٰ وَيَسْتَغْفِرُواْ رَبَّهُمُۥٓ إِلَّآ أَن تَاتِيَهُمْ سُنَّةُ اُ۬لَاوَّلِينَ أَوْ يَاتِيَهُمُ اُ۬لْعَذَابُ قِبَلاٗۖ ﰵ
2199,18,55,15,300,الكَهف,Al-Kahf,وَمَا نُرْسِلُ اُ۬لْمُرْسَلِينَ إِلَّا مُبَشِّرِينَ وَمُنذِرِينَۖ وَيُجَٰدِلُ اُ۬لذِينَ كَفَرُواْ بِالْبَٰطِلِ لِيُدْحِضُواْ بِهِ اِ۬لْحَقَّۖ وَاتَّخَذُوٓاْ ءَايَٰتِے وَمَآ أُنذِرُواْ هُزُؤاٗۖ ﰶ
2200,18,56,15,300,الكَهف,Al-Kahf,وَمَنَ اَظْلَمُ مِمَّن ذُكِّرَ بِـَٔايَٰتِ رَبِّهِۦ فَأَعْرَضَ عَنْهَا وَنَسِيَ مَا قَدَّمَتْ يَدَٰهُۖ إِنَّا جَعَلْنَا عَلَىٰ قُلُوبِهِمُۥٓ أَكِنَّةً اَنْ يَّفْقَهُوهُ وَفِےٓ ءَاذَانِهِمْ وَقْراٗۖ وَإِن تَدْعُهُمُۥٓ إِلَى اَ۬لْهُد۪ىٰ فَلَنْ يَّهْتَدُوٓاْ إِذاً اَبَداٗۖ ﰷ
2201,18,57,15,300,الكَهف,Al-Kahf,وَرَبُّكَ اَ۬لْغَفُورُ ذُو اُ۬لرَّحْمَةِۖ لَوْ يُوَ۬اخِذُهُم بِمَا كَسَبُواْ لَعَجَّلَ لَهُمُ اُ۬لْعَذَابَۖ بَل لَّهُم مَّوْعِدٞ لَّنْ يَّجِدُواْ مِن دُونِهِۦ مَوْئِلاٗۖ ﰸ
2202,18,58,15,300,الكَهف,Al-Kahf,۞ وَتِلْكَ اَ۬لْقُر۪ىٰٓ أَهْلَكْنَٰهُمْ لَمَّا ظَلَمُواْ وَجَعَلْنَا لِمُهْلَكِهِم مَّوْعِداٗۖ ﰹ
2203,18,59,15,300,الكَهف,Al-Kahf,وَإِذْ قَالَ مُوس۪ىٰ لِفَت۪يٰهُ لَآ أَبْرَحُ حَتَّىٰٓ أَبْلُغَ مَجْمَعَ اَ۬لْبَحْرَيْنِ أَوَ اَمْضِيَ حُقُباٗۖ ﰺ
2204,18,60,15,300,الكَهف,Al-Kahf,فَلَمَّا بَلَغَا مَجْمَعَ بَيْنِهِمَا نَسِيَا حُوتَهُمَا فَاتَّخَذَ سَبِيلَهُۥ فِے اِ۬لْبَحْرِ سَرَباٗۖ ﰻ
2205,18,61,15,301,الكَهف,Al-Kahf,فَلَمَّا جَاوَزَا قَالَ لِفَت۪يٰهُ ءَاتِنَا غَدَآءَنَا لَقَدْ لَقِينَا مِن سَفَرِنَا هَٰذَا نَصَباٗۖ ﰼ
2206,18,62,15,301,الكَهف,Al-Kahf,قَالَ أَرَٰٓيْتَ إِذَ اَوَيْنَآ إِلَى اَ۬لصَّخْرَةِ فَإِنِّے نَسِيتُ اُ۬لْحُوتَۖ وَمَآ أَنس۪يٰنِيهِ إِلَّا اَ۬لشَّيْطَٰنُ أَنَ اَذْكُرَهُۥۖ وَاتَّخَذَ سَبِيلَهُۥ فِے اِ۬لْبَحْرِۖ عَجَباٗۖ ﰽ
2207,18,63,15,301,الكَهف,Al-Kahf,قَالَ ذَٰلِكَ مَا كُنَّا نَبْغِۦۖ فَارْتَدَّا عَلَىٰٓ ءَاث۪ارِهِمَا قَصَصاٗ ﰾ
2208,18,64,15,301,الكَهف,Al-Kahf,فَوَجَدَا عَبْداٗ مِّنْ عِبَادِنَآ ءَاتَيْنَٰهُ رَحْمَةٗ مِّنْ عِندِنَا وَعَلَّمْنَٰهُ مِن لَّدُنَّا عِلْماٗۖ ﰿ
2209,18,65,15,301,الكَهف,Al-Kahf,قَالَ لَهُۥ مُوس۪ىٰ هَلَ اَتَّبِعُكَ عَلَىٰٓ أَن تُعَلِّمَنِۦ مِمَّا عُلِّمْتَ رُشْداٗۖ ﱀ
2210,18,66,15,301,الكَهف,Al-Kahf,قَالَ إِنَّكَ لَن تَسْتَطِيعَ مَعِے صَبْراٗۖ ﱁ
2211,18,67,15,301,الكَهف,Al-Kahf,وَكَيْفَ تَصْبِرُ عَلَىٰ مَا لَمْ تُحِطْ بِهِۦ خُبْراٗۖ ﱂ
2212,18,68,15,301,الكَهف,Al-Kahf,قَالَ سَتَجِدُنِيَ إِن شَآءَ اَ۬للَّهُ صَابِراٗۖ وَلَآ أَعْصِے لَكَ أَمْراٗۖ ﱃ
2213,18,69,15,301,الكَهف,Al-Kahf,قَالَ فَإِنِ اِ۪تَّبَعْتَنِے فَلَا تَسْـَٔلَنِّے عَن شَےْءٍ حَتَّىٰٓ أُحْدِثَ لَكَ مِنْهُ ذِكْراٗۖ ﱄ
2214,18,70,15,301,الكَهف,Al-Kahf,فَانطَلَقَا حَتَّىٰٓ إِذَا رَكِبَا فِے اِ۬لسَّفِينَةِ خَرَقَهَاۖ قَالَ أَخَرَقْتَهَا لِتُغْرِقَ أَهْلَهَا لَقَدْ جِئْتَ شَئْاً اِمْراٗۖ ﱅ
2215,18,71,15,301,الكَهف,Al-Kahf,قَالَ أَلَمَ اَقُلِ اِنَّكَ لَن تَسْتَطِيعَ مَعِے صَبْراٗۖ ﱆ
2216,18,72,15,301,الكَهف,Al-Kahf,قَالَ لَا تُوَ۬اخِذْنِے بِمَا نَسِيتُ وَلَا تُرْهِقْنِے مِنَ اَمْرِے عُسْراٗۖ ﱇ
2217,18,73,15,301,الكَهف,Al-Kahf,فَانطَلَقَا حَتَّىٰٓ إِذَا لَقِيَا غُلَٰماٗ فَقَتَلَهُۥ قَالَ أَقَتَلْتَ نَفْساٗ زَٰكِيَةَۢ بِغَيْرِ نَفْسٖ لَّقَدْ جِئْتَ شَئْاٗ نُّكُراٗۖ ﱈ
2218,18,74,16,302,الكَهف,Al-Kahf,۞ قَالَ أَلَمَ اَقُل لَّكَ إِنَّكَ لَن تَسْتَطِيعَ مَعِے صَبْراٗۖ ﱉ
2219,18,75,16,302,الكَهف,Al-Kahf,قَالَ إِن سَأَلْتُكَ عَن شَےْءِۢ بَعْدَهَا فَلَا تُصَٰحِبْنِے قَدْ بَلَغْتَ مِن لَّدُنِے عُذْراٗۖ ﱊ
2220,18,76,16,302,الكَهف,Al-Kahf,فَانطَلَقَا حَتَّىٰٓ إِذَآ أَتَيَآ أَهْلَ قَرْيَةٍ اِ۪سْتَطْعَمَآ أَهْلَهَا فَأَبَوَاْ اَنْ يُّضَيِّفُوهُمَا فَوَجَدَا فِيهَا جِدَاراٗ يُرِيدُ أَنْ يَّنقَضَّ فَأَقَامَهُۥۖ قَالَ لَوْ شِئْتَ لَتَّخَذتَّ عَلَيْهِ أَجْراٗۖ ﱋ
2221,18,77,16,302,الكَهف,Al-Kahf,قَالَ هَٰذَا فِرَاقُ بَيْنِے وَبَيْنِكَۖ سَأُنَبِّئُكَ بِتَاوِيلِ مَا لَمْ تَسْتَطِع عَّلَيْهِ صَبْراًۖ ﱌ
2222,18,78,16,302,الكَهف,Al-Kahf,اَمَّا اَ۬لسَّفِينَةُ فَكَانَتْ لِمَسَٰكِينَ يَعْمَلُونَ فِے اِ۬لْبَحْرِ فَأَرَدتُّ أَنَ اَعِيبَهَا وَكَانَ وَرَآءَهُم مَّلِكٞ يَاخُذُ كُلَّ سَفِينَةٍ غَصْباٗۖ ﱍ
2223,18,79,16,302,الكَهف,Al-Kahf,وَأَمَّا اَ۬لْغُلَٰمُ فَكَانَ أَبَوَٰهُ مُومِنَيْنِ فَخَشِينَآ أَنْ يُّرْهِقَهُمَا طُغْيَٰناٗ وَكُفْراٗۖ ﱎ
2224,18,80,16,302,الكَهف,Al-Kahf,فَأَرَدْنَآ أَنْ يُّبَدِّلَهُمَا رَبُّهُمَا خَيْراٗ مِّنْهُ زَكَوٰةٗ وَأَقْرَبَ رُحْماٗۖ ﱏ
2225,18,81,16,302,الكَهف,Al-Kahf,وَأَمَّا اَ۬لْجِدَارُ فَكَانَ لِغُلَٰمَيْنِ يَتِيمَيْنِ فِے اِ۬لْمَدِينَةِ وَكَانَ تَحْتَهُۥ كَنزٞ لَّهُمَاۖ وَكَانَ أَبُوهُمَا صَٰلِحاٗ فَأَرَادَ رَبُّكَ أَنْ يَّبْلُغَآ أَشُدَّهُمَا وَيَسْتَخْرِجَا كَنزَهُمَا رَحْمَةٗ مِّن رَّبِّكَۖ وَمَا فَعَلْتُهُۥ عَنَ اَمْرِےۖ ذَٰلِكَ تَاوِيلُ مَا لَمْ تَسْطِع عَّلَيْهِ صَبْراٗۖ ﱐ
2226,18,82,16,302,الكَهف,Al-Kahf,وَيَسْـَٔلُونَكَ عَن ذِے اِ۬لْقَرْنَيْنِۖ قُلْ سَأَتْلُواْ عَلَيْكُم مِّنْهُ ذِكْراًۖ ﱑ
2227,18,83,16,303,الكَهف,Al-Kahf,اِنَّا مَكَّنَّا لَهُۥ فِے اِ۬لَارْضِ وَءَاتَيْنَٰهُ مِن كُلِّ شَےْءٖ سَبَباٗ ﱒ
2228,18,84,16,303,الكَهف,Al-Kahf,فَاتَّبَعَ سَبَباً حَتَّىٰٓ إِذَا بَلَغَ مَغْرِبَ اَ۬لشَّمْسِ وَجَدَهَا تَغْرُبُ فِے عَيْنٍ حَمِئَةٖ وَوَجَدَ عِندَهَا قَوْماٗۖ قُلْنَا يَٰذَا اَ۬لْقَرْنَيْنِ إِمَّآ أَن تُعَذِّبَ وَإِمَّآ أَن تَتَّخِذَ فِيهِمْ حُسْناٗۖ ﱓ
2229,18,85,16,303,الكَهف,Al-Kahf,۞ قَالَ أَمَّا مَن ظَلَمَ فَسَوْفَ نُعَذِّبُهُۥ ثُمَّ يُرَدُّ إِلَىٰ رَبِّهِۦ فَيُعَذِّبُهُۥ عَذَاباٗ نُّكُراٗۖ ﱔ
2230,18,86,16,303,الكَهف,Al-Kahf,وَأَمَّا مَنَ اٰمَنَ وَعَمِلَ صَٰلِحاٗ فَلَهُۥ جَزَآءُ اُ۬لْحُسْن۪ىٰۖ وَسَنَقُولُ لَهُۥ مِنَ اَمْرِنَا يُسْراٗۖ ﱕ
2231,18,87,16,303,الكَهف,Al-Kahf,ثُمَّ اَ۪تَّبَعَ سَبَباً حَتَّىٰٓ إِذَا بَلَغَ مَطْلِعَ اَ۬لشَّمْسِ وَجَدَهَا تَطْلُعُ عَلَىٰ قَوْمٖ لَّمْ نَجْعَل لَّهُم مِّن دُونِهَا سِتْراٗ ﱖ
2232,18,88,16,303,الكَهف,Al-Kahf,كَذَٰلِكَۖ وَقَدَ اَحَطْنَا بِمَا لَدَيْهِ خُبْراٗۖ ﱗ
2233,18,89,16,303,الكَهف,Al-Kahf,ثُمَّ اَ۪تَّبَعَ سَبَباً حَتَّىٰٓ إِذَا بَلَغَ بَيْنَ اَ۬لسُّدَّيْنِ وَجَدَ مِن دُونِهِمَا قَوْماٗ لَّا يَكَادُونَ يَفْقَهُونَ قَوْلاٗۖ ﱘ
2234,18,90,16,303,الكَهف,Al-Kahf,قَالُواْ يَٰذَا اَ۬لْقَرْنَيْنِ إِنَّ يَاجُوجَ وَمَاجُوجَ مُفْسِدُونَ فِے اِ۬لَارْضِ فَهَلْ نَجْعَلُ لَكَ خَرْجاً عَلَىٰٓ أَن تَجْعَلَ بَيْنَنَا وَبَيْنَهُمْ سُدّاٗۖ ﱙ
2235,18,91,16,303,الكَهف,Al-Kahf,قَالَ مَا مَكَّنِّے فِيهِ رَبِّے خَيْرٞۖ فَأَعِينُونِے بِقُوَّةٍ اَجْعَلْ بَيْنَكُمْ وَبَيْنَهُمْ رَدْماًۖ ﱚ
2236,18,92,16,303,الكَهف,Al-Kahf,اٰتُونِے زُبَرَ اَ۬لْحَدِيدِۖ حَتَّىٰٓ إِذَا سَاو۪ىٰ بَيْنَ اَ۬لصَّدَفَيْنِ قَالَ اَ۟نفُخُواْۖ حَتَّىٰٓ إِذَا جَعَلَهُۥ نَاراٗ قَالَ ءَاتُونِےٓ أُفْرِغْ عَلَيْهِ قِطْراٗۖ ﱛ
2237,18,93,16,303,الكَهف,Al-Kahf,فَمَا اَ۪سْطَٰعُوٓاْ أَنْ يَّظْهَرُوهُ وَمَا اَ۪سْتَطَٰعُواْ لَهُۥ نَقْباٗۖ ﱜ
2238,18,94,16,304,الكَهف,Al-Kahf,قَالَ هَٰذَا رَحْمَةٞ مِّن رَّبِّےۖ فَإِذَا جَآءَ وَعْدُ رَبِّے جَعَلَهُۥ دَكّاٗ وَكَانَ وَعْدُ رَبِّے حَقّاٗۖ ﱝ
2239,18,95,16,304,الكَهف,Al-Kahf,وَتَرَكْنَا بَعْضَهُمْ يَوْمَئِذٖ يَمُوجُ فِے بَعْضٖۖ وَنُفِخَ فِے اِ۬لصُّورِ فَجَمَعْنَٰهُمْ جَمْعاٗۖ ﱞ
2240,18,96,16,304,الكَهف,Al-Kahf,وَعَرَضْنَا جَهَنَّمَ يَوْمَئِذٖ لِّلْكٰ۪فِرِينَ عَرْضاً ﱟ
2241,18,97,16,304,الكَهف,Al-Kahf,اِ۬لذِينَ كَانَتَ اَعْيُنُهُمْ فِے غِطَآءٍ عَن ذِكْرِے وَكَانُواْ لَا يَسْتَطِيعُونَ سَمْعاًۖ ﱠ
2242,18,98,16,304,الكَهف,Al-Kahf,۞ اَفَحَسِبَ اَ۬لذِينَ كَفَرُوٓاْ أَنْ يَّتَّخِذُواْ عِبَادِے مِن دُونِيَ أَوْلِيَآءَۖ ا۪نَّآ أَعْتَدْنَا جَهَنَّمَ لِلْكٰ۪فِرِينَ نُزُلاٗۖ ﱡ
2243,18,99,16,304,الكَهف,Al-Kahf,قُلْ هَلْ نُنَبِّئُكُم بِالَاخْسَرِينَ أَعْمَٰلاً اِ۬لذِينَ ضَلَّ سَعْيُهُمْ فِے اِ۬لْحَيَوٰةِ اِ۬لدُّنْي۪ا وَهُمْ يَحْسِبُونَ أَنَّهُمْ يُحْسِنُونَ صُنْعاًۖ ﱢ
2244,18,100,16,304,الكَهف,Al-Kahf,ا۟وْلَٰٓئِكَ اَ۬لذِينَ كَفَرُواْ بِـَٔايَٰتِ رَبِّهِمْ وَلِقَآئِهِۦ فَحَبِطَتَ اَعْمَٰلُهُمْ فَلَا نُقِيمُ لَهُمْ يَوْمَ اَ۬لْقِيَٰمَةِ وَزْناٗۖ ﱣ
2245,18,101,16,304,الكَهف,Al-Kahf,ذَٰلِكَ جَزَآؤُهُمْ جَهَنَّمُ بِمَا كَفَرُواْ وَاتَّخَذُوٓاْ ءَايَٰتِے وَرُسُلِے هُزُؤاًۖ ﱤ
2246,18,102,16,304,الكَهف,Al-Kahf,اِنَّ اَ۬لذِينَ ءَامَنُواْ وَعَمِلُواْ اُ۬لصَّٰلِحَٰتِ كَانَتْ لَهُمْ جَنَّٰتُ اُ۬لْفِرْدَوْسِ نُزُلاً ﱥ
2247,18,103,16,304,الكَهف,Al-Kahf,خَٰلِدِينَ فِيهَا لَا يَبْغُونَ عَنْهَا حِوَلاٗۖ ﱦ
2248,18,104,16,304,الكَهف,Al-Kahf,قُل لَّوْ كَانَ اَ۬لْبَحْرُ مِدَاداٗ لِّكَلِمَٰتِ رَبِّے لَنَفِدَ اَ۬لْبَحْرُ قَبْلَ أَن تَنفَدَ كَلِمَٰتُ رَبِّے وَلَوْ جِئْنَا بِمِثْلِهِۦ مَدَداٗۖ ﱧ
2249,18,105,16,304,الكَهف,Al-Kahf,قُلِ اِنَّمَآ أَنَا بَشَرٞ مِّثْلُكُمْ يُوح۪ىٰٓ إِلَيَّ أَنَّمَآ إِلَٰهُكُمُۥٓ إِلَٰهٞ وَٰحِدٞۖ فَمَن كَانَ يَرْجُواْ لِقَآءَ رَبِّهِۦ فَلْيَعْمَلْ عَمَلاٗ صَٰلِحاٗ وَلَا يُشْرِكْ بِعِبَادَةِ رَبِّهِۦٓ أَحَداٗۖ ﱨ
2250,19,1,16,305,مَريَم,Maryam,كَٓه۪ي۪عَٓصَٓۖ ذِكْرُ رَحْمَتِ رَبِّكَ عَبْدَهُۥ زَكَرِيَّآءَ ﰀ
2251,19,2,16,305,مَريَم,Maryam,ا۪ذْ نَاد۪ىٰ رَبَّهُۥ نِدَآءً خَفِيّاٗۖ ﰁ
2252,19,3,16,305,مَريَم,Maryam,قَالَ رَبِّ إِنِّے وَهَنَ اَ۬لْعَظْمُ مِنِّے وَاشْتَعَلَ اَ۬لرَّأْسُ شَيْباٗ وَلَمَ اَكُنۢ بِدُعَآئِكَ رَبِّ شَقِيّاٗۖ ﰂ
2253,19,4,16,305,مَريَم,Maryam,وَإِنِّے خِفْتُ اُ۬لْمَوَٰلِيَ مِنْ وَّرَآءِے وَكَانَتِ اِ۪مْرَأَتِے عَاقِراٗ فَهَبْ لِے مِن لَّدُنكَ وَلِيّاٗ ﰃ
2254,19,5,16,305,مَريَم,Maryam,يَرِثُنِے وَيَرِثُ مِنَ اٰلِ يَعْقُوبَۖ وَاجْعَلْهُ رَبِّ رَضِيّاٗۖ ﰄ
2255,19,6,16,305,مَريَم,Maryam,۞ يَٰزَكَرِيَّآءُ اِ۪نَّا نُبَشِّرُكَ بِغُلَٰمٍ اِ۪سْمُهُۥ يَحْي۪ىٰ لَمْ نَجْعَل لَّهُۥ مِن قَبْلُ سَمِيّاٗۖ ﰅ
2256,19,7,16,305,مَريَم,Maryam,قَالَ رَبِّ أَنّ۪ىٰ يَكُونُ لِے غُلَٰمٞ وَكَانَتِ اِ۪مْرَأَتِے عَاقِراٗ وَقَدْ بَلَغْتُ مِنَ اَ۬لْكِبَرِ عُتِيّاٗۖ ﰆ
2257,19,8,16,305,مَريَم,Maryam,قَالَ كَذَٰلِكَ قَالَ رَبُّكَ هُوَ عَلَيَّ هَيِّنٞ وَقَدْ خَلَقْتُكَ مِن قَبْلُ وَلَمْ تَكُ شَئْاٗۖ ﰇ
2258,19,9,16,305,مَريَم,Maryam,قَالَ رَبِّ اِ۪جْعَل لِّيَ ءَايَةٗۖ قَالَ ءَايَتُكَ أَلَّا تُكَلِّمَ اَ۬لنَّاسَ ثَلَٰثَ لَيَالٖ سَوِيّاٗۖ ﰈ
2259,19,10,16,305,مَريَم,Maryam,فَخَرَجَ عَلَىٰ قَوْمِهِۦ مِنَ اَ۬لْمِحْرَابِ فَأَوْح۪ىٰٓ إِلَيْهِمُۥٓ أَن سَبِّحُواْ بُكْرَةٗ وَعَشِيّاٗۖ ﰉ
2260,19,11,16,306,مَريَم,Maryam,يَٰيَحْي۪ىٰ خُذِ اِ۬لْكِتَٰبَ بِقُوَّةٖۖ وَءَاتَيْنَٰهُ اُ۬لْحُكْمَ صَبِيّاٗۖ ﰊ
2261,19,12,16,306,مَريَم,Maryam,وَحَنَاناٗ مِّن لَّدُنَّا وَزَكَوٰةٗۖ وَكَانَ تَقِيّاٗۖ ﰋ
2262,19,13,16,306,مَريَم,Maryam,وَبَرّاَۢ بِوَٰلِدَيْهِ وَلَمْ يَكُن جَبَّاراً عَصِيّاٗۖ ﰌ
2263,19,14,16,306,مَريَم,Maryam,وَسَلَٰمٌ عَلَيْهِ يَوْمَ وُلِدَ وَيَوْمَ يَمُوتُ وَيَوْمَ يُبْعَثُ حَيّاٗۖ ﰍ
2264,19,15,16,306,مَريَم,Maryam,وَاذْكُرْ فِے اِ۬لْكِتَٰبِ مَرْيَمَ إِذِ اِ۪نتَبَذَتْ مِنَ اَهْلِهَا مَكَاناٗ شَرْقِيّاٗ ﰎ
2265,19,16,16,306,مَريَم,Maryam,فَاتَّخَذَتْ مِن دُونِهِمْ حِجَاباٗۖ فَأَرْسَلْنَآ إِلَيْهَا رُوحَنَا فَتَمَثَّلَ لَهَا بَشَراٗ سَوِيّاٗۖ ﰏ
2266,19,17,16,306,مَريَم,Maryam,قَالَتِ اِنِّيَ أَعُوذُ بِالرَّحْمَٰنِ مِنكَ إِن كُنتَ تَقِيّاٗۖ ﰐ
2267,19,18,16,306,مَريَم,Maryam,قَالَ إِنَّمَآ أَنَا رَسُولُ رَبِّكِ لِاَهَبَ لَكِ غُلَٰماٗ زَكِيّاٗۖ ﰑ
2268,19,19,16,306,مَريَم,Maryam,قَالَتَ اَنّ۪ىٰ يَكُونُ لِے غُلَٰمٞ وَلَمْ يَمْسَسْنِے بَشَرٞ وَلَمَ اَكُ بَغِيّاٗۖ ﰒ
2269,19,20,16,306,مَريَم,Maryam,قَالَ كَذَٰلِكِ قَالَ رَبُّكِ هُوَ عَلَيَّ هَيِّنٞۖ وَلِنَجْعَلَهُۥٓ ءَايَةٗ لِّلنَّاسِ وَرَحْمَةٗ مِّنَّاۖ وَكَانَ أَمْراٗ مَّقْضِيّاٗۖ ﰓ
2270,19,21,16,306,مَريَم,Maryam,۞ فَحَمَلَتْهُ فَانتَبَذَتْ بِهِۦ مَكَاناٗ قَصِيّاٗۖ ﰔ
2271,19,22,16,306,مَريَم,Maryam,فَأَجَآءَهَا اَ۬لْمَخَاضُ إِلَىٰ جِذْعِ اِ۬لنَّخْلَةِ قَالَتْ يَٰلَيْتَنِے مِتُّ قَبْلَ هَٰذَا وَكُنتُ نِسْياٗ مَّنسِيّاٗۖ ﰕ
2272,19,23,16,306,مَريَم,Maryam,فَنَاد۪يٰهَا مِن تَحْتِهَآ أَلَّا تَحْزَنِے قَدْ جَعَلَ رَبُّكِ تَحْتَكِ سَرِيّاٗۖ ﰖ
2273,19,24,16,306,مَريَم,Maryam,وَهُزِّےٓ إِلَيْكِ بِجِذْعِ اِ۬لنَّخْلَةِ تَسَّٰقَطْ عَلَيْكِ رُطَباٗ جَنِيّاٗۖ ﰗ
2274,19,25,16,307,مَريَم,Maryam,فَكُلِے وَاشْرَبِے وَقَرِّے عَيْناٗۖ فَإِمَّا تَرَيِنَّ مِنَ اَ۬لْبَشَرِ أَحَداٗ فَقُولِےٓ إِنِّے نَذَرْتُ لِلرَّحْمَٰنِ صَوْماٗ فَلَنُ ا۟كَلِّمَ اَ۬لْيَوْمَ إِنسِيّاٗۖ ﰘ
2275,19,26,16,307,مَريَم,Maryam,فَأَتَتْ بِهِۦ قَوْمَهَا تَحْمِلُهُۥۖ قَالُواْ يَٰمَرْيَمُ لَقَدْ جِئْتِ شَئْاٗ فَرِيّاٗۖ ﰙ
2276,19,27,16,307,مَريَم,Maryam,يَٰٓأُخْتَ هَٰرُونَ مَا كَانَ أَبُوكِ اِ۪مْرَأَ سَوْءٖ وَمَا كَانَتُ ا۟مُّكِ بَغِيّاٗۖ ﰚ
2277,19,28,16,307,مَريَم,Maryam,فَأَشَارَتِ اِلَيْهِۖ قَالُواْ كَيْفَ نُكَلِّمُ مَن كَانَ فِے اِ۬لْمَهْدِ صَبِيّاٗۖ ﰛ
2278,19,29,16,307,مَريَم,Maryam,قَالَ إِنِّے عَبْدُ اُ۬للَّهِ ءَات۪يٰنِيَ اَ۬لْكِتَٰبَ وَجَعَلَنِے نَبِيٓـٔاٗ ﰜ
2279,19,30,16,307,مَريَم,Maryam,وَجَعَلَنِے مُبَٰرَكاً اَيْنَ مَا كُنتُ وَأَوْصٰ۪نِے بِالصَّلَوٰةِ وَالزَّكَوٰةِ مَا دُمْتُ حَيّاٗ ﰝ
2280,19,31,16,307,مَريَم,Maryam,وَبَرّاَۢ بِوَٰلِدَتِےۖ وَلَمْ يَجْعَلْنِے جَبَّاراٗ شَقِيّاٗۖ ﰞ
2281,19,32,16,307,مَريَم,Maryam,وَالسَّلَٰمُ عَلَيَّ يَوْمَ وُلِدتُّ وَيَوْمَ أَمُوتُ وَيَوْمَ أُبْعَثُ حَيّاٗۖ ﰟ
2282,19,33,16,307,مَريَم,Maryam,ذَٰلِكَ عِيسَى اَ۪بْنُ مَرْيَمَۖ قَوْلُ اُ۬لْحَقِّ اِ۬لذِے فِيهِ يَمْتَرُونَۖ ﰠ
2283,19,34,16,307,مَريَم,Maryam,مَا كَانَ لِلهِ أَنْ يَّتَّخِذَ مِنْ وَّلَدٖۖ سُبْحَٰنَهُۥٓۖ إِذَا قَض۪ىٰٓ أَمْراٗ فَإِنَّمَا يَقُولُ لَهُۥ كُنۖ فَيَكُونُۖ ﰡ
2284,19,35,16,307,مَريَم,Maryam,وَأَنَّ اَ۬للَّهَ رَبِّے وَرَبُّكُمْ فَاعْبُدُوهُۖ هَٰذَا صِرَٰطٞ مُّسْتَقِيمٞۖ ﰢ
2285,19,36,16,307,مَريَم,Maryam,فَاخْتَلَفَ اَ۬لَاحْزَابُ مِنۢ بَيْنِهِمْۖ فَوَيْلٞ لِّلذِينَ كَفَرُواْ مِن مَّشْهَدِ يَوْمٍ عَظِيمٍۖ ﰣ
2286,19,37,16,307,مَريَم,Maryam,اَسْمِعْ بِهِمْ وَأَبْصِرْ يَوْمَ يَاتُونَنَاۖ لَٰكِنِ اِ۬لظَّٰلِمُونَ اَ۬لْيَوْمَ فِے ضَلَٰلٖ مُّبِينٖۖ ﰤ
2287,19,38,16,308,مَريَم,Maryam,وَأَنذِرْهُمْ يَوْمَ اَ۬لْحَسْرَةِ إِذْ قُضِيَ اَ۬لَامْرُ وَهُمْ فِے غَفْلَةٖ وَهُمْ لَا يُومِنُونَۖ ﰥ
2288,19,39,16,308,مَريَم,Maryam,إِنَّا نَحْنُ نَرِثُ اُ۬لَارْضَ وَمَنْ عَلَيْهَاۖ وَإِلَيْنَا يُرْجَعُونَۖ ﰦ
2289,19,40,16,308,مَريَم,Maryam,۞ وَاذْكُرْ فِے اِ۬لْكِتَٰبِ إِبْرَٰهِيمَ ﰧ
2290,19,41,16,308,مَريَم,Maryam,إِنَّهُۥ كَانَ صِدِّيقاٗ نَّبِيٓـٔاً ﰨ
2291,19,42,16,308,مَريَم,Maryam,اِذْ قَالَ لِأَبِيهِ يَٰٓأَبَتِ لِمَ تَعْبُدُ مَا لَا يَسْمَعُ وَلَا يُبْصِرُ وَلَا يُغْنِے عَنكَ شَئْاٗۖ ﰩ
2292,19,43,16,308,مَريَم,Maryam,يَٰٓأَبَتِ إِنِّے قَدْ جَآءَنِے مِنَ اَ۬لْعِلْمِ مَا لَمْ يَاتِكَ فَاتَّبِعْنِےٓ أَهْدِكَ صِرَٰطاٗ سَوِيّاٗۖ ﰪ
2293,19,44,16,308,مَريَم,Maryam,يَٰٓأَبَتِ لَا تَعْبُدِ اِ۬لشَّيْطَٰنَۖ إِنَّ اَ۬لشَّيْطَٰنَ كَانَ لِلرَّحْمَٰنِ عَصِيّاٗۖ ﰫ
2294,19,45,16,308,مَريَم,Maryam,يَٰٓأَبَتِ إِنِّيَ أَخَافُ أَنْ يَّمَسَّكَ عَذَابٞ مِّنَ اَ۬لرَّحْمَٰنِ فَتَكُونَ لِلشَّيْطَٰنِ وَلِيّاٗۖ ﰬ
2295,19,46,16,308,مَريَم,Maryam,قَالَ أَرَاغِبٌ اَنتَ عَنَ اٰلِهَتِےۖ يَٰٓإِبْرَٰهِيمُ لَئِن لَّمْ تَنتَهِ لَأَرْجُمَنَّكَ وَاهْجُرْنِے مَلِيّاٗۖ ﰭ
2296,19,47,16,308,مَريَم,Maryam,قَالَ سَلَٰمٌ عَلَيْكَ سَأَسْتَغْفِرُ لَكَ رَبِّيَ إِنَّهُۥ كَانَ بِے حَفِيّاٗ ﰮ
2297,19,48,16,308,مَريَم,Maryam,وَأَعْتَزِلُكُمْ وَمَا تَدْعُونَ مِن دُونِ اِ۬للَّهِ وَأَدْعُواْ رَبِّے عَس۪ىٰٓ أَلَّآ أَكُونَ بِدُعَآءِ رَبِّے شَقِيّاٗۖ ﰯ
2298,19,49,16,308,مَريَم,Maryam,فَلَمَّا اَ۪عْتَزَلَهُمْ وَمَا يَعْبُدُونَ مِن دُونِ اِ۬للَّهِ وَهَبْنَا لَهُۥٓ إِسْحَٰقَ وَيَعْقُوبَۖ وَكُلّاٗ جَعَلْنَا نَبِيٓـٔاٗۖ ﰰ
2299,19,50,16,308,مَريَم,Maryam,وَوَهَبْنَا لَهُم مِّن رَّحْمَتِنَا وَجَعَلْنَا لَهُمْ لِسَانَ صِدْقٍ عَلِيّاٗۖ ﰱ
2300,19,51,16,308,مَريَم,Maryam,وَاذْكُرْ فِے اِ۬لْكِتَٰبِ مُوس۪ىٰٓ إِنَّهُۥ كَانَ مُخْلِصاٗ وَكَانَ رَسُولاٗ نَّبِيٓـٔاٗۖ ﰲ
2301,19,52,16,309,مَريَم,Maryam,وَنَٰدَيْنَٰهُ مِن جَانِبِ اِ۬لطُّورِ اِ۬لَايْمَنِ وَقَرَّبْنَٰهُ نَجِيّاٗۖ ﰳ
2302,19,53,16,309,مَريَم,Maryam,وَوَهَبْنَا لَهُۥ مِن رَّحْمَتِنَآ أَخَاهُ هَٰرُونَ نَبِيٓـٔاٗۖ ﰴ
2303,19,54,16,309,مَريَم,Maryam,وَاذْكُرْ فِے اِ۬لْكِتَٰبِ إِسْمَٰعِيلَ إِنَّهُۥ كَانَ صَادِقَ اَ۬لْوَعْدِ وَكَانَ رَسُولاٗ نَّبِيٓـٔاٗ ﰵ
2304,19,55,16,309,مَريَم,Maryam,وَكَانَ يَامُرُ أَهْلَهُۥ بِالصَّلَوٰةِ وَالزَّكَوٰةِۖ وَكَانَ عِندَ رَبِّهِۦ مَرْضِيّاٗۖ ﰶ
2305,19,56,16,309,مَريَم,Maryam,وَاذْكُرْ فِے اِ۬لْكِتَٰبِ إِدْرِيسَ إِنَّهُۥ كَانَ صِدِّيقاٗ نَّبِيٓـٔاٗۖ ﰷ
2306,19,57,16,309,مَريَم,Maryam,وَرَفَعْنَٰهُ مَكَاناً عَلِيّاًۖ ﰸ
2307,19,58,16,309,مَريَم,Maryam,ا۟وْلَٰٓئِكَ اَ۬لذِينَ أَنْعَمَ اَ۬للَّهُ عَلَيْهِم مِّنَ اَ۬لنَّبِيٓـِٕۧنَ مِن ذُرِّيَّةِ ءَادَمَ وَمِمَّنْ حَمَلْنَا مَعَ نُوحٖ وَمِن ذُرِّيَّةِ إِبْرَٰهِيمَ وَإِسْرَآءِيلَ وَمِمَّنْ هَدَيْنَا وَاجْتَبَيْنَآۖ إِذَا تُتْل۪ىٰ عَلَيْهِمُۥٓ ءَايَٰتُ اُ۬لرَّحْمَٰنِ خَرُّواْ سُجَّداٗ وَبُكِيّاٗۖ۩ ﰹ
2308,19,59,16,309,مَريَم,Maryam,۞ فَخَلَفَ مِنۢ بَعْدِهِمْ خَلْفٌ اَضَاعُواْ اُ۬لصَّلَوٰةَ وَاتَّبَعُواْ اُ۬لشَّهَوَٰتِ فَسَوْفَ يَلْقَوْنَ غَيّاً ﰺ
2309,19,60,16,309,مَريَم,Maryam,اِلَّا مَن تَابَ وَءَامَنَ وَعَمِلَ صَٰلِحاٗ فَأُوْلَٰٓئِكَ يَدْخُلُونَ اَ۬لْجَنَّةَ وَلَا يُظْلَمُونَ شَئْاٗ ﰻ
2310,19,61,16,309,مَريَم,Maryam,جَنَّٰتِ عَدْنٍ اِ۬لتِے وَعَدَ اَ۬لرَّحْمَٰنُ عِبَادَهُۥ بِالْغَيْبِۖ إِنَّهُۥ كَانَ وَعْدُهُۥ مَاتِيّاٗۖ ﰼ
2311,19,62,16,309,مَريَم,Maryam,لَّا يَسْمَعُونَ فِيهَا لَغْواًۖ اِلَّا سَلَٰماٗۖ وَلَهُمْ رِزْقُهُمْ فِيهَا بُكْرَةٗ وَعَشِيّاٗۖ ﰽ
2312,19,63,16,309,مَريَم,Maryam,تِلْكَ اَ۬لْجَنَّةُ اُ۬لتِے نُورِثُ مِنْ عِبَادِنَا مَن كَانَ تَقِيّاٗۖ ﰾ
2313,19,64,16,309,مَريَم,Maryam,وَمَا نَتَنَزَّلُ إِلَّا بِأَمْرِ رَبِّكَۖ لَهُۥ مَا بَيْنَ أَيْدِينَا وَمَا خَلْفَنَا وَمَا بَيْنَ ذَٰلِكَۖ وَمَا كَانَ رَبُّكَ نَسِيّاٗۖ ﰿ
2314,19,65,16,310,مَريَم,Maryam,رَّبُّ اُ۬لسَّمَٰوَٰتِ وَالَارْضِ وَمَا بَيْنَهُمَا فَاعْبُدْهُ وَاصْطَبِرْ لِعِبَٰدَتِهِۦۖ هَلْ تَعْلَمُ لَهُۥ سَمِيّاٗۖ ﱀ
2315,19,66,16,310,مَريَم,Maryam,وَيَقُولُ اُ۬لِانسَٰنُ أَ۟ذَا مَا مِتُّ لَسَوْفَ أُخْرَجُ حَيّاًۖ ﱁ
2316,19,67,16,310,مَريَم,Maryam,اَوَلَا يَذْكُرُ اُ۬لِانسَٰنُ أَنَّا خَلَقْنَٰهُ مِن قَبْلُ وَلَمْ يَكُ شَئْاٗۖ ﱂ
2317,19,68,16,310,مَريَم,Maryam,فَوَرَبِّكَ لَنَحْشُرَنَّهُمْ وَالشَّيَٰطِينَ ثُمَّ لَنُحْضِرَنَّهُمْ حَوْلَ جَهَنَّمَ جُثِيّاٗۖ ﱃ
2318,19,69,16,310,مَريَم,Maryam,ثُمَّ لَنَنزِعَنَّ مِن كُلِّ شِيعَةٍ اَيُّهُمُۥٓ أَشَدُّ عَلَى اَ۬لرَّحْمَٰنِ عُتِيّاٗۖ ﱄ
2319,19,70,16,310,مَريَم,Maryam,ثُمَّ لَنَحْنُ أَعْلَمُ بِالذِينَ هُمُۥٓ أَوْل۪ىٰ بِهَا صُلِيّاٗۖ ﱅ
2320,19,71,16,310,مَريَم,Maryam,وَإِن مِّنكُمُۥٓ إِلَّا وَارِدُهَا كَانَ عَلَىٰ رَبِّكَ حَتْماٗ مَّقْضِيّاٗۖ ﱆ
2321,19,72,16,310,مَريَم,Maryam,ثُمَّ نُنَجِّے اِ۬لذِينَ اَ۪تَّقَواْ وَّنَذَرُ اُ۬لظَّٰلِمِينَ فِيهَا جُثِيّاٗۖ ﱇ
2322,19,73,16,310,مَريَم,Maryam,وَإِذَا تُتْل۪ىٰ عَلَيْهِمُۥٓ ءَايَٰتُنَا بَيِّنَٰتٖ قَالَ اَ۬لذِينَ كَفَرُواْ لِلذِينَ ءَامَنُوٓاْ أَيُّ اُ۬لْفَرِيقَيْنِ خَيْرٞ مَّقَاماٗ وَأَحْسَنُ نَدِيّاٗۖ ﱈ
2323,19,74,16,310,مَريَم,Maryam,وَكَمَ اَهْلَكْنَا قَبْلَهُم مِّن قَرْنٍ هُمُۥٓ أَحْسَنُ أَثَٰثاٗ وَرِءْياٗۖ ﱉ
2324,19,75,16,310,مَريَم,Maryam,۞ قُلْ مَن كَانَ فِے اِ۬لضَّلَٰلَةِ فَلْيَمْدُدْ لَهُ اُ۬لرَّحْمَٰنُ مَدّاًۖ ﱊ
2325,19,76,16,310,مَريَم,Maryam,حَتَّىٰٓ إِذَا رَأَوْاْ مَا يُوعَدُونَ إِمَّا اَ۬لْعَذَابَ وَإِمَّا اَ۬لسَّاعَةَ فَسَيَعْلَمُونَ مَنْ هُوَ شَرّٞ مَّكَاناٗ وَأَضْعَفُ جُنداٗۖ ﱋ
2326,19,77,16,310,مَريَم,Maryam,وَيَزِيدُ اُ۬للَّهُ اُ۬لذِينَ اَ۪هْتَدَوْاْ هُدىٗۖ وَالْبَٰقِيَٰتُ اُ۬لصَّٰلِحَٰتُ خَيْرٌ عِندَ رَبِّكَ ثَوَاباٗ وَخَيْرٞ مَّرَدّاًۖ ﱌ
2327,19,78,16,311,مَريَم,Maryam,اَفَرَٰٓيْتَ اَ۬لذِے كَفَرَ بِـَٔايَٰتِنَا وَقَالَ لَأُوتَيَنَّ مَالاٗ وَوَلَداً ﱍ
2328,19,79,16,311,مَريَم,Maryam,اَطَّلَعَ اَ۬لْغَيْبَ أَمِ اِ۪تَّخَذَ عِندَ اَ۬لرَّحْمَٰنِ عَهْداٗ ﱎ
2329,19,80,16,311,مَريَم,Maryam,كَلَّاۖ سَنَكْتُبُ مَا يَقُولُ وَنَمُدُّ لَهُۥ مِنَ اَ۬لْعَذَابِ مَدّاٗۖ ﱏ
2330,19,81,16,311,مَريَم,Maryam,وَنَرِثُهُۥ مَا يَقُولُ وَيَاتِينَا فَرْداٗۖ ﱐ
2331,19,82,16,311,مَريَم,Maryam,وَاتَّخَذُواْ مِن دُونِ اِ۬للَّهِ ءَالِهَةٗ لِّيَكُونُواْ لَهُمْ عِزّاٗ ﱑ
2332,19,83,16,311,مَريَم,Maryam,كَلَّاۖ سَيَكْفُرُونَ بِعِبَادَتِهِمْ وَيَكُونُونَ عَلَيْهِمْ ضِدّاًۖ ﱒ
2333,19,84,16,311,مَريَم,Maryam,اَلَمْ تَرَ أَنَّآ أَرْسَلْنَا اَ۬لشَّيَٰطِينَ عَلَى اَ۬لْكٰ۪فِرِينَ تَؤُزُّهُمُۥٓ أَزّاٗۖ ﱓ
2334,19,85,16,311,مَريَم,Maryam,فَلَا تَعْجَلْ عَلَيْهِمُۥٓۖ إِنَّمَا نَعُدُّ لَهُمْ عَدّاٗۖ ﱔ
2335,19,86,16,311,مَريَم,Maryam,يَوْمَ نَحْشُرُ اُ۬لْمُتَّقِينَ إِلَى اَ۬لرَّحْمَٰنِ وَفْداٗ ﱕ
2336,19,87,16,311,مَريَم,Maryam,وَنَسُوقُ اُ۬لْمُجْرِمِينَ إِلَىٰ جَهَنَّمَ وِرْداٗۖ ﱖ
2337,19,88,16,311,مَريَم,Maryam,لَّا يَمْلِكُونَ اَ۬لشَّفَٰعَةَ إِلَّا مَنِ اِ۪تَّخَذَ عِندَ اَ۬لرَّحْمَٰنِ عَهْداٗۖ ﱗ
2338,19,89,16,311,مَريَم,Maryam,وَقَالُواْ اُ۪تَّخَذَ اَ۬لرَّحْمَٰنُ وَلَداٗۖ ﱘ
2339,19,90,16,311,مَريَم,Maryam,لَّقَدْ جِئْتُمْ شَئْاً اِدّاٗ ﱙ
2340,19,91,16,311,مَريَم,Maryam,يَكَادُ اُ۬لسَّمَٰوَٰتُ يَتَفَطَّرْنَ مِنْهُ وَتَنشَقُّ اُ۬لَارْضُ وَتَخِرُّ اُ۬لْجِبَالُ هَدّاً ﱚ
2341,19,92,16,311,مَريَم,Maryam,اَن دَعَوْاْ لِلرَّحْمَٰنِ وَلَداٗۖ ﱛ
2342,19,93,16,311,مَريَم,Maryam,وَمَا يَنۢبَغِے لِلرَّحْمَٰنِ أَنْ يَّتَّخِذَ وَلَداًۖ ﱜ
2343,19,94,16,311,مَريَم,Maryam,اِن كُلُّ مَن فِے اِ۬لسَّمَٰوَٰتِ وَالَارْضِ إِلَّآ ءَاتِے اِ۬لرَّحْمَٰنِ عَبْداٗۖ ﱝ
2344,19,95,16,311,مَريَم,Maryam,لَّقَدَ اَحْص۪يٰهُمْ وَعَدَّهُمْ عَدّاٗۖ ﱞ
2345,19,96,16,311,مَريَم,Maryam,وَكُلُّهُمُۥٓ ءَاتِيهِ يَوْمَ اَ۬لْقِيَٰمَةِ فَرْداًۖ ﱟ
2346,19,97,16,312,مَريَم,Maryam,اِنَّ اَ۬لذِينَ ءَامَنُواْ وَعَمِلُواْ اُ۬لصَّٰلِحَٰتِ سَيَجْعَلُ لَهُمُ اُ۬لرَّحْمَٰنُ وُدّاٗۖ ﱠ
2347,19,98,16,312,مَريَم,Maryam,فَإِنَّمَا يَسَّرْنَٰهُ بِلِسَانِكَ لِتُبَشِّرَ بِهِ اِ۬لْمُتَّقِينَ وَتُنذِرَ بِهِۦ قَوْماٗ لُّدّاٗۖ ﱡ
2348,19,99,16,312,مَريَم,Maryam,وَكَمَ اَهْلَكْنَا قَبْلَهُم مِّن قَرْنٍ هَلْ تُحِسُّ مِنْهُم مِّنَ اَحَدٍ اَوْ تَسْمَعُ لَهُمْ رِكْزاٗۖ ﱢ
2349,20,1,16,312,طه,Ṭā-Hā,طَه۪ۖ مَآ أَنزَلْنَا عَلَيْكَ اَ۬لْقُرْءَانَ لِتَشْق۪ىٰٓ ﰀ
2350,20,2,16,312,طه,Ṭā-Hā,إِلَّا تَذْكِرَةٗ لِّمَنْ يَّخْش۪ىٰۖ ﰁ
2351,20,3,16,312,طه,Ṭā-Hā,تَنزِيلاٗ مِّمَّنْ خَلَقَ اَ۬لَارْضَ وَالسَّمَٰوَٰتِ اِ۬لْعُلَىۖ ﰂ
2352,20,4,16,312,طه,Ṭā-Hā,اَ۬لرَّحْمَٰنُ عَلَى اَ۬لْعَرْشِ اِ۪سْتَو۪ىٰۖ ﰃ
2353,20,5,16,312,طه,Ṭā-Hā,لَهُۥ مَا فِے اِ۬لسَّمَٰوَٰتِ وَمَا فِے اِ۬لَارْضِ وَمَا بَيْنَهُمَا وَمَا تَحْتَ اَ۬لثَّر۪ىٰۖ ﰄ
2354,20,6,16,312,طه,Ṭā-Hā,وَإِن تَجْهَرْ بِالْقَوْلِ فَإِنَّهُۥ يَعْلَمُ اُ۬لسِّرَّ وَأَخْفَىۖ ﰅ
2355,20,7,16,312,طه,Ṭā-Hā,اَ۬للَّهُ لَآ إِلَٰهَ إِلَّا هُوَۖ لَهُ اُ۬لَاسْمَآءُ اُ۬لْحُسْن۪ىٰۖ ﰆ
2356,20,8,16,312,طه,Ṭā-Hā,وَهَلَ اَت۪يٰكَ حَدِيثُ مُوس۪ىٰٓ ﰇ
2357,20,9,16,312,طه,Ṭā-Hā,إِذْ ر۪ء۪ا نَاراٗ فَقَالَ لِأَهْلِهِ اِ۟مْكُثُوٓاْ إِنِّيَ ءَانَسْتُ نَاراٗ لَّعَلِّيَ ءَاتِيكُم مِّنْهَا بِقَبَسٍ اَوَ اَجِدُ عَلَى اَ۬لنّ۪ارِ هُدىٗۖ ﰈ
2358,20,10,16,312,طه,Ṭā-Hā,فَلَمَّآ أَت۪يٰهَا نُودِيَ يَٰمُوس۪ىٰٓ ﰉ
2359,20,11,16,312,طه,Ṭā-Hā,إِنِّيَ أَنَا رَبُّكَ فَاخْلَعْ نَعْلَيْكَ إِنَّكَ بِالْوَادِ اِ۬لْمُقَدَّسِ طُو۪ىٰۖ ﰊ
2360,20,12,16,313,طه,Ṭā-Hā,وَأَنَا اَ۪خْتَرْتُكَ فَاسْتَمِعْ لِمَا يُوح۪ىٰٓ ﰋ
2361,20,13,16,313,طه,Ṭā-Hā,إِنَّنِيَ أَنَا اَ۬للَّهُ لَآ إِلَٰهَ إِلَّآ أَنَا فَاعْبُدْنِے وَأَقِمِ اِ۬لصَّلَوٰةَ لِذِكْرِيَۖ ﰌ
2362,20,14,16,313,طه,Ṭā-Hā,إِنَّ اَ۬لسَّاعَةَ ءَاتِيَةٌ اَكَادُ أُخْفِيهَا لِتُجْز۪ىٰ كُلُّ نَفْسِۢ بِمَا تَسْع۪ىٰۖ ﰍ
2363,20,15,16,313,طه,Ṭā-Hā,فَلَا يَصُدَّنَّكَ عَنْهَا مَن لَّا يُومِنُ بِهَا وَاتَّبَعَ هَو۪يٰهُ فَتَرْد۪ىٰۖ ﰎ
2364,20,16,16,313,طه,Ṭā-Hā,وَمَا تِلْكَ بِيَمِينِكَ يَٰمُوس۪ىٰۖ ﰏ
2365,20,17,16,313,طه,Ṭā-Hā,قَالَ هِيَ عَصَايَ أَتَوَكَّؤُاْ عَلَيْهَا وَأَهُشُّ بِهَا عَلَىٰ غَنَمِے وَلِيَ فِيهَا مَـَٔارِبُ أُخْر۪ىٰۖ ﰐ
2366,20,18,16,313,طه,Ṭā-Hā,قَالَ أَلْقِهَا يَٰمُوس۪ىٰۖ ﰑ
2367,20,19,16,313,طه,Ṭā-Hā,فَأَلْق۪يٰهَا فَإِذَا هِيَ حَيَّةٞ تَسْع۪ىٰۖ ﰒ
2368,20,20,16,313,طه,Ṭā-Hā,قَالَ خُذْهَا وَلَا تَخَفْ سَنُعِيدُهَا سِيرَتَهَا اَ۬لُاول۪ىٰۖ ﰓ
2369,20,21,16,313,طه,Ṭā-Hā,وَاضْمُمْ يَدَكَ إِلَىٰ جَنَاحِكَ تَخْرُجْ بَيْضَآءَ مِنْ غَيْرِ سُوٓءٍ اٰيَةً ا۟خْر۪ىٰ ﰔ
2370,20,22,16,313,طه,Ṭā-Hā,لِنُرِيَكَ مِنَ اٰيَٰتِنَا اَ۬لْكُبْرَىۖ ﰕ
2371,20,23,16,313,طه,Ṭā-Hā,اَ۪ذْهَبِ اِلَىٰ فِرْعَوْنَ إِنَّهُۥ طَغ۪ىٰۖ ﰖ
2372,20,24,16,313,طه,Ṭā-Hā,قَالَ رَبِّ اِ۪شْرَحْ لِے صَدْرِے ﰗ
2373,20,25,16,313,طه,Ṭā-Hā,وَيَسِّرْ لِيَ أَمْرِے ﰘ
2374,20,26,16,313,طه,Ṭā-Hā,وَاحْلُلْ عُقْدَةٗ مِّن لِّسَانِے ﰙ
2375,20,27,16,313,طه,Ṭā-Hā,يَفْقَهُواْ قَوْلِے ﰚ
2376,20,28,16,313,طه,Ṭā-Hā,وَاجْعَل لِّے وَزِيراٗ مِّنَ اَهْلِے ﰛ
2377,20,29,16,313,طه,Ṭā-Hā,هَٰرُونَ أَخِےۖ ﰜ
2378,20,30,16,313,طه,Ṭā-Hā,اِ۟شْدُدْ بِهِۦٓ أَزْرِے ﰝ
2379,20,31,16,313,طه,Ṭā-Hā,وَأَشْرِكْهُ فِےٓ أَمْرِے ﰞ
2380,20,32,16,313,طه,Ṭā-Hā,كَےْ نُسَبِّحَكَ كَثِيراٗ ﰟ
2381,20,33,16,313,طه,Ṭā-Hā,وَنَذْكُرَكَ كَثِيراً ﰠ
2382,20,34,16,313,طه,Ṭā-Hā,اِنَّكَ كُنتَ بِنَا بَصِيراٗۖ ﰡ
2383,20,35,16,313,طه,Ṭā-Hā,۞ قَالَ قَدُ ا۟وتِيتَ سُؤْلَكَ يَٰمُوس۪ىٰۖ ﰢ
2384,20,36,16,313,طه,Ṭā-Hā,وَلَقَدْ مَنَنَّا عَلَيْكَ مَرَّةً ا۟خْر۪ىٰٓ ﰣ
2385,20,37,16,314,طه,Ṭā-Hā,إِذَ اَوْحَيْنَآ إِلَىٰٓ أُمِّكَ مَا يُوح۪ىٰٓ ﰤ
2386,20,38,16,314,طه,Ṭā-Hā,أَنِ اِ۪قْذِفِيهِ فِے اِ۬لتَّابُوتِ فَاقْذِفِيهِ فِے اِ۬لْيَمِّۖ فَلْيُلْقِهِ اِ۬لْيَمُّ بِالسَّاحِلِ يَاخُذْهُ عَدُوّٞ لِّے وَعَدُوّٞ لَّهُۥۖ وَأَلْقَيْتُ عَلَيْكَ مَحَبَّةٗ مِّنِّے ﰥ
2387,20,39,16,314,طه,Ṭā-Hā,وَلِتُصْنَعَ عَلَىٰ عَيْنِيَ ﰦ
2388,20,40,16,314,طه,Ṭā-Hā,إِذْ تَمْشِےٓ أُخْتُكَ فَتَقُولُ هَلَ اَدُلُّكُمْ عَلَىٰ مَنْ يَّكْفُلُهُۥۖ فَرَجَعْنَٰكَ إِلَىٰٓ أُمِّكَ كَےْ تَقَرَّ عَيْنُهَا وَلَا تَحْزَنَۖ وَقَتَلْتَ نَفْساٗ فَنَجَّيْنَٰكَ مِنَ اَ۬لْغَمِّ وَفَتَنَّٰكَ فُتُوناٗۖ فَلَبِثْتَ سِنِينَ فِےٓ أَهْلِ مَدْيَنَ ثُمَّ جِئْتَ عَلَىٰ قَدَرٖ يَٰمُوس۪ىٰۖ ﰧ
2389,20,41,16,314,طه,Ṭā-Hā,وَاصْطَنَعْتُكَ لِنَفْسِيَۖ اَ۪ذْهَبَ اَنتَ وَأَخُوكَ بِـَٔايَٰتِے وَلَا تَنِيَا فِے ذِكْرِيَۖ ﰨ
2390,20,42,16,314,طه,Ṭā-Hā,اَ۪ذْهَبَآ إِلَىٰ فِرْعَوْنَ إِنَّهُۥ طَغ۪ىٰ ﰩ
2391,20,43,16,314,طه,Ṭā-Hā,فَقُولَا لَهُۥ قَوْلاٗ لَّيِّناٗ لَّعَلَّهُۥ يَتَذَكَّرُ أَوْ يَخْش۪ىٰۖ ﰪ
2392,20,44,16,314,طه,Ṭā-Hā,قَالَا رَبَّنَآ إِنَّنَا نَخَافُ أَنْ يَّفْرُطَ عَلَيْنَآ أَوَ اَنْ يَّطْغ۪ىٰۖ ﰫ
2393,20,45,16,314,طه,Ṭā-Hā,قَالَ لَا تَخَافَآ إِنَّنِے مَعَكُمَآ أَسْمَعُ وَأَر۪ىٰۖ ﰬ
2394,20,46,16,314,طه,Ṭā-Hā,فَاتِيَٰهُ فَقُولَآ إِنَّا رَسُولَا رَبِّكَ فَأَرْسِلْ مَعَنَا بَنِےٓ إِسْرَآءِيلَ وَلَا تُعَذِّبْهُمْ قَدْ جِئْنَٰكَ بِـَٔايَةٖ مِّن رَّبِّكَۖ وَالسَّلَٰمُ عَلَىٰ مَنِ اِ۪تَّبَعَ اَ۬لْهُد۪ىٰٓۖ ﰭ
2395,20,47,16,314,طه,Ṭā-Hā,إِنَّا قَدُ ا۟وحِيَ إِلَيْنَآ أَنَّ اَ۬لْعَذَابَ عَلَىٰ مَن كَذَّبَ وَتَوَلّ۪ىٰۖ ﰮ
2396,20,48,16,314,طه,Ṭā-Hā,قَالَ فَمَن رَّبُّكُمَا يَٰمُوس۪ىٰۖ ﰯ
2397,20,49,16,314,طه,Ṭā-Hā,قَالَ رَبُّنَا اَ۬لذِےٓ أَعْط۪ىٰ كُلَّ شَےْءٍ خَلْقَهُۥ ثُمَّ هَد۪ىٰۖ ﰰ
2398,20,50,16,314,طه,Ṭā-Hā,قَالَ فَمَا بَالُ اُ۬لْقُرُونِ اِ۬لُاول۪ىٰۖ ﰱ
2399,20,51,16,315,طه,Ṭā-Hā,قَالَ عِلْمُهَا عِندَ رَبِّے فِے كِتَٰبٖۖ لَّا يَضِلُّ رَبِّے وَلَا يَنسَىۖ ﰲ
2400,20,52,16,315,طه,Ṭā-Hā,اَ۬لذِے جَعَلَ لَكُمُ اُ۬لَارْضَ مِهَٰداٗ وَسَلَكَ لَكُمْ فِيهَا سُبُلاٗ وَأَنزَلَ مِنَ اَ۬لسَّمَآءِ مَآءٗۖ فَأَخْرَجْنَا بِهِۦٓ أَزْوَٰجاٗ مِّن نَّبَاتٖ شَتّ۪ىٰۖ ﰳ
2401,20,53,16,315,طه,Ṭā-Hā,كُلُواْ وَارْعَوَاْ اَنْعَٰمَكُمُۥٓۖ إِنَّ فِے ذَٰلِكَ لَأٓيَٰتٖ لِّأُوْلِے اِ۬لنُّه۪ىٰۖ ﰴ
2402,20,54,16,315,طه,Ṭā-Hā,۞ مِنْهَا خَلَقْنَٰكُمْ وَفِيهَا نُعِيدُكُمْ وَمِنْهَا نُخْرِجُكُمْ تَارَةً ا۟خْر۪ىٰۖ ﰵ
2403,20,55,16,315,طه,Ṭā-Hā,وَلَقَدَ اَرَيْنَٰهُ ءَايَٰتِنَا كُلَّهَا فَكَذَّبَ وَأَب۪ىٰۖ ﰶ
2404,20,56,16,315,طه,Ṭā-Hā,قَالَ أَجِئْتَنَا لِتُخْرِجَنَا مِنَ اَرْضِنَا بِسِحْرِكَ يَٰمُوس۪ىٰ ﰷ
2405,20,57,16,315,طه,Ṭā-Hā,فَلَنَاتِيَنَّكَ بِسِحْرٖ مِّثْلِهِۦۖ فَاجْعَلْ بَيْنَنَا وَبَيْنَكَ مَوْعِداٗ لَّا نُخْلِفُهُۥ نَحْنُ وَلَآ أَنتَ مَكَاناٗ سِوىٗۖ ﰸ
2406,20,58,16,315,طه,Ṭā-Hā,قَالَ مَوْعِدُكُمْ يَوْمُ اُ۬لزِّينَةِ وَأَنْ يُّحْشَرَ اَ۬لنَّاسُ ضُحىٗۖ ﰹ
2407,20,59,16,315,طه,Ṭā-Hā,فَتَوَلّ۪ىٰ فِرْعَوْنُ فَجَمَعَ كَيْدَهُۥ ثُمَّ أَت۪ىٰۖ ﰺ
2408,20,60,16,315,طه,Ṭā-Hā,قَالَ لَهُم مُّوس۪ىٰ وَيْلَكُمْ لَا تَفْتَرُواْ عَلَى اَ۬للَّهِ كَذِباٗ فَيَسْحَتَكُم بِعَذَابٖۖ وَقَدْ خَابَ مَنِ اِ۪فْتَر۪ىٰۖ ﰻ
2409,20,61,16,315,طه,Ṭā-Hā,فَتَنَٰزَعُوٓاْ أَمْرَهُم بَيْنَهُمْ وَأَسَرُّواْ اُ۬لنَّجْو۪ىٰۖ ﰼ
2410,20,62,16,315,طه,Ṭā-Hā,قَالُوٓاْ إِنَّ هَٰذَٰنِ لَسَٰحِرَٰنِ يُرِيدَٰنِ أَنْ يُّخْرِجَٰكُم مِّنَ اَرْضِكُم بِسِحْرِهِمَا وَيَذْهَبَا بِطَرِيقَتِكُمُ اُ۬لْمُثْل۪ىٰۖ ﰽ
2411,20,63,16,315,طه,Ṭā-Hā,فَأَجْمِعُواْ كَيْدَكُمْ ثُمَّ اَ۪يتُواْ صَفّاٗۖ وَقَدَ اَفْلَحَ اَ۬لْيَوْمَ مَنِ اِ۪سْتَعْل۪ىٰۖ ﰾ
2412,20,64,16,316,طه,Ṭā-Hā,قَالُواْ يَٰمُوس۪ىٰٓ إِمَّآ أَن تُلْقِيَ وَإِمَّآ أَن نَّكُونَ أَوَّلَ مَنَ اَلْق۪ىٰۖ ﰿ
2413,20,65,16,316,طه,Ṭā-Hā,قَالَ بَلَ اَلْقُواْۖ فَإِذَا حِبَالُهُمْ وَعِصِيُّهُمْ يُخَيَّلُ إِلَيْهِ مِن سِحْرِهِمُۥٓ أَنَّهَا تَسْع۪ىٰۖ ﱀ
2414,20,66,16,316,طه,Ṭā-Hā,فَأَوْجَسَ فِے نَفْسِهِۦ خِيفَةٗ مُّوس۪ىٰۖ ﱁ
2415,20,67,16,316,طه,Ṭā-Hā,قُلْنَا لَا تَخَفِ اِنَّكَ أَنتَ اَ۬لَاعْل۪ىٰۖ ﱂ
2416,20,68,16,316,طه,Ṭā-Hā,وَأَلْقِ مَا فِے يَمِينِكَ تَلَقَّفْ مَا صَنَعُوٓاْۖ إِنَّمَا صَنَعُواْ كَيْدُ سَٰحِرٖۖ وَلَا يُفْلِحُ اُ۬لسَّاحِرُ حَيْثُ أَت۪ىٰۖ ﱃ
2417,20,69,16,316,طه,Ṭā-Hā,فَأُلْقِيَ اَ۬لسَّحَرَةُ سُجَّداٗۖ قَالُوٓاْ ءَامَنَّا بِرَبِّ هَٰرُونَ وَمُوس۪ىٰۖ ﱄ
2418,20,70,16,316,طه,Ṭā-Hā,قَالَ ءَاٰ۬مَنتُمْ لَهُۥ قَبْلَ أَنَ اٰذَنَ لَكُمُۥٓ إِنَّهُۥ لَكَبِيرُكُمُ اُ۬لذِے عَلَّمَكُمُ اُ۬لسِّحْرَۖ فَلَأُقَطِّعَنَّ أَيْدِيَكُمْ وَأَرْجُلَكُم مِّنْ خِلَٰفٖ وَلَأُصَلِّبَنَّكُمْ فِے جُذُوعِ اِ۬لنَّخْلِ وَلَتَعْلَمُنَّ أَيُّنَآ أَشَدُّ عَذَاباٗ وَأَبْق۪ىٰۖ ﱅ
2419,20,71,16,316,طه,Ṭā-Hā,۞ قَالُواْ لَن نُّوثِرَكَ عَلَىٰ مَا جَآءَنَا مِنَ اَ۬لْبَيِّنَٰتِ وَالذِے فَطَرَنَاۖ فَاقْضِ مَآ أَنتَ قَاضٍۖ اِنَّمَا تَقْضِے هَٰذِهِ اِ۬لْحَيَوٰةَ اَ۬لدُّنْي۪آۖ ﱆ
2420,20,72,16,316,طه,Ṭā-Hā,إِنَّآ ءَامَنَّا بِرَبِّنَا لِيَغْفِرَ لَنَا خَطَٰيٰ۪نَا وَمَآ أَكْرَهْتَنَا عَلَيْهِ مِنَ اَ۬لسِّحْرِۖ وَاللَّهُ خَيْرٞ وَأَبْق۪ىٰٓۖ ﱇ
2421,20,73,16,316,طه,Ṭā-Hā,إِنَّهُۥ مَنْ يَّاتِ رَبَّهُۥ مُجْرِماٗ فَإِنَّ لَهُۥ جَهَنَّمَ لَا يَمُوتُ فِيهَا وَلَا يَحْي۪ىٰۖ ﱈ
2422,20,74,16,316,طه,Ṭā-Hā,وَمَنْ يَّاتِهِۦ مُومِناٗ قَدْ عَمِلَ اَ۬لصَّٰلِحَٰتِ فَأُوْلَٰٓئِكَ لَهُمُ اُ۬لدَّرَجَٰتُ اُ۬لْعُل۪ىٰۖ ﱉ
2423,20,75,16,316,طه,Ṭā-Hā,جَنَّٰتُ عَدْنٖ تَجْرِے مِن تَحْتِهَا اَ۬لَانْهَٰرُ خَٰلِدِينَ فِيهَاۖ وَذَٰلِكَ جَزَآءُ مَن تَزَكّ۪ىٰۖ ﱊ
2424,20,76,16,317,طه,Ṭā-Hā,وَلَقَدَ اَوْحَيْنَآ إِلَىٰ مُوس۪ىٰٓ أَنِ اِ۪سْرِ بِعِبَادِے فَاضْرِبْ لَهُمْ طَرِيقاٗ فِے اِ۬لْبَحْرِ يَبَساٗ لَّا تَخَٰفُ دَرَكاٗ وَلَا تَخْش۪ىٰۖ ﱋ
2425,20,77,16,317,طه,Ṭā-Hā,فَأَتْبَعَهُمْ فِرْعَوْنُ بِجُنُودِهِۦ فَغَشِيَهُم مِّنَ اَ۬لْيَمِّ مَا غَشِيَهُمْۖ وَأَضَلَّ فِرْعَوْنُ قَوْمَهُۥ وَمَا هَد۪ىٰۖ ﱌ
2426,20,78,16,317,طه,Ṭā-Hā,يَٰبَنِےٓ إِسْرَآءِيلَ قَدَ اَنجَيْنَٰكُم مِّنْ عَدُوِّكُمْ وَوَٰعَدْنَٰكُمْ جَانِبَ اَ۬لطُّورِ اِ۬لَايْمَنَ وَنَزَّلْنَا عَلَيْكُمُ اُ۬لْمَنَّ وَالسَّلْو۪ىٰۖ ﱍ
2427,20,79,16,317,طه,Ṭā-Hā,كُلُواْ مِن طَيِّبَٰتِ مَا رَزَقْنَٰكُمْ وَلَا تَطْغَوْاْ فِيهِ فَيَحِلَّ عَلَيْكُمْ غَضَبِےۖ وَمَنْ يَّحْلِلْ عَلَيْهِ غَضَبِے فَقَدْ هَو۪ىٰۖ ﱎ
2428,20,80,16,317,طه,Ṭā-Hā,وَإِنِّے لَغَفَّارٞ لِّمَن تَابَ وَءَامَنَ وَعَمِلَ صَٰلِحاٗ ثُمَّ اَ۪هْتَد۪ىٰۖ ﱏ
2429,20,81,16,317,طه,Ṭā-Hā,۞ وَمَآ أَعْجَلَكَ عَن قَوْمِكَ يَٰمُوس۪ىٰۖ ﱐ
2430,20,82,16,317,طه,Ṭā-Hā,قَالَ هُمُۥٓ أُوْلَآءِ عَلَىٰٓ أَثَرِے وَعَجِلْتُ إِلَيْكَ رَبِّ لِتَرْض۪ىٰۖ ﱑ
2431,20,83,16,317,طه,Ṭā-Hā,قَالَ فَإِنَّا قَدْ فَتَنَّا قَوْمَكَ مِنۢ بَعْدِكَ وَأَضَلَّهُمُ اُ۬لسَّامِرِيُّۖ ﱒ
2432,20,84,16,317,طه,Ṭā-Hā,فَرَجَعَ مُوس۪ىٰٓ إِلَىٰ قَوْمِهِۦ غَضْبَٰنَ أَسِفاٗۖ قَالَ يَٰقَوْمِ أَلَمْ يَعِدْكُمْ رَبُّكُمْ وَعْداً حَسَناًۖ ﱓ
2433,20,85,16,317,طه,Ṭā-Hā,اَفَطَالَ عَلَيْكُمُ اُ۬لْعَهْدُ أَمَ اَرَدتُّمُۥٓ أَنْ يَّحِلَّ عَلَيْكُمْ غَضَبٞ مِّن رَّبِّكُمْ فَأَخْلَفْتُم مَّوْعِدِےۖ ﱔ
2434,20,86,16,317-318,طه,Ṭā-Hā,قَالُواْ مَآ أَخْلَفْنَا مَوْعِدَكَ بِمَلْكِنَا وَلَٰكِنَّا حُمِّلْنَآ أَوْزَاراٗ مِّن زِينَةِ اِ۬لْقَوْمِ فَقَذَفْنَٰهَا فَكَذَٰلِكَ أَلْقَى اَ۬لسَّامِرِيُّۖ  فَأَخْرَجَ لَهُمْ عِجْلاٗ جَسَداٗ لَّهُۥ خُوَارٞ فَقَالُواْ هَٰذَآ إِلَٰهُكُمْ وَإِلَٰهُ مُوس۪ىٰ فَنَسِيَۖ ﱕ
2435,20,87,16,318,طه,Ṭā-Hā,أَفَلَا يَرَوْنَ أَلَّا يَرْجِعُ إِلَيْهِمْ قَوْلاٗ ﱖ
2436,20,88,16,318,طه,Ṭā-Hā,وَلَا يَمْلِكُ لَهُمْ ضَرّاٗ وَلَا نَفْعاٗۖ ﱗ
2437,20,89,16,318,طه,Ṭā-Hā,وَلَقَدْ قَالَ لَهُمْ هَٰرُونُ مِن قَبْلُ يَٰقَوْمِ إِنَّمَا فُتِنتُم بِهِۦۖ وَإِنَّ رَبَّكُمُ اُ۬لرَّحْمَٰنُ فَاتَّبِعُونِے وَأَطِيعُوٓاْ أَمْرِےۖ ﱘ
2438,20,90,16,318,طه,Ṭā-Hā,قَالُواْ لَن نَّبْرَحَ عَلَيْهِ عَٰكِفِينَ حَتَّىٰ يَرْجِعَ إِلَيْنَا مُوس۪ىٰۖ ﱙ
2439,20,91,16,318,طه,Ṭā-Hā,قَالَ يَٰهَٰرُونُ مَا مَنَعَكَ إِذْ رَأَيْتَهُمْ ضَلُّوٓاْ أَلَّا تَتَّبِعَنِۦٓ أَفَعَصَيْتَ أَمْرِےۖ ﱚ
2440,20,92,16,318,طه,Ṭā-Hā,قَالَ يَبْنَؤُمَّ لَا تَاخُذْ بِلِحْيَتِے وَلَا بِرَأْسِيَ إِنِّے خَشِيتُ أَن تَقُولَ فَرَّقْتَ بَيْنَ بَنِےٓ إِسْرَآءِيلَ وَلَمْ تَرْقُبْ قَوْلِےۖ ﱛ
2441,20,93,16,318,طه,Ṭā-Hā,قَالَ فَمَا خَطْبُكَ يَٰسَٰمِرِيُّۖ ﱜ
2442,20,94,16,318,طه,Ṭā-Hā,قَالَ بَصُرْتُ بِمَا لَمْ يَبْصُرُواْ بِهِۦ فَقَبَضْتُ قَبْضَةٗ مِّنَ اَثَرِ اِ۬لرَّسُولِ فَنَبَذْتُهَا وَكَذَٰلِكَ سَوَّلَتْ لِے نَفْسِےۖ ﱝ
2443,20,95,16,318,طه,Ṭā-Hā,۞ قَالَ فَاذْهَبْ فَإِنَّ لَكَ فِے اِ۬لْحَيَوٰةِ أَن تَقُولَ لَا مِسَاسَۖ وَإِنَّ لَكَ مَوْعِداٗ لَّن تُخْلَفَهُۥۖ وَانظُرِ اِلَىٰٓ إِلَٰهِكَ اَ۬لذِے ظَلْتَ عَلَيْهِ عَاكِفاٗ لَّنُحَرِّقَنَّهُۥ ثُمَّ لَنَنسِفَنَّهُۥ فِے اِ۬لْيَمِّ نَسْفاًۖ ﱞ
2444,20,96,16,318,طه,Ṭā-Hā,اِنَّمَآ إِلَٰهُكُمُ اُ۬للَّهُ اُ۬لذِے لَآ إِلَٰهَ إِلَّا هُوَۖ وَسِعَ كُلَّ شَےْءٍ عِلْماٗۖ ﱟ
2445,20,97,16,319,طه,Ṭā-Hā,كَذَٰلِكَ نَقُصُّ عَلَيْكَ مِنَ اَنۢبَآءِ مَا قَدْ سَبَقَۖ وَقَدَ اٰتَيْنَٰكَ مِن لَّدُنَّا ذِكْراٗۖ ﱠ
2446,20,98,16,319,طه,Ṭā-Hā,مَّنَ اَعْرَضَ عَنْهُ فَإِنَّهُۥ يَحْمِلُ يَوْمَ اَ۬لْقِيَٰمَةِ وِزْراً ﱡ
2447,20,99,16,319,طه,Ṭā-Hā,خَٰلِدِينَ فِيهِۖ وَسَآءَ لَهُمْ يَوْمَ اَ۬لْقِيَٰمَةِ حِمْلاٗۖ ﱢ
2448,20,100,16,319,طه,Ṭā-Hā,يَوْمَ يُنفَخُ فِے اِ۬لصُّورِ وَنَحْشُرُ اُ۬لْمُجْرِمِينَ يَوْمَئِذٖ زُرْقاٗ ﱣ
2449,20,101,16,319,طه,Ṭā-Hā,يَتَخَٰفَتُونَ بَيْنَهُمُۥٓ إِن لَّبِثْتُمُۥٓ إِلَّا عَشْراٗۖ ﱤ
2450,20,102,16,319,طه,Ṭā-Hā,نَّحْنُ أَعْلَمُ بِمَا يَقُولُونَ إِذْ يَقُولُ أَمْثَلُهُمْ طَرِيقَةً اِن لَّبِثْتُمُۥٓ إِلَّا يَوْماٗۖ ﱥ
2451,20,103,16,319,طه,Ṭā-Hā,وَيَسْـَٔلُونَكَ عَنِ اِ۬لْجِبَالِ فَقُلْ يَنسِفُهَا رَبِّے نَسْفاٗ ﱦ
2452,20,104,16,319,طه,Ṭā-Hā,فَيَذَرُهَا قَاعاٗ صَفْصَفاٗ لَّا تَر۪ىٰ فِيهَا عِوَجاٗ وَلَآ أَمْتاٗۖ ﱧ
2453,20,105,16,319,طه,Ṭā-Hā,يَوْمَئِذٖ يَتَّبِعُونَ اَ۬لدَّاعِيَ لَا عِوَجَ لَهُۥۖ وَخَشَعَتِ اِ۬لَاصْوَاتُ لِلرَّحْمَٰنِ فَلَا تَسْمَعُ إِلَّا هَمْساٗۖ ﱨ
2454,20,106,16,319,طه,Ṭā-Hā,يَوْمَئِذٖ لَّا تَنفَعُ اُ۬لشَّفَٰعَةُ إِلَّا مَنَ اَذِنَ لَهُ اُ۬لرَّحْمَٰنُ وَرَضِيَ لَهُۥ قَوْلاٗۖ ﱩ
2455,20,107,16,319,طه,Ṭā-Hā,يَعْلَمُ مَا بَيْنَ أَيْدِيهِمْ وَمَا خَلْفَهُمْ وَلَا يُحِيطُونَ بِهِۦ عِلْماٗۖ ﱪ
2456,20,108,16,319,طه,Ṭā-Hā,۞ وَعَنَتِ اِ۬لْوُجُوهُ لِلْحَيِّ اِ۬لْقَيُّومِۖ وَقَدْ خَابَ مَنْ حَمَلَ ظُلْماٗۖ ﱫ
2457,20,109,16,319,طه,Ṭā-Hā,وَمَنْ يَّعْمَلْ مِنَ اَ۬لصَّٰلِحَٰتِ وَهُوَ مُومِنٞ فَلَا يَخَافُ ظُلْماٗ وَلَا هَضْماٗۖ ﱬ
2458,20,110,16,319,طه,Ṭā-Hā,وَكَذَٰلِكَ أَنزَلْنَٰهُ قُرْءَاناً عَرَبِيّاٗ وَصَرَّفْنَا فِيهِ مِنَ اَ۬لْوَعِيدِ لَعَلَّهُمْ يَتَّقُونَ أَوْ يُحْدِثُ لَهُمْ ذِكْراٗۖ ﱭ
2459,20,111,16,320,طه,Ṭā-Hā,فَتَعَٰلَى اَ۬للَّهُ اُ۬لْمَلِكُ اُ۬لْحَقُّۖ وَلَا تَعْجَلْ بِالْقُرْءَانِ مِن قَبْلِ أَنْ يُّقْض۪ىٰٓ إِلَيْكَ وَحْيُهُۥۖ وَقُل رَّبِّ زِدْنِے عِلْماٗۖ ﱮ
2460,20,112,16,320,طه,Ṭā-Hā,وَلَقَدْ عَهِدْنَآ إِلَىٰٓ ءَادَمَ مِن قَبْلُ فَنَسِيَ وَلَمْ نَجِدْ لَهُۥ عَزْماٗۖ ﱯ
2461,20,113,16,320,طه,Ṭā-Hā,وَإِذْ قُلْنَا لِلْمَلَٰٓئِكَةِ اِ۟سْجُدُواْ لِأٓدَمَ فَسَجَدُوٓاْۖ إِلَّآ إِبْلِيسَ أَب۪ىٰۖ ﱰ
2462,20,114,16,320,طه,Ṭā-Hā,فَقُلْنَا يَٰٓـَٔادَمُ إِنَّ هَٰذَا عَدُوّٞ لَّكَ وَلِزَوْجِكَ فَلَا يُخْرِجَنَّكُمَا مِنَ اَ۬لْجَنَّةِ فَتَشْق۪ىٰٓۖ ﱱ
2463,20,115,16,320,طه,Ṭā-Hā,إِنَّ لَكَ أَلَّا تَجُوعَ فِيهَا وَلَا تَعْر۪ىٰۖ ﱲ
2464,20,116,16,320,طه,Ṭā-Hā,وَإِنَّكَ لَا تَظْمَؤُاْ فِيهَا وَلَا تَضْح۪ىٰۖ ﱳ
2465,20,117,16,320,طه,Ṭā-Hā,فَوَسْوَسَ إِلَيْهِ اِ۬لشَّيْطَٰنُۖ قَالَ يَٰٓـَٔادَمُ هَلَ اَدُلُّكَ عَلَىٰ شَجَرَةِ اِ۬لْخُلْدِ وَمُلْكٖ لَّا يَبْل۪ىٰۖ ﱴ
2466,20,118,16,320,طه,Ṭā-Hā,فَأَكَلَا مِنْهَا فَبَدَتْ لَهُمَا سَوْءَٰتُهُمَا وَطَفِقَا يَخْصِفَٰنِ عَلَيْهِمَا مِنْ وَّرَقِ اِ۬لْجَنَّةِۖ وَعَص۪ىٰٓ ءَادَمُ رَبَّهُۥ فَغَو۪ىٰۖ ﱵ
2467,20,119,16,320,طه,Ṭā-Hā,ثُمَّ اَ۪جْتَبٰ۪هُ رَبُّهُۥ فَتَابَ عَلَيْهِ وَهَد۪ىٰۖ ﱶ
2468,20,120,16,320,طه,Ṭā-Hā,قَالَ اَ۪هْبِطَا مِنْهَا جَمِيعاَۢۖ بَعْضُكُمْ لِبَعْضٍ عَدُوّٞۖ فَإِمَّا يَاتِيَنَّكُم مِّنِّے هُدىٗ ﱷ
2469,20,121,16,320,طه,Ṭā-Hā,فَمَنِ اِ۪تَّبَعَ هُد۪ايَ فَلَا يَضِلُّ وَلَا يَشْق۪ىٰۖ ﱸ
2470,20,122,16,320,طه,Ṭā-Hā,وَمَنَ اَعْرَضَ عَن ذِكْرِے فَإِنَّ لَهُۥ مَعِيشَةٗ ضَنكاٗ وَنَحْشُرُهُۥ يَوْمَ اَ۬لْقِيَٰمَةِ أَعْم۪ىٰۖ ﱹ
2471,20,123,16,320,طه,Ṭā-Hā,قَالَ رَبِّ لِمَ حَشَرْتَنِيَ أَعْم۪ىٰ وَقَدْ كُنتُ بَصِيراٗۖ ﱺ
2472,20,124,16,321,طه,Ṭā-Hā,۞ قَالَ كَذَٰلِكَ أَتَتْكَ ءَايَٰتُنَا فَنَسِيتَهَاۖ وَكَذَٰلِكَ اَ۬لْيَوْمَ تُنس۪ىٰۖ ﱻ
2473,20,125,16,321,طه,Ṭā-Hā,وَكَذَٰلِكَ نَجْزِے مَنَ اَسْرَفَ وَلَمْ يُومِنۢ بِـَٔايَٰتِ رَبِّهِۦۖ وَلَعَذَابُ اُ۬لَاخِرَةِ أَشَدُّ وَأَبْق۪ىٰٓۖ ﱼ
2474,20,126,16,321,طه,Ṭā-Hā,أَفَلَمْ يَهْدِ لَهُمْ كَمَ اَهْلَكْنَا قَبْلَهُم مِّنَ اَ۬لْقُرُونِ يَمْشُونَ فِے مَسَٰكِنِهِمُۥٓۖ إِنَّ فِے ذَٰلِكَ لَأٓيَٰتٖ لِّأُوْلِے اِ۬لنُّه۪ىٰۖ ﱽ
2475,20,127,16,321,طه,Ṭā-Hā,وَلَوْلَا كَلِمَةٞ سَبَقَتْ مِن رَّبِّكَ لَكَانَ لِزَاماٗ وَأَجَلٞ مُّسَمّىٗۖ ﱾ
2476,20,128,16,321,طه,Ṭā-Hā,فَاصْبِرْ عَلَىٰ مَا يَقُولُونَۖ وَسَبِّحْ بِحَمْدِ رَبِّكَ قَبْلَ طُلُوعِ اِ۬لشَّمْسِ وَقَبْلَ غُرُوبِهَاۖ وَمِنَ اٰنَآءِےْ اِ۬ليْلِ فَسَبِّحْ وَأَطْرَافَ اَ۬لنَّه۪ارِ لَعَلَّكَ تَرْض۪ىٰۖ ﱿ
2477,20,129,16,321,طه,Ṭā-Hā,وَلَا تَمُدَّنَّ عَيْنَيْكَ إِلَىٰ مَا مَتَّعْنَا بِهِۦٓ أَزْوَٰجاٗ مِّنْهُمْ زَهْرَةَ اَ۬لْحَيَوٰةِ اِ۬لدُّنْي۪ا ﲀ
2478,20,130,16,321,طه,Ṭā-Hā,لِنَفْتِنَهُمْ فِيهِۖ وَرِزْقُ رَبِّكَ خَيْرٞ وَأَبْق۪ىٰۖ ﲁ
2479,20,131,16,321,طه,Ṭā-Hā,وَامُرَ اَهْلَكَ بِالصَّلَوٰةِ وَاصْطَبِرْ عَلَيْهَاۖ لَا نَسْـَٔلُكَ رِزْقاٗۖ نَّحْنُ نَرْزُقُكَۖ وَالْعَٰقِبَةُ لِلتَّقْو۪ىٰۖ ﲂ
2480,20,132,16,321,طه,Ṭā-Hā,وَقَالُواْ لَوْلَا يَاتِينَا بِـَٔايَةٖ مِّن رَّبِّهِۦٓۖ أَوَلَمْ تَاتِهِم بَيِّنَةُ مَا فِے اِ۬لصُّحُفِ اِ۬لُاول۪ىٰۖ ﲃ
2481,20,133,16,321,طه,Ṭā-Hā,وَلَوَ اَنَّآ أَهْلَكْنَٰهُم بِعَذَابٖ مِّن قَبْلِهِۦ لَقَالُواْ رَبَّنَا لَوْلَآ أَرْسَلْتَ إِلَيْنَا رَسُولاٗ فَنَتَّبِعَ ءَايَٰتِكَ مِن قَبْلِ أَن نَّذِلَّ وَنَخْز۪ىٰۖ ﲄ
2482,20,134,16,321,طه,Ṭā-Hā,قُلْ كُلّٞ مُّتَرَبِّصٞ فَتَرَبَّصُواْۖ فَسَتَعْلَمُونَ مَنَ اَصْحَٰبُ اُ۬لصِّرَٰطِ اِ۬لسَّوِيِّ وَمَنِ اِ۪هْتَدَىۖ ﲅ
2483,21,1,17,322,الأنبيَاء,Al-Anbiyā’,اَ۪قْتَرَبَ لِلنَّاسِ حِسَابُهُمْ وَهُمْ فِے غَفْلَةٖ مُّعْرِضُونَۖ ﰀ
2484,21,2,17,322,الأنبيَاء,Al-Anbiyā’,مَا يَاتِيهِم مِّن ذِكْرٖ مِّن رَّبِّهِم مُّحْدَثٍ اِلَّا اَ۪سْتَمَعُوهُ وَهُمْ يَلْعَبُونَ ﰁ
2485,21,3,17,322,الأنبيَاء,Al-Anbiyā’,لَٰهِيَةٗ قُلُوبُهُمْۖ وَأَسَرُّواْ اُ۬لنَّجْوَى اَ۬لذِينَ ظَلَمُواْ هَلْ هَٰذَآ إِلَّا بَشَرٞ مِّثْلُكُمُۥٓۖ أَفَتَاتُونَ اَ۬لسِّحْرَ وَأَنتُمْ تُبْصِرُونَۖ ﰂ
2486,21,4,17,322,الأنبيَاء,Al-Anbiyā’,قُل رَّبِّے يَعْلَمُ اُ۬لْقَوْلَ فِے اِ۬لسَّمَآءِ وَالَارْضِۖ وَهُوَ اَ۬لسَّمِيعُ اُ۬لْعَلِيمُۖ ﰃ
2487,21,5,17,322,الأنبيَاء,Al-Anbiyā’,بَلْ قَالُوٓاْ أَضْغَٰثُ أَحْلَٰمِۢ بَلِ اِ۪فْتَر۪يٰهُ بَلْ هُوَ شَاعِرٞۖ فَلْيَاتِنَا بِـَٔايَةٖ كَمَآ أُرْسِلَ اَ۬لَاوَّلُونَۖ ﰄ
2488,21,6,17,322,الأنبيَاء,Al-Anbiyā’,مَآ ءَامَنَتْ قَبْلَهُم مِّن قَرْيَةٍ اَهْلَكْنَٰهَآۖ أَفَهُمْ يُومِنُونَۖ ﰅ
2489,21,7,17,322,الأنبيَاء,Al-Anbiyā’,وَمَآ أَرْسَلْنَا قَبْلَكَ إِلَّا رِجَالاٗ يُوح۪ىٰٓ إِلَيْهِمْ فَسْـَٔلُوٓاْ أَهْلَ اَ۬لذِّكْرِ إِن كُنتُمْ لَا تَعْلَمُونَۖ ﰆ
2490,21,8,17,322,الأنبيَاء,Al-Anbiyā’,وَمَا جَعَلْنَٰهُمْ جَسَداٗ لَّا يَاكُلُونَ اَ۬لطَّعَامَۖ وَمَا كَانُواْ خَٰلِدِينَۖ ﰇ
2491,21,9,17,322,الأنبيَاء,Al-Anbiyā’,ثُمَّ صَدَقْنَٰهُمُ اُ۬لْوَعْدَ فَأَنجَيْنَٰهُمْ وَمَن نَّشَآءُ وَأَهْلَكْنَا اَ۬لْمُسْرِفِينَۖ ﰈ
2492,21,10,17,322,الأنبيَاء,Al-Anbiyā’,لَقَدَ اَنزَلْنَآ إِلَيْكُمْ كِتَٰباٗ فِيهِ ذِكْرُكُمُۥٓۖ أَفَلَا تَعْقِلُونَۖ ﰉ
2493,21,11,17,323,الأنبيَاء,Al-Anbiyā’,وَكَمْ قَصَمْنَا مِن قَرْيَةٖ كَانَت ظَّالِمَةٗ وَأَنشَأْنَا بَعْدَهَا قَوْماً اٰخَرِينَۖ ﰊ
2494,21,12,17,323,الأنبيَاء,Al-Anbiyā’,فَلَمَّآ أَحَسُّواْ بَأْسَنَآ إِذَا هُم مِّنْهَا يَرْكُضُونَۖ ﰋ
2495,21,13,17,323,الأنبيَاء,Al-Anbiyā’,لَا تَرْكُضُواْ وَارْجِعُوٓاْ إِلَىٰ مَآ أُتْرِفْتُمْ فِيهِ وَمَسَٰكِنِكُمْ لَعَلَّكُمْ تُسْـَٔلُونَۖ ﰌ
2496,21,14,17,323,الأنبيَاء,Al-Anbiyā’,قَالُواْ يَٰوَيْلَنَآ إِنَّا كُنَّا ظَٰلِمِينَۖ ﰍ
2497,21,15,17,323,الأنبيَاء,Al-Anbiyā’,۞ فَمَا زَالَت تِّلْكَ دَعْو۪يٰهُمْ حَتَّىٰ جَعَلْنَٰهُمْ حَصِيداً خَٰمِدِينَۖ ﰎ
2498,21,16,17,323,الأنبيَاء,Al-Anbiyā’,وَمَا خَلَقْنَا اَ۬لسَّمَآءَ وَالَارْضَ وَمَا بَيْنَهُمَا لَٰعِبِينَۖ ﰏ
2499,21,17,17,323,الأنبيَاء,Al-Anbiyā’,لَوَ اَرَدْنَآ أَن نَّتَّخِذَ لَهْواٗ لَّاتَّخَذْنَٰهُ مِن لَّدُنَّآۖ إِن كُنَّا فَٰعِلِينَۖ ﰐ
2500,21,18,17,323,الأنبيَاء,Al-Anbiyā’,بَلْ نَقْذِفُ بِالْحَقِّ عَلَى اَ۬لْبَٰطِلِ فَيَدْمَغُهُۥ فَإِذَا هُوَ زَاهِقٞۖ وَلَكُمُ اُ۬لْوَيْلُ مِمَّا تَصِفُونَۖ ﰑ
2501,21,19,17,323,الأنبيَاء,Al-Anbiyā’,وَلَهُۥ مَن فِے اِ۬لسَّمَٰوَٰتِ وَالَارْضِۖ وَمَنْ عِندَهُۥ لَا يَسْتَكْبِرُونَ عَنْ عِبَادَتِهِۦ وَلَا يَسْتَحْسِرُونَۖ ﰒ
2502,21,20,17,323,الأنبيَاء,Al-Anbiyā’,يُسَبِّحُونَ اَ۬ليْلَ وَالنَّهَارَ لَا يَفْتُرُونَۖ ﰓ
2503,21,21,17,323,الأنبيَاء,Al-Anbiyā’,أَمِ اِ۪تَّخَذُوٓاْ ءَالِهَةٗ مِّنَ اَ۬لَارْضِ هُمْ يُنشِرُونَۖ ﰔ
2504,21,22,17,323,الأنبيَاء,Al-Anbiyā’,لَوْ كَانَ فِيهِمَآ ءَالِهَةٌ اِلَّا اَ۬للَّهُ لَفَسَدَتَاۖ فَسُبْحَٰنَ اَ۬للَّهِ رَبِّ اِ۬لْعَرْشِ عَمَّا يَصِفُونَۖ ﰕ
2505,21,23,17,323,الأنبيَاء,Al-Anbiyā’,لَا يُسْـَٔلُ عَمَّا يَفْعَلُۖ وَهُمْ يُسْـَٔلُونَۖ ﰖ
2506,21,24,17,323,الأنبيَاء,Al-Anbiyā’,أَمِ اِ۪تَّخَذُواْ مِن دُونِهِۦٓ ءَالِهَةٗۖ قُلْ هَاتُواْ بُرْهَٰنَكُمْۖ هَٰذَا ذِكْرُ مَن مَّعِے وَذِكْرُ مَن قَبْلِےۖ بَلَ اَكْثَرُهُمْ لَا يَعْلَمُونَ اَ۬لْحَقَّ فَهُم مُّعْرِضُونَۖ ﰗ
2507,21,25,17,324,الأنبيَاء,Al-Anbiyā’,وَمَآ أَرْسَلْنَا مِن قَبْلِكَ مِن رَّسُولٍ اِلَّا يُوح۪ىٰٓ إِلَيْهِ أَنَّهُۥ لَآ إِلَٰهَ إِلَّآ أَنَا فَاعْبُدُونِۖ ﰘ
2508,21,26,17,324,الأنبيَاء,Al-Anbiyā’,وَقَالُواْ اُ۪تَّخَذَ اَ۬لرَّحْمَٰنُ وَلَداٗۖ سُبْحَٰنَهُۥۖ بَلْ عِبَادٞ مُّكْرَمُونَۖ ﰙ
2509,21,27,17,324,الأنبيَاء,Al-Anbiyā’,لَا يَسْبِقُونَهُۥ بِالْقَوْلِ وَهُم بِأَمْرِهِۦ يَعْمَلُونَۖ ﰚ
2510,21,28,17,324,الأنبيَاء,Al-Anbiyā’,يَعْلَمُ مَا بَيْنَ أَيْدِيهِمْ وَمَا خَلْفَهُمْۖ وَلَا يَشْفَعُونَ إِلَّا لِمَنِ اِ۪رْتَض۪ىٰ وَهُم مِّنْ خَشْيَتِهِۦ مُشْفِقُونَۖ ﰛ
2511,21,29,17,324,الأنبيَاء,Al-Anbiyā’,وَمَنْ يَّقُلْ مِنْهُمُۥٓ إِنِّيَ إِلَٰهٞ مِّن دُونِهِۦ فَذَٰلِكَ نَجْزِيهِ جَهَنَّمَۖ كَذَٰلِكَ نَجْزِے اِ۬لظَّٰلِمِينَۖ ﰜ
2512,21,30,17,324,الأنبيَاء,Al-Anbiyā’,۞ أَوَلَمْ يَرَ اَ۬لذِينَ كَفَرُوٓاْ أَنَّ اَ۬لسَّمَٰوَٰتِ وَالَارْضَ كَانَتَا رَتْقاٗ فَفَتَقْنَٰهُمَاۖ وَجَعَلْنَا مِنَ اَ۬لْمَآءِ كُلَّ شَےْءٍ حَيٍّۖ اَفَلَا يُومِنُونَۖ ﰝ
2513,21,31,17,324,الأنبيَاء,Al-Anbiyā’,وَجَعَلْنَا فِے اِ۬لَارْضِ رَوَٰسِيَ أَن تَمِيدَ بِهِمْۖ وَجَعَلْنَا فِيهَا فِجَاجاٗ سُبُلاٗ لَّعَلَّهُمْ يَهْتَدُونَۖ ﰞ
2514,21,32,17,324,الأنبيَاء,Al-Anbiyā’,وَجَعَلْنَا اَ۬لسَّمَآءَ سَقْفاٗ مَّحْفُوظاٗۖ وَهُمْ عَنَ اٰيَٰتِهَا مُعْرِضُونَۖ ﰟ
2515,21,33,17,324,الأنبيَاء,Al-Anbiyā’,وَهُوَ اَ۬لذِے خَلَقَ اَ۬ليْلَ وَالنَّهَارَ وَالشَّمْسَ وَالْقَمَرَۖ كُلّٞ فِے فَلَكٖ يَسْبَحُونَۖ ﰠ
2516,21,34,17,324,الأنبيَاء,Al-Anbiyā’,وَمَا جَعَلْنَا لِبَشَرٖ مِّن قَبْلِكَ اَ۬لْخُلْدَۖ أَفَإِيْن مِّتَّ فَهُمُ اُ۬لْخَٰلِدُونَۖ ﰡ
2517,21,35,17,324,الأنبيَاء,Al-Anbiyā’,كُلُّ نَفْسٖ ذَآئِقَةُ اُ۬لْمَوْتِۖ وَنَبْلُوكُم بِالشَّرِّ وَالْخَيْرِ فِتْنَةٗۖ وَإِلَيْنَا تُرْجَعُونَۖ ﰢ
2518,21,36,17,325,الأنبيَاء,Al-Anbiyā’,وَإِذَا ر۪ء۪اكَ اَ۬لذِينَ كَفَرُوٓاْ إِنْ يَّتَّخِذُونَكَ إِلَّا هُزُؤاًۖ اَهَٰذَا اَ۬لذِے يَذْكُرُ ءَالِهَتَكُمْ وَهُم بِذِكْرِ اِ۬لرَّحْمَٰنِ هُمْ كَٰفِرُونَۖ ﰣ
2519,21,37,17,325,الأنبيَاء,Al-Anbiyā’,خُلِقَ اَ۬لِانسَٰنُ مِنْ عَجَلٖۖ سَأُوْرِيكُمُۥٓ ءَايَٰتِے فَلَا تَسْتَعْجِلُونِۖ ﰤ
2520,21,38,17,325,الأنبيَاء,Al-Anbiyā’,وَيَقُولُونَ مَت۪ىٰ هَٰذَا اَ۬لْوَعْدُ إِن كُنتُمْ صَٰدِقِينَۖ ﰥ
2521,21,39,17,325,الأنبيَاء,Al-Anbiyā’,لَوْ يَعْلَمُ اُ۬لذِينَ كَفَرُواْ حِينَ لَا يَكُفُّونَ عَنْ وُّجُوهِهِمُ اُ۬لنَّارَ وَلَا عَن ظُهُورِهِمْ وَلَا هُمْ يُنصَرُونَۖ ﰦ
2522,21,40,17,325,الأنبيَاء,Al-Anbiyā’,بَلْ تَاتِيهِم بَغْتَةٗ فَتَبْهَتُهُمْ فَلَا يَسْتَطِيعُونَ رَدَّهَا وَلَا هُمْ يُنظَرُونَۖ ﰧ
2523,21,41,17,325,الأنبيَاء,Al-Anbiyā’,وَلَقَدُ اُ۟سْتُهْزِۓَ بِرُسُلٖ مِّن قَبْلِكَ فَحَاقَ بِالذِينَ سَخِرُواْ مِنْهُم مَّا كَانُواْ بِهِۦ يَسْتَهْزِءُونَۖ ﰨ
2524,21,42,17,325,الأنبيَاء,Al-Anbiyā’,۞ قُلْ مَنْ يَّكْلَؤُكُم بِاليْلِ وَالنَّه۪ارِ مِنَ اَ۬لرَّحْمَٰنِۖ بَلْ هُمْ عَن ذِكْرِ رَبِّهِم مُّعْرِضُونَۖ ﰩ
2525,21,43,17,325,الأنبيَاء,Al-Anbiyā’,أَمْ لَهُمُۥٓ ءَالِهَةٞ تَمْنَعُهُم مِّن دُونِنَاۖ لَا يَسْتَطِيعُونَ نَصْرَ أَنفُسِهِمْ وَلَا هُم مِّنَّا يُصْحَبُونَۖ ﰪ
2526,21,44,17,325,الأنبيَاء,Al-Anbiyā’,بَلْ مَتَّعْنَا هَٰٓؤُلَآءِ وَءَابَآءَهُمْ حَتَّىٰ طَالَ عَلَيْهِمُ اُ۬لْعُمُرُۖ أَفَلَا يَرَوْنَ أَنَّا نَاتِے اِ۬لَارْضَ نَنقُصُهَا مِنَ اَطْرَافِهَآۖ أَفَهُمُ اُ۬لْغَٰلِبُونَۖ ﰫ
2527,21,45,17,326,الأنبيَاء,Al-Anbiyā’,قُلِ اِنَّمَآ أُنذِرُكُم بِالْوَحْيِۖ وَلَا يَسْمَعُ اُ۬لصُّمُّ اُ۬لدُّعَآءَ ا۪ذَا مَا يُنذَرُونَۖ ﰬ
2528,21,46,17,326,الأنبيَاء,Al-Anbiyā’,وَلَئِن مَّسَّتْهُمْ نَفْحَةٞ مِّنْ عَذَابِ رَبِّكَ لَيَقُولُنَّ يَٰوَيْلَنَآ إِنَّا كُنَّا ظَٰلِمِينَۖ ﰭ
2529,21,47,17,326,الأنبيَاء,Al-Anbiyā’,وَنَضَعُ اُ۬لْمَوَٰزِينَ اَ۬لْقِسْطَ لِيَوْمِ اِ۬لْقِيَٰمَةِ فَلَا تُظْلَمُ نَفْسٞ شَئْاٗۖ وَإِن كَانَ مِثْقَالُ حَبَّةٖ مِّنْ خَرْدَلٍ اَتَيْنَا بِهَا وَكَف۪ىٰ بِنَا حَٰسِبِينَۖ ﰮ
2530,21,48,17,326,الأنبيَاء,Al-Anbiyā’,وَلَقَدَ اٰتَيْنَا مُوس۪ىٰ وَهَٰرُونَ اَ۬لْفُرْقَانَ وَضِيَآءٗ وَذِكْراٗ لِّلْمُتَّقِينَ ﰯ
2531,21,49,17,326,الأنبيَاء,Al-Anbiyā’,اَ۬لذِينَ يَخْشَوْنَ رَبَّهُم بِالْغَيْبِ وَهُم مِّنَ اَ۬لسَّاعَةِ مُشْفِقُونَۖ ﰰ
2532,21,50,17,326,الأنبيَاء,Al-Anbiyā’,وَهَٰذَا ذِكْرٞ مُّبَٰرَكٌ اَنزَلْنَٰهُۖ أَفَأَنتُمْ لَهُۥ مُنكِرُونَۖ ﰱ
2533,21,51,17,326,الأنبيَاء,Al-Anbiyā’,۞ وَلَقَدَ اٰتَيْنَآ إِبْرَٰهِيمَ رُشْدَهُۥ مِن قَبْلُ وَكُنَّا بِهِۦ عَٰلِمِينَۖ ﰲ
2534,21,52,17,326,الأنبيَاء,Al-Anbiyā’,إِذْ قَالَ لِأَبِيهِ وَقَوْمِهِۦ مَا هَٰذِهِ اِ۬لتَّمَاثِيلُ اُ۬لتِےٓ أَنتُمْ لَهَا عَٰكِفُونَۖ ﰳ
2535,21,53,17,326,الأنبيَاء,Al-Anbiyā’,قَالُواْ وَجَدْنَآ ءَابَآءَنَا لَهَا عَٰبِدِينَۖ ﰴ
2536,21,54,17,326,الأنبيَاء,Al-Anbiyā’,قَالَ لَقَدْ كُنتُمُۥٓ أَنتُمْ وَءَابَآؤُكُمْ فِے ضَلَٰلٖ مُّبِينٖۖ ﰵ
2537,21,55,17,326,الأنبيَاء,Al-Anbiyā’,قَالُوٓاْ أَجِئْتَنَا بِالْحَقِّ أَمَ اَنتَ مِنَ اَ۬للَّٰعِبِينَۖ ﰶ
2538,21,56,17,326,الأنبيَاء,Al-Anbiyā’,قَالَ بَل رَّبُّكُمْ رَبُّ اُ۬لسَّمَٰوَٰتِ وَالَارْضِ اِ۬لذِے فَطَرَهُنَّۖ وَأَنَا عَلَىٰ ذَٰلِكُم مِّنَ اَ۬لشَّٰهِدِينَۖ ﰷ
2539,21,57,17,326,الأنبيَاء,Al-Anbiyā’,وَتَاللَّهِ لَأَكِيدَنَّ أَصْنَٰمَكُم بَعْدَ أَن تُوَلُّواْ مُدْبِرِينَۖ ﰸ
2540,21,58,17,327,الأنبيَاء,Al-Anbiyā’,فَجَعَلَهُمْ جُذَٰذاً اِلَّا كَبِيراٗ لَّهُمْ لَعَلَّهُمُۥٓ إِلَيْهِ يَرْجِعُونَۖ ﰹ
2541,21,59,17,327,الأنبيَاء,Al-Anbiyā’,قَالُواْ مَن فَعَلَ هَٰذَا بِـَٔالِهَتِنَآ إِنَّهُۥ لَمِنَ اَ۬لظَّٰلِمِينَۖ ﰺ
2542,21,60,17,327,الأنبيَاء,Al-Anbiyā’,قَالُواْ سَمِعْنَا فَتىٗ يَذْكُرُهُمْ يُقَالُ لَهُۥٓ إِبْرَٰهِيمُۖ ﰻ
2543,21,61,17,327,الأنبيَاء,Al-Anbiyā’,قَالُواْ فَاتُواْ بِهِۦ عَلَىٰٓ أَعْيُنِ اِ۬لنَّاسِ لَعَلَّهُمْ يَشْهَدُونَۖ ﰼ
2544,21,62,17,327,الأنبيَاء,Al-Anbiyā’,قَالُوٓاْ ءَآنتَ فَعَلْتَ هَٰذَا بِـَٔالِهَتِنَا يَٰٓإِبْرَٰهِيمُۖ ﰽ
2545,21,63,17,327,الأنبيَاء,Al-Anbiyā’,قَالَ بَلْ فَعَلَهُۥ كَبِيرُهُمْ هَٰذَا فَسْـَٔلُوهُمُۥٓ إِن كَانُواْ يَنطِقُونَۖ ﰾ
2546,21,64,17,327,الأنبيَاء,Al-Anbiyā’,فَرَجَعُوٓاْ إِلَىٰٓ أَنفُسِهِمْ فَقَالُوٓاْ إِنَّكُمُۥٓ أَنتُمُ اُ۬لظَّٰلِمُونَۖ ﰿ
2547,21,65,17,327,الأنبيَاء,Al-Anbiyā’,ثُمَّ نُكِسُواْ عَلَىٰ رُءُوسِهِمْۖ لَقَدْ عَلِمْتَ مَا هَٰٓؤُلَآءِ يَنطِقُونَۖ ﱀ
2548,21,66,17,327,الأنبيَاء,Al-Anbiyā’,قَالَ أَفَتَعْبُدُونَ مِن دُونِ اِ۬للَّهِ مَا لَا يَنفَعُكُمْ شَئْاٗ وَلَا يَضُرُّكُمُۥٓۖ أُفّٖ لَّكُمْ وَلِمَا تَعْبُدُونَ مِن دُونِ اِ۬للَّهِۖ أَفَلَا تَعْقِلُونَۖ ﱁ
2549,21,67,17,327,الأنبيَاء,Al-Anbiyā’,قَالُواْ حَرِّقُوهُ وَانصُرُوٓاْ ءَالِهَتَكُمُۥٓ إِن كُنتُمْ فَٰعِلِينَۖ ﱂ
2550,21,68,17,327,الأنبيَاء,Al-Anbiyā’,قُلْنَا يَٰنَارُ كُونِے بَرْداٗ وَسَلَٰماً عَلَىٰٓ إِبْرَٰهِيمَۖ ﱃ
2551,21,69,17,327,الأنبيَاء,Al-Anbiyā’,وَأَرَادُواْ بِهِۦ كَيْداٗ فَجَعَلْنَٰهُمُ اُ۬لَاخْسَرِينَۖ ﱄ
2552,21,70,17,327,الأنبيَاء,Al-Anbiyā’,وَنَجَّيْنَٰهُ وَلُوطاً اِلَى اَ۬لَارْضِ اِ۬لتِے بَٰرَكْنَا فِيهَا لِلْعَٰلَمِينَۖ ﱅ
2553,21,71,17,327,الأنبيَاء,Al-Anbiyā’,وَوَهَبْنَا لَهُۥٓ إِسْحَٰقَۖ وَيَعْقُوبَ نَافِلَةٗۖ وَكُلّاٗ جَعَلْنَا صَٰلِحِينَۖ ﱆ
2554,21,72,17,328,الأنبيَاء,Al-Anbiyā’,۞ وَجَعَلْنَٰهُمُۥٓ أَئِمَّةٗ يَهْدُونَ بِأَمْرِنَاۖ وَأَوْحَيْنَآ إِلَيْهِمْ فِعْلَ اَ۬لْخَيْرَٰتِ وَإِقَامَ اَ۬لصَّلَوٰةِ وَإِيتَآءَ اَ۬لزَّكَوٰةِۖ وَكَانُواْ لَنَا عَٰبِدِينَۖ ﱇ
2555,21,73,17,328,الأنبيَاء,Al-Anbiyā’,وَلُوطاً اٰتَيْنَٰهُ حُكْماٗ وَعِلْماٗۖ وَنَجَّيْنَٰهُ مِنَ اَ۬لْقَرْيَةِ اِ۬لتِے كَانَت تَّعْمَلُ اُ۬لْخَبَٰٓئِثَۖ إِنَّهُمْ كَانُواْ قَوْمَ سَوْءٖ فَٰسِقِينَۖ ﱈ
2556,21,74,17,328,الأنبيَاء,Al-Anbiyā’,وَأَدْخَلْنَٰهُ فِے رَحْمَتِنَآۖ إِنَّهُۥ مِنَ اَ۬لصَّٰلِحِينَۖ ﱉ
2557,21,75,17,328,الأنبيَاء,Al-Anbiyā’,وَنُوحاً اِذْ نَاد۪ىٰ مِن قَبْلُ فَاسْتَجَبْنَا لَهُۥ فَنَجَّيْنَٰهُ وَأَهْلَهُۥ مِنَ اَ۬لْكَرْبِ اِ۬لْعَظِيمِۖ ﱊ
2558,21,76,17,328,الأنبيَاء,Al-Anbiyā’,وَنَصَرْنَٰهُ مِنَ اَ۬لْقَوْمِ اِ۬لذِينَ كَذَّبُواْ بِـَٔايَٰتِنَآۖ إِنَّهُمْ كَانُواْ قَوْمَ سَوْءٖ فَأَغْرَقْنَٰهُمُۥٓ أَجْمَعِينَۖ ﱋ
2559,21,77,17,328,الأنبيَاء,Al-Anbiyā’,وَدَاوُۥدَ وَسُلَيْمَٰنَ إِذْ يَحْكُمَٰنِ فِے اِ۬لْحَرْثِ إِذْ نَفَشَتْ فِيهِ غَنَمُ اُ۬لْقَوْمِۖ وَكُنَّا لِحُكْمِهِمْ شَٰهِدِينَۖ ﱌ
2560,21,78,17,328,الأنبيَاء,Al-Anbiyā’,فَفَهَّمْنَٰهَا سُلَيْمَٰنَۖ وَكُلّاً اٰتَيْنَا حُكْماٗ وَعِلْماٗۖ وَسَخَّرْنَا مَعَ دَاوُۥدَ اَ۬لْجِبَالَ يُسَبِّحْنَ وَالطَّيْرَۖ وَكُنَّا فَٰعِلِينَۖ ﱍ
2561,21,79,17,328,الأنبيَاء,Al-Anbiyā’,وَعَلَّمْنَٰهُ صَنْعَةَ لَبُوسٖ لَّكُمْ لِيُحْصِنَكُم مِّنۢ بَأْسِكُمْۖ فَهَلَ اَنتُمْ شَٰكِرُونَۖ ﱎ
2562,21,80,17,328,الأنبيَاء,Al-Anbiyā’,وَلِسُلَيْمَٰنَ اَ۬لرِّيحَ عَاصِفَةٗ تَجْرِے بِأَمْرِهِۦٓ إِلَى اَ۬لَارْضِ اِ۬لتِے بَٰرَكْنَا فِيهَاۖ وَكُنَّا بِكُلِّ شَےْءٍ عَٰلِمِينَۖ ﱏ
2563,21,81,17,329,الأنبيَاء,Al-Anbiyā’,وَمِنَ اَ۬لشَّيَٰطِينِ مَنْ يَّغُوصُونَ لَهُۥ وَيَعْمَلُونَ عَمَلاٗ دُونَ ذَٰلِكَۖ وَكُنَّا لَهُمْ حَٰفِظِينَۖ ﱐ
2564,21,82,17,329,الأنبيَاء,Al-Anbiyā’,وَأَيُّوبَ إِذْ نَاد۪ىٰ رَبَّهُۥٓ أَنِّے مَسَّنِيَ اَ۬لضُّرُّ وَأَنتَ أَرْحَمُ اُ۬لرَّٰحِمِينَۖ ﱑ
2565,21,83,17,329,الأنبيَاء,Al-Anbiyā’,فَاسْتَجَبْنَا لَهُۥ فَكَشَفْنَا مَا بِهِۦ مِن ضُرّٖۖ وَءَاتَيْنَٰهُ أَهْلَهُۥ وَمِثْلَهُم مَّعَهُمْ رَحْمَةٗ مِّنْ عِندِنَا وَذِكْر۪ىٰ لِلْعَٰبِدِينَۖ ﱒ
2566,21,84,17,329,الأنبيَاء,Al-Anbiyā’,وَإِسْمَٰعِيلَ وَإِدْرِيسَ وَذَا اَ۬لْكِفْلِۖ كُلّٞ مِّنَ اَ۬لصَّٰبِرِينَۖ ﱓ
2567,21,85,17,329,الأنبيَاء,Al-Anbiyā’,وَأَدْخَلْنَٰهُمْ فِے رَحْمَتِنَآۖ إِنَّهُم مِّنَ اَ۬لصَّٰلِحِينَۖ ﱔ
2568,21,86,17,329,الأنبيَاء,Al-Anbiyā’,۞ وَذَا اَ۬لنُّونِ إِذ ذَّهَبَ مُغَٰضِباٗ فَظَنَّ أَن لَّن نَّقْدِرَ عَلَيْهِ فَنَاد۪ىٰ فِے اِ۬لظُّلُمَٰتِ أَن لَّآ إِلَٰهَ إِلَّآ أَنتَ سُبْحَٰنَكَ إِنِّے كُنتُ مِنَ اَ۬لظَّٰلِمِينَۖ ﱕ
2569,21,87,17,329,الأنبيَاء,Al-Anbiyā’,فَاسْتَجَبْنَا لَهُۥ وَنَجَّيْنَٰهُ مِنَ اَ۬لْغَمِّۖ وَكَذَٰلِكَ نُۨجِے اِ۬لْمُومِنِينَۖ ﱖ
2570,21,88,17,329,الأنبيَاء,Al-Anbiyā’,وَزَكَرِيَّآءَ ا۪ذْ نَاد۪ىٰ رَبَّهُۥ رَبِّ لَا تَذَرْنِے فَرْداٗ وَأَنتَ خَيْرُ اُ۬لْوَٰرِثِينَۖ ﱗ
2571,21,89,17,329,الأنبيَاء,Al-Anbiyā’,فَاسْتَجَبْنَا لَهُۥ وَوَهَبْنَا لَهُۥ يَحْي۪ىٰ وَأَصْلَحْنَا لَهُۥ زَوْجَهُۥٓۖ إِنَّهُمْ كَانُواْ يُسَٰرِعُونَ فِے اِ۬لْخَيْرَٰتِ وَيَدْعُونَنَا رَغَباٗ وَرَهَباٗ وَكَانُواْ لَنَا خَٰشِعِينَۖ ﱘ
2572,21,90,17,330,الأنبيَاء,Al-Anbiyā’,وَالتِےٓ أَحْصَنَتْ فَرْجَهَا فَنَفَخْنَا فِيهَا مِن رُّوحِنَا وَجَعَلْنَٰهَا وَابْنَهَآ ءَايَةٗ لِّلْعَٰلَمِينَۖ ﱙ
2573,21,91,17,330,الأنبيَاء,Al-Anbiyā’,إِنَّ هَٰذِهِۦٓ أُمَّتُكُمُۥٓ أُمَّةٗ وَٰحِدَةٗۖ وَأَنَا رَبُّكُمْ فَاعْبُدُونِۖ ﱚ
2574,21,92,17,330,الأنبيَاء,Al-Anbiyā’,وَتَقَطَّعُوٓاْ أَمْرَهُم بَيْنَهُمْۖ كُلٌّ اِلَيْنَا رَٰجِعُونَۖ ﱛ
2575,21,93,17,330,الأنبيَاء,Al-Anbiyā’,فَمَنْ يَّعْمَلْ مِنَ اَ۬لصَّٰلِحَٰتِ وَهُوَ مُومِنٞ فَلَا كُفْرَانَ لِسَعْيِهِۦۖ وَإِنَّا لَهُۥ كَٰتِبُونَۖ ﱜ
2576,21,94,17,330,الأنبيَاء,Al-Anbiyā’,وَحَرَٰمٌ عَلَىٰ قَرْيَةٍ اَهْلَكْنَٰهَآ أَنَّهُمْ لَا يَرْجِعُونَۖ ﱝ
2577,21,95,17,330,الأنبيَاء,Al-Anbiyā’,حَتَّىٰٓ إِذَا فُتِحَتْ يَاجُوجُ وَمَاجُوجُ وَهُم مِّن كُلِّ حَدَبٖ يَنسِلُونَ ﱞ
2578,21,96,17,330,الأنبيَاء,Al-Anbiyā’,وَاقْتَرَبَ اَ۬لْوَعْدُ اُ۬لْحَقُّ فَإِذَا هِيَ شَٰخِصَةٌ اَبْصَٰرُ اُ۬لذِينَ كَفَرُواْ يَٰوَيْلَنَا قَدْ كُنَّا فِے غَفْلَةٖ مِّنْ هَٰذَا بَلْ كُنَّا ظَٰلِمِينَۖ ﱟ
2579,21,97,17,330,الأنبيَاء,Al-Anbiyā’,إِنَّكُمْ وَمَا تَعْبُدُونَ مِن دُونِ اِ۬للَّهِ حَصَبُ جَهَنَّمَ أَنتُمْ لَهَا وَٰرِدُونَۖ ﱠ
2580,21,98,17,330,الأنبيَاء,Al-Anbiyā’,لَوْ كَانَ هَٰٓؤُلَآءِ اَ۟لِهَةٗ مَّا وَرَدُوهَاۖ وَكُلّٞ فِيهَا خَٰلِدُونَۖ ﱡ
2581,21,99,17,330,الأنبيَاء,Al-Anbiyā’,لَهُمْ فِيهَا زَفِيرٞ وَهُمْ فِيهَا لَا يَسْمَعُونَۖ ﱢ
2582,21,100,17,330,الأنبيَاء,Al-Anbiyā’,۞ إِنَّ اَ۬لذِينَ سَبَقَتْ لَهُم مِّنَّا اَ۬لْحُسْن۪ىٰٓ أُوْلَٰٓئِكَ عَنْهَا مُبْعَدُونَۖ ﱣ
2583,21,101,17,331,الأنبيَاء,Al-Anbiyā’,لَا يَسْمَعُونَ حَسِيسَهَا وَهُمْ فِے مَا اَ۪شْتَهَتَ اَنفُسُهُمْ خَٰلِدُونَۖ ﱤ
2584,21,102,17,331,الأنبيَاء,Al-Anbiyā’,لَا يَحْزُنُهُمُ اُ۬لْفَزَعُ اُ۬لَاكْبَرُۖ وَتَتَلَقّ۪يٰهُمُ اُ۬لْمَلَٰٓئِكَةُ هَٰذَا يَوْمُكُمُ اُ۬لذِے كُنتُمْ تُوعَدُونَۖ ﱥ
2585,21,103,17,331,الأنبيَاء,Al-Anbiyā’,يَوْمَ نَطْوِے اِ۬لسَّمَآءَ كَطَيِّ اِ۬لسِّجِلِّ لِلْكِتَٰبِۖ كَمَا بَدَأْنَآ أَوَّلَ خَلْقٖ نُّعِيدُهُۥۖ وَعْداً عَلَيْنَآۖ إِنَّا كُنَّا فَٰعِلِينَۖ ﱦ
2586,21,104,17,331,الأنبيَاء,Al-Anbiyā’,وَلَقَدْ كَتَبْنَا فِے اِ۬لزَّبُورِ مِنۢ بَعْدِ اِ۬لذِّكْرِ أَنَّ اَ۬لَارْضَ يَرِثُهَا عِبَادِيَ اَ۬لصَّٰلِحُونَۖ ﱧ
2587,21,105,17,331,الأنبيَاء,Al-Anbiyā’,إِنَّ فِے هَٰذَا لَبَلَٰغاٗ لِّقَوْمٍ عَٰبِدِينَۖ ﱨ
2588,21,106,17,331,الأنبيَاء,Al-Anbiyā’,وَمَآ أَرْسَلْنَٰكَ إِلَّا رَحْمَةٗ لِّلْعَٰلَمِينَۖ ﱩ
2589,21,107,17,331,الأنبيَاء,Al-Anbiyā’,قُلِ اِنَّمَا يُوح۪ىٰٓ إِلَيَّ أَنَّمَآ إِلَٰهُكُمُۥٓ إِلَٰهٞ وَٰحِدٞۖ فَهَلَ اَنتُم مُّسْلِمُونَۖ ﱪ
2590,21,108,17,331,الأنبيَاء,Al-Anbiyā’,فَإِن تَوَلَّوْاْ فَقُلَ اٰذَنتُكُمْ عَلَىٰ سَوَآءٖۖ وَإِنَ اَدْرِےٓ أَقَرِيبٌ اَم بَعِيدٞ مَّا تُوعَدُونَۖ ﱫ
2591,21,109,17,331,الأنبيَاء,Al-Anbiyā’,إِنَّهُۥ يَعْلَمُ اُ۬لْجَهْرَ مِنَ اَ۬لْقَوْلِ وَيَعْلَمُ مَا تَكْتُمُونَۖ ﱬ
2592,21,110,17,331,الأنبيَاء,Al-Anbiyā’,وَإِنَ اَدْرِے لَعَلَّهُۥ فِتْنَةٞ لَّكُمْ وَمَتَٰعٌ اِلَىٰ حِينٖۖ ﱭ
2593,21,111,17,331,الأنبيَاء,Al-Anbiyā’,قُل رَّبِّ اِ۟حْكُم بِالْحَقِّۖ وَرَبُّنَا اَ۬لرَّحْمَٰنُ اُ۬لْمُسْتَعَانُ عَلَىٰ مَا تَصِفُونَۖ ﱮ
2594,22,1,17,332,الحج,Al-Ḥajj,يَٰٓأَيُّهَا اَ۬لنَّاسُ اُ۪تَّقُواْ رَبَّكُمُۥٓۖ إِنَّ زَلْزَلَةَ اَ۬لسَّاعَةِ شَےْءٌ عَظِيمٞۖ ﰀ
2595,22,2,17,332,الحج,Al-Ḥajj,يَوْمَ تَرَوْنَهَا تَذْهَلُ كُلُّ مُرْضِعَةٍ عَمَّآ أَرْضَعَتْ وَتَضَعُ كُلُّ ذَاتِ حَمْلٍ حَمْلَهَا وَتَرَى اَ۬لنَّاسَ سُكَٰر۪ىٰ وَمَا هُم بِسُكَٰر۪ىٰ وَلَٰكِنَّ عَذَابَ اَ۬للَّهِ شَدِيدٞۖ ﰁ
2596,22,3,17,332,الحج,Al-Ḥajj,وَمِنَ اَ۬لنَّاسِ مَنْ يُّجَٰدِلُ فِے اِ۬للَّهِ بِغَيْرِ عِلْمٖ وَيَتَّبِعُ كُلَّ شَيْطَٰنٖ مَّرِيدٖ ﰂ
2597,22,4,17,332,الحج,Al-Ḥajj,كُتِبَ عَلَيْهِ أَنَّهُۥ مَن تَوَلّ۪اهُ فَأَنَّهُۥ يُضِلُّهُۥ وَيَهْدِيهِ إِلَىٰ عَذَابِ اِ۬لسَّعِيرِۖ ﰃ
2598,22,5,17,332,الحج,Al-Ḥajj,يَٰٓأَيُّهَا اَ۬لنَّاسُ إِن كُنتُمْ فِے رَيْبٖ مِّنَ اَ۬لْبَعْثِ فَإِنَّا خَلَقْنَٰكُم مِّن تُرَابٖ ثُمَّ مِن نُّطْفَةٖ ثُمَّ مِنْ عَلَقَةٖ ثُمَّ مِن مُّضْغَةٖ مُّخَلَّقَةٖ وَغَيْرِ مُخَلَّقَةٖ لِّنُبَيِّنَ لَكُمْۖ وَنُقِرُّ فِے اِ۬لَارْحَامِ مَا نَشَآءُ اِ۪لَىٰٓ أَجَلٖ مُّسَمّىٗۖ ثُمَّ نُخْرِجُكُمْ طِفْلاٗ ثُمَّ لِتَبْلُغُوٓاْ أَشُدَّكُمْۖ وَمِنكُم مَّنْ يُّتَوَفّ۪ىٰ وَمِنكُم مَّنْ يُّرَدُّ إِلَىٰٓ أَرْذَلِ اِ۬لْعُمُرِ لِكَيْلَا يَعْلَمَ مِنۢ بَعْدِ عِلْمٖ شَئْاٗۖ وَتَرَى اَ۬لَارْضَ هَامِدَةٗ فَإِذَآ أَنزَلْنَا عَلَيْهَا اَ۬لْمَآءَ اَ۪هْتَزَّتْ وَرَبَتْ وَأَنۢبَتَتْ مِن كُلِّ زَوْجِۢ بَهِيجٖۖ ﰄ
2599,22,6,17,333,الحج,Al-Ḥajj,ذَٰلِكَ بِأَنَّ اَ۬للَّهَ هُوَ اَ۬لْحَقُّ وَأَنَّهُۥ يُحْيِ اِ۬لْمَوْت۪ىٰ وَأَنَّهُۥ عَلَىٰ كُلِّ شَےْءٖ قَدِيرٞ ﰅ
2600,22,7,17,333,الحج,Al-Ḥajj,وَأَنَّ اَ۬لسَّاعَةَ ءَاتِيَةٞ لَّا رَيْبَ فِيهَا وَأَنَّ اَ۬للَّهَ يَبْعَثُ مَن فِے اِ۬لْقُبُورِۖ ﰆ
2601,22,8,17,333,الحج,Al-Ḥajj,وَمِنَ اَ۬لنَّاسِ مَنْ يُّجَٰدِلُ فِے اِ۬للَّهِ بِغَيْرِ عِلْمٖ وَلَا هُدىٗ وَلَا كِتَٰبٖ مُّنِيرٖ ﰇ
2602,22,9,17,333,الحج,Al-Ḥajj,ثَانِيَ عِطْفِهِۦ لِيُضِلَّ عَن سَبِيلِ اِ۬للَّهِۖ لَهُۥ فِے اِ۬لدُّنْي۪ا خِزْيٞۖ وَنُذِيقُهُۥ يَوْمَ اَ۬لْقِيَٰمَةِ عَذَابَ اَ۬لْحَرِيقِۖ ﰈ
2603,22,10,17,333,الحج,Al-Ḥajj,ذَٰلِكَ بِمَا قَدَّمَتْ يَدَٰكَ وَأَنَّ اَ۬للَّهَ لَيْسَ بِظَلَّٰمٖ لِّلْعَبِيدِۖ ﰉ
2604,22,11,17,333,الحج,Al-Ḥajj,۞ وَمِنَ اَ۬لنَّاسِ مَنْ يَّعْبُدُ اُ۬للَّهَ عَلَىٰ حَرْفٖ فَإِنَ اَصَابَهُۥ خَيْرٌ اِ۪طْمَأَنَّ بِهِۦ وَإِنَ اَصَابَتْهُ فِتْنَةٌ اِ۪نقَلَبَ عَلَىٰ وَجْهِهِۦ خَسِرَ اَ۬لدُّنْي۪ا وَالَاخِرَةَۖ ذَٰلِكَ هُوَ اَ۬لْخُسْرَانُ اُ۬لْمُبِينُۖ ﰊ
2605,22,12,17,333,الحج,Al-Ḥajj,يَدْعُواْ مِن دُونِ اِ۬للَّهِ مَا لَا يَضُرُّهُۥ وَمَا لَا يَنفَعُهُۥۖ ذَٰلِكَ هُوَ اَ۬لضَّلَٰلُ اُ۬لْبَعِيدُ ﰋ
2606,22,13,17,333,الحج,Al-Ḥajj,يَدْعُواْۖ لَمَن ضَرُّهُۥٓ أَقْرَبُ مِن نَّفْعِهِۦ لَبِيسَ اَ۬لْمَوْل۪ىٰ وَلَبِيسَ اَ۬لْعَشِيرُۖ ﰌ
2607,22,14,17,333,الحج,Al-Ḥajj,إِنَّ اَ۬للَّهَ يُدْخِلُ اُ۬لذِينَ ءَامَنُواْ وَعَمِلُواْ اُ۬لصَّٰلِحَٰتِ جَنَّٰتٖ تَجْرِے مِن تَحْتِهَا اَ۬لَانْهَٰرُۖ إِنَّ اَ۬للَّهَ يَفْعَلُ مَا يُرِيدُۖ ﰍ
2608,22,15,17,333,الحج,Al-Ḥajj,مَن كَانَ يَظُنُّ أَن لَّنْ يَّنصُرَهُ اُ۬للَّهُ فِے اِ۬لدُّنْي۪ا وَالَاخِرَةِ فَلْيَمْدُدْ بِسَبَبٍ اِلَى اَ۬لسَّمَآءِ ثُمَّ لِيَقْطَعْ فَلْيَنظُرْ هَلْ يُذْهِبَنَّ كَيْدُهُۥ مَا يَغِيظُۖ ﰎ
2609,22,16,17,334,الحج,Al-Ḥajj,وَكَذَٰلِكَ أَنزَلْنَٰهُ ءَايَٰتِۢ بَيِّنَٰتٖۖ وَأَنَّ اَ۬للَّهَ يَهْدِے مَنْ يُّرِيدُۖ ﰏ
2610,22,17,17,334,الحج,Al-Ḥajj,إِنَّ اَ۬لذِينَ ءَامَنُواْ وَالذِينَ هَادُواْ وَالصَّٰبِينَ وَالنَّصَٰر۪ىٰ وَالْمَجُوسَ وَالذِينَ أَشْرَكُوٓاْ إِنَّ اَ۬للَّهَ يَفْصِلُ بَيْنَهُمْ يَوْمَ اَ۬لْقِيَٰمَةِۖ إِنَّ اَ۬للَّهَ عَلَىٰ كُلِّ شَےْءٖ شَهِيدٌۖ ﰐ
2611,22,18,17,334,الحج,Al-Ḥajj,اَلَمْ تَرَ أَنَّ اَ۬للَّهَ يَسْجُدُ لَهُۥ مَن فِے اِ۬لسَّمَٰوَٰتِ وَمَن فِے اِ۬لَارْضِ وَالشَّمْسُ وَالْقَمَرُ وَالنُّجُومُ وَالْجِبَالُ وَالشَّجَرُ وَالدَّوَآبُّ وَكَثِيرٞ مِّنَ اَ۬لنَّاسِۖ وَكَثِيرٌ حَقَّ عَلَيْهِ اِ۬لْعَذَابُۖ وَمَنْ يُّهِنِ اِ۬للَّهُ فَمَا لَهُۥ مِن مُّكْرِمٍۖ اِنَّ اَ۬للَّهَ يَفْعَلُ مَا يَشَآءُۖ۩ ﰑ
2612,22,19,17,334,الحج,Al-Ḥajj,۞ هَٰذَٰنِ خَصْمَٰنِ اِ۪خْتَصَمُواْ فِے رَبِّهِمْۖ فَالذِينَ كَفَرُواْ قُطِّعَتْ لَهُمْ ثِيَابٞ مِّن نّ۪ارٖ يُصَبُّ مِن فَوْقِ رُءُوسِهِمُ اُ۬لْحَمِيمُ يُصْهَرُ بِهِۦ مَا فِے بُطُونِهِمْ وَالْجُلُودُۖ وَلَهُم مَّقَٰمِعُ مِنْ حَدِيدٖۖ ﰒ
2613,22,20,17,334,الحج,Al-Ḥajj,كُلَّمَآ أَرَادُوٓاْ أَنْ يَّخْرُجُواْ مِنْهَا مِنْ غَمٍّ ا۟عِيدُواْ فِيهَاۖ وَذُوقُواْ عَذَابَ اَ۬لْحَرِيقِۖ ﰓ
2614,22,21,17,334,الحج,Al-Ḥajj,إِنَّ اَ۬للَّهَ يُدْخِلُ اُ۬لذِينَ ءَامَنُواْ وَعَمِلُواْ اُ۬لصَّٰلِحَٰتِ جَنَّٰتٖ تَجْرِے مِن تَحْتِهَا اَ۬لَانْهَٰرُ يُحَلَّوْنَ فِيهَا مِنَ اَسَاوِرَ مِن ذَهَبٖ وَلُؤْلُؤاٗۖ وَلِبَاسُهُمْ فِيهَا حَرِيرٞۖ ﰔ
2615,22,22,17,335,الحج,Al-Ḥajj,وَهُدُوٓاْ إِلَى اَ۬لطَّيِّبِ مِنَ اَ۬لْقَوْلِۖ وَهُدُوٓاْ إِلَىٰ صِرَٰطِ اِ۬لْحَمِيدِۖ ﰕ
2616,22,23,17,335,الحج,Al-Ḥajj,إِنَّ اَ۬لذِينَ كَفَرُواْ وَيَصُدُّونَ عَن سَبِيلِ اِ۬للَّهِ وَالْمَسْجِدِ اِ۬لْحَرَامِ اِ۬لذِے جَعَلْنَٰهُ لِلنَّاسِ سَوَآءٌ اِ۬لْعَٰكِفُ فِيهِ وَالْبَادِۦۖ وَمَنْ يُّرِدْ فِيهِ بِإِلْحَادِۢ بِظُلْمٖ نُّذِقْهُ مِنْ عَذَابٍ اَلِيمٖۖ ﰖ
2617,22,24,17,335,الحج,Al-Ḥajj,وَإِذْ بَوَّأْنَا لِإِبْرَٰهِيمَ مَكَانَ اَ۬لْبَيْتِ أَن لَّا تُشْرِكْ بِے شَئْاٗۖ وَطَهِّرْ بَيْتِيَ لِلطَّآئِفِينَ وَالْقَآئِمِينَ وَالرُّكَّعِ اِ۬لسُّجُودِۖ ﰗ
2618,22,25,17,335,الحج,Al-Ḥajj,وَأَذِّن فِے اِ۬لنَّاسِ بِالْحَجِّ يَاتُوكَ رِجَالاٗ وَعَلَىٰ كُلِّ ضَامِرٖ يَاتِينَ مِن كُلِّ فَجٍّ عَمِيقٖ ﰘ
2619,22,26,17,335,الحج,Al-Ḥajj,لِّيَشْهَدُواْ مَنَٰفِعَ لَهُمْ وَيَذْكُرُواْ اُ۪سْمَ اَ۬للَّهِ فِےٓ أَيَّامٖ مَّعْلُومَٰتٍ عَلَىٰ مَا رَزَقَهُم مِّنۢ بَهِيمَةِ اِ۬لَانْعَٰمِۖ فَكُلُواْ مِنْهَا وَأَطْعِمُواْ اُ۬لْبَآئِسَ اَ۬لْفَقِيرَۖ ﰙ
2620,22,27,17,335,الحج,Al-Ḥajj,ثُمَّ لِيَقْضُواْ تَفَثَهُمْ وَلْيُوفُواْ نُذُورَهُمْ وَلْيَطَّوَّفُواْ بِالْبَيْتِ اِ۬لْعَتِيقِۖ ﰚ
2621,22,28,17,335,الحج,Al-Ḥajj,۞ ذَٰلِكَۖ وَمَنْ يُّعَظِّمْ حُرُمَٰتِ اِ۬للَّهِ فَهُوَ خَيْرٞ لَّهُۥ عِندَ رَبِّهِۦۖ وَأُحِلَّتْ لَكُمُ اُ۬لَانْعَٰمُ إِلَّا مَا يُتْل۪ىٰ عَلَيْكُمْۖ فَاجْتَنِبُواْ اُ۬لرِّجْسَ مِنَ اَ۬لَاوْثَٰنِ وَاجْتَنِبُواْ قَوْلَ اَ۬لزُّورِ ﰛ
2622,22,29,17,336,الحج,Al-Ḥajj,حُنَفَآءَ لِلهِ غَيْرَ مُشْرِكِينَ بِهِۦۖ وَمَنْ يُّشْرِكْ بِاللَّهِ فَكَأَنَّمَا خَرَّ مِنَ اَ۬لسَّمَآءِ فَتَخَطَّفُهُ اُ۬لطَّيْرُ أَوْ تَهْوِے بِهِ اِ۬لرِّيحُ فِے مَكَانٖ سَحِيقٖۖ ﰜ
2623,22,30,17,336,الحج,Al-Ḥajj,ذَٰلِكَۖ وَمَنْ يُّعَظِّمْ شَعَٰٓئِرَ اَ۬للَّهِ فَإِنَّهَا مِن تَقْوَى اَ۬لْقُلُوبِۖ ﰝ
2624,22,31,17,336,الحج,Al-Ḥajj,لَكُمْ فِيهَا مَنَٰفِعُ إِلَىٰٓ أَجَلٖ مُّسَمّىٗ ثُمَّ مَحِلُّهَآ إِلَى اَ۬لْبَيْتِ اِ۬لْعَتِيقِۖ ﰞ
2625,22,32,17,336,الحج,Al-Ḥajj,وَلِكُلِّ أُمَّةٖ جَعَلْنَا مَنسَكاٗ لِّيَذْكُرُواْ اُ۪سْمَ اَ۬للَّهِ عَلَىٰ مَا رَزَقَهُم مِّنۢ بَهِيمَةِ اِ۬لَانْعَٰمِۖ فَإِلَٰهُكُمُۥٓ إِلَٰهٞ وَٰحِدٞۖ فَلَهُۥٓ أَسْلِمُواْۖ وَبَشِّرِ اِ۬لْمُخْبِتِينَ ﰟ
2626,22,33,17,336,الحج,Al-Ḥajj,اَ۬لذِينَ إِذَا ذُكِرَ اَ۬للَّهُ وَجِلَتْ قُلُوبُهُمْ وَالصَّٰبِرِينَ عَلَىٰ مَآ أَصَابَهُمْ وَالْمُقِيمِے اِ۬لصَّلَوٰةِ وَمِمَّا رَزَقْنَٰهُمْ يُنفِقُونَۖ ﰠ
2627,22,34,17,336,الحج,Al-Ḥajj,وَالْبُدْنَ جَعَلْنَٰهَا لَكُم مِّن شَعَٰٓئِرِ اِ۬للَّهِ لَكُمْ فِيهَا خَيْرٞۖ فَاذْكُرُواْ اُ۪سْمَ اَ۬للَّهِ عَلَيْهَا صَوَآفَّۖ فَإِذَا وَجَبَتْ جُنُوبُهَا فَكُلُواْ مِنْهَا وَأَطْعِمُواْ اُ۬لْقَانِعَ وَالْمُعْتَرَّۖ كَذَٰلِكَ سَخَّرْنَٰهَا لَكُمْ لَعَلَّكُمْ تَشْكُرُونَۖ ﰡ
2628,22,35,17,336,الحج,Al-Ḥajj,لَنْ يَّنَالَ اَ۬للَّهَ لُحُومُهَا وَلَا دِمَآؤُهَا وَلَٰكِنْ يَّنَالُهُ اُ۬لتَّقْو۪ىٰ مِنكُمْۖ كَذَٰلِكَ سَخَّرَهَا لَكُمْ لِتُكَبِّرُواْ اُ۬للَّهَ عَلَىٰ مَا هَد۪يٰكُمْۖ وَبَشِّرِ اِ۬لْمُحْسِنِينَۖ ﰢ
2629,22,36,17,336,الحج,Al-Ḥajj,۞ إِنَّ اَ۬للَّهَ يُدَٰفِعُ عَنِ اِ۬لذِينَ ءَامَنُوٓاْۖ إِنَّ اَ۬للَّهَ لَا يُحِبُّ كُلَّ خَوَّانٖ كَفُورٍۖ ﰣ
2630,22,37,17,337,الحج,Al-Ḥajj,ا۟ذِنَ لِلذِينَ يُقَٰتَلُونَ بِأَنَّهُمْ ظُلِمُواْۖ وَإِنَّ اَ۬للَّهَ عَلَىٰ نَصْرِهِمْ لَقَدِيرٌۖ ﰤ
2631,22,38,17,337,الحج,Al-Ḥajj,اِ۬لذِينَ أُخْرِجُواْ مِن دِيٰ۪رِهِم بِغَيْرِ حَقٍّ اِلَّآ أَنْ يَّقُولُواْ رَبُّنَا اَ۬للَّهُۖ وَلَوْلَا دِفَٰعُ اُ۬للَّهِ اِ۬لنَّاسَ بَعْضَهُم بِبَعْضٖ لَّهُدِمَتْ صَوَٰمِعُ وَبِيَعٞ وَصَلَوَٰتٞ وَمَسَٰجِدُ يُذْكَرُ فِيهَا اَ۪سْمُ اُ۬للَّهِ كَثِيراٗۖ وَلَيَنصُرَنَّ اَ۬للَّهُ مَنْ يَّنصُرُهُۥٓۖ إِنَّ اَ۬للَّهَ لَقَوِيٌّ عَزِيزٌۖ ﰥ
2632,22,39,17,337,الحج,Al-Ḥajj,اِ۬لذِينَ إِن مَّكَّنَّٰهُمْ فِے اِ۬لَارْضِ أَقَامُواْ اُ۬لصَّلَوٰةَ وَءَاتَوُاْ اُ۬لزَّكَوٰةَ وَأَمَرُواْ بِالْمَعْرُوفِ وَنَهَوْاْ عَنِ اِ۬لْمُنكَرِۖ وَلِلهِ عَٰقِبَةُ اُ۬لُامُورِۖ ﰦ
2633,22,40,17,337,الحج,Al-Ḥajj,وَإِنْ يُّكَذِّبُوكَ فَقَدْ كَذَّبَتْ قَبْلَهُمْ قَوْمُ نُوحٖ وَعَادٞ وَثَمُودُ ﰧ
2634,22,41,17,337,الحج,Al-Ḥajj,وَقَوْمُ إِبْرَٰهِيمَ وَقَوْمُ لُوطٖ ﰨ
2635,22,42,17,337,الحج,Al-Ḥajj,وَأَصْحَٰبُ مَدْيَنَۖ وَكُذِّبَ مُوس۪ىٰۖ فَأَمْلَيْتُ لِلْكٰ۪فِرِينَ ثُمَّ أَخَذتُّهُمْۖ فَكَيْفَ كَانَ نَكِيرِۦۖ ﰩ
2636,22,43,17,337,الحج,Al-Ḥajj,فَكَأَيِّن مِّن قَرْيَةٍ اَهْلَكْنَٰهَا وَهِيَ ظَالِمَةٞ فَهِيَ خَاوِيَةٌ عَلَىٰ عُرُوشِهَا وَبِيرٖ مُّعَطَّلَةٖ وَقَصْرٖ مَّشِيدٍۖ ﰪ
2637,22,44,17,337,الحج,Al-Ḥajj,اَفَلَمْ يَسِيرُواْ فِے اِ۬لَارْضِ فَتَكُونَ لَهُمْ قُلُوبٞ يَعْقِلُونَ بِهَآ أَوَ اٰذَانٞ يَسْمَعُونَ بِهَاۖ فَإِنَّهَا لَا تَعْمَى اَ۬لَابْصَٰرُ وَلَٰكِن تَعْمَى اَ۬لْقُلُوبُ اُ۬لتِے فِے اِ۬لصُّدُورِۖ ﰫ
2638,22,45,17,338,الحج,Al-Ḥajj,وَيَسْتَعْجِلُونَكَ بِالْعَذَابِۖ وَلَنْ يُّخْلِفَ اَ۬للَّهُ وَعْدَهُۥۖ وَإِنَّ يَوْماً عِندَ رَبِّكَ كَأَلْفِ سَنَةٖ مِّمَّا تَعُدُّونَۖ ﰬ
2639,22,46,17,338,الحج,Al-Ḥajj,وَكَأَيِّن مِّن قَرْيَةٍ اَمْلَيْتُ لَهَا وَهِيَ ظَالِمَةٞ ثُمَّ أَخَذتُّهَاۖ وَإِلَيَّ اَ۬لْمَصِيرُۖ ﰭ
2640,22,47,17,338,الحج,Al-Ḥajj,۞ قُلْ يَٰٓأَيُّهَا اَ۬لنَّاسُ إِنَّمَآ أَنَا لَكُمْ نَذِيرٞ مُّبِينٞۖ ﰮ
2641,22,48,17,338,الحج,Al-Ḥajj,فَالذِينَ ءَامَنُواْ وَعَمِلُواْ اُ۬لصَّٰلِحَٰتِ لَهُم مَّغْفِرَةٞ وَرِزْقٞ كَرِيمٞۖ ﰯ
2642,22,49,17,338,الحج,Al-Ḥajj,وَالذِينَ سَعَوْاْ فِےٓ ءَايَٰتِنَا مُعَٰجِزِينَ أُوْلَٰٓئِكَ أَصْحَٰبُ اُ۬لْجَحِيمِۖ ﰰ
2643,22,50,17,338,الحج,Al-Ḥajj,وَمَآ أَرْسَلْنَا مِن قَبْلِكَ مِن رَّسُولٖ وَلَا نَبِےٓءٍ اِلَّآ إِذَا تَمَنّ۪ىٰٓ أَلْقَى اَ۬لشَّيْطَٰنُ فِےٓ أُمْنِيَّتِهِۦ فَيَنسَخُ اُ۬للَّهُ مَا يُلْقِے اِ۬لشَّيْطَٰنُ ثُمَّ يُحْكِمُ اُ۬للَّهُ ءَايَٰتِهِۦ وَاللَّهُ عَلِيمٌ حَكِيمٞ ﰱ
2644,22,51,17,338,الحج,Al-Ḥajj,لِّيَجْعَلَ مَا يُلْقِے اِ۬لشَّيْطَٰنُ فِتْنَةٗ لِّلذِينَ فِے قُلُوبِهِم مَّرَضٞ وَالْقَاسِيَةِ قُلُوبُهُمْۖ وَإِنَّ اَ۬لظَّٰلِمِينَ لَفِے شِقَاقِۢ بَعِيدٖۖ ﰲ
2645,22,52,17,338,الحج,Al-Ḥajj,وَلِيَعْلَمَ اَ۬لذِينَ أُوتُواْ اُ۬لْعِلْمَ أَنَّهُ اُ۬لْحَقُّ مِن رَّبِّكَ فَيُومِنُواْ بِهِۦ فَتُخْبِتَ لَهُۥ قُلُوبُهُمْۖ وَإِنَّ اَ۬للَّهَ لَهَادِ اِ۬لذِينَ ءَامَنُوٓاْ إِلَىٰ صِرَٰطٖ مُّسْتَقِيمٖۖ ﰳ
2646,22,53,17,338,الحج,Al-Ḥajj,وَلَا يَزَالُ اُ۬لذِينَ كَفَرُواْ فِے مِرْيَةٖ مِّنْهُ حَتَّىٰ تَاتِيَهُمُ اُ۬لسَّاعَةُ بَغْتَةً اَوْ يَاتِيَهُمْ عَذَابُ يَوْمٍ عَقِيمٍۖ ﰴ
2647,22,54,17,339,الحج,Al-Ḥajj,اِ۬لْمُلْكُ يَوْمَئِذٖ لِّلهِۖ يَحْكُمُ بَيْنَهُمْۖ فَالذِينَ ءَامَنُواْ وَعَمِلُواْ اُ۬لصَّٰلِحَٰتِ فِے جَنَّٰتِ اِ۬لنَّعِيمِۖ ﰵ
2648,22,55,17,339,الحج,Al-Ḥajj,وَالذِينَ كَفَرُواْ وَكَذَّبُواْ بِـَٔايَٰتِنَا فَأُوْلَٰٓئِكَ لَهُمْ عَذَابٞ مُّهِينٞۖ ﰶ
2649,22,56,17,339,الحج,Al-Ḥajj,وَالذِينَ هَاجَرُواْ فِے سَبِيلِ اِ۬للَّهِ ثُمَّ قُتِلُوٓاْ أَوْ مَاتُواْ لَيَرْزُقَنَّهُمُ اُ۬للَّهُ رِزْقاً حَسَناٗۖ وَإِنَّ اَ۬للَّهَ لَهُوَ خَيْرُ اُ۬لرَّٰزِقِينَۖ ﰷ
2650,22,57,17,339,الحج,Al-Ḥajj,لَيُدْخِلَنَّهُم مَّدْخَلاٗ يَرْضَوْنَهُۥۖ وَإِنَّ اَ۬للَّهَ لَعَلِيمٌ حَلِيمٞۖ ﰸ
2651,22,58,17,339,الحج,Al-Ḥajj,۞ ذَٰلِكَۖ وَمَنْ عَاقَبَ بِمِثْلِ مَا عُوقِبَ بِهِۦ ثُمَّ بُغِيَ عَلَيْهِ لَيَنصُرَنَّهُ اُ۬للَّهُۖ إِنَّ اَ۬للَّهَ لَعَفُوٌّ غَفُورٞۖ ﰹ
2652,22,59,17,339,الحج,Al-Ḥajj,ذَٰلِكَ بِأَنَّ اَ۬للَّهَ يُولِجُ اُ۬ليْلَ فِے اِ۬لنَّه۪ارِ وَيُولِجُ اُ۬لنَّهَارَ فِے اِ۬ليْلِ وَأَنَّ اَ۬للَّهَ سَمِيعُۢ بَصِيرٞۖ ﰺ
2653,22,60,17,339,الحج,Al-Ḥajj,ذَٰلِكَ بِأَنَّ اَ۬للَّهَ هُوَ اَ۬لْحَقُّ وَأَنَّ مَا تَدْعُونَ مِن دُونِهِۦ هُوَ اَ۬لْبَٰطِلُ وَأَنَّ اَ۬للَّهَ هُوَ اَ۬لْعَلِيُّ اُ۬لْكَبِيرُۖ ﰻ
2654,22,61,17,339,الحج,Al-Ḥajj,أَلَمْ تَرَ أَنَّ اَ۬للَّهَ أَنزَلَ مِنَ اَ۬لسَّمَآءِ مَآءٗ فَتُصْبِحُ اُ۬لَارْضُ مُخْضَرَّةًۖ اِنَّ اَ۬للَّهَ لَطِيفٌ خَبِيرٞۖ ﰼ
2655,22,62,17,339,الحج,Al-Ḥajj,لَّهُۥ مَا فِے اِ۬لسَّمَٰوَٰتِ وَمَا فِے اِ۬لَارْضِۖ وَإِنَّ اَ۬للَّهَ لَهُوَ اَ۬لْغَنِيُّ اُ۬لْحَمِيدُۖ ﰽ
2656,22,63,17,340,الحج,Al-Ḥajj,أَلَمْ تَرَ أَنَّ اَ۬للَّهَ سَخَّرَ لَكُم مَّا فِے اِ۬لَارْضِ وَالْفُلْكَ تَجْرِے فِے اِ۬لْبَحْرِ بِأَمْرِهِۦۖ وَيُمْسِكُ اُ۬لسَّمَآءَ ان تَقَعَ عَلَى اَ۬لَارْضِ إِلَّا بِإِذْنِهِۦٓۖ إِنَّ اَ۬للَّهَ بِالنَّاسِ لَرَءُوفٞ رَّحِيمٞۖ ﰾ
2657,22,64,17,340,الحج,Al-Ḥajj,وَهُوَ اَ۬لذِےٓ أَحْي۪اكُمْ ثُمَّ يُمِيتُكُمْۖ ثُمَّ يُحْيِيكُمُۥٓۖ إِنَّ اَ۬لِانسَٰنَ لَكَفُورٞۖ ﰿ
2658,22,65,17,340,الحج,Al-Ḥajj,لِّكُلِّ أُمَّةٖ جَعَلْنَا مَنسَكاً هُمْ نَاسِكُوهُۖ فَلَا يُنَٰزِعُنَّكَ فِے اِ۬لَامْرِۖ وَادْعُ إِلَىٰ رَبِّكَۖ إِنَّكَ لَعَلَىٰ هُدىٗ مُّسْتَقِيمٖۖ ﱀ
2659,22,66,17,340,الحج,Al-Ḥajj,وَإِن جَٰدَلُوكَ فَقُلِ اِ۬للَّهُ أَعْلَمُ بِمَا تَعْمَلُونَۖ ﱁ
2660,22,67,17,340,الحج,Al-Ḥajj,اَ۬للَّهُ يَحْكُمُ بَيْنَكُمْ يَوْمَ اَ۬لْقِيَٰمَةِ فِيمَا كُنتُمْ فِيهِ تَخْتَلِفُونَۖ ﱂ
2661,22,68,17,340,الحج,Al-Ḥajj,أَلَمْ تَعْلَمَ اَنَّ اَ۬للَّهَ يَعْلَمُ مَا فِے اِ۬لسَّمَآءِ وَالَارْضِۖ إِنَّ ذَٰلِكَ فِے كِتَٰبٍۖ اِنَّ ذَٰلِكَ عَلَى اَ۬للَّهِ يَسِيرٞۖ ﱃ
2662,22,69,17,340,الحج,Al-Ḥajj,وَيَعْبُدُونَ مِن دُونِ اِ۬للَّهِ مَا لَمْ يُنَزِّلْ بِهِۦ سُلْطَٰناٗ وَمَا لَيْسَ لَهُم بِهِۦ عِلْمٞۖ وَمَا لِلظَّٰلِمِينَ مِن نَّصِيرٖۖ ﱄ
2663,22,70,17,340,الحج,Al-Ḥajj,۞ وَإِذَا تُتْل۪ىٰ عَلَيْهِمُۥٓ ءَايَٰتُنَا بَيِّنَٰتٖ تَعْرِفُ فِے وُجُوهِ اِ۬لذِينَ كَفَرُواْ اُ۬لْمُنكَرَ يَكَادُونَ يَسْطُونَ بِالذِينَ يَتْلُونَ عَلَيْهِمُۥٓ ءَايَٰتِنَاۖ قُلَ اَفَأُنَبِّئُكُم بِشَرّٖ مِّن ذَٰلِكُمُۖ اُ۬لنَّارُ وَعَدَهَا اَ۬للَّهُ اُ۬لذِينَ كَفَرُواْۖ وَبِيسَ اَ۬لْمَصِيرُۖ ﱅ
2664,22,71,17,341,الحج,Al-Ḥajj,يَٰٓأَيُّهَا اَ۬لنَّاسُ ضُرِبَ مَثَلٞ فَاسْتَمِعُواْ لَهُۥٓۖ إِنَّ اَ۬لذِينَ تَدْعُونَ مِن دُونِ اِ۬للَّهِ لَنْ يَّخْلُقُواْ ذُبَاباٗ وَلَوِ اِ۪جْتَمَعُواْ لَهُۥۖ وَإِنْ يَّسْلُبْهُمُ اُ۬لذُّبَابُ شَئْاٗ لَّا يَسْتَنقِذُوهُ مِنْهُۖ ضَعُفَ اَ۬لطَّالِبُ وَالْمَطْلُوبُۖ ﱆ
2665,22,72,17,341,الحج,Al-Ḥajj,مَا قَدَرُواْ اُ۬للَّهَ حَقَّ قَدْرِهِۦٓۖ إِنَّ اَ۬للَّهَ لَقَوِيٌّ عَزِيزٌۖ ﱇ
2666,22,73,17,341,الحج,Al-Ḥajj,اِ۬للَّهُ يَصْطَفِے مِنَ اَ۬لْمَلَٰٓئِكَةِ رُسُلاٗ وَمِنَ اَ۬لنَّاسِۖ إِنَّ اَ۬للَّهَ سَمِيعُۢ بَصِيرٞۖ ﱈ
2667,22,74,17,341,الحج,Al-Ḥajj,يَعْلَمُ مَا بَيْنَ أَيْدِيهِمْ وَمَا خَلْفَهُمْۖ وَإِلَى اَ۬للَّهِ تُرْجَعُ اُ۬لُامُورُۖ ﱉ
2668,22,75,17,341,الحج,Al-Ḥajj,يَٰٓأَيُّهَا اَ۬لذِينَ ءَامَنُواْ اُ۪رْكَعُواْ وَاسْجُدُواْ وَاعْبُدُواْ رَبَّكُمْ وَافْعَلُواْ اُ۬لْخَيْرَ لَعَلَّكُمْ تُفْلِحُونَۖ ﱊ
2669,22,76,17,341,الحج,Al-Ḥajj,وَجَٰهِدُواْ فِے اِ۬للَّهِ حَقَّ جِهَادِهِۦۖ هُوَ اَ۪جْتَب۪يٰكُمْۖ وَمَا جَعَلَ عَلَيْكُمْ فِے اِ۬لدِّينِ مِنْ حَرَجٖۖ مِّلَّةَ أَبِيكُمُۥٓ إِبْرَٰهِيمَۖ هُوَ سَمّ۪يٰكُمُ اُ۬لْمُسْلِمِينَ مِن قَبْلُ وَفِے هَٰذَا لِيَكُونَ اَ۬لرَّسُولُ شَهِيداً عَلَيْكُمْ وَتَكُونُواْ شُهَدَآءَ عَلَى اَ۬لنَّاسِۖ فَأَقِيمُواْ اُ۬لصَّلَوٰةَ وَءَاتُواْ اُ۬لزَّكَوٰةَۖ وَاعْتَصِمُواْ بِاللَّهِۖ هُوَ مَوْل۪يٰكُمْۖ فَنِعْمَ اَ۬لْمَوْل۪ىٰۖ وَنِعْمَ اَ۬لنَّصِيرُۖ ﱋ
2670,23,1,18,342,المؤمنُون,Al-Mu’minūn,قَدَ اَفْلَحَ اَ۬لْمُومِنُونَۖ ﰀ
2671,23,2,18,342,المؤمنُون,Al-Mu’minūn,اَ۬لذِينَ هُمْ فِے صَلَاتِهِمْ خَٰشِعُونَۖ ﰁ
2672,23,3,18,342,المؤمنُون,Al-Mu’minūn,وَالذِينَ هُمْ عَنِ اِ۬للَّغْوِ مُعْرِضُونَۖ ﰂ
2673,23,4,18,342,المؤمنُون,Al-Mu’minūn,وَالذِينَ هُمْ لِلزَّكَوٰةِ فَٰعِلُونَۖ ﰃ
2674,23,5,18,342,المؤمنُون,Al-Mu’minūn,وَالذِينَ هُمْ لِفُرُوجِهِمْ حَٰفِظُونَ ﰄ
2675,23,6,18,342,المؤمنُون,Al-Mu’minūn,إِلَّا عَلَىٰٓ أَزْوَٰجِهِمُۥٓ أَوْ مَا مَلَكَتَ اَيْمَٰنُهُمْ فَإِنَّهُمْ غَيْرُ مَلُومِينَۖ ﰅ
2676,23,7,18,342,المؤمنُون,Al-Mu’minūn,فَمَنِ اِ۪بْتَغ۪ىٰ وَرَآءَ ذَٰلِكَ فَأُوْلَٰٓئِكَ هُمُ اُ۬لْعَادُونَۖ ﰆ
2677,23,8,18,342,المؤمنُون,Al-Mu’minūn,وَالذِينَ هُمْ لِأَمَٰنَٰتِهِمْ وَعَهْدِهِمْ رَٰعُونَۖ ﰇ
2678,23,9,18,342,المؤمنُون,Al-Mu’minūn,وَالذِينَ هُمْ عَلَىٰ صَلَوَٰتِهِمْ يُحَافِظُونَ ﰈ
2679,23,10,18,342,المؤمنُون,Al-Mu’minūn,أُوْلَٰٓئِكَ هُمُ اُ۬لْوَٰرِثُونَ ﰉ
2680,23,11,18,342,المؤمنُون,Al-Mu’minūn,اَ۬لذِينَ يَرِثُونَ اَ۬لْفِرْدَوْسَۖ هُمْ فِيهَا خَٰلِدُونَۖ ﰊ
2681,23,12,18,342,المؤمنُون,Al-Mu’minūn,وَلَقَدْ خَلَقْنَا اَ۬لِانسَٰنَ مِن سُلَٰلَةٖ مِّن طِينٖۖ ﰋ
2682,23,13,18,342,المؤمنُون,Al-Mu’minūn,ثُمَّ جَعَلْنَٰهُ نُطْفَةٗ فِے قَر۪ارٖ مَّكِينٖۖ ﰌ
2683,23,14,18,342,المؤمنُون,Al-Mu’minūn,ثُمَّ خَلَقْنَا اَ۬لنُّطْفَةَ عَلَقَةٗ فَخَلَقْنَا اَ۬لْعَلَقَةَ مُضْغَةٗ فَخَلَقْنَا اَ۬لْمُضْغَةَ عِظَٰماٗ فَكَسَوْنَا اَ۬لْعِظَٰمَ لَحْماٗ ثُمَّ أَنشَأْنَٰهُ خَلْقاً اٰخَرَۖ فَتَبَٰرَكَ اَ۬للَّهُ أَحْسَنُ اُ۬لْخَٰلِقِينَۖ ﰍ
2684,23,15,18,342,المؤمنُون,Al-Mu’minūn,ثُمَّ إِنَّكُم بَعْدَ ذَٰلِكَ لَمَيِّتُونَۖ ﰎ
2685,23,16,18,342,المؤمنُون,Al-Mu’minūn,ثُمَّ إِنَّكُمْ يَوْمَ اَ۬لْقِيَٰمَةِ تُبْعَثُونَۖ ﰏ
2686,23,17,18,342,المؤمنُون,Al-Mu’minūn,وَلَقَدْ خَلَقْنَا فَوْقَكُمْ سَبْعَ طَرَآئِقَۖ وَمَا كُنَّا عَنِ اِ۬لْخَلْقِ غَٰفِلِينَۖ ﰐ
2687,23,18,18,343,المؤمنُون,Al-Mu’minūn,وَأَنزَلْنَا مِنَ اَ۬لسَّمَآءِ مَآءَۢ بِقَدَرٖ فَأَسْكَنَّٰهُ فِے اِ۬لَارْضِۖ وَإِنَّا عَلَىٰ ذَهَابِۢ بِهِۦ لَقَٰدِرُونَۖ ﰑ
2688,23,19,18,343,المؤمنُون,Al-Mu’minūn,فَأَنشَأْنَا لَكُم بِهِۦ جَنَّٰتٖ مِّن نَّخِيلٖ وَأَعْنَٰبٖ لَّكُمْ فِيهَا فَوَٰكِهُ كَثِيرَةٞ وَمِنْهَا تَاكُلُونَ ﰒ
2689,23,20,18,343,المؤمنُون,Al-Mu’minūn,وَشَجَرَةٗ تَخْرُجُ مِن طُورِ سِينَآءَ تَنۢبُتُ بِالدُّهْنِ وَصِبْغٖ لِّلَاكِلِينَۖ ﰓ
2690,23,21,18,343,المؤمنُون,Al-Mu’minūn,وَإِنَّ لَكُمْ فِے اِ۬لَانْعَٰمِ لَعِبْرَةٗۖ نَّسْقِيكُم مِّمَّا فِے بُطُونِهَاۖ وَلَكُمْ فِيهَا مَنَٰفِعُ كَثِيرَةٞ وَمِنْهَا تَاكُلُونَ ﰔ
2691,23,22,18,343,المؤمنُون,Al-Mu’minūn,وَعَلَيْهَا وَعَلَى اَ۬لْفُلْكِ تُحْمَلُونَۖ ﰕ
2692,23,23,18,343,المؤمنُون,Al-Mu’minūn,وَلَقَدَ اَرْسَلْنَا نُوحاً اِلَىٰ قَوْمِهِۦ فَقَالَ يَٰقَوْمِ اِ۟عْبُدُواْ اُ۬للَّهَ مَا لَكُم مِّنِ اِلَٰهٍ غَيْرُهُۥٓۖ أَفَلَا تَتَّقُونَۖ ﰖ
2693,23,24,18,343,المؤمنُون,Al-Mu’minūn,۞ فَقَالَ اَ۬لْمَلَؤُاْ اُ۬لذِينَ كَفَرُواْ مِن قَوْمِهِۦ مَا هَٰذَآ إِلَّا بَشَرٞ مِّثْلُكُمْ يُرِيدُ أَنْ يَّتَفَضَّلَ عَلَيْكُمْ وَلَوْ شَآءَ اَ۬للَّهُ لَأَنزَلَ مَلَٰٓئِكَةٗ مَّا سَمِعْنَا بِهَٰذَا فِےٓ ءَابَآئِنَا اَ۬لَاوَّلِينَ ﰗ
2694,23,25,18,343,المؤمنُون,Al-Mu’minūn,إِنْ هُوَ إِلَّا رَجُلُۢ بِهِۦ جِنَّةٞ فَتَرَبَّصُواْ بِهِۦ حَتَّىٰ حِينٖۖ ﰘ
2695,23,26,18,343,المؤمنُون,Al-Mu’minūn,قَالَ رَبِّ اِ۟نصُرْنِے بِمَا كَذَّبُونِۖ ﰙ
2696,23,27,18,343,المؤمنُون,Al-Mu’minūn,فَأَوْحَيْنَآ إِلَيْهِ أَنِ اِ۪صْنَعِ اِ۬لْفُلْكَ بِأَعْيُنِنَا وَوَحْيِنَاۖ فَإِذَا جَآءَ امْرُنَا وَفَارَ اَ۬لتَّنُّورُ فَاسْلُكْ فِيهَا مِن كُلِّ زَوْجَيْنِ اِ۪ثْنَيْنِ وَأَهْلَكَ إِلَّا مَن سَبَقَ عَلَيْهِ اِ۬لْقَوْلُ مِنْهُمْۖ وَلَا تُخَٰطِبْنِے فِے اِ۬لذِينَ ظَلَمُوٓاْ إِنَّهُم مُّغْرَقُونَۖ ﰚ
2697,23,28,18,344,المؤمنُون,Al-Mu’minūn,فَإِذَا اَ۪سْتَوَيْتَ أَنتَ وَمَن مَّعَكَ عَلَى اَ۬لْفُلْكِ فَقُلِ اِ۬لْحَمْدُ لِلهِ اِ۬لذِے نَجّ۪يٰنَا مِنَ اَ۬لْقَوْمِ اِ۬لظَّٰلِمِينَۖ ﰛ
2698,23,29,18,344,المؤمنُون,Al-Mu’minūn,وَقُل رَّبِّ أَنزِلْنِے مُنزَلاٗ مُّبَٰرَكاٗ وَأَنتَ خَيْرُ اُ۬لْمُنزِلِينَۖ ﰜ
2699,23,30,18,344,المؤمنُون,Al-Mu’minūn,إِنَّ فِے ذَٰلِكَ لَأٓيَٰتٖۖ وَإِن كُنَّا لَمُبْتَلِينَۖ ﰝ
2700,23,31,18,344,المؤمنُون,Al-Mu’minūn,ثُمَّ أَنشَأْنَا مِنۢ بَعْدِهِمْ قَرْناً اٰخَرِينَ ﰞ
2701,23,32,18,344,المؤمنُون,Al-Mu’minūn,فَأَرْسَلْنَا فِيهِمْ رَسُولاٗ مِّنْهُمُۥٓ أَنُ اُ۟عْبُدُواْ اُ۬للَّهَ مَا لَكُم مِّنِ اِلَٰهٍ غَيْرُهُۥٓۖ أَفَلَا تَتَّقُونَۖ ﰟ
2702,23,33,18,344,المؤمنُون,Al-Mu’minūn,وَقَالَ اَ۬لْمَلَأُ مِن قَوْمِهِ اِ۬لذِينَ كَفَرُواْ وَكَذَّبُواْ بِلِقَآءِ اِ۬لَاخِرَةِ وَأَتْرَفْنَٰهُمْ فِے اِ۬لْحَيَوٰةِ اِ۬لدُّنْي۪ا مَا هَٰذَآ إِلَّا بَشَرٞ مِّثْلُكُمْ يَاكُلُ مِمَّا تَاكُلُونَ مِنْهُ وَيَشْرَبُ مِمَّا تَشْرَبُونَ ﰠ
2703,23,34,18,344,المؤمنُون,Al-Mu’minūn,وَلَئِنَ اَطَعْتُم بَشَراٗ مِّثْلَكُمُۥٓ إِنَّكُمُۥٓ إِذاٗ لَّخَٰسِرُونَ ﰡ
2704,23,35,18,344,المؤمنُون,Al-Mu’minūn,أَيَعِدُكُمُۥٓ أَنَّكُمُۥٓ إِذَا مِتُّمْ وَكُنتُمْ تُرَاباٗ وَعِظَٰماً اَنَّكُم مُّخْرَجُونَ ﰢ
2705,23,36,18,344,المؤمنُون,Al-Mu’minūn,هَيْهَاتَ هَيْهَاتَ لِمَا تُوعَدُونَ ﰣ
2706,23,37,18,344,المؤمنُون,Al-Mu’minūn,إِنْ هِيَ إِلَّا حَيَاتُنَا اَ۬لدُّنْي۪ا نَمُوتُ وَنَحْي۪ا وَمَا نَحْنُ بِمَبْعُوثِينَ ﰤ
2707,23,38,18,344,المؤمنُون,Al-Mu’minūn,إِنْ هُوَ إِلَّا رَجُلٌ اِ۪فْتَر۪ىٰ عَلَى اَ۬للَّهِ كَذِباٗ وَمَا نَحْنُ لَهُۥ بِمُومِنِينَۖ ﰥ
2708,23,39,18,344,المؤمنُون,Al-Mu’minūn,۞ قَالَ رَبِّ اِ۟نصُرْنِے بِمَا كَذَّبُونِۖ ﰦ
2709,23,40,18,344,المؤمنُون,Al-Mu’minūn,قَالَ عَمَّا قَلِيلٖ لَّيُصْبِحُنَّ نَٰدِمِينَۖ ﰧ
2710,23,41,18,344,المؤمنُون,Al-Mu’minūn,فَأَخَذَتْهُمُ اُ۬لصَّيْحَةُ بِالْحَقِّ فَجَعَلْنَٰهُمْ غُثَآءٗۖ فَبُعْداٗ لِّلْقَوْمِ اِ۬لظَّٰلِمِينَۖ ﰨ
2711,23,42,18,344,المؤمنُون,Al-Mu’minūn,ثُمَّ أَنشَأْنَا مِنۢ بَعْدِهِمْ قُرُوناً اٰخَرِينَۖ ﰩ
2712,23,43,18,345,المؤمنُون,Al-Mu’minūn,مَا تَسْبِقُ مِنُ ا۟مَّةٍ اَجَلَهَا وَمَا يَسْتَٰخِرُونَۖ ﰪ
2713,23,44,18,345,المؤمنُون,Al-Mu’minūn,ثُمَّ أَرْسَلْنَا رُسُلَنَا تَتْر۪اۖ كُلَّ مَا جَآءَ اُ۟مَّةٗ رَّسُولُهَا كَذَّبُوهُۖ فَأَتْبَعْنَا بَعْضَهُم بَعْضاٗ وَجَعَلْنَٰهُمُۥٓ أَحَادِيثَۖ فَبُعْداٗ لِّقَوْمٖ لَّا يُومِنُونَۖ ﰫ
2714,23,45,18,345,المؤمنُون,Al-Mu’minūn,ثُمَّ أَرْسَلْنَا مُوس۪ىٰ وَأَخَاهُ هَٰرُونَ ﰬ
2715,23,46,18,345,المؤمنُون,Al-Mu’minūn,بِـَٔايَٰتِنَا وَسُلْطَٰنٖ مُّبِينٍ ﰭ
2716,23,47,18,345,المؤمنُون,Al-Mu’minūn,اِلَىٰ فِرْعَوْنَ وَمَلَإِيْهِۦ فَاسْتَكْبَرُواْ وَكَانُواْ قَوْماً عَالِينَۖ ﰮ
2717,23,48,18,345,المؤمنُون,Al-Mu’minūn,فَقَالُوٓاْ أَنُومِنُ لِبَشَرَيْنِ مِثْلِنَا وَقَوْمُهُمَا لَنَا عَٰبِدُونَۖ ﰯ
2718,23,49,18,345,المؤمنُون,Al-Mu’minūn,فَكَذَّبُوهُمَا فَكَانُواْ مِنَ اَ۬لْمُهْلَكِينَۖ ﰰ
2719,23,50,18,345,المؤمنُون,Al-Mu’minūn,وَلَقَدَ اٰتَيْنَا مُوسَى اَ۬لْكِتَٰبَ لَعَلَّهُمْ يَهْتَدُونَۖ ﰱ
2720,23,51,18,345,المؤمنُون,Al-Mu’minūn,وَجَعَلْنَا اَ۪بْنَ مَرْيَمَ وَأُمَّهُۥٓ ءَايَةٗۖ وَءَاوَيْنَٰهُمَآ إِلَىٰ رُبْوَةٖ ذَاتِ قَر۪ارٖ وَمَعِينٖۖ ﰲ
2721,23,52,18,345,المؤمنُون,Al-Mu’minūn,يَٰٓأَيُّهَا اَ۬لرُّسُلُ كُلُواْ مِنَ اَ۬لطَّيِّبَٰتِ وَاعْمَلُواْ صَٰلِحاًۖ اِنِّے بِمَا تَعْمَلُونَ عَلِيمٞۖ ﰳ
2722,23,53,18,345,المؤمنُون,Al-Mu’minūn,وَأَنَّ هَٰذِهِۦٓ أُمَّتُكُمُۥٓ أُمَّةٗ وَٰحِدَةٗۖ وَأَنَا رَبُّكُمْ فَاتَّقُونِۖ ﰴ
2723,23,54,18,345,المؤمنُون,Al-Mu’minūn,فَتَقَطَّعُوٓاْ أَمْرَهُم بَيْنَهُمْ زُبُراٗۖ كُلُّ حِزْبِۢ بِمَا لَدَيْهِمْ فَرِحُونَۖ ﰵ
2724,23,55,18,345,المؤمنُون,Al-Mu’minūn,فَذَرْهُمْ فِے غَمْرَتِهِمْ حَتَّىٰ حِينٍۖ ﰶ
2725,23,56,18,345,المؤمنُون,Al-Mu’minūn,اَيَحْسِبُونَ أَنَّمَا نُمِدُّهُم بِهِۦ مِن مَّالٖ وَبَنِينَ ﰷ
2726,23,57,18,345,المؤمنُون,Al-Mu’minūn,نُسَارِعُ لَهُمْ فِے اِ۬لْخَيْرَٰتِۖ بَل لَّا يَشْعُرُونَۖ ﰸ
2727,23,58,18,345,المؤمنُون,Al-Mu’minūn,۞ إِنَّ اَ۬لذِينَ هُم مِّنْ خَشْيَةِ رَبِّهِم مُّشْفِقُونَ ﰹ
2728,23,59,18,345,المؤمنُون,Al-Mu’minūn,وَالذِينَ هُم بِـَٔايَٰتِ رَبِّهِمْ يُومِنُونَ ﰺ
2729,23,60,18,345,المؤمنُون,Al-Mu’minūn,وَالذِينَ هُم بِرَبِّهِمْ لَا يُشْرِكُونَ ﰻ
2730,23,61,18,346,المؤمنُون,Al-Mu’minūn,وَالذِينَ يُوتُونَ مَآ ءَاتَواْ وَّقُلُوبُهُمْ وَجِلَةٌ اَنَّهُمُۥٓ إِلَىٰ رَبِّهِمْ رَٰجِعُونَ ﰼ
2731,23,62,18,346,المؤمنُون,Al-Mu’minūn,أُوْلَٰٓئِكَ يُسَٰرِعُونَ فِے اِ۬لْخَيْرَٰتِۖ وَهُمْ لَهَا سَٰبِقُونَۖ ﰽ
2732,23,63,18,346,المؤمنُون,Al-Mu’minūn,وَلَا نُكَلِّفُ نَفْساً اِلَّا وُسْعَهَاۖ وَلَدَيْنَا كِتَٰبٞ يَنطِقُ بِالْحَقِّ وَهُمْ لَا يُظْلَمُونَۖ ﰾ
2733,23,64,18,346,المؤمنُون,Al-Mu’minūn,بَلْ قُلُوبُهُمْ فِے غَمْرَةٖ مِّنْ هَٰذَاۖ وَلَهُمُۥٓ أَعْمَٰلٞ مِّن دُونِ ذَٰلِكَۖ هُمْ لَهَا عَٰمِلُونَۖ ﰿ
2734,23,65,18,346,المؤمنُون,Al-Mu’minūn,حَتَّىٰٓ إِذَآ أَخَذْنَا مُتْرَفِيهِم بِالْعَذَابِ إِذَا هُمْ يَجْـَٔرُونَۖ ﱀ
2735,23,66,18,346,المؤمنُون,Al-Mu’minūn,لَا تَجْـَٔرُواْ اُ۬لْيَوْمَۖ إِنَّكُم مِّنَّا لَا تُنصَرُونَۖ ﱁ
2736,23,67,18,346,المؤمنُون,Al-Mu’minūn,قَدْ كَانَتَ اٰيَٰتِے تُتْل۪ىٰ عَلَيْكُمْ فَكُنتُمْ عَلَىٰٓ أَعْقَٰبِكُمْ تَنكِصُونَ ﱂ
2737,23,68,18,346,المؤمنُون,Al-Mu’minūn,مُسْتَكْبِرِينَ بِهِۦۖ سَٰمِراٗ تُهْجِرُونَۖ ﱃ
2738,23,69,18,346,المؤمنُون,Al-Mu’minūn,أَفَلَمْ يَدَّبَّرُواْ اُ۬لْقَوْلَ أَمْ جَآءَهُم مَّا لَمْ يَاتِ ءَابَآءَهُمُ اُ۬لَاوَّلِينَۖ ﱄ
2739,23,70,18,346,المؤمنُون,Al-Mu’minūn,أَمْ لَمْ يَعْرِفُواْ رَسُولَهُمْ فَهُمْ لَهُۥ مُنكِرُونَۖ ﱅ
2740,23,71,18,346,المؤمنُون,Al-Mu’minūn,أَمْ يَقُولُونَ بِهِۦ جِنَّةُۢۖ بَلْ جَآءَهُم بِالْحَقِّۖ وَأَكْثَرُهُمْ لِلْحَقِّ كَٰرِهُونَۖ ﱆ
2741,23,72,18,346,المؤمنُون,Al-Mu’minūn,وَلَوِ اِ۪تَّبَعَ اَ۬لْحَقُّ أَهْوَآءَهُمْ لَفَسَدَتِ اِ۬لسَّمَٰوَٰتُ وَالَارْضُ وَمَن فِيهِنَّۖ بَلَ اَتَيْنَٰهُم بِذِكْرِهِمْۖ فَهُمْ عَن ذِكْرِهِم مُّعْرِضُونَۖ ﱇ
2742,23,73,18,346,المؤمنُون,Al-Mu’minūn,أَمْ تَسْـَٔلُهُمْ خَرْجاٗۖ فَخَرَاجُ رَبِّكَ خَيْرٞۖ وَهُوَ خَيْرُ اُ۬لرَّٰزِقِينَۖ ﱈ
2743,23,74,18,346,المؤمنُون,Al-Mu’minūn,وَإِنَّكَ لَتَدْعُوهُمُۥٓ إِلَىٰ صِرَٰطٖ مُّسْتَقِيمٖۖ ﱉ
2744,23,75,18,346,المؤمنُون,Al-Mu’minūn,وَإِنَّ اَ۬لذِينَ لَا يُومِنُونَ بِالَاخِرَةِ عَنِ اِ۬لصِّرَٰطِ لَنَٰكِبُونَۖ ﱊ
2745,23,76,18,347,المؤمنُون,Al-Mu’minūn,۞ وَلَوْ رَحِمْنَٰهُمْ وَكَشَفْنَا مَا بِهِم مِّن ضُرّٖ لَّلَجُّواْ فِے طُغْيَٰنِهِمْ يَعْمَهُونَۖ ﱋ
2746,23,77,18,347,المؤمنُون,Al-Mu’minūn,وَلَقَدَ اَخَذْنَٰهُم بِالْعَذَابِ فَمَا اَ۪سْتَكَانُواْ لِرَبِّهِمْ وَمَا يَتَضَرَّعُونَۖ ﱌ
2747,23,78,18,347,المؤمنُون,Al-Mu’minūn,حَتَّىٰٓ إِذَا فَتَحْنَا عَلَيْهِم بَاباٗ ذَا عَذَابٖ شَدِيدٍ اِذَا هُمْ فِيهِ مُبْلِسُونَۖ ﱍ
2748,23,79,18,347,المؤمنُون,Al-Mu’minūn,وَهُوَ اَ۬لذِےٓ أَنشَأَ لَكُمُ اُ۬لسَّمْعَ وَالَابْصَٰرَ وَالَافْـِٕدَةَۖ قَلِيلاٗ مَّا تَشْكُرُونَۖ ﱎ
2749,23,80,18,347,المؤمنُون,Al-Mu’minūn,وَهُوَ اَ۬لذِے ذَرَأَكُمْ فِے اِ۬لَارْضِ وَإِلَيْهِ تُحْشَرُونَۖ ﱏ
2750,23,81,18,347,المؤمنُون,Al-Mu’minūn,وَهُوَ اَ۬لذِے يُحْيِۦ وَيُمِيتُۖ وَلَهُ اُ۪خْتِلَٰفُ اُ۬ليْلِ وَالنَّه۪ارِۖ أَفَلَا تَعْقِلُونَۖ ﱐ
2751,23,82,18,347,المؤمنُون,Al-Mu’minūn,بَلْ قَالُواْ مِثْلَ مَا قَالَ اَ۬لَاوَّلُونَ ﱑ
2752,23,83,18,347,المؤمنُون,Al-Mu’minūn,قَالُوٓاْ أَ۟ذَا مِتْنَا وَكُنَّا تُرَاباٗ وَعِظَٰماً اِنَّا لَمَبْعُوثُونَۖ ﱒ
2753,23,84,18,347,المؤمنُون,Al-Mu’minūn,لَقَدْ وُعِدْنَا نَحْنُ وَءَابَآؤُنَا هَٰذَا مِن قَبْلُۖ إِنْ هَٰذَآ إِلَّآ أَسَٰطِيرُ اُ۬لَاوَّلِينَۖ ﱓ
2754,23,85,18,347,المؤمنُون,Al-Mu’minūn,قُل لِّمَنِ اِ۬لَارْضُ وَمَن فِيهَآ إِن كُنتُمْ تَعْلَمُونَ ﱔ
2755,23,86,18,347,المؤمنُون,Al-Mu’minūn,سَيَقُولُونَ لِلهِۖ قُلَ اَفَلَا تَذَّكَّرُونَۖ ﱕ
2756,23,87,18,347,المؤمنُون,Al-Mu’minūn,قُلْ مَن رَّبُّ اُ۬لسَّمَٰوَٰتِ اِ۬لسَّبْعِ وَرَبُّ اُ۬لْعَرْشِ اِ۬لْعَظِيمِۖ ﱖ
2757,23,88,18,347,المؤمنُون,Al-Mu’minūn,سَيَقُولُونَ لِلهِۖ قُلَ اَفَلَا تَتَّقُونَۖ ﱗ
2758,23,89,18,347,المؤمنُون,Al-Mu’minūn,قُلْ مَنۢ بِيَدِهِۦ مَلَكُوتُ كُلِّ شَےْءٖ وَهُوَ يُجِيرُ وَلَا يُجَارُ عَلَيْهِ إِن كُنتُمْ تَعْلَمُونَ ﱘ
2759,23,90,18,347,المؤمنُون,Al-Mu’minūn,سَيَقُولُونَ لِلهِۖ قُلْ فَأَنّ۪ىٰ تُسْحَرُونَۖ ﱙ
2760,23,91,18,348,المؤمنُون,Al-Mu’minūn,بَلَ اَتَيْنَٰهُم بِالْحَقِّۖ وَإِنَّهُمْ لَكَٰذِبُونَۖ ﱚ
2761,23,92,18,348,المؤمنُون,Al-Mu’minūn,مَا اَ۪تَّخَذَ اَ۬للَّهُ مِنْ وَّلَدٖۖ وَمَا كَانَ مَعَهُۥ مِنِ اِلَٰهٍۖ اِذاٗ لَّذَهَبَ كُلُّ إِلَٰهِۢ بِمَا خَلَقَ وَلَعَلَا بَعْضُهُمْ عَلَىٰ بَعْضٖۖ سُبْحَٰنَ اَ۬للَّهِ عَمَّا يَصِفُونَۖ ﱛ
2762,23,93,18,348,المؤمنُون,Al-Mu’minūn,عَٰلِمُ اُ۬لْغَيْبِ وَالشَّهَٰدَةِۖ فَتَعَٰل۪ىٰ عَمَّا يُشْرِكُونَۖ ﱜ
2763,23,94,18,348,المؤمنُون,Al-Mu’minūn,۞ قُل رَّبِّ إِمَّا تُرِيَنِّے مَا يُوعَدُونَ ﱝ
2764,23,95,18,348,المؤمنُون,Al-Mu’minūn,رَبِّ فَلَا تَجْعَلْنِے فِے اِ۬لْقَوْمِ اِ۬لظَّٰلِمِينَۖ ﱞ
2765,23,96,18,348,المؤمنُون,Al-Mu’minūn,وَإِنَّا عَلَىٰٓ أَن نُّرِيَكَ مَا نَعِدُهُمْ لَقَٰدِرُونَۖ ﱟ
2766,23,97,18,348,المؤمنُون,Al-Mu’minūn,اَ۪دْفَعْ بِالتِے هِيَ أَحْسَنُ اُ۬لسَّيِّئَةَۖ نَحْنُ أَعْلَمُ بِمَا يَصِفُونَۖ ﱠ
2767,23,98,18,348,المؤمنُون,Al-Mu’minūn,وَقُل رَّبِّ أَعُوذُ بِكَ مِنْ هَمَزَٰتِ اِ۬لشَّيَٰطِينِ ﱡ
2768,23,99,18,348,المؤمنُون,Al-Mu’minūn,وَأَعُوذُ بِكَ رَبِّ أَنْ يَّحْضُرُونِۖ ﱢ
2769,23,100,18,348,المؤمنُون,Al-Mu’minūn,حَتَّىٰٓ إِذَا جَآءَ احَدَهُمُ اُ۬لْمَوْتُ قَالَ رَبِّ اِ۪رْجِعُونِ ﱣ
2770,23,101,18,348,المؤمنُون,Al-Mu’minūn,لَعَلِّيَ أَعْمَلُ صَٰلِحاٗ فِيمَا تَرَكْتُ كَلَّآۖ إِنَّهَا كَلِمَةٌ هُوَ قَآئِلُهَاۖ وَمِنْ وَّرَآئِهِم بَرْزَخٌ اِلَىٰ يَوْمِ يُبْعَثُونَۖ ﱤ
2771,23,102,18,348,المؤمنُون,Al-Mu’minūn,فَإِذَا نُفِخَ فِے اِ۬لصُّورِ فَلَآ أَنسَابَ بَيْنَهُمْ يَوْمَئِذٖ وَلَا يَتَسَآءَلُونَۖ ﱥ
2772,23,103,18,348,المؤمنُون,Al-Mu’minūn,فَمَن ثَقُلَتْ مَوَٰزِينُهُۥ فَأُوْلَٰٓئِكَ هُمُ اُ۬لْمُفْلِحُونَۖ ﱦ
2773,23,104,18,348,المؤمنُون,Al-Mu’minūn,وَمَنْ خَفَّتْ مَوَٰزِينُهُۥ فَأُوْلَٰٓئِكَ اَ۬لذِينَ خَسِرُوٓاْ أَنفُسَهُمْ فِے جَهَنَّمَ خَٰلِدُونَ ﱧ
2774,23,105,18,348,المؤمنُون,Al-Mu’minūn,تَلْفَحُ وُجُوهَهُمُ اُ۬لنَّارُ وَهُمْ فِيهَا كَٰلِحُونَۖ ﱨ
2775,23,106,18,349,المؤمنُون,Al-Mu’minūn,أَلَمْ تَكُنَ اٰيَٰتِے تُتْل۪ىٰ عَلَيْكُمْ فَكُنتُم بِهَا تُكَذِّبُونَۖ ﱩ
2776,23,107,18,349,المؤمنُون,Al-Mu’minūn,قَالُواْ رَبَّنَا غَلَبَتْ عَلَيْنَا شِقْوَتُنَا وَكُنَّا قَوْماٗ ضَآلِّينَۖ ﱪ
2777,23,108,18,349,المؤمنُون,Al-Mu’minūn,رَبَّنَآ أَخْرِجْنَا مِنْهَا فَإِنْ عُدْنَا فَإِنَّا ظَٰلِمُونَۖ ﱫ
2778,23,109,18,349,المؤمنُون,Al-Mu’minūn,قَالَ اَ۪خْسَـُٔواْ فِيهَا وَلَا تُكَلِّمُونِۖ ﱬ
2779,23,110,18,349,المؤمنُون,Al-Mu’minūn,إِنَّهُۥ كَانَ فَرِيقٞ مِّنْ عِبَادِے يَقُولُونَ رَبَّنَآ ءَامَنَّا فَاغْفِرْ لَنَا وَارْحَمْنَا وَأَنتَ خَيْرُ اُ۬لرَّٰحِمِينَ ﱭ
2780,23,111,18,349,المؤمنُون,Al-Mu’minūn,فَاتَّخَذتُّمُوهُمْ سُخْرِيّاً حَتَّىٰٓ أَنسَوْكُمْ ذِكْرِے وَكُنتُم مِّنْهُمْ تَضْحَكُونَۖ ﱮ
2781,23,112,18,349,المؤمنُون,Al-Mu’minūn,إِنِّے جَزَيْتُهُمُ اُ۬لْيَوْمَ بِمَا صَبَرُوٓاْ أَنَّهُمْ هُمُ اُ۬لْفَآئِزُونَۖ ﱯ
2782,23,113,18,349,المؤمنُون,Al-Mu’minūn,قَالَ كَمْ لَبِثْتُمْ فِے اِ۬لَارْضِ عَدَدَ سِنِينَۖ ﱰ
2783,23,114,18,349,المؤمنُون,Al-Mu’minūn,قَالُواْ لَبِثْنَا يَوْماً اَوْ بَعْضَ يَوْمٖۖ فَسْـَٔلِ اِ۬لْعَآدِّينَۖ ﱱ
2784,23,115,18,349,المؤمنُون,Al-Mu’minūn,قَالَ إِن لَّبِثْتُمُۥٓ إِلَّا قَلِيلاٗ لَّوَ اَنَّكُمْ كُنتُمْ تَعْلَمُونَۖ ﱲ
2785,23,116,18,349,المؤمنُون,Al-Mu’minūn,۞ أَفَحَسِبْتُمُۥٓ أَنَّمَا خَلَقْنَٰكُمْ عَبَثاٗ وَأَنَّكُمُۥٓ إِلَيْنَا لَا تُرْجَعُونَۖ ﱳ
2786,23,117,18,349,المؤمنُون,Al-Mu’minūn,فَتَعَٰلَى اَ۬للَّهُ اُ۬لْمَلِكُ اُ۬لْحَقُّۖ لَآ إِلَٰهَ إِلَّا هُوَۖ رَبُّ اُ۬لْعَرْشِ اِ۬لْكَرِيمِۖ ﱴ
2787,23,118,18,349,المؤمنُون,Al-Mu’minūn,وَمَنْ يَّدْعُ مَعَ اَ۬للَّهِ إِلَٰهاً اٰخَرَ لَا بُرْهَٰنَ لَهُۥ بِهِۦ فَإِنَّمَا حِسَابُهُۥ عِندَ رَبِّهِۦٓۖ إِنَّهُۥ لَا يُفْلِحُ اُ۬لْكَٰفِرُونَۖ ﱵ
2788,23,119,18,349,المؤمنُون,Al-Mu’minūn,وَقُل رَّبِّ اِ۪غْفِرْ وَارْحَمْ وَأَنتَ خَيْرُ اُ۬لرَّٰحِمِينَۖ ﱶ
2789,24,1,18,350,النور,An-Nūr,سُورَةٌ اَنزَلْنَٰهَا وَفَرَضْنَٰهَا وَأَنزَلْنَا فِيهَآ ءَايَٰتِۢ بَيِّنَٰتٖ لَّعَلَّكُمْ تَذَّكَّرُونَۖ ﰀ
2790,24,2,18,350,النور,An-Nūr,اَ۬لزَّانِيَةُ وَالزَّانِے فَاجْلِدُواْ كُلَّ وَٰحِدٖ مِّنْهُمَا مِاْئَةَ جَلْدَةٖۖ وَلَا تَاخُذْكُم بِهِمَا رَأْفَةٞ فِے دِينِ اِ۬للَّهِ إِن كُنتُمْ تُومِنُونَ بِاللَّهِ وَالْيَوْمِ اِ۬لَاخِرِۖ وَلْيَشْهَدْ عَذَابَهُمَا طَآئِفَةٞ مِّنَ اَ۬لْمُومِنِينَۖ ﰁ
2791,24,3,18,350,النور,An-Nūr,اَ۬لزَّانِے لَا يَنكِحُ إِلَّا زَانِيَةً اَوْ مُشْرِكَةٗۖ وَالزَّانِيَةُ لَا يَنكِحُهَآ إِلَّا زَانٍ اَوْ مُشْرِكٞۖ وَحُرِّمَ ذَٰلِكَ عَلَى اَ۬لْمُومِنِينَۖ ﰂ
2792,24,4,18,350,النور,An-Nūr,وَالذِينَ يَرْمُونَ اَ۬لْمُحْصَنَٰتِ ثُمَّ لَمْ يَاتُواْ بِأَرْبَعَةِ شُهَدَآءَ فَاجْلِدُوهُمْ ثَمَٰنِينَ جَلْدَةٗۖ وَلَا تَقْبَلُواْ لَهُمْ شَهَٰدَةً اَبَداٗ وَأُوْلَٰٓئِكَ هُمُ اُ۬لْفَٰسِقُونَ ﰃ
2793,24,5,18,350,النور,An-Nūr,إِلَّا اَ۬لذِينَ تَابُواْ مِنۢ بَعْدِ ذَٰلِكَ وَأَصْلَحُواْ فَإِنَّ اَ۬للَّهَ غَفُورٞ رَّحِيمٞۖ ﰄ
2794,24,6,18,350,النور,An-Nūr,وَالذِينَ يَرْمُونَ أَزْوَٰجَهُمْ وَلَمْ يَكُن لَّهُمْ شُهَدَآءُ اِ۪لَّآ أَنفُسُهُمْ فَشَهَٰدَةُ أَحَدِهِمُۥٓ أَرْبَعَ شَهَٰدَٰتِۢ بِاللَّهِ إِنَّهُۥ لَمِنَ اَ۬لصَّٰدِقِينَ ﰅ
2795,24,7,18,350,النور,An-Nūr,وَالْخَٰمِسَةُ أَن لَّعْنَتُ اُ۬للَّهِ عَلَيْهِ إِن كَانَ مِنَ اَ۬لْكَٰذِبِينَۖ ﰆ
2796,24,8,18,350,النور,An-Nūr,وَيَدْرَؤُاْ عَنْهَا اَ۬لْعَذَابَ أَن تَشْهَدَ أَرْبَعَ شَهَٰدَٰتِۢ بِاللَّهِ إِنَّهُۥ لَمِنَ اَ۬لْكَٰذِبِينَ ﰇ
2797,24,9,18,350,النور,An-Nūr,وَالْخَٰمِسَةُ أَنْ غَضِبَ اَ۬للَّهُ عَلَيْهَآ إِن كَانَ مِنَ اَ۬لصَّٰدِقِينَۖ ﰈ
2798,24,10,18,350,النور,An-Nūr,وَلَوْلَا فَضْلُ اُ۬للَّهِ عَلَيْكُمْ وَرَحْمَتُهُۥ وَأَنَّ اَ۬للَّهَ تَوَّابٌ حَكِيمٌۖ ﰉ
2799,24,11,18,351,النور,An-Nūr,۞ اِنَّ اَ۬لذِينَ جَآءُو بِالِافْكِ عُصْبَةٞ مِّنكُمْ لَا تَحْسِبُوهُ شَرّاٗ لَّكُمۖ بَلْ هُوَ خَيْرٞ لَّكُمْۖ لِكُلِّ اِ۪مْرِےٕٖ مِّنْهُم مَّا اَ۪كْتَسَبَ مِنَ اَ۬لِاثْمِۖ وَالذِے تَوَلّ۪ىٰ كِبْرَهُۥ مِنْهُمْ لَهُۥ عَذَابٌ عَظِيمٞۖ ﰊ
2800,24,12,18,351,النور,An-Nūr,لَّوْلَآ إِذْ سَمِعْتُمُوهُ ظَنَّ اَ۬لْمُومِنُونَ وَالْمُومِنَٰتُ بِأَنفُسِهِمْ خَيْراٗ وَقَالُواْ هَٰذَآ إِفْكٞ مُّبِينٞۖ ﰋ
2801,24,13,18,351,النور,An-Nūr,لَّوْلَا جَآءُو عَلَيْهِ بِأَرْبَعَةِ شُهَدَآءَۖ فَإِذْ لَمْ يَاتُواْ بِالشُّهَدَآءِ فَأُوْلَٰٓئِكَ عِندَ اَ۬للَّهِ هُمُ اُ۬لْكَٰذِبُونَۖ ﰌ
2802,24,14,18,351,النور,An-Nūr,وَلَوْلَا فَضْلُ اُ۬للَّهِ عَلَيْكُمْ وَرَحْمَتُهُۥ فِے اِ۬لدُّنْي۪ا وَالَاخِرَةِ لَمَسَّكُمْ فِے مَآ أَفَضْتُمْ فِيهِ عَذَابٌ عَظِيمٌ ﰍ
2803,24,15,18,351,النور,An-Nūr,اِذْ تَلَقَّوْنَهُۥ بِأَلْسِنَتِكُمْ وَتَقُولُونَ بِأَفْوَاهِكُم مَّا لَيْسَ لَكُم بِهِۦ عِلْمٞ وَتَحْسِبُونَهُۥ هَيِّناٗ وَهُوَ عِندَ اَ۬للَّهِ عَظِيمٞۖ ﰎ
2804,24,16,18,351,النور,An-Nūr,وَلَوْلَآ إِذْ سَمِعْتُمُوهُ قُلْتُم مَّا يَكُونُ لَنَآ أَن نَّتَكَلَّمَ بِهَٰذَا سُبْحَٰنَكَ هَٰذَا بُهْتَٰنٌ عَظِيمٞۖ ﰏ
2805,24,17,18,351,النور,An-Nūr,يَعِظُكُمُ اُ۬للَّهُ أَن تَعُودُواْ لِمِثْلِهِۦٓ أَبَداً اِن كُنتُم مُّومِنِينَۖ ﰐ
2806,24,18,18,351,النور,An-Nūr,وَيُبَيِّنُ اُ۬للَّهُ لَكُمُ اُ۬لَايَٰتِۖ وَاللَّهُ عَلِيمٌ حَكِيمٌۖ ﰑ
2807,24,19,18,351,النور,An-Nūr,اِنَّ اَ۬لذِينَ يُحِبُّونَ أَن تَشِيعَ اَ۬لْفَٰحِشَةُ فِے اِ۬لذِينَ ءَامَنُواْ لَهُمْ عَذَابٌ اَلِيمٞ فِے اِ۬لدُّنْي۪ا وَالَاخِرَةِۖ وَاللَّهُ يَعْلَمُۖ وَأَنتُمْ لَا تَعْلَمُونَۖ ﰒ
2808,24,20,18,351,النور,An-Nūr,وَلَوْلَا فَضْلُ اُ۬للَّهِ عَلَيْكُمْ وَرَحْمَتُهُۥ وَأَنَّ اَ۬للَّهَ رَءُوفٞ رَّحِيمٞۖ ﰓ
2809,24,21,18,352,النور,An-Nūr,۞ يَٰٓأَيُّهَا اَ۬لذِينَ ءَامَنُواْ لَا تَتَّبِعُواْ خُطْوَٰتِ اِ۬لشَّيْطَٰنِۖ وَمَنْ يَّتَّبِعْ خُطْوَٰتِ اِ۬لشَّيْطَٰنِ فَإِنَّهُۥ يَامُرُ بِالْفَحْشَآءِ وَالْمُنكَرِۖ وَلَوْلَا فَضْلُ اُ۬للَّهِ عَلَيْكُمْ وَرَحْمَتُهُۥ مَا زَكَىٰ مِنكُم مِّنَ اَحَدٍ اَبَداٗۖ وَلَٰكِنَّ اَ۬للَّهَ يُزَكِّے مَنْ يَّشَآءُۖ وَاللَّهُ سَمِيعٌ عَلِيمٞۖ ﰔ
2810,24,22,18,352,النور,An-Nūr,وَلَا يَاتَلِ أُوْلُواْ اُ۬لْفَضْلِ مِنكُمْ وَالسَّعَةِ أَنْ يُّوتُوٓاْ أُوْلِے اِ۬لْقُرْب۪ىٰ وَالْمَسَٰكِينَ وَالْمُهَٰجِرِينَ فِے سَبِيلِ اِ۬للَّهِۖ وَلْيَعْفُواْ وَلْيَصْفَحُوٓاْۖ أَلَا تُحِبُّونَ أَنْ يَّغْفِرَ اَ۬للَّهُ لَكُمْۖ وَاللَّهُ غَفُورٞ رَّحِيمٌۖ ﰕ
2811,24,23,18,352,النور,An-Nūr,اِنَّ اَ۬لذِينَ يَرْمُونَ اَ۬لْمُحْصَنَٰتِ اِ۬لْغَٰفِلَٰتِ اِ۬لْمُومِنَٰتِ لُعِنُواْ فِے اِ۬لدُّنْي۪ا وَالَاخِرَةِ وَلَهُمْ عَذَابٌ عَظِيمٞ ﰖ
2812,24,24,18,352,النور,An-Nūr,يَوْمَ تَشْهَدُ عَلَيْهِمُۥٓ أَلْسِنَتُهُمْ وَأَيْدِيهِمْ وَأَرْجُلُهُم بِمَا كَانُواْ يَعْمَلُونَۖ ﰗ
2813,24,25,18,352,النور,An-Nūr,يَوْمَئِذٖ يُوَفِّيهِمُ اُ۬للَّهُ دِينَهُمُ اُ۬لْحَقَّۖ وَيَعْلَمُونَ أَنَّ اَ۬للَّهَ هُوَ اَ۬لْحَقُّ اُ۬لْمُبِينُۖ ﰘ
2814,24,26,18,352,النور,An-Nūr,اُ۬لْخَبِيثَٰتُ لِلْخَبِيثِينَ وَالْخَبِيثُونَ لِلْخَبِيثَٰتِۖ وَالطَّيِّبَٰتُ لِلطَّيِّبِينَ وَالطَّيِّبُونَ لِلطَّيِّبَٰتِۖ أُوْلَٰٓئِكَ مُبَرَّءُونَ مِمَّا يَقُولُونَۖ لَهُم مَّغْفِرَةٞ وَرِزْقٞ كَرِيمٞۖ ﰙ
2815,24,27,18,352,النور,An-Nūr,يَٰٓأَيُّهَا اَ۬لذِينَ ءَامَنُواْ لَا تَدْخُلُواْ بُيُوتاً غَيْرَ بُيُوتِكُمْ حَتَّىٰ تَسْتَانِسُواْ وَتُسَلِّمُواْ عَلَىٰٓ أَهْلِهَاۖ ذَٰلِكُمْ خَيْرٞ لَّكُمْ لَعَلَّكُمْ تَذَّكَّرُونَۖ ﰚ
2816,24,28,18,353,النور,An-Nūr,فَإِن لَّمْ تَجِدُواْ فِيهَآ أَحَداٗ فَلَا تَدْخُلُوهَا حَتَّىٰ يُوذَنَ لَكُمْۖ وَإِن قِيلَ لَكُمُ اُ۪رْجِعُواْ فَارْجِعُواْ هُوَ أَزْك۪ىٰ لَكُمْۖ وَاللَّهُ بِمَا تَعْمَلُونَ عَلِيمٞۖ ﰛ
2817,24,29,18,353,النور,An-Nūr,لَّيْسَ عَلَيْكُمْ جُنَاحٌ اَن تَدْخُلُواْ بُيُوتاً غَيْرَ مَسْكُونَةٖ فِيهَا مَتَٰعٞ لَّكُمْۖ وَاللَّهُ يَعْلَمُ مَا تُبْدُونَ وَمَا تَكْتُمُونَۖ ﰜ
2818,24,30,18,353,النور,An-Nūr,۞ قُل لِّلْمُومِنِينَ يَغُضُّواْ مِنَ اَبْصٰ۪رِهِمْ وَيَحْفَظُواْ فُرُوجَهُمْ ذَٰلِكَ أَزْك۪ىٰ لَهُمُۥٓۖ إِنَّ اَ۬للَّهَ خَبِيرُۢ بِمَا يَصْنَعُونَۖ ﰝ
2819,24,31,18,353,النور,An-Nūr,وَقُل لِّلْمُومِنَٰتِ يَغْضُضْنَ مِنَ اَبْصٰ۪رِهِنَّ وَيَحْفَظْنَ فُرُوجَهُنَّۖ وَلَا يُبْدِينَ زِينَتَهُنَّ إِلَّا مَا ظَهَرَ مِنْهَاۖ وَلْيَضْرِبْنَ بِخُمُرِهِنَّ عَلَىٰ جُيُوبِهِنَّۖ وَلَا يُبْدِينَ زِينَتَهُنَّ إِلَّا لِبُعُولَتِهِنَّ أَوَ اٰبَآئِهِنَّ أَوَ اٰبَآءِ بُعُولَتِهِنَّ أَوَ اَبْنَآئِهِنَّ أَوَ اَبْنَآءِ بُعُولَتِهِنَّ أَوِ اِخْوَٰنِهِنَّ أَوْ بَنِےٓ إِخْوَٰنِهِنَّ أَوْ بَنِےٓ أَخَوَٰتِهِنَّ أَوْ نِسَآئِهِنَّ أَوْ مَا مَلَكَتَ اَيْمَٰنُهُنَّ أَوِ اِ۬لتَّٰبِعِينَ غَيْرِ أُوْلِے اِ۬لِارْبَةِ مِنَ اَ۬لرِّجَالِ أَوِ اِ۬لطِّفْلِ اِ۬لذِينَ لَمْ يَظْهَرُواْ عَلَىٰ عَوْرَٰتِ اِ۬لنِّسَآءِۖ وَلَا يَضْرِبْنَ بِأَرْجُلِهِنَّ لِيُعْلَمَ مَا يُخْفِينَ مِن زِينَتِهِنَّۖ وَتُوبُوٓاْ إِلَى اَ۬للَّهِ جَمِيعاً اَيُّهَ اَ۬لْمُومِنُونَ لَعَلَّكُمْ تُفْلِحُونَۖ ﰞ
2820,24,32,18,354,النور,An-Nūr,وَأَنكِحُواْ اُ۬لَايَٰم۪ىٰ مِنكُمْ وَالصَّٰلِحِينَ مِنْ عِبَادِكُمْ وَإِمَآئِكُمُۥٓۖ إِنْ يَّكُونُواْ فُقَرَآءَ يُغْنِهِمُ اُ۬للَّهُ مِن فَضْلِهِۦۖ وَاللَّهُ وَٰسِعٌ عَلِيمٞۖ ﰟ
2821,24,33,18,354,النور,An-Nūr,وَلْيَسْتَعْفِفِ اِ۬لذِينَ لَا يَجِدُونَ نِكَاحاً حَتَّىٰ يُغْنِيَهُمُ اُ۬للَّهُ مِن فَضْلِهِۦۖ وَالذِينَ يَبْتَغُونَ اَ۬لْكِتَٰبَ مِمَّا مَلَكَتَ اَيْمَٰنُكُمْ فَكَاتِبُوهُمُۥٓ إِنْ عَلِمْتُمْ فِيهِمْ خَيْراٗۖ وَءَاتُوهُم مِّن مَّالِ اِ۬للَّهِ اِ۬لذِےٓ ءَات۪يٰكُمْۖ وَلَا تُكْرِهُواْ فَتَيَٰتِكُمْ عَلَى اَ۬لْبِغَآءِ انَ اَرَدْنَ تَحَصُّناٗ لِّتَبْتَغُواْ عَرَضَ اَ۬لْحَيَوٰةِ اِ۬لدُّنْي۪اۖ وَمَنْ يُّكْرِههُّنَّ فَإِنَّ اَ۬للَّهَ مِنۢ بَعْدِ إِكْرَٰهِهِنَّ غَفُورٞ رَّحِيمٞۖ ﰠ
2822,24,34,18,354,النور,An-Nūr,وَلَقَدَ اَنزَلْنَآ إِلَيْكُمُۥٓ ءَايَٰتٖ مُّبَيَّنَٰتٖ وَمَثَلاٗ مِّنَ اَ۬لذِينَ خَلَوْاْ مِن قَبْلِكُمْ وَمَوْعِظَةٗ لِّلْمُتَّقِينَۖ ﰡ
2823,24,35,18,354,النور,An-Nūr,۞ اَ۬للَّهُ نُورُ اُ۬لسَّمَٰوَٰتِ وَالَارْضِۖ مَثَلُ نُورِهِۦ كَمِشْكَوٰةٖ فِيهَا مِصْبَاحٌۖ اِ۬لْمِصْبَاحُ فِے زُجَاجَةٍۖ اِ۬لزُّجَاجَةُ كَأَنَّهَا كَوْكَبٞ دُرِّيّٞ يُوقَدُ مِن شَجَرَةٖ مُّبَٰرَكَةٖ زَيْتُونَةٖ لَّا شَرْقِيَّةٖ وَلَا غَرْبِيَّةٖ يَكَادُ زَيْتُهَا يُضِےٓءُ وَلَوْ لَمْ تَمْسَسْهُ نَارٞۖ نُّورٌ عَلَىٰ نُورٖۖ يَهْدِے اِ۬للَّهُ لِنُورِهِۦ مَنْ يَّشَآءُۖ وَيَضْرِبُ اُ۬للَّهُ اُ۬لَامْثَٰلَ لِلنَّاسِۖ وَاللَّهُ بِكُلِّ شَےْءٍ عَلِيمٞۖ ﰢ
2824,24,36,18,354-355,النور,An-Nūr,فِے بُيُوتٍ اَذِنَ اَ۬للَّهُ أَن تُرْفَعَ وَيُذْكَرَ فِيهَا اَ۪سْمُهُۥ يُسَبِّحُ لَهُۥ فِيهَا بِالْغُدُوِّ وَالَاصَالِ  رِجَالٞ لَّا تُلْهِيهِمْ تِجَٰرَةٞ وَلَا بَيْعٌ عَن ذِكْرِ اِ۬للَّهِ وَإِقَامِ اِ۬لصَّلَوٰةِ وَإِيتَآءِ اِ۬لزَّكَوٰةِۖ يَخَافُونَ يَوْماٗ تَتَقَلَّبُ فِيهِ اِ۬لْقُلُوبُ وَالَابْصَٰرُ ﰣ
2825,24,37,18,355,النور,An-Nūr,لِيَجْزِيَهُمُ اُ۬للَّهُ أَحْسَنَ مَا عَمِلُواْ وَيَزِيدَهُم مِّن فَضْلِهِۦۖ وَاللَّهُ يَرْزُقُ مَنْ يَّشَآءُ بِغَيْرِ حِسَابٖۖ ﰤ
2826,24,38,18,355,النور,An-Nūr,وَالذِينَ كَفَرُوٓاْ أَعْمَٰلُهُمْ كَسَرَابِۢ بِقِيعَةٖ يَحْسِبُهُ اُ۬لظَّمْـَٔانُ مَآءً حَتَّىٰٓ إِذَا جَآءَهُۥ لَمْ يَجِدْهُ شَئْاٗ وَوَجَدَ اَ۬للَّهَ عِندَهُۥ فَوَفّ۪يٰهُ حِسَابَهُۥۖ وَاللَّهُ سَرِيعُ اُ۬لْحِسَابِۖ ﰥ
2827,24,39,18,355,النور,An-Nūr,أَوْ كَظُلُمَٰتٖ فِے بَحْرٖ لُّجِّيّٖ يَغْش۪يٰهُ مَوْجٞ مِّن فَوْقِهِۦ مَوْجٞ مِّن فَوْقِهِۦ سَحَابٞۖ ظُلُمَٰتُۢ بَعْضُهَا فَوْقَ بَعْضٍۖ اِذَآ أَخْرَجَ يَدَهُۥ لَمْ يَكَدْ يَر۪يٰهَاۖ وَمَن لَّمْ يَجْعَلِ اِ۬للَّهُ لَهُۥ نُوراٗ فَمَا لَهُۥ مِن نُّورٍۖ ﰦ
2828,24,40,18,355,النور,An-Nūr,اَلَمْ تَرَ أَنَّ اَ۬للَّهَ يُسَبِّحُ لَهُۥ مَن فِے اِ۬لسَّمَٰوَٰتِ وَالَارْضِ وَالطَّيْرُ صَٰٓفَّٰتٖۖ كُلّٞ قَدْ عَلِمَ صَلَاتَهُۥ وَتَسْبِيحَهُۥۖ وَاللَّهُ عَلِيمُۢ بِمَا يَفْعَلُونَۖ ﰧ
2829,24,41,18,355,النور,An-Nūr,وَلِلهِ مُلْكُ اُ۬لسَّمَٰوَٰتِ وَالَارْضِۖ وَإِلَى اَ۬للَّهِ اِ۬لْمَصِيرُۖ ﰨ
2830,24,42,18,355-356,النور,An-Nūr,۞ أَلَمْ تَرَ أَنَّ اَ۬للَّهَ يُزْجِے سَحَاباٗ ثُمَّ يُوَ۬لِّفُ بَيْنَهُۥ ثُمَّ يَجْعَلُهُۥ رُكَاماٗ فَتَرَى اَ۬لْوَدْقَ يَخْرُجُ مِنْ خِلَٰلِهِۦۖ وَيُنَزِّلُ مِنَ اَ۬لسَّمَآءِ مِن جِبَالٖ فِيهَا مِنۢ بَرَدٖ فَيُصِيبُ بِهِۦ مَنْ يَّشَآءُ وَيَصْرِفُهُۥ عَن مَّنْ يَّشَآءُۖ يَكَادُ سَنَا بَرْقِهِۦ يَذْهَبُ بِالَابْصٰ۪رِۖ  يُقَلِّبُ اُ۬للَّهُ اُ۬ليْلَ وَالنَّهَارَۖ إِنَّ فِے ذَٰلِكَ لَعِبْرَةٗ لِّأُوْلِے اِ۬لَابْصٰ۪رِۖ ﰩ
2831,24,43,18,356,النور,An-Nūr,وَاللَّهُ خَلَقَ كُلَّ دَآبَّةٖ مِّن مَّآءٖۖ فَمِنْهُم مَّنْ يَّمْشِے عَلَىٰ بَطْنِهِۦۖ وَمِنْهُم مَّنْ يَّمْشِے عَلَىٰ رِجْلَيْنِۖ وَمِنْهُم مَّنْ يَّمْشِے عَلَىٰٓ أَرْبَعٖۖ يَخْلُقُ اُ۬للَّهُ مَا يَشَآءُۖ اِ۪نَّ اَ۬للَّهَ عَلَىٰ كُلِّ شَےْءٖ قَدِيرٞۖ ﰪ
2832,24,44,18,356,النور,An-Nūr,لَّقَدَ اَنزَلْنَآ ءَايَٰتٖ مُّبَيَّنَٰتٖۖ وَاللَّهُ يَهْدِے مَنْ يَّشَآءُ اِ۪لَىٰ صِرَٰطٖ مُّسْتَقِيمٖۖ ﰫ
2833,24,45,18,356,النور,An-Nūr,وَيَقُولُونَ ءَامَنَّا بِاللَّهِ وَبِالرَّسُولِ وَأَطَعْنَا ثُمَّ يَتَوَلّ۪ىٰ فَرِيقٞ مِّنْهُم مِّنۢ بَعْدِ ذَٰلِكَۖ وَمَآ أُوْلَٰٓئِكَ بِالْمُومِنِينَۖ ﰬ
2834,24,46,18,356,النور,An-Nūr,وَإِذَا دُعُوٓاْ إِلَى اَ۬للَّهِ وَرَسُولِهِۦ لِيَحْكُمَ بَيْنَهُمُۥٓ إِذَا فَرِيقٞ مِّنْهُم مُّعْرِضُونَۖ ﰭ
2835,24,47,18,356,النور,An-Nūr,وَإِنْ يَّكُن لَّهُمُ اُ۬لْحَقُّ يَاتُوٓاْ إِلَيْهِ مُذْعِنِينَۖ ﰮ
2836,24,48,18,356,النور,An-Nūr,أَفِے قُلُوبِهِم مَّرَضٌ اَمِ اِ۪رْتَابُوٓاْ أَمْ يَخَافُونَ أَنْ يَّحِيفَ اَ۬للَّهُ عَلَيْهِمْ وَرَسُولُهُۥۖ بَلُ ا۟وْلَٰٓئِكَ هُمُ اُ۬لظَّٰلِمُونَۖ ﰯ
2837,24,49,18,356,النور,An-Nūr,إِنَّمَا كَانَ قَوْلَ اَ۬لْمُومِنِينَ إِذَا دُعُوٓاْ إِلَى اَ۬للَّهِ وَرَسُولِهِۦ لِيَحْكُمَ بَيْنَهُمُۥٓ أَنْ يَّقُولُواْ سَمِعْنَا وَأَطَعْنَاۖ وَأُوْلَٰٓئِكَ هُمُ اُ۬لْمُفْلِحُونَۖ ﰰ
2838,24,50,18,356,النور,An-Nūr,وَمَنْ يُّطِعِ اِ۬للَّهَ وَرَسُولَهُۥ وَيَخْشَ اَ۬للَّهَ وَيَتَّقِهِۦ فَأُوْلَٰٓئِكَ هُمُ اُ۬لْفَآئِزُونَۖ ﰱ
2839,24,51,18,356,النور,An-Nūr,۞ وَأَقْسَمُواْ بِاللَّهِ جَهْدَ أَيْمَٰنِهِمْ لَئِنَ اَمَرْتَهُمْ لَيَخْرُجُنَّۖ قُل لَّا تُقْسِمُواْۖ طَاعَةٞ مَّعْرُوفَةٌۖ اِنَّ اَ۬للَّهَ خَبِيرُۢ بِمَا تَعْمَلُونَۖ ﰲ
2840,24,52,18,357,النور,An-Nūr,قُلَ اَطِيعُواْ اُ۬للَّهَ وَأَطِيعُواْ اُ۬لرَّسُولَۖ فَإِن تَوَلَّوْاْ فَإِنَّمَا عَلَيْهِ مَا حُمِّلَ وَعَلَيْكُم مَّا حُمِّلْتُمْۖ وَإِن تُطِيعُوهُ تَهْتَدُواْۖ وَمَا عَلَى اَ۬لرَّسُولِ إِلَّا اَ۬لْبَلَٰغُ اُ۬لْمُبِينُۖ ﰳ
2841,24,53,18,357,النور,An-Nūr,وَعَدَ اَ۬للَّهُ اُ۬لذِينَ ءَامَنُواْ مِنكُمْ وَعَمِلُواْ اُ۬لصَّٰلِحَٰتِ لَيَسْتَخْلِفَنَّهُمْ فِے اِ۬لَارْضِ كَمَا اَ۪سْتَخْلَفَ اَ۬لذِينَ مِن قَبْلِهِمْ وَلَيُمَكِّنَنَّ لَهُمْ دِينَهُمُ اُ۬لذِے اِ۪رْتَض۪ىٰ لَهُمْ وَلَيُبَدِّلَنَّهُم مِّنۢ بَعْدِ خَوْفِهِمُۥٓ أَمْناٗۖ يَعْبُدُونَنِے لَا يُشْرِكُونَ بِے شَئْاٗۖ وَمَن كَفَرَ بَعْدَ ذَٰلِكَ فَأُوْلَٰٓئِكَ هُمُ اُ۬لْفَٰسِقُونَۖ ﰴ
2842,24,54,18,357,النور,An-Nūr,وَأَقِيمُواْ اُ۬لصَّلَوٰةَ وَءَاتُواْ اُ۬لزَّكَوٰةَۖ وَأَطِيعُواْ اُ۬لرَّسُولَ لَعَلَّكُمْ تُرْحَمُونَۖ ﰵ
2843,24,55,18,357,النور,An-Nūr,لَا تَحْسِبَنَّ اَ۬لذِينَ كَفَرُواْ مُعْجِزِينَ فِے اِ۬لَارْضِۖ وَمَأْو۪يٰهُمُ اُ۬لنَّارُۖ وَلَبِيسَ اَ۬لْمَصِيرُۖ ﰶ
2844,24,56,18,357,النور,An-Nūr,يَٰٓأَيُّهَا اَ۬لذِينَ ءَامَنُواْ لِيَسْتَٰذِنكُمُ اُ۬لذِينَ مَلَكَتَ اَيْمَٰنُكُمْ وَالذِينَ لَمْ يَبْلُغُواْ اُ۬لْحُلُمَ مِنكُمْ ثَلَٰثَ مَرَّٰتٖ مِّن قَبْلِ صَلَوٰةِ اِ۬لْفَجْرِ وَحِينَ تَضَعُونَ ثِيَابَكُم مِّنَ اَ۬لظَّهِيرَةِ وَمِنۢ بَعْدِ صَلَوٰةِ اِ۬لْعِشَآءِۖ ثَلَٰثُ عَوْرَٰتٖ لَّكُمْۖ لَيْسَ عَلَيْكُمْ وَلَا عَلَيْهِمْ جُنَاحُۢ بَعْدَهُنَّۖ طَوَّٰفُونَ عَلَيْكُمۖ بَعْضُكُمْ عَلَىٰ بَعْضٖۖ كَذَٰلِكَ يُبَيِّنُ اُ۬للَّهُ لَكُمُ اُ۬لَايَٰتِۖ وَاللَّهُ عَلِيمٌ حَكِيمٞۖ ﰷ
2845,24,57,18,358,النور,An-Nūr,وَإِذَا بَلَغَ اَ۬لَاطْفَٰلُ مِنكُمُ اُ۬لْحُلُمَ فَلْيَسْتَٰذِنُواْ كَمَا اَ۪سْتَٰذَنَ اَ۬لذِينَ مِن قَبْلِهِمْۖ كَذَٰلِكَ يُبَيِّنُ اُ۬للَّهُ لَكُمُۥٓ ءَايَٰتِهِۦۖ وَاللَّهُ عَلِيمٌ حَكِيمٞۖ ﰸ
2846,24,58,18,358,النور,An-Nūr,۞ وَالْقَوَٰعِدُ مِنَ اَ۬لنِّسَآءِ اِ۬لتِے لَا يَرْجُونَ نِكَاحاٗ فَلَيْسَ عَلَيْهِنَّ جُنَاحٌ اَنْ يَّضَعْنَ ثِيَابَهُنَّ غَيْرَ مُتَبَرِّجَٰتِۢ بِزِينَةٖۖ وَأَنْ يَّسْتَعْفِفْنَ خَيْرٞ لَّهُنَّۖ وَاللَّهُ سَمِيعٌ عَلِيمٞۖ ﰹ
2847,24,59,18,358,النور,An-Nūr,لَّيْسَ عَلَى اَ۬لَاعْم۪ىٰ حَرَجٞ وَلَا عَلَى اَ۬لَاعْرَجِ حَرَجٞ وَلَا عَلَى اَ۬لْمَرِيضِ حَرَجٞ وَلَا عَلَىٰٓ أَنفُسِكُمُۥٓ أَن تَاكُلُواْ مِنۢ بُيُوتِكُمُۥٓ أَوْ بُيُوتِ ءَابَآئِكُمُۥٓ أَوْ بُيُوتِ أُمَّهَٰتِكُمُۥٓ أَوْ بُيُوتِ إِخْوَٰنِكُمُۥٓ أَوْ بُيُوتِ أَخَوَٰتِكُمُۥٓ أَوْ بُيُوتِ أَعْمَٰمِكُمُۥٓ أَوْ بُيُوتِ عَمَّٰتِكُمُۥٓ أَوْ بُيُوتِ أَخْوَٰلِكُمُۥٓ أَوْ بُيُوتِ خَٰلَٰتِكُمُۥٓ أَوْ مَا مَلَكْتُم مَّفَاتِحَهُۥٓ أَوْ صَدِيقِكُمْۖ لَيْسَ عَلَيْكُمْ جُنَاحٌ اَن تَاكُلُواْ جَمِيعاً اَوَ اَشْتَاتاٗۖ فَإِذَا دَخَلْتُم بُيُوتاٗ فَسَلِّمُواْ عَلَىٰٓ أَنفُسِكُمْ تَحِيَّةٗ مِّنْ عِندِ اِ۬للَّهِ مُبَٰرَكَةٗ طَيِّبَةٗۖ كَذَٰلِكَ يُبَيِّنُ اُ۬للَّهُ لَكُمُ اُ۬لَايَٰتِ لَعَلَّكُمْ تَعْقِلُونَۖ ﰺ
2848,24,60,18,359,النور,An-Nūr,إِنَّمَا اَ۬لْمُومِنُونَ اَ۬لذِينَ ءَامَنُواْ بِاللَّهِ وَرَسُولِهِۦ وَإِذَا كَانُواْ مَعَهُۥ عَلَىٰٓ أَمْرٖ جَامِعٖ لَّمْ يَذْهَبُواْ حَتَّىٰ يَسْتَٰذِنُوهُۖ إِنَّ اَ۬لذِينَ يَسْتَٰذِنُونَكَ أُوْلَٰٓئِكَ اَ۬لذِينَ يُومِنُونَ بِاللَّهِ وَرَسُولِهِۦۖ فَإِذَا اَ۪سْتَٰذَنُوكَ لِبَعْضِ شَأْنِهِمْ فَاذَن لِّمَن شِئْتَ مِنْهُمْ وَاسْتَغْفِرْ لَهُمُ اُ۬للَّهَۖ إِنَّ اَ۬للَّهَ غَفُورٞ رَّحِيمٞۖ ﰻ
2849,24,61,18,359,النور,An-Nūr,۞ لَّا تَجْعَلُواْ دُعَآءَ اَ۬لرَّسُولِ بَيْنَكُمْ كَدُعَآءِ بَعْضِكُم بَعْضاٗۖ قَدْ يَعْلَمُ اُ۬للَّهُ اُ۬لذِينَ يَتَسَلَّلُونَ مِنكُمْ لِوَاذاٗۖ فَلْيَحْذَرِ اِ۬لذِينَ يُخَالِفُونَ عَنَ اَمْرِهِۦٓ أَن تُصِيبَهُمْ فِتْنَةٌ اَوْ يُصِيبَهُمْ عَذَابٌ اَلِيمٌۖ ﰼ
2850,24,62,18,359,النور,An-Nūr,اَلَآ إِنَّ لِلهِ مَا فِے اِ۬لسَّمَٰوَٰتِ وَالَارْضِۖ قَدْ يَعْلَمُ مَآ أَنتُمْ عَلَيْهِۖ وَيَوْمَ يُرْجَعُونَ إِلَيْهِ فَيُنَبِّئُهُم بِمَا عَمِلُواْۖ وَاللَّهُ بِكُلِّ شَےْءٍ عَلِيمٞۖ ﰽ
2851,25,1,18,359,الفُرقَان,Al-Furqān,تَبَٰرَكَ اَ۬لذِے نَزَّلَ اَ۬لْفُرْقَانَ عَلَىٰ عَبْدِهِۦ لِيَكُونَ لِلْعَٰلَمِينَ نَذِيراًۖ ﰀ
2852,25,2,18,359,الفُرقَان,Al-Furqān,اِ۬لذِے لَهُۥ مُلْكُ اُ۬لسَّمَٰوَٰتِ وَالَارْضِ وَلَمْ يَتَّخِذْ وَلَداٗ وَلَمْ يَكُن لَّهُۥ شَرِيكٞ فِے اِ۬لْمُلْكِۖ وَخَلَقَ كُلَّ شَےْءٖ فَقَدَّرَهُۥ تَقْدِيراٗۖ ﰁ
2853,25,3,18,360,الفُرقَان,Al-Furqān,وَاتَّخَذُواْ مِن دُونِهِۦٓ ءَالِهَةٗ لَّا يَخْلُقُونَ شَئْاٗ وَهُمْ يُخْلَقُونَ وَلَا يَمْلِكُونَ لِأَنفُسِهِمْ ضَرّاٗ وَلَا نَفْعاٗ وَلَا يَمْلِكُونَ مَوْتاٗ وَلَا حَيَوٰةٗ وَلَا نُشُوراٗۖ ﰂ
2854,25,4,18,360,الفُرقَان,Al-Furqān,وَقَالَ اَ۬لذِينَ كَفَرُوٓاْ إِنْ هَٰذَآ إِلَّآ إِفْكٌ اِ۪فْتَر۪يٰهُ وَأَعَانَهُۥ عَلَيْهِ قَوْمٌ اٰخَرُونَۖ فَقَدْ جَآءُو ظُلْماٗ وَزُوراٗ ﰃ
2855,25,5,18,360,الفُرقَان,Al-Furqān,وَقَالُوٓاْ أَسَٰطِيرُ اُ۬لَاوَّلِينَ اَ۪كْتَتَبَهَا فَهِيَ تُمْل۪ىٰ عَلَيْهِ بُكْرَةٗ وَأَصِيلاٗۖ ﰄ
2856,25,6,18,360,الفُرقَان,Al-Furqān,قُلَ اَنزَلَهُ اُ۬لذِے يَعْلَمُ اُ۬لسِّرَّ فِے اِ۬لسَّمَٰوَٰتِ وَالَارْضِۖ إِنَّهُۥ كَانَ غَفُوراٗ رَّحِيماٗۖ ﰅ
2857,25,7,18,360,الفُرقَان,Al-Furqān,وَقَالُواْ مَالِ هَٰذَا اَ۬لرَّسُولِ يَاكُلُ اُ۬لطَّعَامَ وَيَمْشِے فِے اِ۬لَاسْوَاقِ لَوْلَآ أُنزِلَ إِلَيْهِ مَلَكٞ فَيَكُونَ مَعَهُۥ نَذِيراً ﰆ
2858,25,8,18,360,الفُرقَان,Al-Furqān,اَوْ يُلْق۪ىٰٓ إِلَيْهِ كَنزٌ اَوْ تَكُونُ لَهُۥ جَنَّةٞ يَاكُلُ مِنْهَاۖ وَقَالَ اَ۬لظَّٰلِمُونَ إِن تَتَّبِعُونَ إِلَّا رَجُلاٗ مَّسْحُوراًۖ ﰇ
2859,25,9,18,360,الفُرقَان,Al-Furqān,اُ۟نظُرْ كَيْفَ ضَرَبُواْ لَكَ اَ۬لَامْثَٰلَ فَضَلُّواْ فَلَا يَسْتَطِيعُونَ سَبِيلاٗۖ ﰈ
2860,25,10,18,360,الفُرقَان,Al-Furqān,۞ تَبَٰرَكَ اَ۬لذِےٓ إِن شَآءَ جَعَلَ لَكَ خَيْراٗ مِّن ذَٰلِكَ جَنَّٰتٖ تَجْرِے مِن تَحْتِهَا اَ۬لَانْهَٰرُ وَيَجْعَل لَّكَ قُصُوراَۢۖ ﰉ
2861,25,11,18,360,الفُرقَان,Al-Furqān,بَلْ كَذَّبُواْ بِالسَّاعَةِۖ وَأَعْتَدْنَا لِمَن كَذَّبَ بِالسَّاعَةِ سَعِيراً ﰊ
2862,25,12,18,361,الفُرقَان,Al-Furqān,اِذَا رَأَتْهُم مِّن مَّكَانِۢ بَعِيدٖ سَمِعُواْ لَهَا تَغَيُّظاٗ وَزَفِيراٗۖ ﰋ
2863,25,13,18,361,الفُرقَان,Al-Furqān,وَإِذَآ أُلْقُواْ مِنْهَا مَكَاناٗ ضَيِّقاٗ مُّقَرَّنِينَ دَعَوْاْ هُنَالِكَ ثُبُوراٗۖ ﰌ
2864,25,14,18,361,الفُرقَان,Al-Furqān,لَّا تَدْعُواْ اُ۬لْيَوْمَ ثُبُوراٗ وَٰحِداٗ وَادْعُواْ ثُبُوراٗ كَثِيراٗۖ ﰍ
2865,25,15,18,361,الفُرقَان,Al-Furqān,قُلَ اَذَٰلِكَ خَيْرٌ اَمْ جَنَّةُ اُ۬لْخُلْدِ اِ۬لتِے وُعِدَ اَ۬لْمُتَّقُونَۖ كَانَتْ لَهُمْ جَزَآءٗ وَمَصِيراٗۖ ﰎ
2866,25,16,18,361,الفُرقَان,Al-Furqān,لَّهُمْ فِيهَا مَا يَشَآءُونَ خَٰلِدِينَۖ كَانَ عَلَىٰ رَبِّكَ وَعْداٗ مَّسْـُٔولاٗۖ ﰏ
2867,25,17,18,361,الفُرقَان,Al-Furqān,وَيَوْمَ نَحْشُرُهُمْ وَمَا يَعْبُدُونَ مِن دُونِ اِ۬للَّهِ فَيَقُولُ ءَآنتُمُۥٓ أَضْلَلْتُمْ عِبَادِے هَٰٓؤُلَآءِ اَ۬مْ هُمْ ضَلُّواْ اُ۬لسَّبِيلَۖ ﰐ
2868,25,18,18,361,الفُرقَان,Al-Furqān,قَالُواْ سُبْحَٰنَكَ مَا كَانَ يَنۢبَغِے لَنَآ أَن نَّتَّخِذَ مِن دُونِكَ مِنَ اَوْلِيَآءَۖ وَلَٰكِن مَّتَّعْتَهُمْ وَءَابَآءَهُمْ حَتَّىٰ نَسُواْ اُ۬لذِّكْرَ وَكَانُواْ قَوْماَۢ بُوراٗۖ ﰑ
2869,25,19,18,361,الفُرقَان,Al-Furqān,فَقَدْ كَذَّبُوكُم بِمَا تَقُولُونَ فَمَا يَسْتَطِيعُونَ صَرْفاٗ وَلَا نَصْراٗۖ وَمَنْ يَّظْلِم مِّنكُمْ نُذِقْهُ عَذَاباٗ كَبِيراٗۖ ﰒ
2870,25,20,18,361,الفُرقَان,Al-Furqān,وَمَآ أَرْسَلْنَا قَبْلَكَ مِنَ اَ۬لْمُرْسَلِينَ إِلَّآ إِنَّهُمْ لَيَاكُلُونَ اَ۬لطَّعَامَ وَيَمْشُونَ فِے اِ۬لَاسْوَاقِۖ وَجَعَلْنَا بَعْضَكُمْ لِبَعْضٖ فِتْنَةًۖ اَتَصْبِرُونَۖ وَكَانَ رَبُّكَ بَصِيراٗۖ ﰓ
2871,25,21,19,362,الفُرقَان,Al-Furqān,۞ وَقَالَ اَ۬لذِينَ لَا يَرْجُونَ لِقَآءَنَا لَوْلَآ أُنزِلَ عَلَيْنَا اَ۬لْمَلَٰٓئِكَةُ أَوْ نَر۪ىٰ رَبَّنَاۖ لَقَدِ اِ۪سْتَكْبَرُواْ فِےٓ أَنفُسِهِمْ وَعَتَوْ عُتُوّاٗ كَبِيراٗۖ ﰔ
2872,25,22,19,362,الفُرقَان,Al-Furqān,يَوْمَ يَرَوْنَ اَ۬لْمَلَٰٓئِكَةَ لَا بُشْر۪ىٰ يَوْمَئِذٖ لِّلْمُجْرِمِينَۖ وَيَقُولُونَ حِجْراٗۖ مَّحْجُوراٗۖ ﰕ
2873,25,23,19,362,الفُرقَان,Al-Furqān,وَقَدِمْنَآ إِلَىٰ مَا عَمِلُواْ مِنْ عَمَلٖ فَجَعَلْنَٰهُ هَبَآءٗ مَّنثُوراًۖ ﰖ
2874,25,24,19,362,الفُرقَان,Al-Furqān,اَصْحَٰبُ اُ۬لْجَنَّةِ يَوْمَئِذٍ خَيْرٞ مُّسْتَقَرّاٗ وَأَحْسَنُ مَقِيلاٗۖ ﰗ
2875,25,25,19,362,الفُرقَان,Al-Furqān,وَيَوْمَ تَشَّقَّقُ اُ۬لسَّمَآءُ بِالْغَمَٰمِ وَنُزِّلَ اَ۬لْمَلَٰٓئِكَةُ تَنزِيلاًۖ ﰘ
2876,25,26,19,362,الفُرقَان,Al-Furqān,اِ۬لْمُلْكُ يَوْمَئِذٍ اِ۬لْحَقُّ لِلرَّحْمَٰنِۖ وَكَانَ يَوْماً عَلَى اَ۬لْكٰ۪فِرِينَ عَسِيراٗۖ ﰙ
2877,25,27,19,362,الفُرقَان,Al-Furqān,وَيَوْمَ يَعَضُّ اُ۬لظَّالِمُ عَلَىٰ يَدَيْهِ يَقُولُ يَٰلَيْتَنِے اِ۪تَّخَذتُّ مَعَ اَ۬لرَّسُولِ سَبِيلاٗ ﰚ
2878,25,28,19,362,الفُرقَان,Al-Furqān,يَٰوَيْلَت۪ىٰ لَيْتَنِے لَمَ اَتَّخِذْ فُلَٰناً خَلِيلاٗ ﰛ
2879,25,29,19,362,الفُرقَان,Al-Furqān,لَّقَدَ اَضَلَّنِے عَنِ اِ۬لذِّكْرِ بَعْدَ إِذْ جَآءَنِےۖ وَكَانَ اَ۬لشَّيْطَٰنُ لِلِانسَٰنِ خَذُولاٗۖ ﰜ
2880,25,30,19,362,الفُرقَان,Al-Furqān,وَقَالَ اَ۬لرَّسُولُ يَٰرَبِّ إِنَّ قَوْمِيَ اَ۪تَّخَذُواْ هَٰذَا اَ۬لْقُرْءَانَ مَهْجُوراٗۖ ﰝ
2881,25,31,19,362,الفُرقَان,Al-Furqān,وَكَذَٰلِكَ جَعَلْنَا لِكُلِّ نَبِےٓءٍ عَدُوّاٗ مِّنَ اَ۬لْمُجْرِمِينَۖ وَكَف۪ىٰ بِرَبِّكَ هَادِياٗ وَنَصِيراٗۖ ﰞ
2882,25,32,19,362,الفُرقَان,Al-Furqān,وَقَالَ اَ۬لذِينَ كَفَرُواْ لَوْلَا نُزِّلَ عَلَيْهِ اِ۬لْقُرْءَانُ جُمْلَةٗ وَٰحِدَةٗۖ كَذَٰلِكَ لِنُثَبِّتَ بِهِۦ فُؤَادَكَۖ وَرَتَّلْنَٰهُ تَرْتِيلاٗۖ ﰟ
2883,25,33,19,363,الفُرقَان,Al-Furqān,وَلَا يَاتُونَكَ بِمَثَلٍ اِلَّا جِئْنَٰكَ بِالْحَقِّ وَأَحْسَنَ تَفْسِيراًۖ ﰠ
2884,25,34,19,363,الفُرقَان,Al-Furqān,اِ۬لذِينَ يُحْشَرُونَ عَلَىٰ وُجُوهِهِمُۥٓ إِلَىٰ جَهَنَّمَ أُوْلَٰٓئِكَ شَرّٞ مَّكَاناٗ وَأَضَلُّ سَبِيلاٗۖ ﰡ
2885,25,35,19,363,الفُرقَان,Al-Furqān,۞ وَلَقَدَ اٰتَيْنَا مُوسَى اَ۬لْكِتَٰبَ وَجَعَلْنَا مَعَهُۥٓ أَخَاهُ هَٰرُونَ وَزِيراٗۖ ﰢ
2886,25,36,19,363,الفُرقَان,Al-Furqān,فَقُلْنَا اَ۪ذْهَبَآ إِلَى اَ۬لْقَوْمِ اِ۬لذِينَ كَذَّبُواْ بِـَٔايَٰتِنَاۖ فَدَمَّرْنَٰهُمْ تَدْمِيراٗۖ ﰣ
2887,25,37,19,363,الفُرقَان,Al-Furqān,وَقَوْمَ نُوحٖ لَّمَّا كَذَّبُواْ اُ۬لرُّسُلَ أَغْرَقْنَٰهُمْ وَجَعَلْنَٰهُمْ لِلنَّاسِ ءَايَةٗۖ وَأَعْتَدْنَا لِلظَّٰلِمِينَ عَذَاباً اَلِيماٗۖ ﰤ
2888,25,38,19,363,الفُرقَان,Al-Furqān,وَعَاداٗ وَثَمُوداٗ وَأَصْحَٰبَ اَ۬لرَّسِّ وَقُرُوناَۢ بَيْنَ ذَٰلِكَ كَثِيراٗۖ ﰥ
2889,25,39,19,363,الفُرقَان,Al-Furqān,وَكُلّاٗ ضَرَبْنَا لَهُ اُ۬لَامْثَٰلَۖ وَكُلّاٗ تَبَّرْنَا تَتْبِيراٗۖ ﰦ
2890,25,40,19,363,الفُرقَان,Al-Furqān,وَلَقَدَ اَتَوْاْ عَلَى اَ۬لْقَرْيَةِ اِ۬لتِےٓ أُمْطِرَتْ مَطَرَ اَ۬لسَّوْءِۖ اَ۬فَلَمْ يَكُونُواْ يَرَوْنَهَاۖ بَلْ كَانُواْ لَا يَرْجُونَ نُشُوراٗۖ ﰧ
2891,25,41,19,363,الفُرقَان,Al-Furqān,وَإِذَا رَأَوْكَ إِنْ يَّتَّخِذُونَكَ إِلَّا هُزُؤاًۖ اَهَٰذَا اَ۬لذِے بَعَثَ اَ۬للَّهُ رَسُولاً ﰨ
2892,25,42,19,363,الفُرقَان,Al-Furqān,اِن كَادَ لَيُضِلُّنَا عَنَ اٰلِهَتِنَا لَوْلَآ أَن صَبَرْنَا عَلَيْهَاۖ وَسَوْفَ يَعْلَمُونَ حِينَ يَرَوْنَ اَ۬لْعَذَابَ مَنَ اَضَلُّ سَبِيلاًۖ ﰩ
2893,25,43,19,363,الفُرقَان,Al-Furqān,اَرَٰٓيْتَ مَنِ اِ۪تَّخَذَ إِلَٰهَهُۥ هَو۪يٰهُ أَفَأَنتَ تَكُونُ عَلَيْهِ وَكِيلاًۖ ﰪ
2894,25,44,19,364,الفُرقَان,Al-Furqān,اَمْ تَحْسِبُ أَنَّ أَكْثَرَهُمْ يَسْمَعُونَ أَوْ يَعْقِلُونَۖ إِنْ هُمُۥٓ إِلَّا كَالَانْعَٰمِ بَلْ هُمُۥٓ أَضَلُّ سَبِيلاًۖ ﰫ
2895,25,45,19,364,الفُرقَان,Al-Furqān,۞ اَلَمْ تَرَ إِلَىٰ رَبِّكَ كَيْفَ مَدَّ اَ۬لظِّلَّۖ وَلَوْ شَآءَ لَجَعَلَهُۥ سَاكِناٗۖ ثُمَّ جَعَلْنَا اَ۬لشَّمْسَ عَلَيْهِ دَلِيلاٗ ﰬ
2896,25,46,19,364,الفُرقَان,Al-Furqān,ثُمَّ قَبَضْنَٰهُ إِلَيْنَا قَبْضاٗ يَسِيراٗۖ ﰭ
2897,25,47,19,364,الفُرقَان,Al-Furqān,وَهُوَ اَ۬لذِے جَعَلَ لَكُمُ اُ۬ليْلَ لِبَاساٗ وَالنَّوْمَ سُبَاتاٗ وَجَعَلَ اَ۬لنَّهَارَ نُشُوراٗۖ ﰮ
2898,25,48,19,364,الفُرقَان,Al-Furqān,وَهُوَ اَ۬لذِےٓ أَرْسَلَ اَ۬لرِّيَٰحَ نُشُراَۢ بَيْنَ يَدَےْ رَحْمَتِهِۦۖ وَأَنزَلْنَا مِنَ اَ۬لسَّمَآءِ مَآءٗ طَهُوراٗ ﰯ
2899,25,49,19,364,الفُرقَان,Al-Furqān,لِّنُحْـِۧيَ بِهِۦ بَلْدَةٗ مَّيْتاٗ وَنُسْقِيَهُۥ مِمَّا خَلَقْنَآ أَنْعَٰماٗ وَأَنَاسِيَّ كَثِيراٗۖ ﰰ
2900,25,50,19,364,الفُرقَان,Al-Furqān,وَلَقَدْ صَرَّفْنَٰهُ بَيْنَهُمْ لِيَذَّكَّرُواْ فَأَب۪ىٰٓ أَكْثَرُ اُ۬لنَّاسِ إِلَّا كُفُوراٗۖ ﰱ
2901,25,51,19,364,الفُرقَان,Al-Furqān,وَلَوْ شِئْنَا لَبَعَثْنَا فِے كُلِّ قَرْيَةٖ نَّذِيراٗۖ ﰲ
2902,25,52,19,364,الفُرقَان,Al-Furqān,فَلَا تُطِعِ اِ۬لْكٰ۪فِرِينَۖ وَجَٰهِدْهُم بِهِۦ جِهَاداٗ كَبِيراٗۖ ﰳ
2903,25,53,19,364,الفُرقَان,Al-Furqān,وَهُوَ اَ۬لذِے مَرَجَ اَ۬لْبَحْرَيْنِ هَٰذَا عَذْبٞ فُرَاتٞ وَهَٰذَا مِلْحٌ ا۟جَاجٞۖ وَجَعَلَ بَيْنَهُمَا بَرْزَخاٗ وَحِجْراٗ مَّحْجُوراٗۖ ﰴ
2904,25,54,19,364,الفُرقَان,Al-Furqān,وَهُوَ اَ۬لذِے خَلَقَ مِنَ اَ۬لْمَآءِ بَشَراٗ فَجَعَلَهُۥ نَسَباٗ وَصِهْراٗۖ وَكَانَ رَبُّكَ قَدِيراٗۖ ﰵ
2905,25,55,19,364,الفُرقَان,Al-Furqān,وَيَعْبُدُونَ مِن دُونِ اِ۬للَّهِ مَا لَا يَنفَعُهُمْ وَلَا يَضُرُّهُمْۖ وَكَانَ اَ۬لْكَافِرُ عَلَىٰ رَبِّهِۦ ظَهِيراٗۖ ﰶ
2906,25,56,19,365,الفُرقَان,Al-Furqān,وَمَآ أَرْسَلْنَٰكَ إِلَّا مُبَشِّراٗ وَنَذِيراٗۖ ﰷ
2907,25,57,19,365,الفُرقَان,Al-Furqān,قُلْ مَآ أَسْـَٔلُكُمْ عَلَيْهِ مِنَ اَجْرٍ اِلَّا مَن شَآءَ انْ يَّتَّخِذَ إِلَىٰ رَبِّهِۦ سَبِيلاٗۖ ﰸ
2908,25,58,19,365,الفُرقَان,Al-Furqān,وَتَوَكَّلْ عَلَى اَ۬لْحَيِّ اِ۬لذِے لَا يَمُوتُۖ وَسَبِّحْ بِحَمْدِهِۦۖ وَكَف۪ىٰ بِهِۦ بِذُنُوبِ عِبَادِهِۦ خَبِيراًۖ ﰹ
2909,25,59,19,365,الفُرقَان,Al-Furqān,اِ۬لذِے خَلَقَ اَ۬لسَّمَٰوَٰتِ وَالَارْضَ وَمَا بَيْنَهُمَا فِے سِتَّةِ أَيَّامٖ ثُمَّ اَ۪سْتَو۪ىٰ عَلَى اَ۬لْعَرْشِۖ اِ۬لرَّحْمَٰنُۖ فَسْـَٔلْ بِهِۦ خَبِيراٗۖ ﰺ
2910,25,60,19,365,الفُرقَان,Al-Furqān,وَإِذَا قِيلَ لَهُمُ اُ۟سْجُدُواْ لِلرَّحْمَٰنِ قَالُواْ وَمَا اَ۬لرَّحْمَٰنُۖ أَنَسْجُدُ لِمَا تَامُرُنَا وَزَادَهُمْ نُفُوراٗۖ۩ ﰻ
2911,25,61,19,365,الفُرقَان,Al-Furqān,۞ تَبَٰرَكَ اَ۬لذِے جَعَلَ فِے اِ۬لسَّمَآءِ بُرُوجاٗ وَجَعَلَ فِيهَا سِرَٰجاٗ وَقَمَراٗ مُّنِيراٗۖ ﰼ
2912,25,62,19,365,الفُرقَان,Al-Furqān,وَهُوَ اَ۬لذِے جَعَلَ اَ۬ليْلَ وَالنَّهَارَ خِلْفَةٗ لِّمَنَ اَرَادَ أَنْ يَّذَّكَّرَ أَوَ اَرَادَ شُكُوراٗۖ ﰽ
2913,25,63,19,365,الفُرقَان,Al-Furqān,وَعِبَادُ اُ۬لرَّحْمَٰنِ اِ۬لذِينَ يَمْشُونَ عَلَى اَ۬لَارْضِ هَوْناٗ وَإِذَا خَاطَبَهُمُ اُ۬لْجَٰهِلُونَ قَالُواْ سَلَٰماٗۖ ﰾ
2914,25,64,19,365,الفُرقَان,Al-Furqān,وَالذِينَ يَبِيتُونَ لِرَبِّهِمْ سُجَّداٗ وَقِيَٰماٗۖ ﰿ
2915,25,65,19,365,الفُرقَان,Al-Furqān,وَالذِينَ يَقُولُونَ رَبَّنَا اَ۪صْرِفْ عَنَّا عَذَابَ جَهَنَّمَ إِنَّ عَذَابَهَا كَانَ غَرَاماًۖ ﱀ
2916,25,66,19,365,الفُرقَان,Al-Furqān,اِنَّهَا سَآءَتْ مُسْتَقَرّاٗ وَمُقَاماٗۖ ﱁ
2917,25,67,19,365,الفُرقَان,Al-Furqān,وَالذِينَ إِذَآ أَنفَقُواْ لَمْ يُسْرِفُواْ وَلَمْ يُقْتِرُواْ وَكَانَ بَيْنَ ذَٰلِكَ قَوَاماٗۖ ﱂ
2918,25,68,19,366,الفُرقَان,Al-Furqān,وَالذِينَ لَا يَدْعُونَ مَعَ اَ۬للَّهِ إِلَٰهاً اٰخَرَ وَلَا يَقْتُلُونَ اَ۬لنَّفْسَ اَ۬لتِے حَرَّمَ اَ۬للَّهُ إِلَّا بِالْحَقِّ وَلَا يَزْنُونَۖ وَمَنْ يَّفْعَلْ ذَٰلِكَ يَلْقَ أَثَاماٗ ﱃ
2919,25,69,19,366,الفُرقَان,Al-Furqān,يُضَٰعَفْ لَهُ اُ۬لْعَذَابُ يَوْمَ اَ۬لْقِيَٰمَةِ وَيَخْلُدْ فِيهِ مُهَاناً ﱄ
2920,25,70,19,366,الفُرقَان,Al-Furqān,اِلَّا مَن تَابَ وَءَامَنَ وَعَمِلَ عَمَلاٗ صَٰلِحاٗ فَأُوْلَٰٓئِكَ يُبَدِّلُ اُ۬للَّهُ سَيِّـَٔاتِهِمْ حَسَنَٰتٖۖ وَكَانَ اَ۬للَّهُ غَفُوراٗ رَّحِيماٗۖ ﱅ
2921,25,71,19,366,الفُرقَان,Al-Furqān,وَمَن تَابَ وَعَمِلَ صَٰلِحاٗ فَإِنَّهُۥ يَتُوبُ إِلَى اَ۬للَّهِ مَتَاباٗۖ ﱆ
2922,25,72,19,366,الفُرقَان,Al-Furqān,وَالذِينَ لَا يَشْهَدُونَ اَ۬لزُّورَ وَإِذَا مَرُّواْ بِاللَّغْوِ مَرُّواْ كِرَاماٗۖ ﱇ
2923,25,73,19,366,الفُرقَان,Al-Furqān,وَالذِينَ إِذَا ذُكِّرُواْ بِـَٔايَٰتِ رَبِّهِمْ لَمْ يَخِرُّواْ عَلَيْهَا صُمّاٗ وَعُمْيَاناٗۖ ﱈ
2924,25,74,19,366,الفُرقَان,Al-Furqān,وَالذِينَ يَقُولُونَ رَبَّنَا هَبْ لَنَا مِنَ اَزْوَٰجِنَا وَذُرِّيَّٰتِنَا قُرَّةَ أَعْيُنٖ وَاجْعَلْنَا لِلْمُتَّقِينَ إِمَاماًۖ ﱉ
2925,25,75,19,366,الفُرقَان,Al-Furqān,ا۟وْلَٰٓئِكَ يُجْزَوْنَ اَ۬لْغُرْفَةَ بِمَا صَبَرُواْ وَيُلَقَّوْنَ فِيهَا تَحِيَّةٗ وَسَلَٰماً ﱊ
2926,25,76,19,366,الفُرقَان,Al-Furqān,خَٰلِدِينَ فِيهَاۖ حَسُنَتْ مُسْتَقَرّاٗ وَمُقَاماٗۖ ﱋ
2927,25,77,19,366,الفُرقَان,Al-Furqān,قُلْ مَا يَعْبَؤُاْ بِكُمْ رَبِّے لَوْلَا دُعَآؤُكُمْۖ فَقَدْ كَذَّبْتُمْ فَسَوْفَ يَكُونُ لِزَاماٗۖ ﱌ
2928,26,1,19,367,الشعراء,Ash-Shu‘arā’,طَسِٓمِّٓۖ تِلْكَ ءَايَٰتُ اُ۬لْكِتَٰبِ اِ۬لْمُبِينِۖ ﰀ
2929,26,2,19,367,الشعراء,Ash-Shu‘arā’,لَعَلَّكَ بَٰخِعٞ نَّفْسَكَ أَلَّا يَكُونُواْ مُومِنِينَۖ ﰁ
2930,26,3,19,367,الشعراء,Ash-Shu‘arā’,إِن نَّشَأْ نُنَزِّلْ عَلَيْهِم مِّنَ اَ۬لسَّمَآءِ اَ۟يَةٗ فَظَلَّتَ اَعْنَٰقُهُمْ لَهَا خَٰضِعِينَۖ ﰂ
2931,26,4,19,367,الشعراء,Ash-Shu‘arā’,وَمَا يَاتِيهِم مِّن ذِكْرٖ مِّنَ اَ۬لرَّحْمَٰنِ مُحْدَثٍ اِلَّا كَانُواْ عَنْهُ مُعْرِضِينَۖ ﰃ
2932,26,5,19,367,الشعراء,Ash-Shu‘arā’,فَقَدْ كَذَّبُواْ فَسَيَاتِيهِمُۥٓ أَنۢبَٰٓؤُاْ مَا كَانُواْ بِهِۦ يَسْتَهْزِءُونَۖ ﰄ
2933,26,6,19,367,الشعراء,Ash-Shu‘arā’,أَوَلَمْ يَرَوِاْ اِلَى اَ۬لَارْضِ كَمَ اَنۢبَتْنَا فِيهَا مِن كُلِّ زَوْجٖ كَرِيمٍۖ ﰅ
2934,26,7,19,367,الشعراء,Ash-Shu‘arā’,اِنَّ فِے ذَٰلِكَ لَأٓيَةٗۖ وَمَا كَانَ أَكْثَرُهُم مُّومِنِينَۖ ﰆ
2935,26,8,19,367,الشعراء,Ash-Shu‘arā’,وَإِنَّ رَبَّكَ لَهُوَ اَ۬لْعَزِيزُ اُ۬لرَّحِيمُۖ ﰇ
2936,26,9,19,367,الشعراء,Ash-Shu‘arā’,وَإِذْ نَاد۪ىٰ رَبُّكَ مُوس۪ىٰٓ أَنِ اِ۪يتِ اِ۬لْقَوْمَ اَ۬لظَّٰلِمِينَ ﰈ
2937,26,10,19,367,الشعراء,Ash-Shu‘arā’,قَوْمَ فِرْعَوْنَۖ أَلَا يَتَّقُونَۖ ﰉ
2938,26,11,19,367,الشعراء,Ash-Shu‘arā’,قَالَ رَبِّ إِنِّيَ أَخَافُ أَنْ يُّكَذِّبُونِ ﰊ
2939,26,12,19,367,الشعراء,Ash-Shu‘arā’,وَيَضِيقُ صَدْرِے وَلَا يَنطَلِقُ لِسَانِے فَأَرْسِلِ اِلَىٰ هَٰرُونَ ﰋ
2940,26,13,19,367,الشعراء,Ash-Shu‘arā’,وَلَهُمْ عَلَيَّ ذَنۢبٞ فَأَخَافُ أَنْ يَّقْتُلُونِۖ ﰌ
2941,26,14,19,367,الشعراء,Ash-Shu‘arā’,قَالَ كَلَّاۖ فَاذْهَبَا بِـَٔايَٰتِنَآ إِنَّا مَعَكُم مُّسْتَمِعُونَۖ ﰍ
2942,26,15,19,367,الشعراء,Ash-Shu‘arā’,فَاتِيَا فِرْعَوْنَ فَقُولَآ إِنَّا رَسُولُ رَبِّ اِ۬لْعَٰلَمِينَ ﰎ
2943,26,16,19,367,الشعراء,Ash-Shu‘arā’,أَنَ اَرْسِلْ مَعَنَا بَنِےٓ إِسْرَآءِيلَۖ ﰏ
2944,26,17,19,367,الشعراء,Ash-Shu‘arā’,قَالَ أَلَمْ نُرَبِّكَ فِينَا وَلِيداٗ وَلَبِثْتَ فِينَا مِنْ عُمُرِكَ سِنِينَ ﰐ
2945,26,18,19,367,الشعراء,Ash-Shu‘arā’,وَفَعَلْتَ فَعْلَتَكَ اَ۬لتِے فَعَلْتَ وَأَنتَ مِنَ اَ۬لْكٰ۪فِرِينَۖ ﰑ
2946,26,19,19,368,الشعراء,Ash-Shu‘arā’,قَالَ فَعَلْتُهَآ إِذاٗ وَأَنَا مِنَ اَ۬لضَّآلِّينَۖ ﰒ
2947,26,20,19,368,الشعراء,Ash-Shu‘arā’,فَفَرَرْتُ مِنكُمْ لَمَّا خِفْتُكُمْ فَوَهَبَ لِے رَبِّے حُكْماٗ وَجَعَلَنِے مِنَ اَ۬لْمُرْسَلِينَۖ ﰓ
2948,26,21,19,368,الشعراء,Ash-Shu‘arā’,وَتِلْكَ نِعْمَةٞ تَمُنُّهَا عَلَيَّ أَنْ عَبَّدتَّ بَنِےٓ إِسْرَآءِيلَۖ ﰔ
2949,26,22,19,368,الشعراء,Ash-Shu‘arā’,قَالَ فِرْعَوْنُ وَمَا رَبُّ اُ۬لْعَٰلَمِينَۖ ﰕ
2950,26,23,19,368,الشعراء,Ash-Shu‘arā’,قَالَ رَبُّ اُ۬لسَّمَٰوَٰتِ وَالَارْضِ وَمَا بَيْنَهُمَآ إِن كُنتُم مُّوقِنِينَۖ ﰖ
2951,26,24,19,368,الشعراء,Ash-Shu‘arā’,۞ قَالَ لِمَنْ حَوْلَهُۥٓ أَلَا تَسْتَمِعُونَۖ ﰗ
2952,26,25,19,368,الشعراء,Ash-Shu‘arā’,قَالَ رَبُّكُمْ وَرَبُّ ءَابَآئِكُمُ اُ۬لَاوَّلِينَۖ ﰘ
2953,26,26,19,368,الشعراء,Ash-Shu‘arā’,قَالَ إِنَّ رَسُولَكُمُ اُ۬لذِےٓ أُرْسِلَ إِلَيْكُمْ لَمَجْنُونٞۖ ﰙ
2954,26,27,19,368,الشعراء,Ash-Shu‘arā’,قَالَ رَبُّ اُ۬لْمَشْرِقِ وَالْمَغْرِبِ وَمَا بَيْنَهُمَآ إِن كُنتُمْ تَعْقِلُونَۖ ﰚ
2955,26,28,19,368,الشعراء,Ash-Shu‘arā’,قَالَ لَئِنِ اِ۪تَّخَذتَّ إِلَٰهاً غَيْرِے لَأَجْعَلَنَّكَ مِنَ اَ۬لْمَسْجُونِينَۖ ﰛ
2956,26,29,19,368,الشعراء,Ash-Shu‘arā’,قَالَ أَوَلَوْ جِئْتُكَ بِشَےْءٖ مُّبِينٖۖ ﰜ
2957,26,30,19,368,الشعراء,Ash-Shu‘arā’,قَالَ فَاتِ بِهِۦٓ إِن كُنتَ مِنَ اَ۬لصَّٰدِقِينَۖ ﰝ
2958,26,31,19,368,الشعراء,Ash-Shu‘arā’,فَأَلْق۪ىٰ عَصَاهُ فَإِذَا هِيَ ثُعْبَانٞ مُّبِينٞ ﰞ
2959,26,32,19,368,الشعراء,Ash-Shu‘arā’,وَنَزَعَ يَدَهُۥ فَإِذَا هِيَ بَيْضَآءُ لِلنَّٰظِرِينَۖ ﰟ
2960,26,33,19,368,الشعراء,Ash-Shu‘arā’,قَالَ لِلْمَلَإِ حَوْلَهُۥٓ إِنَّ هَٰذَا لَسَٰحِرٌ عَلِيمٞ ﰠ
2961,26,34,19,368,الشعراء,Ash-Shu‘arā’,يُرِيدُ أَنْ يُّخْرِجَكُم مِّنَ اَرْضِكُم بِسِحْرِهِۦ فَمَاذَا تَامُرُونَۖ ﰡ
2962,26,35,19,368,الشعراء,Ash-Shu‘arā’,قَالُوٓاْ أَرْجِهِۦ وَأَخَاهُ وَابْعَثْ فِے اِ۬لْمَدَآئِنِ حَٰشِرِينَ ﰢ
2963,26,36,19,368,الشعراء,Ash-Shu‘arā’,يَاتُوكَ بِكُلِّ سَحّ۪ارٍ عَلِيمٖۖ ﰣ
2964,26,37,19,368,الشعراء,Ash-Shu‘arā’,فَجُمِعَ اَ۬لسَّحَرَةُ لِمِيقَٰتِ يَوْمٖ مَّعْلُومٖۖ ﰤ
2965,26,38,19,368,الشعراء,Ash-Shu‘arā’,وَقِيلَ لِلنَّاسِ هَلَ اَنتُم مُّجْتَمِعُونَ ﰥ
2966,26,39,19,369,الشعراء,Ash-Shu‘arā’,لَعَلَّنَا نَتَّبِعُ اُ۬لسَّحَرَةَ إِن كَانُواْ هُمُ اُ۬لْغَٰلِبِينَۖ ﰦ
2967,26,40,19,369,الشعراء,Ash-Shu‘arā’,فَلَمَّا جَآءَ اَ۬لسَّحَرَةُ قَالُواْ لِفِرْعَوْنَ أَئِنَّ لَنَا لَأَجْراً اِن كُنَّا نَحْنُ اُ۬لْغَٰلِبِينَۖ ﰧ
2968,26,41,19,369,الشعراء,Ash-Shu‘arā’,قَالَ نَعَمْ وَإِنَّكُمُۥٓ إِذاٗ لَّمِنَ اَ۬لْمُقَرَّبِينَۖ ﰨ
2969,26,42,19,369,الشعراء,Ash-Shu‘arā’,قَالَ لَهُم مُّوس۪ىٰٓ أَلْقُواْ مَآ أَنتُم مُّلْقُونَۖ ﰩ
2970,26,43,19,369,الشعراء,Ash-Shu‘arā’,فَأَلْقَوْاْ حِبَالَهُمْ وَعِصِيَّهُمْ وَقَالُواْ بِعِزَّةِ فِرْعَوْنَ إِنَّا لَنَحْنُ اُ۬لْغَٰلِبُونَۖ ﰪ
2971,26,44,19,369,الشعراء,Ash-Shu‘arā’,فَأَلْق۪ىٰ مُوس۪ىٰ عَصَاهُ فَإِذَا هِيَ تَلَقَّفُ مَا يَافِكُونَۖ ﰫ
2972,26,45,19,369,الشعراء,Ash-Shu‘arā’,فَأُلْقِيَ اَ۬لسَّحَرَةُ سَٰجِدِينَۖ ﰬ
2973,26,46,19,369,الشعراء,Ash-Shu‘arā’,قَالُوٓاْ ءَامَنَّا بِرَبِّ اِ۬لْعَٰلَمِينَۖ ﰭ
2974,26,47,19,369,الشعراء,Ash-Shu‘arā’,رَبِّ مُوس۪ىٰ وَهَٰرُونَۖ ﰮ
2975,26,48,19,369,الشعراء,Ash-Shu‘arā’,قَالَ ءَاٰ۬مَنتُمْ لَهُۥ قَبْلَ أَنَ اٰذَنَ لَكُمُۥٓ إِنَّهُۥ لَكَبِيرُكُمُ اُ۬لذِے عَلَّمَكُمُ اُ۬لسِّحْرَۖ فَلَسَوْفَ تَعْلَمُونَۖ ﰯ
2976,26,49,19,369,الشعراء,Ash-Shu‘arā’,لَأُقَطِّعَنَّ أَيْدِيَكُمْ وَأَرْجُلَكُم مِّنْ خِلَٰفٖ وَلَأُصَلِّبَنَّكُمُۥٓ أَجْمَعِينَۖ ﰰ
2977,26,50,19,369,الشعراء,Ash-Shu‘arā’,۞ قَالُواْ لَا ضَيْرَۖ إِنَّآ إِلَىٰ رَبِّنَا مُنقَلِبُونَۖ ﰱ
2978,26,51,19,369,الشعراء,Ash-Shu‘arā’,إِنَّا نَطْمَعُ أَنْ يَّغْفِرَ لَنَا رَبُّنَا خَطَٰيٰ۪نَآ أَن كُنَّآ أَوَّلَ اَ۬لْمُومِنِينَۖ ﰲ
2979,26,52,19,369,الشعراء,Ash-Shu‘arā’,وَأَوْحَيْنَآ إِلَىٰ مُوس۪ىٰٓ أَنِ اِ۪سْرِ بِعِبَادِيَ إِنَّكُم مُّتَّبَعُونَۖ ﰳ
2980,26,53,19,369,الشعراء,Ash-Shu‘arā’,فَأَرْسَلَ فِرْعَوْنُ فِے اِ۬لْمَدَآئِنِ حَٰشِرِينَۖ ﰴ
2981,26,54,19,369,الشعراء,Ash-Shu‘arā’,إِنَّ هَٰٓؤُلَآءِ لَشِرْذِمَةٞ قَلِيلُونَ ﰵ
2982,26,55,19,369,الشعراء,Ash-Shu‘arā’,وَإِنَّهُمْ لَنَا لَغَآئِظُونَ ﰶ
2983,26,56,19,369,الشعراء,Ash-Shu‘arā’,وَإِنَّا لَجَمِيعٌ حَذِرُونَۖ ﰷ
2984,26,57,19,369,الشعراء,Ash-Shu‘arā’,فَأَخْرَجْنَٰهُم مِّن جَنَّٰتٖ وَعُيُونٖ ﰸ
2985,26,58,19,369,الشعراء,Ash-Shu‘arā’,وَكُنُوزٖ وَمَقَامٖ كَرِيمٖۖ ﰹ
2986,26,59,19,369,الشعراء,Ash-Shu‘arā’,كَذَٰلِكَۖ وَأَوْرَثْنَٰهَا بَنِےٓ إِسْرَآءِيلَ ﰺ
2987,26,60,19,369,الشعراء,Ash-Shu‘arā’,فَأَتْبَعُوهُم مُّشْرِقِينَۖ ﰻ
2988,26,61,19,370,الشعراء,Ash-Shu‘arā’,فَلَمَّا تَرَٰٓءَا اَ۬لْجَمْعَٰنِ قَالَ أَصْحَٰبُ مُوس۪ىٰٓ إِنَّا لَمُدْرَكُونَۖ ﰼ
2989,26,62,19,370,الشعراء,Ash-Shu‘arā’,قَالَ كَلَّآۖ إِنَّ مَعِے رَبِّے سَيَهْدِينِۖ ﰽ
2990,26,63,19,370,الشعراء,Ash-Shu‘arā’,فَأَوْحَيْنَآ إِلَىٰ مُوس۪ىٰٓ أَنِ اِ۪ضْرِب بِّعَصَاكَ اَ۬لْبَحْرَ فَانفَلَقَ فَكَانَ كُلُّ فِرْقٖ كَالطَّوْدِ اِ۬لْعَظِيمِۖ ﰾ
2991,26,64,19,370,الشعراء,Ash-Shu‘arā’,وَأَزْلَفْنَا ثَمَّ اَ۬لَاخَرِينَۖ ﰿ
2992,26,65,19,370,الشعراء,Ash-Shu‘arā’,وَأَنجَيْنَا مُوس۪ىٰ وَمَن مَّعَهُۥٓ أَجْمَعِينَ ﱀ
2993,26,66,19,370,الشعراء,Ash-Shu‘arā’,ثُمَّ أَغْرَقْنَا اَ۬لَاخَرِينَۖ ﱁ
2994,26,67,19,370,الشعراء,Ash-Shu‘arā’,إِنَّ فِے ذَٰلِكَ لَأٓيَةٗۖ وَمَا كَانَ أَكْثَرُهُم مُّومِنِينَۖ ﱂ
2995,26,68,19,370,الشعراء,Ash-Shu‘arā’,وَإِنَّ رَبَّكَ لَهُوَ اَ۬لْعَزِيزُ اُ۬لرَّحِيمُۖ ﱃ
2996,26,69,19,370,الشعراء,Ash-Shu‘arā’,وَاتْلُ عَلَيْهِمْ نَبَأَ ا۪بْرَٰهِيمَ ﱄ
2997,26,70,19,370,الشعراء,Ash-Shu‘arā’,إِذْ قَالَ لِأَبِيهِ وَقَوْمِهِۦ مَا تَعْبُدُونَۖ ﱅ
2998,26,71,19,370,الشعراء,Ash-Shu‘arā’,قَالُواْ نَعْبُدُ أَصْنَاماٗ فَنَظَلُّ لَهَا عَٰكِفِينَۖ ﱆ
2999,26,72,19,370,الشعراء,Ash-Shu‘arā’,قَالَ هَلْ يَسْمَعُونَكُمُۥٓ إِذْ تَدْعُونَ ﱇ
3000,26,73,19,370,الشعراء,Ash-Shu‘arā’,أَوْ يَنفَعُونَكُمُۥٓ أَوْ يَضُرُّونَۖ ﱈ
3001,26,74,19,370,الشعراء,Ash-Shu‘arā’,قَالُواْ بَلْ وَجَدْنَآ ءَابَآءَنَا كَذَٰلِكَ يَفْعَلُونَۖ ﱉ
3002,26,75,19,370,الشعراء,Ash-Shu‘arā’,قَالَ أَفَرَٰٓيْتُم مَّا كُنتُمْ تَعْبُدُونَ ﱊ
3003,26,76,19,370,الشعراء,Ash-Shu‘arā’,أَنتُمْ وَءَابَآؤُكُمُ اُ۬لَاقْدَمُونَ ﱋ
3004,26,77,19,370,الشعراء,Ash-Shu‘arā’,فَإِنَّهُمْ عَدُوّٞ لِّيَۖ إِلَّا رَبَّ اَ۬لْعَٰلَمِينَ ﱌ
3005,26,78,19,370,الشعراء,Ash-Shu‘arā’,اَ۬لذِے خَلَقَنِے فَهُوَ يَهْدِينِۖ ﱍ
3006,26,79,19,370,الشعراء,Ash-Shu‘arā’,وَالذِے هُوَ يُطْعِمُنِے وَيَسْقِينِ ﱎ
3007,26,80,19,370,الشعراء,Ash-Shu‘arā’,وَإِذَا مَرِضْتُ فَهُوَ يَشْفِينِۖ ﱏ
3008,26,81,19,370,الشعراء,Ash-Shu‘arā’,وَالذِے يُمِيتُنِے ثُمَّ يُحْيِينِۖ ﱐ
3009,26,82,19,370,الشعراء,Ash-Shu‘arā’,۞ وَالذِےٓ أَطْمَعُ أَنْ يَّغْفِرَ لِے خَطِيَٓٔتِے يَوْمَ اَ۬لدِّينِۖ ﱑ
3010,26,83,19,370,الشعراء,Ash-Shu‘arā’,رَبِّ هَبْ لِے حُكْماٗ وَأَلْحِقْنِے بِالصَّٰلِحِينَۖ ﱒ
3011,26,84,19,371,الشعراء,Ash-Shu‘arā’,وَاجْعَل لِّے لِسَانَ صِدْقٖ فِے اِ۬لَاخِرِينَۖ ﱓ
3012,26,85,19,371,الشعراء,Ash-Shu‘arā’,وَاجْعَلْنِے مِنْ وَّرَثَةِ جَنَّةِ اِ۬لنَّعِيمِۖ ﱔ
3013,26,86,19,371,الشعراء,Ash-Shu‘arā’,وَاغْفِرْ لِأَبِيَ إِنَّهُۥ كَانَ مِنَ اَ۬لضَّآلِّينَۖ ﱕ
3014,26,87,19,371,الشعراء,Ash-Shu‘arā’,وَلَا تُخْزِنِے يَوْمَ يُبْعَثُونَ ﱖ
3015,26,88,19,371,الشعراء,Ash-Shu‘arā’,يَوْمَ لَا يَنفَعُ مَالٞ وَلَا بَنُونَ ﱗ
3016,26,89,19,371,الشعراء,Ash-Shu‘arā’,إِلَّا مَنَ اَتَى اَ۬للَّهَ بِقَلْبٖ سَلِيمٖۖ ﱘ
3017,26,90,19,371,الشعراء,Ash-Shu‘arā’,وَأُزْلِفَتِ اِ۬لْجَنَّةُ لِلْمُتَّقِينَۖ ﱙ
3018,26,91,19,371,الشعراء,Ash-Shu‘arā’,وَبُرِّزَتِ اِ۬لْجَحِيمُ لِلْغَاوِينَۖ ﱚ
3019,26,92,19,371,الشعراء,Ash-Shu‘arā’,وَقِيلَ لَهُمُۥٓ أَيْنَ مَا كُنتُمْ تَعْبُدُونَ ﱛ
3020,26,93,19,371,الشعراء,Ash-Shu‘arā’,مِن دُونِ اِ۬للَّهِۖ هَلْ يَنصُرُونَكُمُۥٓ أَوْ يَنتَصِرُونَۖ ﱜ
3021,26,94,19,371,الشعراء,Ash-Shu‘arā’,فَكُبْكِبُواْ فِيهَا هُمْ وَالْغَاوُۥنَ ﱝ
3022,26,95,19,371,الشعراء,Ash-Shu‘arā’,وَجُنُودُ إِبْلِيسَ أَجْمَعُونَۖ ﱞ
3023,26,96,19,371,الشعراء,Ash-Shu‘arā’,قَالُواْ وَهُمْ فِيهَا يَخْتَصِمُونَ ﱟ
3024,26,97,19,371,الشعراء,Ash-Shu‘arā’,تَاللَّهِ إِن كُنَّا لَفِے ضَلَٰلٖ مُّبِينٍ ﱠ
3025,26,98,19,371,الشعراء,Ash-Shu‘arā’,اِذْ نُسَوِّيكُم بِرَبِّ اِ۬لْعَٰلَمِينَۖ ﱡ
3026,26,99,19,371,الشعراء,Ash-Shu‘arā’,وَمَآ أَضَلَّنَآ إِلَّا اَ۬لْمُجْرِمُونَۖ ﱢ
3027,26,100,19,371,الشعراء,Ash-Shu‘arā’,فَمَا لَنَا مِن شَٰفِعِينَ ﱣ
3028,26,101,19,371,الشعراء,Ash-Shu‘arā’,وَلَا صَدِيقٍ حَمِيمٖۖ ﱤ
3029,26,102,19,371,الشعراء,Ash-Shu‘arā’,فَلَوَ اَنَّ لَنَا كَرَّةٗ فَنَكُونَ مِنَ اَ۬لْمُومِنِينَۖ ﱥ
3030,26,103,19,371,الشعراء,Ash-Shu‘arā’,إِنَّ فِے ذَٰلِكَ لَأٓيَةٗۖ وَمَا كَانَ أَكْثَرُهُم مُّومِنِينَۖ ﱦ
3031,26,104,19,371,الشعراء,Ash-Shu‘arā’,وَإِنَّ رَبَّكَ لَهُوَ اَ۬لْعَزِيزُ اُ۬لرَّحِيمُۖ ﱧ
3032,26,105,19,371,الشعراء,Ash-Shu‘arā’,كَذَّبَتْ قَوْمُ نُوحٍ اِ۬لْمُرْسَلِينَ ﱨ
3033,26,106,19,371,الشعراء,Ash-Shu‘arā’,إِذْ قَالَ لَهُمُۥٓ أَخُوهُمْ نُوحٌ اَلَا تَتَّقُونَ ﱩ
3034,26,107,19,371,الشعراء,Ash-Shu‘arā’,إِنِّے لَكُمْ رَسُولٌ اَمِينٞۖ ﱪ
3035,26,108,19,371,الشعراء,Ash-Shu‘arā’,فَاتَّقُواْ اُ۬للَّهَ وَأَطِيعُونِۖ ﱫ
3036,26,109,19,371,الشعراء,Ash-Shu‘arā’,وَمَآ أَسْـَٔلُكُمْ عَلَيْهِ مِنَ اَجْرٍۖ اِنَ اَجْرِيَ إِلَّا عَلَىٰ رَبِّ اِ۬لْعَٰلَمِينَۖ ﱬ
3037,26,110,19,371,الشعراء,Ash-Shu‘arā’,فَاتَّقُواْ اُ۬للَّهَ وَأَطِيعُونِۖ ﱭ
3038,26,111,19,371,الشعراء,Ash-Shu‘arā’,۞ قَالُوٓاْ أَنُومِنُ لَكَ وَاتَّبَعَكَ اَ۬لَارْذَلُونَۖ ﱮ
3039,26,112,19,372,الشعراء,Ash-Shu‘arā’,قَالَ وَمَا عِلْمِے بِمَا كَانُواْ يَعْمَلُونَۖ ﱯ
3040,26,113,19,372,الشعراء,Ash-Shu‘arā’,إِنْ حِسَابُهُمُۥٓ إِلَّا عَلَىٰ رَبِّے لَوْ تَشْعُرُونَۖ ﱰ
3041,26,114,19,372,الشعراء,Ash-Shu‘arā’,وَمَآ أَنَا بِطَارِدِ اِ۬لْمُومِنِينَ ﱱ
3042,26,115,19,372,الشعراء,Ash-Shu‘arā’,إِنَ اَنَا إِلَّا نَذِيرٞ مُّبِينٞۖ ﱲ
3043,26,116,19,372,الشعراء,Ash-Shu‘arā’,قَالُواْ لَئِن لَّمْ تَنتَهِ يَٰنُوحُ لَتَكُونَنَّ مِنَ اَ۬لْمَرْجُومِينَۖ ﱳ
3044,26,117,19,372,الشعراء,Ash-Shu‘arā’,قَالَ رَبِّ إِنَّ قَوْمِے كَذَّبُونِ ﱴ
3045,26,118,19,372,الشعراء,Ash-Shu‘arā’,فَافْتَحْ بَيْنِے وَبَيْنَهُمْ فَتْحاٗ وَنَجِّنِے وَمَن مَّعِيَ مِنَ اَ۬لْمُومِنِينَۖ ﱵ
3046,26,119,19,372,الشعراء,Ash-Shu‘arā’,فَأَنجَيْنَٰهُ وَمَن مَّعَهُۥ فِے اِ۬لْفُلْكِ اِ۬لْمَشْحُونِۖ ﱶ
3047,26,120,19,372,الشعراء,Ash-Shu‘arā’,ثُمَّ أَغْرَقْنَا بَعْدُ اُ۬لْبَاقِينَۖ ﱷ
3048,26,121,19,372,الشعراء,Ash-Shu‘arā’,إِنَّ فِے ذَٰلِكَ لَأٓيَةٗۖ وَمَا كَانَ أَكْثَرُهُم مُّومِنِينَۖ ﱸ
3049,26,122,19,372,الشعراء,Ash-Shu‘arā’,وَإِنَّ رَبَّكَ لَهُوَ اَ۬لْعَزِيزُ اُ۬لرَّحِيمُۖ ﱹ
3050,26,123,19,372,الشعراء,Ash-Shu‘arā’,كَذَّبَتْ عَادٌ اِ۬لْمُرْسَلِينَ ﱺ
3051,26,124,19,372,الشعراء,Ash-Shu‘arā’,إِذْ قَالَ لَهُمُۥٓ أَخُوهُمْ هُودٌ اَلَا تَتَّقُونَ ﱻ
3052,26,125,19,372,الشعراء,Ash-Shu‘arā’,إِنِّے لَكُمْ رَسُولٌ اَمِينٞۖ ﱼ
3053,26,126,19,372,الشعراء,Ash-Shu‘arā’,فَاتَّقُواْ اُ۬للَّهَ وَأَطِيعُونِۖ ﱽ
3054,26,127,19,372,الشعراء,Ash-Shu‘arā’,وَمَآ أَسْـَٔلُكُمْ عَلَيْهِ مِنَ اَجْرٍۖ اِنَ اَجْرِيَ إِلَّا عَلَىٰ رَبِّ اِ۬لْعَٰلَمِينَۖ ﱾ
3055,26,128,19,372,الشعراء,Ash-Shu‘arā’,أَتَبْنُونَ بِكُلِّ رِيعٍ اٰيَةٗ تَعْبَثُونَ ﱿ
3056,26,129,19,372,الشعراء,Ash-Shu‘arā’,وَتَتَّخِذُونَ مَصَانِعَ لَعَلَّكُمْ تَخْلُدُونَ ﲀ
3057,26,130,19,372,الشعراء,Ash-Shu‘arā’,وَإِذَا بَطَشْتُم بَطَشْتُمْ جَبّ۪ارِينَۖ ﲁ
3058,26,131,19,372,الشعراء,Ash-Shu‘arā’,فَاتَّقُواْ اُ۬للَّهَ وَأَطِيعُونِۖ ﲂ
3059,26,132,19,372,الشعراء,Ash-Shu‘arā’,وَاتَّقُواْ اُ۬لذِےٓ أَمَدَّكُم بِمَا تَعْلَمُونَ ﲃ
3060,26,133,19,372,الشعراء,Ash-Shu‘arā’,أَمَدَّكُم بِأَنْعَٰمٖ وَبَنِينَ ﲄ
3061,26,134,19,372,الشعراء,Ash-Shu‘arā’,وَجَنَّٰتٖ وَعُيُونٍۖ ﲅ
3062,26,135,19,372,الشعراء,Ash-Shu‘arā’,اِنِّيَ أَخَافُ عَلَيْكُمْ عَذَابَ يَوْمٍ عَظِيمٖۖ ﲆ
3063,26,136,19,372,الشعراء,Ash-Shu‘arā’,قَالُواْ سَوَآءٌ عَلَيْنَآ أَوَعَظْتَ أَمْ لَمْ تَكُن مِّنَ اَ۬لْوَٰعِظِينَ ﲇ
3064,26,137,19,373,الشعراء,Ash-Shu‘arā’,إِنْ هَٰذَآ إِلَّا خُلُقُ اُ۬لَاوَّلِينَ ﲈ
3065,26,138,19,373,الشعراء,Ash-Shu‘arā’,وَمَا نَحْنُ بِمُعَذَّبِينَۖ ﲉ
3066,26,139,19,373,الشعراء,Ash-Shu‘arā’,فَكَذَّبُوهُ فَأَهْلَكْنَٰهُمُۥٓۖ إِنَّ فِے ذَٰلِكَ لَأٓيَةٗۖ وَمَا كَانَ أَكْثَرُهُم مُّومِنِينَۖ ﲊ
3067,26,140,19,373,الشعراء,Ash-Shu‘arā’,وَإِنَّ رَبَّكَ لَهُوَ اَ۬لْعَزِيزُ اُ۬لرَّحِيمُۖ ﲋ
3068,26,141,19,373,الشعراء,Ash-Shu‘arā’,كَذَّبَتْ ثَمُودُ اُ۬لْمُرْسَلِينَ ﲌ
3069,26,142,19,373,الشعراء,Ash-Shu‘arā’,إِذْ قَالَ لَهُمُۥٓ أَخُوهُمْ صَٰلِحٌ اَلَا تَتَّقُونَ ﲍ
3070,26,143,19,373,الشعراء,Ash-Shu‘arā’,إِنِّے لَكُمْ رَسُولٌ اَمِينٞۖ ﲎ
3071,26,144,19,373,الشعراء,Ash-Shu‘arā’,فَاتَّقُواْ اُ۬للَّهَ وَأَطِيعُونِۖ ﲏ
3072,26,145,19,373,الشعراء,Ash-Shu‘arā’,وَمَآ أَسْـَٔلُكُمْ عَلَيْهِ مِنَ اَجْرٍۖ اِنَ اَجْرِيَ إِلَّا عَلَىٰ رَبِّ اِ۬لْعَٰلَمِينَۖ ﲐ
3073,26,146,19,373,الشعراء,Ash-Shu‘arā’,۞ أَتُتْرَكُونَ فِے مَا هَٰهُنَآ ءَامِنِينَ ﲑ
3074,26,147,19,373,الشعراء,Ash-Shu‘arā’,فِے جَنَّٰتٖ وَعُيُونٖ ﲒ
3075,26,148,19,373,الشعراء,Ash-Shu‘arā’,وَزُرُوعٖ وَنَخْلٖ طَلْعُهَا هَضِيمٞ ﲓ
3076,26,149,19,373,الشعراء,Ash-Shu‘arā’,وَتَنْحِتُونَ مِنَ اَ۬لْجِبَالِ بُيُوتاٗ فَرِهِينَۖ ﲔ
3077,26,150,19,373,الشعراء,Ash-Shu‘arā’,فَاتَّقُواْ اُ۬للَّهَ وَأَطِيعُونِۖ ﲕ
3078,26,151,19,373,الشعراء,Ash-Shu‘arā’,وَلَا تُطِيعُوٓاْ أَمْرَ اَ۬لْمُسْرِفِينَ ﲖ
3079,26,152,19,373,الشعراء,Ash-Shu‘arā’,اَ۬لذِينَ يُفْسِدُونَ فِے اِ۬لَارْضِ وَلَا يُصْلِحُونَۖ ﲗ
3080,26,153,19,373,الشعراء,Ash-Shu‘arā’,قَالُوٓاْ إِنَّمَآ أَنتَ مِنَ اَ۬لْمُسَحَّرِينَ ﲘ
3081,26,154,19,373,الشعراء,Ash-Shu‘arā’,مَآ أَنتَ إِلَّا بَشَرٞ مِّثْلُنَا فَاتِ بِـَٔايَةٍ اِن كُنتَ مِنَ اَ۬لصَّٰدِقِينَۖ ﲙ
3082,26,155,19,373,الشعراء,Ash-Shu‘arā’,قَالَ هَٰذِهِۦ نَاقَةٞ لَّهَا شِرْبٞۖ وَلَكُمْ شِرْبُ يَوْمٖ مَّعْلُومٖۖ ﲚ
3083,26,156,19,373,الشعراء,Ash-Shu‘arā’,وَلَا تَمَسُّوهَا بِسُوٓءٖ فَيَاخُذَكُمْ عَذَابُ يَوْمٍ عَظِيمٖۖ ﲛ
3084,26,157,19,373,الشعراء,Ash-Shu‘arā’,فَعَقَرُوهَا فَأَصْبَحُواْ نَٰدِمِينَ ﲜ
3085,26,158,19,373,الشعراء,Ash-Shu‘arā’,فَأَخَذَهُمُ اُ۬لْعَذَابُۖ إِنَّ فِے ذَٰلِكَ لَأٓيَةٗۖ وَمَا كَانَ أَكْثَرُهُم مُّومِنِينَۖ ﲝ
3086,26,159,19,373,الشعراء,Ash-Shu‘arā’,وَإِنَّ رَبَّكَ لَهُوَ اَ۬لْعَزِيزُ اُ۬لرَّحِيمُۖ ﲞ
3087,26,160,19,374,الشعراء,Ash-Shu‘arā’,كَذَّبَتْ قَوْمُ لُوطٍ اِ۬لْمُرْسَلِينَ ﲟ
3088,26,161,19,374,الشعراء,Ash-Shu‘arā’,إِذْ قَالَ لَهُمُۥٓ أَخُوهُمْ لُوطٌ اَلَا تَتَّقُونَ ﲠ
3089,26,162,19,374,الشعراء,Ash-Shu‘arā’,إِنِّے لَكُمْ رَسُولٌ اَمِينٞۖ ﲡ
3090,26,163,19,374,الشعراء,Ash-Shu‘arā’,فَاتَّقُواْ اُ۬للَّهَ وَأَطِيعُونِۖ ﲢ
3091,26,164,19,374,الشعراء,Ash-Shu‘arā’,وَمَآ أَسْـَٔلُكُمْ عَلَيْهِ مِنَ اَجْرٍۖ اِنَ اَجْرِيَ إِلَّا عَلَىٰ رَبِّ اِ۬لْعَٰلَمِينَۖ ﲣ
3092,26,165,19,374,الشعراء,Ash-Shu‘arā’,أَتَاتُونَ اَ۬لذُّكْرَانَ مِنَ اَ۬لْعَٰلَمِينَ ﲤ
3093,26,166,19,374,الشعراء,Ash-Shu‘arā’,وَتَذَرُونَ مَا خَلَقَ لَكُمْ رَبُّكُم مِّنَ اَزْوَٰجِكُمۖ بَلَ اَنتُمْ قَوْمٌ عَادُونَۖ ﲥ
3094,26,167,19,374,الشعراء,Ash-Shu‘arā’,قَالُواْ لَئِن لَّمْ تَنتَهِ يَٰلُوطُ لَتَكُونَنَّ مِنَ اَ۬لْمُخْرَجِينَۖ ﲦ
3095,26,168,19,374,الشعراء,Ash-Shu‘arā’,قَالَ إِنِّے لِعَمَلِكُم مِّنَ اَ۬لْقَالِينَۖ ﲧ
3096,26,169,19,374,الشعراء,Ash-Shu‘arā’,رَبِّ نَجِّنِے وَأَهْلِے مِمَّا يَعْمَلُونَۖ ﲨ
3097,26,170,19,374,الشعراء,Ash-Shu‘arā’,فَنَجَّيْنَٰهُ وَأَهْلَهُۥٓ أَجْمَعِينَ ﲩ
3098,26,171,19,374,الشعراء,Ash-Shu‘arā’,إِلَّا عَجُوزاٗ فِے اِ۬لْغَٰبِرِينَ ﲪ
3099,26,172,19,374,الشعراء,Ash-Shu‘arā’,ثُمَّ دَمَّرْنَا اَ۬لَاخَرِينَۖ ﲫ
3100,26,173,19,374,الشعراء,Ash-Shu‘arā’,وَأَمْطَرْنَا عَلَيْهِم مَّطَراٗۖ فَسَآءَ مَطَرُ اُ۬لْمُنذَرِينَۖ ﲬ
3101,26,174,19,374,الشعراء,Ash-Shu‘arā’,إِنَّ فِے ذَٰلِكَ لَأٓيَةٗۖ وَمَا كَانَ أَكْثَرُهُم مُّومِنِينَۖ ﲭ
3102,26,175,19,374,الشعراء,Ash-Shu‘arā’,وَإِنَّ رَبَّكَ لَهُوَ اَ۬لْعَزِيزُ اُ۬لرَّحِيمُۖ ﲮ
3103,26,176,19,374,الشعراء,Ash-Shu‘arā’,كَذَّبَ أَصْحَٰبُ لَيْكَةَ اَ۬لْمُرْسَلِينَ ﲯ
3104,26,177,19,374,الشعراء,Ash-Shu‘arā’,إِذْ قَالَ لَهُمْ شُعَيْبٌ اَلَا تَتَّقُونَ ﲰ
3105,26,178,19,374,الشعراء,Ash-Shu‘arā’,إِنِّے لَكُمْ رَسُولٌ اَمِينٞۖ ﲱ
3106,26,179,19,374,الشعراء,Ash-Shu‘arā’,فَاتَّقُواْ اُ۬للَّهَ وَأَطِيعُونِۖ ﲲ
3107,26,180,19,374,الشعراء,Ash-Shu‘arā’,وَمَآ أَسْـَٔلُكُمْ عَلَيْهِ مِنَ اَجْرٍۖ اِنَ اَجْرِيَ إِلَّا عَلَىٰ رَبِّ اِ۬لْعَٰلَمِينَۖ ﲳ
3108,26,181,19,374,الشعراء,Ash-Shu‘arā’,۞ أَوْفُواْ اُ۬لْكَيْلَۖ وَلَا تَكُونُواْ مِنَ اَ۬لْمُخْسِرِينَۖ ﲴ
3109,26,182,19,374,الشعراء,Ash-Shu‘arā’,وَزِنُواْ بِالْقُسْطَاسِ اِ۬لْمُسْتَقِيمِۖ ﲵ
3110,26,183,19,374,الشعراء,Ash-Shu‘arā’,وَلَا تَبْخَسُواْ اُ۬لنَّاسَ أَشْيَآءَهُمْۖ وَلَا تَعْثَوْاْ فِے اِ۬لَارْضِ مُفْسِدِينَۖ ﲶ
3111,26,184,19,375,الشعراء,Ash-Shu‘arā’,وَاتَّقُواْ اُ۬لذِے خَلَقَكُمْ وَالْجِبِلَّةَ اَ۬لَاوَّلِينَۖ ﲷ
3112,26,185,19,375,الشعراء,Ash-Shu‘arā’,قَالُوٓاْ إِنَّمَآ أَنتَ مِنَ اَ۬لْمُسَحَّرِينَ ﲸ
3113,26,186,19,375,الشعراء,Ash-Shu‘arā’,وَمَآ أَنتَ إِلَّا بَشَرٞ مِّثْلُنَا وَإِن نَّظُنُّكَ لَمِنَ اَ۬لْكَٰذِبِينَ ﲹ
3114,26,187,19,375,الشعراء,Ash-Shu‘arā’,فَأَسْقِطْ عَلَيْنَا كِسْفاٗ مِّنَ اَ۬لسَّمَآءِ ان كُنتَ مِنَ اَ۬لصَّٰدِقِينَۖ ﲺ
3115,26,188,19,375,الشعراء,Ash-Shu‘arā’,قَالَ رَبِّيَ أَعْلَمُ بِمَا تَعْمَلُونَۖ ﲻ
3116,26,189,19,375,الشعراء,Ash-Shu‘arā’,فَكَذَّبُوهُ فَأَخَذَهُمْ عَذَابُ يَوْمِ اِ۬لظُّلَّةِۖ إِنَّهُۥ كَانَ عَذَابَ يَوْمٍ عَظِيمٍۖ ﲼ
3117,26,190,19,375,الشعراء,Ash-Shu‘arā’,اِنَّ فِے ذَٰلِكَ لَأٓيَةٗۖ وَمَا كَانَ أَكْثَرُهُم مُّومِنِينَۖ ﲽ
3118,26,191,19,375,الشعراء,Ash-Shu‘arā’,وَإِنَّ رَبَّكَ لَهُوَ اَ۬لْعَزِيزُ اُ۬لرَّحِيمُۖ ﲾ
3119,26,192,19,375,الشعراء,Ash-Shu‘arā’,وَإِنَّهُۥ لَتَنزِيلُ رَبِّ اِ۬لْعَٰلَمِينَۖ ﲿ
3120,26,193,19,375,الشعراء,Ash-Shu‘arā’,نَزَلَ بِهِ اِ۬لرُّوحُ اُ۬لَامِينُ ﳀ
3121,26,194,19,375,الشعراء,Ash-Shu‘arā’,عَلَىٰ قَلْبِكَ لِتَكُونَ مِنَ اَ۬لْمُنذِرِينَ ﳁ
3122,26,195,19,375,الشعراء,Ash-Shu‘arā’,بِلِسَانٍ عَرَبِيّٖ مُّبِينٖۖ ﳂ
3123,26,196,19,375,الشعراء,Ash-Shu‘arā’,وَإِنَّهُۥ لَفِے زُبُرِ اِ۬لَاوَّلِينَۖ ﳃ
3124,26,197,19,375,الشعراء,Ash-Shu‘arā’,أَوَلَمْ يَكُن لَّهُمُۥٓ ءَايَةً اَنْ يَّعْلَمَهُۥ عُلَمَٰٓؤُاْ بَنِےٓ إِسْرَآءِيلَۖ ﳄ
3125,26,198,19,375,الشعراء,Ash-Shu‘arā’,وَلَوْ نَزَّلْنَٰهُ عَلَىٰ بَعْضِ اِ۬لَاعْجَمِينَ ﳅ
3126,26,199,19,375,الشعراء,Ash-Shu‘arā’,فَقَرَأَهُۥ عَلَيْهِم مَّا كَانُواْ بِهِۦ مُومِنِينَۖ ﳆ
3127,26,200,19,375,الشعراء,Ash-Shu‘arā’,كَذَٰلِكَ سَلَكْنَٰهُ فِے قُلُوبِ اِ۬لْمُجْرِمِينَ ﳇ
3128,26,201,19,375,الشعراء,Ash-Shu‘arā’,لَا يُومِنُونَ بِهِۦ حَتَّىٰ يَرَوُاْ اُ۬لْعَذَابَ اَ۬لَالِيمَ ﳈ
3129,26,202,19,375,الشعراء,Ash-Shu‘arā’,فَيَاتِيَهُم بَغْتَةٗ وَهُمْ لَا يَشْعُرُونَ ﳉ
3130,26,203,19,375,الشعراء,Ash-Shu‘arā’,فَيَقُولُواْ هَلْ نَحْنُ مُنظَرُونَۖ ﳊ
3131,26,204,19,375,الشعراء,Ash-Shu‘arā’,أَفَبِعَذَابِنَا يَسْتَعْجِلُونَۖ ﳋ
3132,26,205,19,375,الشعراء,Ash-Shu‘arā’,أَفَرَٰٓيْتَ إِن مَّتَّعْنَٰهُمْ سِنِينَ ﳌ
3133,26,206,19,375,الشعراء,Ash-Shu‘arā’,ثُمَّ جَآءَهُم مَّا كَانُواْ يُوعَدُونَ ﳍ
3134,26,207,19,376,الشعراء,Ash-Shu‘arā’,مَآ أَغْن۪ىٰ عَنْهُم مَّا كَانُواْ يُمَتَّعُونَۖ ﳎ
3135,26,208,19,376,الشعراء,Ash-Shu‘arā’,وَمَآ أَهْلَكْنَا مِن قَرْيَةٍ اِلَّا لَهَا مُنذِرُونَ ﳏ
3136,26,209,19,376,الشعراء,Ash-Shu‘arā’,ذِكْر۪ىٰۖ وَمَا كُنَّا ظَٰلِمِينَۖ ﳐ
3137,26,210,19,376,الشعراء,Ash-Shu‘arā’,۞ وَمَا تَنَزَّلَتْ بِهِ اِ۬لشَّيَٰطِينُ وَمَا يَنۢبَغِے لَهُمْ وَمَا يَسْتَطِيعُونَۖ ﳑ
3138,26,211,19,376,الشعراء,Ash-Shu‘arā’,إِنَّهُمْ عَنِ اِ۬لسَّمْعِ لَمَعْزُولُونَۖ ﳒ
3139,26,212,19,376,الشعراء,Ash-Shu‘arā’,فَلَا تَدْعُ مَعَ اَ۬للَّهِ إِلَٰهاً اٰخَرَ فَتَكُونَ مِنَ اَ۬لْمُعَذَّبِينَۖ ﳓ
3140,26,213,19,376,الشعراء,Ash-Shu‘arā’,وَأَنذِرْ عَشِيرَتَكَ اَ۬لَاقْرَبِينَ ﳔ
3141,26,214,19,376,الشعراء,Ash-Shu‘arā’,وَاخْفِضْ جَنَاحَكَ لِمَنِ اِ۪تَّبَعَكَ مِنَ اَ۬لْمُومِنِينَۖ ﳕ
3142,26,215,19,376,الشعراء,Ash-Shu‘arā’,فَإِنْ عَصَوْكَ فَقُلِ اِنِّے بَرِےٓءٞ مِّمَّا تَعْمَلُونَۖ ﳖ
3143,26,216,19,376,الشعراء,Ash-Shu‘arā’,فَتَوَكَّلْ عَلَى اَ۬لْعَزِيزِ اِ۬لرَّحِيمِ ﳗ
3144,26,217,19,376,الشعراء,Ash-Shu‘arā’,اِ۬لذِے يَر۪يٰكَ حِينَ تَقُومُ ﳘ
3145,26,218,19,376,الشعراء,Ash-Shu‘arā’,وَتَقَلُّبَكَ فِے اِ۬لسَّٰجِدِينَۖ ﳙ
3146,26,219,19,376,الشعراء,Ash-Shu‘arā’,إِنَّهُۥ هُوَ اَ۬لسَّمِيعُ اُ۬لْعَلِيمُۖ ﳚ
3147,26,220,19,376,الشعراء,Ash-Shu‘arā’,هَلُ ا۟نَبِّئُكُمْ عَلَىٰ مَن تَنَزَّلُ اُ۬لشَّيَٰطِينُ ﳛ
3148,26,221,19,376,الشعراء,Ash-Shu‘arā’,تَنَزَّلُ عَلَىٰ كُلِّ أَفَّاكٍ اَثِيمٖ ﳜ
3149,26,222,19,376,الشعراء,Ash-Shu‘arā’,يُلْقُونَ اَ۬لسَّمْعَ وَأَكْثَرُهُمْ كَٰذِبُونَۖ ﳝ
3150,26,223,19,376,الشعراء,Ash-Shu‘arā’,وَالشُّعَرَآءُ يَتْبَعُهُمُ اُ۬لْغَاوُۥنَۖ ﳞ
3151,26,224,19,376,الشعراء,Ash-Shu‘arā’,أَلَمْ تَرَ أَنَّهُمْ فِے كُلِّ وَادٖ يَهِيمُونَ ﳟ
3152,26,225,19,376,الشعراء,Ash-Shu‘arā’,وَأَنَّهُمْ يَقُولُونَ مَا لَا يَفْعَلُونَۖ ﳠ
3153,26,226,19,376,الشعراء,Ash-Shu‘arā’,إِلَّا اَ۬لذِينَ ءَامَنُواْ وَعَمِلُواْ اُ۬لصَّٰلِحَٰتِ وَذَكَرُواْ اُ۬للَّهَ كَثِيراٗ وَانتَصَرُواْ مِنۢ بَعْدِ مَا ظُلِمُواْۖ وَسَيَعْلَمُ اُ۬لذِينَ ظَلَمُوٓاْ أَيَّ مُنقَلَبٖ يَنقَلِبُونَۖ ﳡ
3154,27,1,19,377,النَّمل,An-Naml,طَسِٓۖ تِلْكَ ءَايَٰتُ اُ۬لْقُرْءَانِ وَكِتَابٖ مُّبِينٍۖ ﰀ
3155,27,2,19,377,النَّمل,An-Naml,هُدىٗ وَبُشْر۪ىٰ لِلْمُومِنِينَ ﰁ
3156,27,3,19,377,النَّمل,An-Naml,اَ۬لذِينَ يُقِيمُونَ اَ۬لصَّلَوٰةَ وَيُوتُونَ اَ۬لزَّكَوٰةَ وَهُم بِالَاخِرَةِ هُمْ يُوقِنُونَۖ ﰂ
3157,27,4,19,377,النَّمل,An-Naml,إِنَّ اَ۬لذِينَ لَا يُومِنُونَ بِالَاخِرَةِ زَيَّنَّا لَهُمُۥٓ أَعْمَٰلَهُمْ فَهُمْ يَعْمَهُونَۖ ﰃ
3158,27,5,19,377,النَّمل,An-Naml,أُوْلَٰٓئِكَ اَ۬لذِينَ لَهُمْ سُوٓءُ اُ۬لْعَذَابِ وَهُمْ فِے اِ۬لَاخِرَةِ هُمُ اُ۬لَاخْسَرُونَۖ ﰄ
3159,27,6,19,377,النَّمل,An-Naml,۞ وَإِنَّكَ لَتُلَقَّى اَ۬لْقُرْءَانَ مِن لَّدُنْ حَكِيمٍ عَلِيمٍۖ ﰅ
3160,27,7,19,377,النَّمل,An-Naml,اِذْ قَالَ مُوس۪ىٰ لِأَهْلِهِۦٓ إِنِّيَ ءَانَسْتُ نَاراٗ سَـَٔاتِيكُم مِّنْهَا بِخَبَرٍ اَوَ اٰتِيكُم بِشِهَابِ قَبَسٖ لَّعَلَّكُمْ تَصْطَلُونَۖ ﰆ
3161,27,8,19,377,النَّمل,An-Naml,فَلَمَّا جَآءَهَا نُودِيَ أَنۢ بُورِكَ مَن فِے اِ۬لنّ۪ارِ وَمَنْ حَوْلَهَاۖ وَسُبْحَٰنَ اَ۬للَّهِ رَبِّ اِ۬لْعَٰلَمِينَۖ ﰇ
3162,27,9,19,377,النَّمل,An-Naml,يَٰمُوس۪ىٰٓ إِنَّهُۥٓ أَنَا اَ۬للَّهُ اُ۬لْعَزِيزُ اُ۬لْحَكِيمُ ﰈ
3163,27,10,19,377,النَّمل,An-Naml,وَأَلْقِ عَصَاكَۖ فَلَمَّا ر۪ء۪اهَا تَهْتَزُّ كَأَنَّهَا جَآنّٞ وَلّ۪ىٰ مُدْبِراٗ وَلَمْ يُعَقِّبْۖ يَٰمُوس۪ىٰ لَا تَخَفِۖ اِنِّے لَا يَخَافُ لَدَيَّ اَ۬لْمُرْسَلُونَۖ ﰉ
3164,27,11,19,377,النَّمل,An-Naml,إِلَّا مَن ظَلَمَ ثُمَّ بَدَّلَ حُسْناَۢ بَعْدَ سُوٓءٖ فَإِنِّے غَفُورٞ رَّحِيمٞۖ ﰊ
3165,27,12,19,377,النَّمل,An-Naml,وَأَدْخِلْ يَدَكَ فِے جَيْبِكَ تَخْرُجْ بَيْضَآءَ مِنْ غَيْرِ سُوٓءٖۖ فِے تِسْعِ ءَايَٰتٍ اِلَىٰ فِرْعَوْنَ وَقَوْمِهِۦٓۖ إِنَّهُمْ كَانُواْ قَوْماٗ فَٰسِقِينَۖ ﰋ
3166,27,13,19,377,النَّمل,An-Naml,فَلَمَّا جَآءَتْهُمُۥٓ ءَايَٰتُنَا مُبْصِرَةٗ قَالُواْ هَٰذَا سِحْرٞ مُّبِينٞۖ ﰌ
3167,27,14,19,378,النَّمل,An-Naml,وَجَحَدُواْ بِهَا وَاسْتَيْقَنَتْهَآ أَنفُسُهُمْ ظُلْماٗ وَعُلُوّاٗۖ فَانظُرْ كَيْفَ كَانَ عَٰقِبَةُ اُ۬لْمُفْسِدِينَۖ ﰍ
3168,27,15,19,378,النَّمل,An-Naml,وَلَقَدَ اٰتَيْنَا دَاوُۥدَ وَسُلَيْمَٰنَ عِلْماٗ وَقَالَا اَ۬لْحَمْدُ لِلهِ اِ۬لذِے فَضَّلَنَا عَلَىٰ كَثِيرٖ مِّنْ عِبَادِهِ اِ۬لْمُومِنِينَۖ ﰎ
3169,27,16,19,378,النَّمل,An-Naml,وَوَرِثَ سُلَيْمَٰنُ دَاوُۥدَ وَقَالَ يَٰٓأَيُّهَا اَ۬لنَّاسُ عُلِّمْنَا مَنطِقَ اَ۬لطَّيْرِ وَأُوتِينَا مِن كُلِّ شَےْءٍۖ اِنَّ هَٰذَا لَهُوَ اَ۬لْفَضْلُ اُ۬لْمُبِينُۖ ﰏ
3170,27,17,19,378,النَّمل,An-Naml,۞ وَحُشِرَ لِسُلَيْمَٰنَ جُنُودُهُۥ مِنَ اَ۬لْجِنِّ وَالِانسِ وَالطَّيْرِ فَهُمْ يُوزَعُونَۖ ﰐ
3171,27,18,19,378,النَّمل,An-Naml,حَتَّىٰٓ إِذَآ أَتَوْاْ عَلَىٰ وَادِ اِ۬لنَّمْلِ قَالَتْ نَمْلَةٞ يَٰٓأَيُّهَا اَ۬لنَّمْلُ اُ۟دْخُلُواْ مَسَٰكِنَكُمْ لَا يَحْطِمَنَّكُمْ سُلَيْمَٰنُ وَجُنُودُهُۥ وَهُمْ لَا يَشْعُرُونَۖ ﰑ
3172,27,19,19,378,النَّمل,An-Naml,فَتَبَسَّمَ ضَاحِكاٗ مِّن قَوْلِهَا وَقَالَ رَبِّ أَوْزِعْنِيَ أَنَ اَشْكُرَ نِعْمَتَكَ اَ۬لتِےٓ أَنْعَمْتَ عَلَيَّ وَعَلَىٰ وَٰلِدَيَّ وَأَنَ اَعْمَلَ صَٰلِحاٗ تَرْض۪يٰهُ وَأَدْخِلْنِے بِرَحْمَتِكَ فِے عِبَادِكَ اَ۬لصَّٰلِحِينَۖ ﰒ
3173,27,20,19,378,النَّمل,An-Naml,وَتَفَقَّدَ اَ۬لطَّيْرَ فَقَالَ مَالِے لَآ أَرَى اَ۬لْهُدْهُدَ أَمْ كَانَ مِنَ اَ۬لْغَآئِبِينَۖ ﰓ
3174,27,21,19,378,النَّمل,An-Naml,لَأُعَذِّبَنَّهُۥ عَذَاباٗ شَدِيداً اَوْ لَأَاْذْبَحَنَّهُۥٓ أَوْ لَيَاتِيَنِّے بِسُلْطَٰنٖ مُّبِينٖۖ ﰔ
3175,27,22,19,378,النَّمل,An-Naml,فَمَكُثَ غَيْرَ بَعِيدٖۖ فَقَالَ أَحَطْتُّ بِمَا لَمْ تُحِطْ بِهِۦ وَجِئْتُكَ مِن سَبَإِۢ بِنَبَإٖ يَقِينٍۖ ﰕ
3176,27,23,19,379,النَّمل,An-Naml,اِنِّے وَجَدتُّ اُ۪مْرَأَةٗ تَمْلِكُهُمْ وَأُوتِيَتْ مِن كُلِّ شَےْءٖۖ وَلَهَا عَرْشٌ عَظِيمٞۖ ﰖ
3177,27,24,19,379,النَّمل,An-Naml,وَجَدتُّهَا وَقَوْمَهَا يَسْجُدُونَ لِلشَّمْسِ مِن دُونِ اِ۬للَّهِ وَزَيَّنَ لَهُمُ اُ۬لشَّيْطَٰنُ أَعْمَٰلَهُمْ فَصَدَّهُمْ عَنِ اِ۬لسَّبِيلِ فَهُمْ لَا يَهْتَدُونَ ﰗ
3178,27,25,19,379,النَّمل,An-Naml,أَلَّا يَسْجُدُواْ لِلهِ اِ۬لذِے يُخْرِجُ اُ۬لْخَبْءَ فِے اِ۬لسَّمَٰوَٰتِ وَالَارْضِ وَيَعْلَمُ مَا يُخْفُونَ وَمَا يُعْلِنُونَۖ ﰘ
3179,27,26,19,379,النَّمل,An-Naml,اَ۬للَّهُ لَآ إِلَٰهَ إِلَّا هُوَ رَبُّ اُ۬لْعَرْشِ اِ۬لْعَظِيمِۖ۩ ﰙ
3180,27,27,19,379,النَّمل,An-Naml,۞ قَالَ سَنَنظُرُ أَصَدَقْتَ أَمْ كُنتَ مِنَ اَ۬لْكَٰذِبِينَۖ ﰚ
3181,27,28,19,379,النَّمل,An-Naml,اَ۪ذْهَب بِّكِتَٰبِے هَٰذَا فَأَلْقِهِۦٓ إِلَيْهِمْ ثُمَّ تَوَلَّ عَنْهُمْ فَانظُرْ مَاذَا يَرْجِعُونَۖ ﰛ
3182,27,29,19,379,النَّمل,An-Naml,قَالَتْ يَٰٓأَيُّهَا اَ۬لْمَلَؤُاْ اِ۪نِّيَ أُلْقِيَ إِلَيَّ كِتَٰبٞ كَرِيمٌ ﰜ
3183,27,30,19,379,النَّمل,An-Naml,اِنَّهُۥ مِن سُلَيْمَٰنَ وَإِنَّهُۥ بِسْمِ اِ۬للَّهِ اِ۬لرَّحْمَٰنِ اِ۬لرَّحِيمِ ﰝ
3184,27,31,19,379,النَّمل,An-Naml,أَلَّا تَعْلُواْ عَلَيَّ وَاتُونِے مُسْلِمِينَۖ ﰞ
3185,27,32,19,379,النَّمل,An-Naml,قَالَتْ يَٰٓأَيُّهَا اَ۬لْمَلَؤُاْ اَ۬فْتُونِے فِےٓ أَمْرِے مَا كُنتُ قَاطِعَةً اَمْراً حَتَّىٰ تَشْهَدُونِۖ ﰟ
3186,27,33,19,379,النَّمل,An-Naml,قَالُواْ نَحْنُ أُوْلُواْ قُوَّةٖ وَأُوْلُواْ بَأْسٖ شَدِيدٖ ﰠ
3187,27,34,19,379,النَّمل,An-Naml,وَالَامْرُ إِلَيْكِ فَانظُرِے مَاذَا تَامُرِينَۖ ﰡ
3188,27,35,19,379,النَّمل,An-Naml,قَالَتِ اِنَّ اَ۬لْمُلُوكَ إِذَا دَخَلُواْ قَرْيَةً اَفْسَدُوهَا وَجَعَلُوٓاْ أَعِزَّةَ أَهْلِهَآ أَذِلَّةٗۖ وَكَذَٰلِكَ يَفْعَلُونَۖ ﰢ
3189,27,36,19,379,النَّمل,An-Naml,وَإِنِّے مُرْسِلَةٌ اِلَيْهِم بِهَدِيَّةٖ فَنَٰظِرَةُۢ بِمَ يَرْجِعُ اُ۬لْمُرْسَلُونَۖ ﰣ
3190,27,37,19,380,النَّمل,An-Naml,فَلَمَّا جَآءَ سُلَيْمَٰنَ قَالَ أَتُمِدُّونَنِۦ بِمَالٖ فَمَآ ءَات۪يٰنِۦَ اَ۬للَّهُ خَيْرٞ مِّمَّآ ءَات۪يٰكُم بَلَ اَنتُم بِهَدِيَّتِكُمْ تَفْرَحُونَۖ ﰤ
3191,27,38,19,380,النَّمل,An-Naml,اَ۪رْجِعِ اِلَيْهِمْ فَلَنَاتِيَنَّهُم بِجُنُودٖ لَّا قِبَلَ لَهُم بِهَا وَلَنُخْرِجَنَّهُم مِّنْهَآ أَذِلَّةٗ وَهُمْ صَٰغِرُونَۖ ﰥ
3192,27,39,19,380,النَّمل,An-Naml,قَالَ يَٰٓأَيُّهَا اَ۬لْمَلَؤُاْ اَ۬يُّكُمْ يَاتِينِے بِعَرْشِهَا قَبْلَ أَنْ يَّاتُونِے مُسْلِمِينَۖ ﰦ
3193,27,40,19,380,النَّمل,An-Naml,قَالَ عِفْرِيتٞ مِّنَ اَ۬لْجِنِّ أَنَآ ءَاتِيكَ بِهِۦ قَبْلَ أَن تَقُومَ مِن مَّقَامِكَ وَإِنِّے عَلَيْهِ لَقَوِيٌّ اَمِينٞۖ ﰧ
3194,27,41,19,380,النَّمل,An-Naml,قَالَ اَ۬لذِے عِندَهُۥ عِلْمٞ مِّنَ اَ۬لْكِتَٰبِ أَنَآ ءَاتِيكَ بِهِۦ قَبْلَ أَنْ يَّرْتَدَّ إِلَيْكَ طَرْفُكَۖ فَلَمَّا ر۪ء۪اهُ مُسْتَقِرّاً عِندَهُۥ قَالَ هَٰذَا مِن فَضْلِ رَبِّے لِيَبْلُوَنِيَ ءَآشْكُرُ أَمَ اَكْفُرُۖ وَمَن شَكَرَ فَإِنَّمَا يَشْكُرُ لِنَفْسِهِۦۖ وَمَن كَفَرَ فَإِنَّ رَبِّے غَنِيّٞ كَرِيمٞۖ ﰨ
3195,27,42,19,380,النَّمل,An-Naml,۞ قَالَ نَكِّرُواْ لَهَا عَرْشَهَا نَنظُرَ اَتَهْتَدِےٓ أَمْ تَكُونُ مِنَ اَ۬لذِينَ لَا يَهْتَدُونَۖ ﰩ
3196,27,43,19,380,النَّمل,An-Naml,فَلَمَّا جَآءَتْ قِيلَ أَهَٰكَذَا عَرْشُكِ قَالَتْ كَأَنَّهُۥ هُوَۖ وَأُوتِينَا اَ۬لْعِلْمَ مِن قَبْلِهَا وَكُنَّا مُسْلِمِينَۖ ﰪ
3197,27,44,19,380,النَّمل,An-Naml,وَصَدَّهَا مَا كَانَت تَّعْبُدُ مِن دُونِ اِ۬للَّهِۖ إِنَّهَا كَانَتْ مِن قَوْمٖ كٰ۪فِرِينَۖ ﰫ
3198,27,45,19,380,النَّمل,An-Naml,قِيلَ لَهَا اَ۟دْخُلِے اِ۬لصَّرْحَۖ فَلَمَّا رَأَتْهُ حَسِبَتْهُ لُجَّةٗ وَكَشَفَتْ عَن سَاقَيْهَاۖ قَالَ إِنَّهُۥ صَرْحٞ مُّمَرَّدٞ مِّن قَوَارِيرَۖ ﰬ
3199,27,46,19,380,النَّمل,An-Naml,قَالَتْ رَبِّ إِنِّے ظَلَمْتُ نَفْسِے وَأَسْلَمْتُ مَعَ سُلَيْمَٰنَ لِلهِ رَبِّ اِ۬لْعَٰلَمِينَۖ ﰭ
3200,27,47,19,381,النَّمل,An-Naml,وَلَقَدَ اَرْسَلْنَآ إِلَىٰ ثَمُودَ أَخَاهُمْ صَٰلِحاً اَنُ اُ۟عْبُدُواْ اُ۬للَّهَ فَإِذَا هُمْ فَرِيقَٰنِ يَخْتَصِمُونَۖ ﰮ
3201,27,48,19,381,النَّمل,An-Naml,قَالَ يَٰقَوْمِ لِمَ تَسْتَعْجِلُونَ بِالسَّيِّئَةِ قَبْلَ اَ۬لْحَسَنَةِ لَوْلَا تَسْتَغْفِرُونَ اَ۬للَّهَ لَعَلَّكُمْ تُرْحَمُونَۖ ﰯ
3202,27,49,19,381,النَّمل,An-Naml,قَالُواْ اُ۪طَّيَّرْنَا بِكَ وَبِمَن مَّعَكَۖ قَالَ طَٰٓئِرُكُمْ عِندَ اَ۬للَّهِۖ بَلَ اَنتُمْ قَوْمٞ تُفْتَنُونَۖ ﰰ
3203,27,50,19,381,النَّمل,An-Naml,وَكَانَ فِے اِ۬لْمَدِينَةِ تِسْعَةُ رَهْطٖ يُفْسِدُونَ فِے اِ۬لَارْضِ وَلَا يُصْلِحُونَۖ ﰱ
3204,27,51,19,381,النَّمل,An-Naml,قَالُواْ تَقَاسَمُواْ بِاللَّهِ لَنُبَيِّتَنَّهُۥ وَأَهْلَهُۥ ثُمَّ لَنَقُولَنَّ لِوَلِيِّهِۦ مَا شَهِدْنَا مُهْلَكَ أَهْلِهِۦ وَإِنَّا لَصَٰدِقُونَۖ ﰲ
3205,27,52,19,381,النَّمل,An-Naml,وَمَكَرُواْ مَكْراٗ وَمَكَرْنَا مَكْراٗ وَهُمْ لَا يَشْعُرُونَۖ ﰳ
3206,27,53,19,381,النَّمل,An-Naml,فَانظُرْ كَيْفَ كَانَ عَٰقِبَةُ مَكْرِهِمُۥٓۖ إِنَّا دَمَّرْنَٰهُمْ وَقَوْمَهُمُۥٓ أَجْمَعِينَۖ ﰴ
3207,27,54,19,381,النَّمل,An-Naml,فَتِلْكَ بُيُوتُهُمْ خَاوِيَةَۢ بِمَا ظَلَمُوٓاْۖ إِنَّ فِے ذَٰلِكَ لَأٓيَةٗ لِّقَوْمٖ يَعْلَمُونَۖ ﰵ
3208,27,55,19,381,النَّمل,An-Naml,وَأَنجَيْنَا اَ۬لذِينَ ءَامَنُواْ وَكَانُواْ يَتَّقُونَۖ ﰶ
3209,27,56,19,381,النَّمل,An-Naml,وَلُوطاً اِذْ قَالَ لِقَوْمِهِۦٓ أَتَاتُونَ اَ۬لْفَٰحِشَةَ وَأَنتُمْ تُبْصِرُونَۖ ﰷ
3210,27,57,19,381,النَّمل,An-Naml,أَئِنَّكُمْ لَتَاتُونَ اَ۬لرِّجَالَ شَهْوَةٗ مِّن دُونِ اِ۬لنِّسَآءِۖ بَلَ اَنتُمْ قَوْمٞ تَجْهَلُونَۖ ﰸ
3211,27,58,20,382,النَّمل,An-Naml,۞ فَمَا كَانَ جَوَابَ قَوْمِهِۦٓ إِلَّآ أَن قَالُوٓاْ أَخْرِجُوٓاْ ءَالَ لُوطٖ مِّن قَرْيَتِكُمُۥٓۖ إِنَّهُمُۥٓ أُنَاسٞ يَتَطَهَّرُونَۖ ﰹ
3212,27,59,20,382,النَّمل,An-Naml,فَأَنجَيْنَٰهُ وَأَهْلَهُۥٓ إِلَّا اَ۪مْرَأَتَهُۥ قَدَّرْنَٰهَا مِنَ اَ۬لْغَٰبِرِينَۖ ﰺ
3213,27,60,20,382,النَّمل,An-Naml,وَأَمْطَرْنَا عَلَيْهِم مَّطَراٗۖ فَسَآءَ مَطَرُ اُ۬لْمُنذَرِينَۖ ﰻ
3214,27,61,20,382,النَّمل,An-Naml,قُلِ اِ۬لْحَمْدُ لِلهِ وَسَلَٰمٌ عَلَىٰ عِبَادِهِ اِ۬لذِينَ اَ۪صْطَف۪ىٰٓۖ ءَآللَّهُ خَيْرٌ اَمَّا تُشْرِكُونَۖ ﰼ
3215,27,62,20,382,النَّمل,An-Naml,أَمَّنْ خَلَقَ اَ۬لسَّمَٰوَٰتِ وَالَارْضَ وَأَنزَلَ لَكُم مِّنَ اَ۬لسَّمَآءِ مَآءٗ فَأَنۢبَتْنَا بِهِۦ حَدَآئِقَ ذَاتَ بَهْجَةٖۖ مَّا كَانَ لَكُمُۥٓ أَن تُنۢبِتُواْ شَجَرَهَآۖ أَ۟لَٰهٞ مَّعَ اَ۬للَّهِۖ بَلْ هُمْ قَوْمٞ يَعْدِلُونَۖ ﰽ
3216,27,63,20,382,النَّمل,An-Naml,أَمَّن جَعَلَ اَ۬لَارْضَ قَرَاراٗ وَجَعَلَ خِلَٰلَهَآ أَنْهَٰراٗ وَجَعَلَ لَهَا رَوَٰسِيَ وَجَعَلَ بَيْنَ اَ۬لْبَحْرَيْنِ حَاجِزاًۖ اَ۟لَٰهٞ مَّعَ اَ۬للَّهِۖ بَلَ اَكْثَرُهُمْ لَا يَعْلَمُونَۖ ﰾ
3217,27,64,20,382,النَّمل,An-Naml,أَمَّنْ يُّجِيبُ اُ۬لْمُضْطَرَّ إِذَا دَعَاهُ وَيَكْشِفُ اُ۬لسُّوٓءَ وَيَجْعَلُكُمْ خُلَفَآءَ اَ۬لَارْضِۖ أَ۟لَٰهٞ مَّعَ اَ۬للَّهِۖ قَلِيلاٗ مَّا تَذَّكَّرُونَۖ ﰿ
3218,27,65,20,382,النَّمل,An-Naml,أَمَّنْ يَّهْدِيكُمْ فِے ظُلُمَٰتِ اِ۬لْبَرِّ وَالْبَحْرِ وَمَنْ يُّرْسِلُ اُ۬لرِّيَٰحَ نُشُراَۢ بَيْنَ يَدَےْ رَحْمَتِهِۦٓۖ أَ۟لَٰهٞ مَّعَ اَ۬للَّهِۖ تَعَٰلَى اَ۬للَّهُ عَمَّا يُشْرِكُونَۖ ﱀ
3219,27,66,20,383,النَّمل,An-Naml,أَمَّنْ يَّبْدَؤُاْ اُ۬لْخَلْقَ ثُمَّ يُعِيدُهُۥ وَمَنْ يَّرْزُقُكُم مِّنَ اَ۬لسَّمَآءِ وَالَارْضِۖ أَ۟لَٰهٞ مَّعَ اَ۬للَّهِۖ قُلْ هَاتُواْ بُرْهَٰنَكُمُۥٓ إِن كُنتُمْ صَٰدِقِينَۖ ﱁ
3220,27,67,20,383,النَّمل,An-Naml,قُل لَّا يَعْلَمُ مَن فِے اِ۬لسَّمَٰوَٰتِ وَالَارْضِ اِ۬لْغَيْبَ إِلَّا اَ۬للَّهُۖ وَمَا يَشْعُرُونَ أَيَّانَ يُبْعَثُونَۖ ﱂ
3221,27,68,20,383,النَّمل,An-Naml,۞ بَلِ اِ۪دَّٰرَكَ عِلْمُهُمْ فِے اِ۬لَاخِرَةِۖ بَلْ هُمْ فِے شَكّٖ مِّنْهَا بَلْ هُم مِّنْهَا عَمُونَۖ ﱃ
3222,27,69,20,383,النَّمل,An-Naml,وَقَالَ اَ۬لذِينَ كَفَرُوٓاْ إِذَا كُنَّا تُرَٰباٗ وَءَابَآؤُنَآ أَئِنَّا لَمُخْرَجُونَۖ ﱄ
3223,27,70,20,383,النَّمل,An-Naml,لَقَدْ وُعِدْنَا هَٰذَا نَحْنُ وَءَابَآؤُنَا مِن قَبْلُۖ إِنْ هَٰذَآ إِلَّآ أَسَٰطِيرُ اُ۬لَاوَّلِينَۖ ﱅ
3224,27,71,20,383,النَّمل,An-Naml,قُلْ سِيرُواْ فِے اِ۬لَارْضِ فَانظُرُواْ كَيْفَ كَانَ عَٰقِبَةُ اُ۬لْمُجْرِمِينَۖ ﱆ
3225,27,72,20,383,النَّمل,An-Naml,وَلَا تَحْزَنْ عَلَيْهِمْ وَلَا تَكُن فِے ضَيْقٖ مِّمَّا يَمْكُرُونَۖ ﱇ
3226,27,73,20,383,النَّمل,An-Naml,وَيَقُولُونَ مَت۪ىٰ هَٰذَا اَ۬لْوَعْدُ إِن كُنتُمْ صَٰدِقِينَۖ ﱈ
3227,27,74,20,383,النَّمل,An-Naml,قُلْ عَس۪ىٰٓ أَنْ يَّكُونَ رَدِفَ لَكُم بَعْضُ اُ۬لذِے تَسْتَعْجِلُونَۖ ﱉ
3228,27,75,20,383,النَّمل,An-Naml,وَإِنَّ رَبَّكَ لَذُو فَضْلٍ عَلَى اَ۬لنَّاسِۖ وَلَٰكِنَّ أَكْثَرَهُمْ لَا يَشْكُرُونَۖ ﱊ
3229,27,76,20,383,النَّمل,An-Naml,وَإِنَّ رَبَّكَ لَيَعْلَمُ مَا تُكِنُّ صُدُورُهُمْ وَمَا يُعْلِنُونَۖ ﱋ
3230,27,77,20,383,النَّمل,An-Naml,وَمَا مِنْ غَآئِبَةٖ فِے اِ۬لسَّمَآءِ وَالَارْضِ إِلَّا فِے كِتَٰبٖ مُّبِينٍۖ ﱌ
3231,27,78,20,383,النَّمل,An-Naml,اِنَّ هَٰذَا اَ۬لْقُرْءَانَ يَقُصُّ عَلَىٰ بَنِےٓ إِسْرَآءِيلَ أَكْثَرَ اَ۬لذِے هُمْ فِيهِ يَخْتَلِفُونَۖ ﱍ
3232,27,79,20,384,النَّمل,An-Naml,وَإِنَّهُۥ لَهُدىٗ وَرَحْمَةٞ لِّلْمُومِنِينَۖ ﱎ
3233,27,80,20,384,النَّمل,An-Naml,إِنَّ رَبَّكَ يَقْضِے بَيْنَهُم بِحُكْمِهِۦۖ وَهُوَ اَ۬لْعَزِيزُ اُ۬لْعَلِيمُۖ ﱏ
3234,27,81,20,384,النَّمل,An-Naml,فَتَوَكَّلْ عَلَى اَ۬للَّهِۖ إِنَّكَ عَلَى اَ۬لْحَقِّ اِ۬لْمُبِينِۖ ﱐ
3235,27,82,20,384,النَّمل,An-Naml,إِنَّكَ لَا تُسْمِعُ اُ۬لْمَوْت۪ىٰ وَلَا تُسْمِعُ اُ۬لصُّمَّ اَ۬لدُّعَآءَ ا۪ذَا وَلَّوْاْ مُدْبِرِينَۖ ﱑ
3236,27,83,20,384,النَّمل,An-Naml,وَمَآ أَنتَ بِهَٰدِے اِ۬لْعُمْيِ عَن ضَلَٰلَتِهِمُۥٓۖ إِن تُسْمِعُ إِلَّا مَنْ يُّومِنُ بِـَٔايَٰتِنَا فَهُم مُّسْلِمُونَۖ ﱒ
3237,27,84,20,384,النَّمل,An-Naml,۞ وَإِذَا وَقَعَ اَ۬لْقَوْلُ عَلَيْهِمُۥٓ أَخْرَجْنَا لَهُمْ دَآبَّةٗ مِّنَ اَ۬لَارْضِ تُكَلِّمُهُمُۥٓۖ إِنَّ اَ۬لنَّاسَ كَانُواْ بِـَٔايَٰتِنَا لَا يُوقِنُونَۖ ﱓ
3238,27,85,20,384,النَّمل,An-Naml,وَيَوْمَ نَحْشُرُ مِن كُلِّ أُمَّةٖ فَوْجاٗ مِّمَّنْ يُّكَذِّبُ بِـَٔايَٰتِنَا فَهُمْ يُوزَعُونَۖ ﱔ
3239,27,86,20,384,النَّمل,An-Naml,حَتَّىٰٓ إِذَا جَآءُو قَالَ أَكَذَّبْتُم بِـَٔايَٰتِے وَلَمْ تُحِيطُواْ بِهَا عِلْماًۖ اَمَّاذَا كُنتُمْ تَعْمَلُونَۖ ﱕ
3240,27,87,20,384,النَّمل,An-Naml,وَوَقَعَ اَ۬لْقَوْلُ عَلَيْهِم بِمَا ظَلَمُواْ فَهُمْ لَا يَنطِقُونَۖ ﱖ
3241,27,88,20,384,النَّمل,An-Naml,أَلَمْ يَرَوَاْ اَنَّا جَعَلْنَا اَ۬ليْلَ لِيَسْكُنُواْ فِيهِ وَالنَّهَارَ مُبْصِراًۖ اِنَّ فِے ذَٰلِكَ لَأٓيَٰتٖ لِّقَوْمٖ يُومِنُونَۖ ﱗ
3242,27,89,20,384,النَّمل,An-Naml,وَيَوْمَ يُنفَخُ فِے اِ۬لصُّورِ فَفَزِعَ مَن فِے اِ۬لسَّمَٰوَٰتِ وَمَن فِے اِ۬لَارْضِ إِلَّا مَن شَآءَ اَ۬للَّهُۖ وَكُلٌّ اٰتُوهُ دَٰخِرِينَۖ ﱘ
3243,27,90,20,384,النَّمل,An-Naml,وَتَرَى اَ۬لْجِبَالَ تَحْسِبُهَا جَامِدَةٗ وَهِيَ تَمُرُّ مَرَّ اَ۬لسَّحَابِۖ صُنْعَ اَ۬للَّهِ اِ۬لذِےٓ أَتْقَنَ كُلَّ شَےْءٍۖ اِنَّهُۥ خَبِيرُۢ بِمَا تَفْعَلُونَۖ ﱙ
3244,27,91,20,385,النَّمل,An-Naml,مَن جَآءَ بِالْحَسَنَةِ فَلَهُۥ خَيْرٞ مِّنْهَا وَهُم مِّن فَزَعِ يَوْمَئِذٍ اٰمِنُونَۖ ﱚ
3245,27,92,20,385,النَّمل,An-Naml,وَمَن جَآءَ بِالسَّيِّئَةِ فَكُبَّتْ وُجُوهُهُمْ فِے اِ۬لنّ۪ارِۖ هَلْ تُجْزَوْنَ إِلَّا مَا كُنتُمْ تَعْمَلُونَۖ ﱛ
3246,27,93,20,385,النَّمل,An-Naml,إِنَّمَآ أُمِرْتُ أَنَ اَعْبُدَ رَبَّ هَٰذِهِ اِ۬لْبَلْدَةِ اِ۬لذِے حَرَّمَهَا وَلَهُۥ كُلُّ شَےْءٖۖ وَأُمِرْتُ أَنَ اَكُونَ مِنَ اَ۬لْمُسْلِمِينَ ﱜ
3247,27,94,20,385,النَّمل,An-Naml,وَأَنَ اَتْلُوَاْ اَ۬لْقُرْءَانَۖ فَمَنِ اِ۪هْتَد۪ىٰ فَإِنَّمَا يَهْتَدِے لِنَفْسِهِۦۖ وَمَن ضَلَّ فَقُلِ اِنَّمَآ أَنَا مِنَ اَ۬لْمُنذِرِينَۖ ﱝ
3248,27,95,20,385,النَّمل,An-Naml,وَقُلِ اِ۬لْحَمْدُ لِلهِ سَيُرِيكُمُۥٓ ءَايَٰتِهِۦ فَتَعْرِفُونَهَاۖ وَمَا رَبُّكَ بِغَٰفِلٍ عَمَّا تَعْمَلُونَۖ ﱞ
3249,28,1,20,385,القَصَص,Al-Qaṣaṣ,طَسِٓمِّٓۖ تِلْكَ ءَايَٰتُ اُ۬لْكِتَٰبِ اِ۬لْمُبِينِۖ ﰀ
3250,28,2,20,385,القَصَص,Al-Qaṣaṣ,نَتْلُواْ عَلَيْكَ مِن نَّبَإِ مُوس۪ىٰ وَفِرْعَوْنَ بِالْحَقِّ لِقَوْمٖ يُومِنُونَۖ ﰁ
3251,28,3,20,385,القَصَص,Al-Qaṣaṣ,إِنَّ فِرْعَوْنَ عَلَا فِے اِ۬لَارْضِ وَجَعَلَ أَهْلَهَا شِيَعاٗ يَسْتَضْعِفُ طَآئِفَةٗ مِّنْهُمْ يُذَبِّحُ أَبْنَآءَهُمْ وَيَسْتَحْيِۦ نِسَآءَهُمُۥٓۖ إِنَّهُۥ كَانَ مِنَ اَ۬لْمُفْسِدِينَۖ ﰂ
3252,28,4,20,385,القَصَص,Al-Qaṣaṣ,وَنُرِيدُ أَن نَّمُنَّ عَلَى اَ۬لذِينَ اَ۟سْتُضْعِفُواْ فِے اِ۬لَارْضِ وَنَجْعَلَهُمُۥٓ أَئِمَّةٗ وَنَجْعَلَهُمُ اُ۬لْوَٰرِثِينَ ﰃ
3253,28,5,20,386,القَصَص,Al-Qaṣaṣ,وَنُمَكِّنَ لَهُمْ فِے اِ۬لَارْضِ وَنُرِيَ فِرْعَوْنَ وَهَامَٰنَ وَجُنُودَهُمَا مِنْهُم مَّا كَانُواْ يَحْذَرُونَۖ ﰄ
3254,28,6,20,386,القَصَص,Al-Qaṣaṣ,وَأَوْحَيْنَآ إِلَىٰٓ أُمِّ مُوس۪ىٰٓ أَنَ اَرْضِعِيهِ فَإِذَا خِفْتِ عَلَيْهِ فَأَلْقِيهِ فِے اِ۬لْيَمِّ وَلَا تَخَافِے وَلَا تَحْزَنِےٓۖ إِنَّا رَآدُّوهُ إِلَيْكِ وَجَاعِلُوهُ مِنَ اَ۬لْمُرْسَلِينَۖ ﰅ
3255,28,7,20,386,القَصَص,Al-Qaṣaṣ,فَالْتَقَطَهُۥٓ ءَالُ فِرْعَوْنَ لِيَكُونَ لَهُمْ عَدُوّاٗ وَحَزَناًۖ اِنَّ فِرْعَوْنَ وَهَامَٰنَ وَجُنُودَهُمَا كَانُواْ خَٰطِـِٕينَۖ ﰆ
3256,28,8,20,386,القَصَص,Al-Qaṣaṣ,وَقَالَتِ اِ۪مْرَأَتُ فِرْعَوْنَ قُرَّتُ عَيْنٖ لِّے وَلَكَ لَا تَقْتُلُوهُۖ عَس۪ىٰٓ أَنْ يَّنفَعَنَآ أَوْ نَتَّخِذَهُۥ وَلَداٗ وَهُمْ لَا يَشْعُرُونَۖ ﰇ
3257,28,9,20,386,القَصَص,Al-Qaṣaṣ,وَأَصْبَحَ فُؤَادُ أُمِّ مُوس۪ىٰ فَٰرِغاً اِن كَٰدَتْ لَتُبْدِے بِهِۦ لَوْلَآ أَن رَّبَطْنَا عَلَىٰ قَلْبِهَا لِتَكُونَ مِنَ اَ۬لْمُومِنِينَۖ ﰈ
3258,28,10,20,386,القَصَص,Al-Qaṣaṣ,وَقَالَتْ لِأُخْتِهِۦ قُصِّيهِ فَبَصُرَتْ بِهِۦ عَن جُنُبٖ وَهُمْ لَا يَشْعُرُونَۖ ﰉ
3259,28,11,20,386,القَصَص,Al-Qaṣaṣ,۞ وَحَرَّمْنَا عَلَيْهِ اِ۬لْمَرَاضِعَ مِن قَبْلُ فَقَالَتْ هَلَ اَدُلُّكُمْ عَلَىٰٓ أَهْلِ بَيْتٖ يَكْفُلُونَهُۥ لَكُمْ وَهُمْ لَهُۥ نَٰصِحُونَۖ ﰊ
3260,28,12,20,386,القَصَص,Al-Qaṣaṣ,فَرَدَدْنَٰهُ إِلَىٰٓ أُمِّهِۦ كَےْ تَقَرَّ عَيْنُهَا وَلَا تَحْزَنَ وَلِتَعْلَمَ أَنَّ وَعْدَ اَ۬للَّهِ حَقّٞۖ وَلَٰكِنَّ أَكْثَرَهُمْ لَا يَعْلَمُونَۖ ﰋ
3261,28,13,20,387,القَصَص,Al-Qaṣaṣ,وَلَمَّا بَلَغَ أَشُدَّهُۥ وَاسْتَو۪ىٰٓ ءَاتَيْنَٰهُ حُكْماٗ وَعِلْماٗۖ وَكَذَٰلِكَ نَجْزِے اِ۬لْمُحْسِنِينَۖ ﰌ
3262,28,14,20,387,القَصَص,Al-Qaṣaṣ,وَدَخَلَ اَ۬لْمَدِينَةَ عَلَىٰ حِينِ غَفْلَةٖ مِّنَ اَهْلِهَا فَوَجَدَ فِيهَا رَجُلَيْنِ يَقْتَتِلَٰنِ هَٰذَا مِن شِيعَتِهِۦ وَهَٰذَا مِنْ عَدُوِّهِۦۖ فَاسْتَغَٰثَهُ اُ۬لذِے مِن شِيعَتِهِۦ عَلَى اَ۬لذِے مِنْ عَدُوِّهِۦ فَوَكَزَهُۥ مُوس۪ىٰ فَقَض۪ىٰ عَلَيْهِۖ قَالَ هَٰذَا مِنْ عَمَلِ اِ۬لشَّيْطَٰنِۖ إِنَّهُۥ عَدُوّٞ مُّضِلّٞ مُّبِينٞۖ ﰍ
3263,28,15,20,387,القَصَص,Al-Qaṣaṣ,قَالَ رَبِّ إِنِّے ظَلَمْتُ نَفْسِے فَاغْفِرْ لِےۖ فَغَفَرَ لَهُۥٓۖ إِنَّهُۥ هُوَ اَ۬لْغَفُورُ اُ۬لرَّحِيمُۖ ﰎ
3264,28,16,20,387,القَصَص,Al-Qaṣaṣ,قَالَ رَبِّ بِمَآ أَنْعَمْتَ عَلَيَّ فَلَنَ اَكُونَ ظَهِيراٗ لِّلْمُجْرِمِينَۖ ﰏ
3265,28,17,20,387,القَصَص,Al-Qaṣaṣ,فَأَصْبَحَ فِے اِ۬لْمَدِينَةِ خَآئِفاٗ يَتَرَقَّبُ فَإِذَا اَ۬لذِے اِ۪سْتَنصَرَهُۥ بِالَامْسِ يَسْتَصْرِخُهُۥۖ قَالَ لَهُۥ مُوس۪ىٰٓ إِنَّكَ لَغَوِيّٞ مُّبِينٞۖ ﰐ
3266,28,18,20,387,القَصَص,Al-Qaṣaṣ,فَلَمَّآ أَنَ اَرَادَ أَنْ يَّبْطِشَ بِالذِے هُوَ عَدُوّٞ لَّهُمَا قَالَ يَٰمُوس۪ىٰٓ أَتُرِيدُ أَن تَقْتُلَنِے كَمَا قَتَلْتَ نَفْساَۢ بِالَامْسِۖ إِن تُرِيدُ إِلَّآ أَن تَكُونَ جَبَّاراٗ فِے اِ۬لَارْضِ وَمَا تُرِيدُ أَن تَكُونَ مِنَ اَ۬لْمُصْلِحِينَۖ ﰑ
3267,28,19,20,387,القَصَص,Al-Qaṣaṣ,وَجَآءَ رَجُلٞ مِّنَ اَقْصَا اَ۬لْمَدِينَةِ يَسْع۪ىٰۖ قَالَ يَٰمُوس۪ىٰٓ إِنَّ اَ۬لْمَلَأَ يَاتَمِرُونَ بِكَ لِيَقْتُلُوكَ فَاخْرُجِ اِنِّے لَكَ مِنَ اَ۬لنَّٰصِحِينَۖ ﰒ
3268,28,20,20,387,القَصَص,Al-Qaṣaṣ,فَخَرَجَ مِنْهَا خَآئِفاٗ يَتَرَقَّبُۖ قَالَ رَبِّ نَجِّنِے مِنَ اَ۬لْقَوْمِ اِ۬لظَّٰلِمِينَۖ ﰓ
3269,28,21,20,388,القَصَص,Al-Qaṣaṣ,۞ وَلَمَّا تَوَجَّهَ تِلْقَآءَ مَدْيَنَ قَالَ عَس۪ىٰ رَبِّيَ أَنْ يَّهْدِيَنِے سَوَآءَ اَ۬لسَّبِيلِۖ ﰔ
3270,28,22,20,388,القَصَص,Al-Qaṣaṣ,وَلَمَّا وَرَدَ مَآءَ مَدْيَنَ وَجَدَ عَلَيْهِ أُمَّةٗ مِّنَ اَ۬لنَّاسِ يَسْقُونَ ﰕ
3271,28,23,20,388,القَصَص,Al-Qaṣaṣ,وَوَجَدَ مِن دُونِهِمُ اُ۪مْرَأَتَيْنِ تَذُودَٰنِۖ قَالَ مَا خَطْبُكُمَاۖ قَالَتَا لَا نَسْقِے حَتَّىٰ يُصْدِرَ اَ۬لرِّعَآءُ وَأَبُونَا شَيْخٞ كَبِيرٞۖ ﰖ
3272,28,24,20,388,القَصَص,Al-Qaṣaṣ,فَسَق۪ىٰ لَهُمَا ثُمَّ تَوَلّ۪ىٰٓ إِلَى اَ۬لظِّلِّ فَقَالَ رَبِّ إِنِّے لِمَآ أَنزَلْتَ إِلَيَّ مِنْ خَيْرٖ فَقِيرٞۖ ﰗ
3273,28,25,20,388,القَصَص,Al-Qaṣaṣ,فَجَآءَتْهُ إِحْد۪يٰهُمَا تَمْشِے عَلَى اَ۪سْتِحْيَآءٖۖ قَالَتِ اِنَّ أَبِے يَدْعُوكَ لِيَجْزِيَكَ أَجْرَ مَا سَقَيْتَ لَنَاۖ فَلَمَّا جَآءَهُۥ وَقَصَّ عَلَيْهِ اِ۬لْقَصَصَ قَالَ لَا تَخَفْ نَجَوْتَ مِنَ اَ۬لْقَوْمِ اِ۬لظَّٰلِمِينَۖ ﰘ
3274,28,26,20,388,القَصَص,Al-Qaṣaṣ,قَالَتِ اِحْد۪يٰهُمَا يَٰٓأَبَتِ اِ۪سْتَٰجِرْهُۖ إِنَّ خَيْرَ مَنِ اِ۪سْتَٰجَرْتَ اَ۬لْقَوِيُّ اُ۬لَامِينُۖ ﰙ
3275,28,27,20,388,القَصَص,Al-Qaṣaṣ,قَالَ إِنِّيَ أُرِيدُ أَنُ ا۟نكِحَكَ إِحْدَى اَ۪بْنَتَيَّ هَٰتَيْنِ عَلَىٰٓ أَن تَاجُرَنِے ثَمَٰنِيَ حِجَجٖۖ فَإِنَ اَتْمَمْتَ عَشْراٗ فَمِنْ عِندِكَۖ وَمَآ أُرِيدُ أَنَ اَشُقَّ عَلَيْكَۖ سَتَجِدُنِيَ إِن شَآءَ اَ۬للَّهُ مِنَ اَ۬لصَّٰلِحِينَۖ ﰚ
3276,28,28,20,388,القَصَص,Al-Qaṣaṣ,قَالَ ذَٰلِكَ بَيْنِے وَبَيْنَكَۖ أَيَّمَا اَ۬لَاجَلَيْنِ قَضَيْتُ فَلَا عُدْوَٰنَ عَلَيَّۖ وَاللَّهُ عَلَىٰ مَا نَقُولُ وَكِيلٞۖ ﰛ
3277,28,29,20,389,القَصَص,Al-Qaṣaṣ,۞ فَلَمَّا قَض۪ىٰ مُوسَى اَ۬لَاجَلَ وَسَارَ بِأَهْلِهِۦٓ ءَانَسَ مِن جَانِبِ اِ۬لطُّورِ نَاراٗۖ قَالَ لِأَهْلِهِ اِ۟مْكُثُوٓاْ إِنِّيَ ءَانَسْتُ نَاراٗ لَّعَلِّيَ ءَاتِيكُم مِّنْهَا بِخَبَرٍ اَوْ جِذْوَةٖ مِّنَ اَ۬لنّ۪ارِ لَعَلَّكُمْ تَصْطَلُونَۖ ﰜ
3278,28,30,20,389,القَصَص,Al-Qaṣaṣ,فَلَمَّآ أَت۪يٰهَا نُودِيَ مِن شَٰطِےِٕ اِ۬لْوَادِ اِ۬لَايْمَنِ فِے اِ۬لْبُقْعَةِ اِ۬لْمُبَٰرَكَةِ مِنَ اَ۬لشَّجَرَةِ أَنْ يَّٰمُوس۪ىٰٓ إِنِّيَ أَنَا اَ۬للَّهُ رَبُّ اُ۬لْعَٰلَمِينَ ﰝ
3279,28,31,20,389,القَصَص,Al-Qaṣaṣ,وَأَنَ اَلْقِ عَصَاكَۖ فَلَمَّا ر۪ء۪اهَا تَهْتَزُّ كَأَنَّهَا جَآنّٞ وَلّ۪ىٰ مُدْبِراٗ وَلَمْ يُعَقِّبْۖ يَٰمُوس۪ىٰٓ أَقْبِلْ وَلَا تَخَفِۖ اِنَّكَ مِنَ اَ۬لَامِنِينَۖ ﰞ
3280,28,32,20,389,القَصَص,Al-Qaṣaṣ,اَ۟سْلُكْ يَدَكَ فِے جَيْبِكَ تَخْرُجْ بَيْضَآءَ مِنْ غَيْرِ سُوٓءٖۖ وَاضْمُمِ اِلَيْكَ جَنَاحَكَ مِنَ اَ۬لرَّهَبِۖ فَذَٰنِكَ بُرْهَٰنَٰنِ مِن رَّبِّكَ إِلَىٰ فِرْعَوْنَ وَمَلَإِيْهِۦٓۖ إِنَّهُمْ كَانُواْ قَوْماٗ فَٰسِقِينَۖ ﰟ
3281,28,33,20,389,القَصَص,Al-Qaṣaṣ,قَالَ رَبِّ إِنِّے قَتَلْتُ مِنْهُمْ نَفْساٗ فَأَخَافُ أَنْ يَّقْتُلُونِ ﰠ
3282,28,34,20,389,القَصَص,Al-Qaṣaṣ,وَأَخِے هَٰرُونُ هُوَ أَفْصَحُ مِنِّے لِسَاناٗ فَأَرْسِلْهُ مَعِے رِداٗ يُصَدِّقْنِےٓۖ إِنِّيَ أَخَافُ أَنْ يُّكَذِّبُونِۦۖ ﰡ
3283,28,35,20,389,القَصَص,Al-Qaṣaṣ,قَالَ سَنَشُدُّ عَضُدَكَ بِأَخِيكَ وَنَجْعَلُ لَكُمَا سُلْطَٰناٗ فَلَا يَصِلُونَ إِلَيْكُمَا بِـَٔايَٰتِنَآۖ أَنتُمَا وَمَنِ اِ۪تَّبَعَكُمَا اَ۬لْغَٰلِبُونَۖ ﰢ
3284,28,36,20,390,القَصَص,Al-Qaṣaṣ,فَلَمَّا جَآءَهُم مُّوس۪ىٰ بِـَٔايَٰتِنَا بَيِّنَٰتٖ قَالُواْ مَا هَٰذَآ إِلَّا سِحْرٞ مُّفْتَرىٗ وَمَا سَمِعْنَا بِهَٰذَا فِےٓ ءَابَآئِنَا اَ۬لَاوَّلِينَۖ ﰣ
3285,28,37,20,390,القَصَص,Al-Qaṣaṣ,وَقَالَ مُوس۪ىٰ رَبِّيَ أَعْلَمُ بِمَن جَآءَ بِالْهُد۪ىٰ مِنْ عِندِهِۦ وَمَن تَكُونُ لَهُۥ عَٰقِبَةُ اُ۬لدّ۪ارِۖ إِنَّهُۥ لَا يُفْلِحُ اُ۬لظَّٰلِمُونَۖ ﰤ
3286,28,38,20,390,القَصَص,Al-Qaṣaṣ,وَقَالَ فِرْعَوْنُ يَٰٓأَيُّهَا اَ۬لْمَلَأُ مَا عَلِمْتُ لَكُم مِّنِ اِلَٰهٍ غَيْرِے فَأَوْقِدْ لِے يَٰهَامَٰنُ عَلَى اَ۬لطِّينِ فَاجْعَل لِّے صَرْحاٗ لَّعَلِّيَ أَطَّلِعُ إِلَىٰٓ إِلَٰهِ مُوس۪ىٰ وَإِنِّے لَأَظُنُّهُۥ مِنَ اَ۬لْكَٰذِبِينَۖ ﰥ
3287,28,39,20,390,القَصَص,Al-Qaṣaṣ,۞ وَاسْتَكْبَرَ هُوَ وَجُنُودُهُۥ فِے اِ۬لَارْضِ بِغَيْرِ اِ۬لْحَقِّ وَظَنُّوٓاْ أَنَّهُمُۥٓ إِلَيْنَا لَا يَرْجِعُونَۖ ﰦ
3288,28,40,20,390,القَصَص,Al-Qaṣaṣ,فَأَخَذْنَٰهُ وَجُنُودَهُۥ فَنَبَذْنَٰهُمْ فِے اِ۬لْيَمِّۖ فَانظُرْ كَيْفَ كَانَ عَٰقِبَةُ اُ۬لظَّٰلِمِينَۖ ﰧ
3289,28,41,20,390,القَصَص,Al-Qaṣaṣ,وَجَعَلْنَٰهُمُۥٓ أَئِمَّةٗ يَدْعُونَ إِلَى اَ۬لنّ۪ارِۖ وَيَوْمَ اَ۬لْقِيَٰمَةِ لَا يُنصَرُونَۖ ﰨ
3290,28,42,20,390,القَصَص,Al-Qaṣaṣ,وَأَتْبَعْنَٰهُمْ فِے هَٰذِهِ اِ۬لدُّنْي۪ا لَعْنَةٗۖ وَيَوْمَ اَ۬لْقِيَٰمَةِ هُم مِّنَ اَ۬لْمَقْبُوحِينَۖ ﰩ
3291,28,43,20,390,القَصَص,Al-Qaṣaṣ,وَلَقَدَ اٰتَيْنَا مُوسَى اَ۬لْكِتَٰبَ مِنۢ بَعْدِ مَآ أَهْلَكْنَا اَ۬لْقُرُونَ اَ۬لُاول۪ىٰ بَصَآئِرَ لِلنَّاسِ وَهُدىٗ وَرَحْمَةٗ لَّعَلَّهُمْ يَتَذَكَّرُونَۖ ﰪ
3292,28,44,20,391,القَصَص,Al-Qaṣaṣ,وَمَا كُنتَ بِجَانِبِ اِ۬لْغَرْبِيِّ إِذْ قَضَيْنَآ إِلَىٰ مُوسَى اَ۬لَامْرَۖ وَمَا كُنتَ مِنَ اَ۬لشَّٰهِدِينَۖ ﰫ
3293,28,45,20,391,القَصَص,Al-Qaṣaṣ,وَلَٰكِنَّآ أَنشَأْنَا قُرُوناٗ فَتَطَاوَلَ عَلَيْهِمُ اُ۬لْعُمُرُۖ وَمَا كُنتَ ثَاوِياٗ فِےٓ أَهْلِ مَدْيَنَ تَتْلُواْ عَلَيْهِمُۥٓ ءَايَٰتِنَاۖ وَلَٰكِنَّا كُنَّا مُرْسِلِينَۖ ﰬ
3294,28,46,20,391,القَصَص,Al-Qaṣaṣ,وَمَا كُنتَ بِجَانِبِ اِ۬لطُّورِ إِذْ نَادَيْنَاۖ وَلَٰكِن رَّحْمَةٗ مِّن رَّبِّكَ لِتُنذِرَ قَوْماٗ مَّآ أَت۪يٰهُم مِّن نَّذِيرٖ مِّن قَبْلِكَ لَعَلَّهُمْ يَتَذَكَّرُونَۖ ﰭ
3295,28,47,20,391,القَصَص,Al-Qaṣaṣ,وَلَوْلَآ أَن تُصِيبَهُم مُّصِيبَةُۢ بِمَا قَدَّمَتَ اَيْدِيهِمْ فَيَقُولُواْ رَبَّنَا لَوْلَآ أَرْسَلْتَ إِلَيْنَا رَسُولاٗ فَنَتَّبِعَ ءَايَٰتِكَ وَنَكُونَ مِنَ اَ۬لْمُومِنِينَۖ ﰮ
3296,28,48,20,391,القَصَص,Al-Qaṣaṣ,فَلَمَّا جَآءَهُمُ اُ۬لْحَقُّ مِنْ عِندِنَا قَالُواْ لَوْلَآ أُوتِيَ مِثْلَ مَآ أُوتِيَ مُوس۪ىٰٓۖ أَوَلَمْ يَكْفُرُواْ بِمَآ أُوتِيَ مُوس۪ىٰ مِن قَبْلُۖ قَالُواْ سَٰحِرَٰنِ تَظَٰهَرَاۖ وَقَالُوٓاْ إِنَّا بِكُلّٖ كَٰفِرُونَۖ ﰯ
3297,28,49,20,391,القَصَص,Al-Qaṣaṣ,قُلْ فَاتُواْ بِكِتَٰبٖ مِّنْ عِندِ اِ۬للَّهِ هُوَ أَهْد۪ىٰ مِنْهُمَآ أَتَّبِعْهُ إِن كُنتُمْ صَٰدِقِينَۖ ﰰ
3298,28,50,20,391,القَصَص,Al-Qaṣaṣ,فَإِن لَّمْ يَسْتَجِيبُواْ لَكَ فَاعْلَمَ اَنَّمَا يَتَّبِعُونَ أَهْوَآءَهُمْۖ وَمَنَ اَضَلُّ مِمَّنِ اِ۪تَّبَعَ هَو۪يٰهُ بِغَيْرِ هُدىٗ مِّنَ اَ۬للَّهِۖ إِنَّ اَ۬للَّهَ لَا يَهْدِے اِ۬لْقَوْمَ اَ۬لظَّٰلِمِينَۖ ﰱ
3299,28,51,20,392,القَصَص,Al-Qaṣaṣ,۞ وَلَقَدْ وَصَّلْنَا لَهُمُ اُ۬لْقَوْلَ لَعَلَّهُمْ يَتَذَكَّرُونَۖ ﰲ
3300,28,52,20,392,القَصَص,Al-Qaṣaṣ,اَ۬لذِينَ ءَاتَيْنَٰهُمُ اُ۬لْكِتَٰبَ مِن قَبْلِهِۦ هُم بِهِۦ يُومِنُونَۖ ﰳ
3301,28,53,20,392,القَصَص,Al-Qaṣaṣ,وَإِذَا يُتْل۪ىٰ عَلَيْهِمْ قَالُوٓاْ ءَامَنَّا بِهِۦٓ إِنَّهُ اُ۬لْحَقُّ مِن رَّبِّنَآ إِنَّا كُنَّا مِن قَبْلِهِۦ مُسْلِمِينَۖ ﰴ
3302,28,54,20,392,القَصَص,Al-Qaṣaṣ,أُوْلَٰٓئِكَ يُوتَوْنَ أَجْرَهُم مَّرَّتَيْنِ بِمَا صَبَرُواْ وَيَدْرَءُونَ بِالْحَسَنَةِ اِ۬لسَّيِّئَةَ وَمِمَّا رَزَقْنَٰهُمْ يُنفِقُونَۖ ﰵ
3303,28,55,20,392,القَصَص,Al-Qaṣaṣ,وَإِذَا سَمِعُواْ اُ۬للَّغْوَ أَعْرَضُواْ عَنْهُ وَقَالُواْ لَنَآ أَعْمَٰلُنَا وَلَكُمُۥٓ أَعْمَٰلُكُمْ سَلَٰمٌ عَلَيْكُمْ لَا نَبْتَغِے اِ۬لْجَٰهِلِينَۖ ﰶ
3304,28,56,20,392,القَصَص,Al-Qaṣaṣ,إِنَّكَ لَا تَهْدِے مَنَ اَحْبَبْتَۖ وَلَٰكِنَّ اَ۬للَّهَ يَهْدِے مَنْ يَّشَآءُۖ وَهُوَ أَعْلَمُ بِالْمُهْتَدِينَۖ ﰷ
3305,28,57,20,392,القَصَص,Al-Qaṣaṣ,وَقَالُوٓاْ إِن نَّتَّبِعِ اِ۬لْهُد۪ىٰ مَعَكَ نُتَخَطَّفْ مِنَ اَرْضِنَآۖ أَوَلَمْ نُمَكِّن لَّهُمْ حَرَماً اٰمِناٗ تُجْب۪ىٰٓ إِلَيْهِ ثَمَرَٰتُ كُلِّ شَےْءٖ رِّزْقاٗ مِّن لَّدُنَّاۖ وَلَٰكِنَّ أَكْثَرَهُمْ لَا يَعْلَمُونَۖ ﰸ
3306,28,58,20,392,القَصَص,Al-Qaṣaṣ,وَكَمَ اَهْلَكْنَا مِن قَرْيَةِۢ بَطِرَتْ مَعِيشَتَهَاۖ فَتِلْكَ مَسَٰكِنُهُمْ لَمْ تُسْكَن مِّنۢ بَعْدِهِمُۥٓ إِلَّا قَلِيلاٗ وَكُنَّا نَحْنُ اُ۬لْوَٰرِثِينَۖ ﰹ
3307,28,59,20,392,القَصَص,Al-Qaṣaṣ,وَمَا كَانَ رَبُّكَ مُهْلِكَ اَ۬لْقُر۪ىٰ حَتَّىٰ يَبْعَثَ فِےٓ أُمِّهَا رَسُولاٗ يَتْلُواْ عَلَيْهِمُۥٓ ءَايَٰتِنَاۖ وَمَا كُنَّا مُهْلِكِے اِ۬لْقُر۪ىٰٓ إِلَّا وَأَهْلُهَا ظَٰلِمُونَۖ ﰺ
3308,28,60,20,393,القَصَص,Al-Qaṣaṣ,وَمَآ أُوتِيتُم مِّن شَےْءٖ فَمَتَٰعُ اُ۬لْحَيَوٰةِ اِ۬لدُّنْي۪ا وَزِينَتُهَاۖ وَمَا عِندَ اَ۬للَّهِ خَيْرٞ وَأَبْق۪ىٰٓۖ أَفَلَا تَعْقِلُونَۖ ﰻ
3309,28,61,20,393,القَصَص,Al-Qaṣaṣ,أَفَمَنْ وَّعَدْنَٰهُ وَعْداً حَسَناٗ فَهُوَ لَٰقِيهِ كَمَن مَّتَّعْنَٰهُ مَتَٰعَ اَ۬لْحَيَوٰةِ اِ۬لدُّنْي۪ا ثُمَّ هُوَ يَوْمَ اَ۬لْقِيَٰمَةِ مِنَ اَ۬لْمُحْضَرِينَۖ ﰼ
3310,28,62,20,393,القَصَص,Al-Qaṣaṣ,وَيَوْمَ يُنَادِيهِمْ فَيَقُولُ أَيْنَ شُرَكَآءِيَ اَ۬لذِينَ كُنتُمْ تَزْعُمُونَۖ ﰽ
3311,28,63,20,393,القَصَص,Al-Qaṣaṣ,۞ قَالَ اَ۬لذِينَ حَقَّ عَلَيْهِمُ اُ۬لْقَوْلُ رَبَّنَا هَٰٓؤُلَآءِ اِ۬لذِينَ أَغْوَيْنَآ أَغْوَيْنَٰهُمْ كَمَا غَوَيْنَاۖ تَبَرَّأْنَآ إِلَيْكَۖ مَا كَانُوٓاْ إِيَّانَا يَعْبُدُونَۖ ﰾ
3312,28,64,20,393,القَصَص,Al-Qaṣaṣ,وَقِيلَ اَ۟دْعُواْ شُرَكَآءَكُمْ فَدَعَوْهُمْ فَلَمْ يَسْتَجِيبُواْ لَهُمْ وَرَأَوُاْ اُ۬لْعَذَابَ لَوَ اَنَّهُمْ كَانُواْ يَهْتَدُونَۖ ﰿ
3313,28,65,20,393,القَصَص,Al-Qaṣaṣ,وَيَوْمَ يُنَادِيهِمْ فَيَقُولُ مَاذَآ أَجَبْتُمُ اُ۬لْمُرْسَلِينَۖ ﱀ
3314,28,66,20,393,القَصَص,Al-Qaṣaṣ,فَعَمِيَتْ عَلَيْهِمُ اُ۬لَانۢبَآءُ يَوْمَئِذٖ فَهُمْ لَا يَتَسَآءَلُونَۖ ﱁ
3315,28,67,20,393,القَصَص,Al-Qaṣaṣ,فَأَمَّا مَن تَابَ وَءَامَنَ وَعَمِلَ صَٰلِحاٗ فَعَس۪ىٰٓ أَنْ يَّكُونَ مِنَ اَ۬لْمُفْلِحِينَۖ ﱂ
3316,28,68,20,393,القَصَص,Al-Qaṣaṣ,وَرَبُّكَ يَخْلُقُ مَا يَشَآءُ وَيَخْتَارُۖ مَا كَانَ لَهُمُ اُ۬لْخِيَرَةُۖ سُبْحَٰنَ اَ۬للَّهِ وَتَعَٰل۪ىٰ عَمَّا يُشْرِكُونَۖ ﱃ
3317,28,69,20,393,القَصَص,Al-Qaṣaṣ,وَرَبُّكَ يَعْلَمُ مَا تُكِنُّ صُدُورُهُمْ وَمَا يُعْلِنُونَۖ ﱄ
3318,28,70,20,393,القَصَص,Al-Qaṣaṣ,وَهُوَ اَ۬للَّهُ لَآ إِلَٰهَ إِلَّا هُوَۖ لَهُ اُ۬لْحَمْدُ فِے اِ۬لُاول۪ىٰ وَالَاخِرَةِۖ وَلَهُ اُ۬لْحُكْمُۖ وَإِلَيْهِ تُرْجَعُونَۖ ﱅ
3319,28,71,20,394,القَصَص,Al-Qaṣaṣ,قُلَ اَرَٰٓيْتُمُۥٓ إِن جَعَلَ اَ۬للَّهُ عَلَيْكُمُ اُ۬ليْلَ سَرْمَداً اِلَىٰ يَوْمِ اِ۬لْقِيَٰمَةِ مَنِ اِلَٰهٌ غَيْرُ اُ۬للَّهِ يَاتِيكُم بِضِيَآءٍۖ اَفَلَا تَسْمَعُونَۖ ﱆ
3320,28,72,20,394,القَصَص,Al-Qaṣaṣ,قُلَ اَرَٰٓيْتُمُۥٓ إِن جَعَلَ اَ۬للَّهُ عَلَيْكُمُ اُ۬لنَّهَارَ سَرْمَداً اِلَىٰ يَوْمِ اِ۬لْقِيَٰمَةِ مَنِ اِلَٰهٌ غَيْرُ اُ۬للَّهِ يَاتِيكُم بِلَيْلٖ تَسْكُنُونَ فِيهِۖ أَفَلَا تُبْصِرُونَۖ ﱇ
3321,28,73,20,394,القَصَص,Al-Qaṣaṣ,وَمِن رَّحْمَتِهِۦ جَعَلَ لَكُمُ اُ۬ليْلَ وَالنَّهَارَ لِتَسْكُنُواْ فِيهِ وَلِتَبْتَغُواْ مِن فَضْلِهِۦ وَلَعَلَّكُمْ تَشْكُرُونَۖ ﱈ
3322,28,74,20,394,القَصَص,Al-Qaṣaṣ,وَيَوْمَ يُنَادِيهِمْ فَيَقُولُ أَيْنَ شُرَكَآءِيَ اَ۬لذِينَ كُنتُمْ تَزْعُمُونَۖ ﱉ
3323,28,75,20,394,القَصَص,Al-Qaṣaṣ,وَنَزَعْنَا مِن كُلِّ أُمَّةٖ شَهِيداٗ فَقُلْنَا هَاتُواْ بُرْهَٰنَكُمْ فَعَلِمُوٓاْ أَنَّ اَ۬لْحَقَّ لِلهِ وَضَلَّ عَنْهُم مَّا كَانُواْ يَفْتَرُونَۖ ﱊ
3324,28,76,20,394,القَصَص,Al-Qaṣaṣ,۞ إِنَّ قَارُونَ كَانَ مِن قَوْمِ مُوس۪ىٰ فَبَغ۪ىٰ عَلَيْهِمْۖ وَءَاتَيْنَٰهُ مِنَ اَ۬لْكُنُوزِ مَآ إِنَّ مَفَاتِحَهُۥ لَتَنُوٓأُ بِالْعُصْبَةِ أُوْلِے اِ۬لْقُوَّةِۖ إِذْ قَالَ لَهُۥ قَوْمُهُۥ لَا تَفْرَحِ اِنَّ اَ۬للَّهَ لَا يُحِبُّ اُ۬لْفَرِحِينَۖ ﱋ
3325,28,77,20,394,القَصَص,Al-Qaṣaṣ,وَابْتَغِ فِيمَآ ءَات۪يٰكَ اَ۬للَّهُ اُ۬لدَّارَ اَ۬لَاخِرَةَۖ وَلَا تَنسَ نَصِيبَكَ مِنَ اَ۬لدُّنْي۪اۖ وَأَحْسِن كَمَآ أَحْسَنَ اَ۬للَّهُ إِلَيْكَۖ وَلَا تَبْغِ اِ۬لْفَسَادَ فِے اِ۬لَارْضِۖ إِنَّ اَ۬للَّهَ لَا يُحِبُّ اُ۬لْمُفْسِدِينَۖ ﱌ
3326,28,78,20,395,القَصَص,Al-Qaṣaṣ,قَالَ إِنَّمَآ أُوتِيتُهُۥ عَلَىٰ عِلْمٍ عِندِيَۖ أَوَلَمْ يَعْلَمَ اَنَّ اَ۬للَّهَ قَدَ اَهْلَكَ مِن قَبْلِهِۦ مِنَ اَ۬لْقُرُونِ مَنْ هُوَ أَشَدُّ مِنْهُ قُوَّةٗ وَأَكْثَرُ جَمْعاٗۖ وَلَا يُسْـَٔلُ عَن ذُنُوبِهِمُ اُ۬لْمُجْرِمُونَۖ ﱍ
3327,28,79,20,395,القَصَص,Al-Qaṣaṣ,فَخَرَجَ عَلَىٰ قَوْمِهِۦ فِے زِينَتِهِۦۖ قَالَ اَ۬لذِينَ يُرِيدُونَ اَ۬لْحَيَوٰةَ اَ۬لدُّنْي۪ا يَٰلَيْتَ لَنَا مِثْلَ مَآ أُوتِيَ قَارُونُ إِنَّهُۥ لَذُو حَظٍّ عَظِيمٖۖ ﱎ
3328,28,80,20,395,القَصَص,Al-Qaṣaṣ,وَقَالَ اَ۬لذِينَ أُوتُواْ اُ۬لْعِلْمَ وَيْلَكُمْ ثَوَابُ اُ۬للَّهِ خَيْرٞ لِّمَنَ اٰمَنَ وَعَمِلَ صَٰلِحاٗۖ وَلَا يُلَقّ۪يٰهَآ إِلَّا اَ۬لصَّٰبِرُونَۖ ﱏ
3329,28,81,20,395,القَصَص,Al-Qaṣaṣ,فَخَسَفْنَا بِهِۦ وَبِد۪ارِهِ اِ۬لَارْضَۖ فَمَا كَانَ لَهُۥ مِن فِئَةٖ يَنصُرُونَهُۥ مِن دُونِ اِ۬للَّهِۖ وَمَا كَانَ مِنَ اَ۬لْمُنتَصِرِينَۖ ﱐ
3330,28,82,20,395,القَصَص,Al-Qaṣaṣ,وَأَصْبَحَ اَ۬لذِينَ تَمَنَّوْاْ مَكَانَهُۥ بِالَامْسِ يَقُولُونَ وَيْكَأَنَّ اَ۬للَّهَ يَبْسُطُ اُ۬لرِّزْقَ لِمَنْ يَّشَآءُ مِنْ عِبَادِهِۦ وَيَقْدِرُۖ لَوْلَآ أَن مَّنَّ اَ۬للَّهُ عَلَيْنَا لَخُسِفَ بِنَاۖ وَيْكَأَنَّهُۥ لَا يُفْلِحُ اُ۬لْكَٰفِرُونَۖ ﱑ
3331,28,83,20,395,القَصَص,Al-Qaṣaṣ,۞ تِلْكَ اَ۬لدَّارُ اُ۬لَاخِرَةُ نَجْعَلُهَا لِلذِينَ لَا يُرِيدُونَ عُلُوّاٗ فِے اِ۬لَارْضِ وَلَا فَسَاداٗۖ وَالْعَٰقِبَةُ لِلْمُتَّقِينَۖ ﱒ
3332,28,84,20,395,القَصَص,Al-Qaṣaṣ,مَن جَآءَ بِالْحَسَنَةِ فَلَهُۥ خَيْرٞ مِّنْهَاۖ وَمَن جَآءَ بِالسَّيِّئَةِ فَلَا يُجْزَى اَ۬لذِينَ عَمِلُواْ اُ۬لسَّيِّـَٔاتِ إِلَّا مَا كَانُواْ يَعْمَلُونَۖ ﱓ
3333,28,85,20,396,القَصَص,Al-Qaṣaṣ,إِنَّ اَ۬لذِے فَرَضَ عَلَيْكَ اَ۬لْقُرْءَانَ لَرَآدُّكَ إِلَىٰ مَعَادٖۖ قُل رَّبِّيَ أَعْلَمُ مَن جَآءَ بِالْهُد۪ىٰ وَمَنْ هُوَ فِے ضَلَٰلٖ مُّبِينٖۖ ﱔ
3334,28,86,20,396,القَصَص,Al-Qaṣaṣ,وَمَا كُنتَ تَرْجُوٓاْ أَنْ يُّلْق۪ىٰٓ إِلَيْكَ اَ۬لْكِتَٰبُ إِلَّا رَحْمَةٗ مِّن رَّبِّكَۖ فَلَا تَكُونَنَّ ظَهِيراٗ لِّلْكٰ۪فِرِينَۖ ﱕ
3335,28,87,20,396,القَصَص,Al-Qaṣaṣ,وَلَا يَصُدُّنَّكَ عَنَ اٰيَٰتِ اِ۬للَّهِ بَعْدَ إِذُ ا۟نزِلَتِ اِلَيْكَۖ وَادْعُ إِلَىٰ رَبِّكَۖ وَلَا تَكُونَنَّ مِنَ اَ۬لْمُشْرِكِينَۖ ﱖ
3336,28,88,20,396,القَصَص,Al-Qaṣaṣ,وَلَا تَدْعُ مَعَ اَ۬للَّهِ إِلَٰهاً اٰخَرَۖ لَآ إِلَٰهَ إِلَّا هُوَۖ كُلُّ شَےْءٍ هَالِكٌ اِلَّا وَجْهَهُۥۖ لَهُ اُ۬لْحُكْمُۖ وَإِلَيْهِ تُرْجَعُونَۖ ﱗ
3337,29,1,20,396,العَنكبُوت,Al-‘Ankabūt,أَلَٓمِّٓۖ اَحَسِبَ اَ۬لنَّاسُ أَنْ يُّتْرَكُوٓاْ أَنْ يَّقُولُوٓاْ ءَامَنَّا وَهُمْ لَا يُفْتَنُونَۖ ﰀ
3338,29,2,20,396,العَنكبُوت,Al-‘Ankabūt,وَلَقَدْ فَتَنَّا اَ۬لذِينَ مِن قَبْلِهِمْۖ فَلَيَعْلَمَنَّ اَ۬للَّهُ اُ۬لذِينَ صَدَقُواْ وَلَيَعْلَمَنَّ اَ۬لْكَٰذِبِينَۖ ﰁ
3339,29,3,20,396,العَنكبُوت,Al-‘Ankabūt,أَمْ حَسِبَ اَ۬لذِينَ يَعْمَلُونَ اَ۬لسَّيِّـَٔاتِ أَنْ يَّسْبِقُونَاۖ سَآءَ مَا يَحْكُمُونَۖ ﰂ
3340,29,4,20,396,العَنكبُوت,Al-‘Ankabūt,مَن كَانَ يَرْجُواْ لِقَآءَ اَ۬للَّهِ فَإِنَّ أَجَلَ اَ۬للَّهِ لَأٓتٖۖ وَهُوَ اَ۬لسَّمِيعُ اُ۬لْعَلِيمُۖ ﰃ
3341,29,5,20,396,العَنكبُوت,Al-‘Ankabūt,وَمَن جَٰهَدَ فَإِنَّمَا يُجَٰهِدُ لِنَفْسِهِۦٓۖ إِنَّ اَ۬للَّهَ لَغَنِيٌّ عَنِ اِ۬لْعَٰلَمِينَۖ ﰄ
3342,29,6,20,397,العَنكبُوت,Al-‘Ankabūt,وَالذِينَ ءَامَنُواْ وَعَمِلُواْ اُ۬لصَّٰلِحَٰتِ لَنُكَفِّرَنَّ عَنْهُمْ سَيِّـَٔاتِهِمْ وَلَنَجْزِيَنَّهُمُۥٓ أَحْسَنَ اَ۬لذِے كَانُواْ يَعْمَلُونَۖ ﰅ
3343,29,7,20,397,العَنكبُوت,Al-‘Ankabūt,۞ وَوَصَّيْنَا اَ۬لِانسَٰنَ بِوَٰلِدَيْهِ حُسْناٗۖ وَإِن جَٰهَدَٰكَ لِتُشْرِكَ بِے مَا لَيْسَ لَكَ بِهِۦ عِلْمٞ فَلَا تُطِعْهُمَآۖ إِلَيَّ مَرْجِعُكُمْ فَأُنَبِّئُكُم بِمَا كُنتُمْ تَعْمَلُونَۖ ﰆ
3344,29,8,20,397,العَنكبُوت,Al-‘Ankabūt,وَالذِينَ ءَامَنُواْ وَعَمِلُواْ اُ۬لصَّٰلِحَٰتِ لَنُدْخِلَنَّهُمْ فِے اِ۬لصَّٰلِحِينَۖ ﰇ
3345,29,9,20,397,العَنكبُوت,Al-‘Ankabūt,وَمِنَ اَ۬لنَّاسِ مَنْ يَّقُولُ ءَامَنَّا بِاللَّهِ فَإِذَآ أُوذِيَ فِے اِ۬للَّهِ جَعَلَ فِتْنَةَ اَ۬لنَّاسِ كَعَذَابِ اِ۬للَّهِۖ وَلَئِن جَآءَ نَصْرٞ مِّن رَّبِّكَ لَيَقُولُنَّ إِنَّا كُنَّا مَعَكُمُۥٓۖ أَوَلَيْسَ اَ۬للَّهُ بِأَعْلَمَ بِمَا فِے صُدُورِ اِ۬لْعَٰلَمِينَۖ ﰈ
3346,29,10,20,397,العَنكبُوت,Al-‘Ankabūt,وَلَيَعْلَمَنَّ اَ۬للَّهُ اُ۬لذِينَ ءَامَنُواْ وَلَيَعْلَمَنَّ اَ۬لْمُنَٰفِقِينَۖ ﰉ
3347,29,11,20,397,العَنكبُوت,Al-‘Ankabūt,وَقَالَ اَ۬لذِينَ كَفَرُواْ لِلذِينَ ءَامَنُواْ اُ۪تَّبِعُواْ سَبِيلَنَا وَلْنَحْمِلْ خَطَٰيٰ۪كُمْۖ وَمَا هُم بِحَٰمِلِينَ مِنْ خَطَٰيٰ۪هُم مِّن شَےْءٍۖ اِنَّهُمْ لَكَٰذِبُونَۖ ﰊ
3348,29,12,20,397,العَنكبُوت,Al-‘Ankabūt,وَلَيَحْمِلُنَّ أَثْقَالَهُمْ وَأَثْقَالاٗ مَّعَ أَثْقَالِهِمْۖ وَلَيُسْـَٔلُنَّ يَوْمَ اَ۬لْقِيَٰمَةِ عَمَّا كَانُواْ يَفْتَرُونَۖ ﰋ
3349,29,13,20,397,العَنكبُوت,Al-‘Ankabūt,وَلَقَدَ اَرْسَلْنَا نُوحاً اِلَىٰ قَوْمِهِۦ فَلَبِثَ فِيهِمُۥٓ أَلْفَ سَنَةٍ اِلَّا خَمْسِينَ عَاماٗ فَأَخَذَهُمُ اُ۬لطُّوفَانُ وَهُمْ ظَٰلِمُونَۖ ﰌ
3350,29,14,20,398,العَنكبُوت,Al-‘Ankabūt,فَأَنجَيْنَٰهُ وَأَصْحَٰبَ اَ۬لسَّفِينَةِۖ وَجَعَلْنَٰهَآ ءَايَةٗ لِّلْعَٰلَمِينَۖ ﰍ
3351,29,15,20,398,العَنكبُوت,Al-‘Ankabūt,وَإِبْرَٰهِيمَ إِذْ قَالَ لِقَوْمِهِ اِ۟عْبُدُواْ اُ۬للَّهَ وَاتَّقُوهُۖ ذَٰلِكُمْ خَيْرٞ لَّكُمُۥٓ إِن كُنتُمْ تَعْلَمُونَۖ ﰎ
3352,29,16,20,398,العَنكبُوت,Al-‘Ankabūt,۞ إِنَّمَا تَعْبُدُونَ مِن دُونِ اِ۬للَّهِ أَوْثَٰناٗ وَتَخْلُقُونَ إِفْكاًۖ اِنَّ اَ۬لذِينَ تَعْبُدُونَ مِن دُونِ اِ۬للَّهِ لَا يَمْلِكُونَ لَكُمْ رِزْقاٗۖ فَابْتَغُواْ عِندَ اَ۬للَّهِ اِ۬لرِّزْقَۖ وَاعْبُدُوهُۖ وَاشْكُرُواْ لَهُۥٓۖ إِلَيْهِ تُرْجَعُونَۖ ﰏ
3353,29,17,20,398,العَنكبُوت,Al-‘Ankabūt,وَإِن تُكَذِّبُواْ فَقَدْ كَذَّبَ أُمَمٞ مِّن قَبْلِكُمْۖ وَمَا عَلَى اَ۬لرَّسُولِ إِلَّا اَ۬لْبَلَٰغُ اُ۬لْمُبِينُۖ ﰐ
3354,29,18,20,398,العَنكبُوت,Al-‘Ankabūt,أَوَلَمْ يَرَوْاْ كَيْفَ يُبْدِۓُ اُ۬للَّهُ اُ۬لْخَلْقَۖ ثُمَّ يُعِيدُهُۥٓۖ إِنَّ ذَٰلِكَ عَلَى اَ۬للَّهِ يَسِيرٞۖ ﰑ
3355,29,19,20,398,العَنكبُوت,Al-‘Ankabūt,قُلْ سِيرُواْ فِے اِ۬لَارْضِ فَانظُرُواْ كَيْفَ بَدَأَ اَ۬لْخَلْقَۖ ثُمَّ اَ۬للَّهُ يُنشِۓُ اُ۬لنَّشْأَةَ اَ۬لَاخِرَةَۖ إِنَّ اَ۬للَّهَ عَلَىٰ كُلِّ شَےْءٖ قَدِيرٞۖ ﰒ
3356,29,20,20,398,العَنكبُوت,Al-‘Ankabūt,يُعَذِّبُ مَنْ يَّشَآءُ وَيَرْحَمُ مَنْ يَّشَآءُۖ وَإِلَيْهِ تُقْلَبُونَۖ ﰓ
3357,29,21,20,398,العَنكبُوت,Al-‘Ankabūt,وَمَآ أَنتُم بِمُعْجِزِينَ فِے اِ۬لَارْضِ وَلَا فِے اِ۬لسَّمَآءِۖ وَمَا لَكُم مِّن دُونِ اِ۬للَّهِ مِنْ وَّلِيّٖ وَلَا نَصِيرٖۖ ﰔ
3358,29,22,20,398,العَنكبُوت,Al-‘Ankabūt,وَالذِينَ كَفَرُواْ بِـَٔايَٰتِ اِ۬للَّهِ وَلِقَآئِهِۦٓ أُوْلَٰٓئِكَ يَئِسُواْ مِن رَّحْمَتِےۖ وَأُوْلَٰٓئِكَ لَهُمْ عَذَابٌ اَلِيمٞۖ ﰕ
3359,29,23,20,399,العَنكبُوت,Al-‘Ankabūt,فَمَا كَانَ جَوَابَ قَوْمِهِۦٓ إِلَّآ أَن قَالُواْ اُ۟قْتُلُوهُ أَوْ حَرِّقُوهُۖ فَأَنج۪يٰهُ اُ۬للَّهُ مِنَ اَ۬لنّ۪ارِۖ إِنَّ فِے ذَٰلِكَ لَأٓيَٰتٖ لِّقَوْمٖ يُومِنُونَۖ ﰖ
3360,29,24,20,399,العَنكبُوت,Al-‘Ankabūt,وَقَالَ إِنَّمَا اَ۪تَّخَذتُّم مِّن دُونِ اِ۬للَّهِ أَوْثَٰناٗ مَّوَدَّةَۢ بَيْنَكُمْ فِے اِ۬لْحَيَوٰةِ اِ۬لدُّنْي۪اۖ ثُمَّ يَوْمَ اَ۬لْقِيَٰمَةِ يَكْفُرُ بَعْضُكُم بِبَعْضٖ وَيَلْعَنُ بَعْضُكُم بَعْضاٗۖ وَمَأْو۪يٰكُمُ اُ۬لنَّارُ وَمَا لَكُم مِّن نَّٰصِرِينَۖ ﰗ
3361,29,25,20,399,العَنكبُوت,Al-‘Ankabūt,۞ فَـَٔامَنَ لَهُۥ لُوطٞۖ وَقَالَ إِنِّے مُهَاجِرٌ اِلَىٰ رَبِّيَۖ إِنَّهُۥ هُوَ اَ۬لْعَزِيزُ اُ۬لْحَكِيمُۖ ﰘ
3362,29,26,20,399,العَنكبُوت,Al-‘Ankabūt,وَوَهَبْنَا لَهُۥٓ إِسْحَٰقَ وَيَعْقُوبَۖ وَجَعَلْنَا فِے ذُرِّيَّتِهِ اِ۬لنُّبُوٓءَةَ وَالْكِتَٰبَۖ وَءَاتَيْنَٰهُ أَجْرَهُۥ فِے اِ۬لدُّنْي۪اۖ وَإِنَّهُۥ فِے اِ۬لَاخِرَةِ لَمِنَ اَ۬لصَّٰلِحِينَۖ ﰙ
3363,29,27,20,399,العَنكبُوت,Al-‘Ankabūt,وَلُوطاً اِذْ قَالَ لِقَوْمِهِۦٓ إِنَّكُمْ لَتَاتُونَ اَ۬لْفَٰحِشَةَ مَا سَبَقَكُم بِهَا مِنَ اَحَدٖ مِّنَ اَ۬لْعَٰلَمِينَ ﰚ
3364,29,28,20,399,العَنكبُوت,Al-‘Ankabūt,أَئِنَّكُمْ لَتَاتُونَ اَ۬لرِّجَالَ وَتَقْطَعُونَ اَ۬لسَّبِيلَ ﰛ
3365,29,29,20,399,العَنكبُوت,Al-‘Ankabūt,وَتَاتُونَ فِے نَادِيكُمُ اُ۬لْمُنكَرَۖ فَمَا كَانَ جَوَابَ قَوْمِهِۦٓ إِلَّآ أَن قَالُواْ اُ۪يتِنَا بِعَذَابِ اِ۬للَّهِ إِن كُنتَ مِنَ اَ۬لصَّٰدِقِينَۖ ﰜ
3366,29,30,20,399,العَنكبُوت,Al-‘Ankabūt,قَالَ رَبِّ اِ۟نصُرْنِے عَلَى اَ۬لْقَوْمِ اِ۬لْمُفْسِدِينَۖ ﰝ
3367,29,31,20,400,العَنكبُوت,Al-‘Ankabūt,وَلَمَّا جَآءَتْ رُسُلُنَآ إِبْرَٰهِيمَ بِالْبُشْر۪ىٰ قَالُوٓاْ إِنَّا مُهْلِكُوٓاْ أَهْلِ هَٰذِهِ اِ۬لْقَرْيَةِ إِنَّ أَهْلَهَا كَانُواْ ظَٰلِمِينَۖ ﰞ
3368,29,32,20,400,العَنكبُوت,Al-‘Ankabūt,قَالَ إِنَّ فِيهَا لُوطاٗۖ قَالُواْ نَحْنُ أَعْلَمُ بِمَن فِيهَاۖ لَنُنَجِّيَنَّهُۥ وَأَهْلَهُۥٓ إِلَّا اَ۪مْرَأَتَهُۥ كَانَتْ مِنَ اَ۬لْغَٰبِرِينَۖ ﰟ
3369,29,33,20,400,العَنكبُوت,Al-‘Ankabūt,وَلَمَّآ أَن جَآءَتْ رُسُلُنَا لُوطاٗ س۬ےٓءَ بِهِمْ وَضَاقَ بِهِمْ ذَرْعاٗۖ وَقَالُواْ لَا تَخَفْ وَلَا تَحْزَنِ اِنَّا مُنَجُّوكَ وَأَهْلَكَ إِلَّا اَ۪مْرَأَتَكَ كَانَتْ مِنَ اَ۬لْغَٰبِرِينَۖ ﰠ
3370,29,34,20,400,العَنكبُوت,Al-‘Ankabūt,إِنَّا مُنزِلُونَ عَلَىٰٓ أَهْلِ هَٰذِهِ اِ۬لْقَرْيَةِ رِجْزاٗ مِّنَ اَ۬لسَّمَآءِ بِمَا كَانُواْ يَفْسُقُونَۖ ﰡ
3371,29,35,20,400,العَنكبُوت,Al-‘Ankabūt,وَلَقَد تَّرَكْنَا مِنْهَآ ءَايَةَۢ بَيِّنَةٗ لِّقَوْمٖ يَعْقِلُونَۖ ﰢ
3372,29,36,20,400,العَنكبُوت,Al-‘Ankabūt,۞ وَإِلَىٰ مَدْيَنَ أَخَاهُمْ شُعَيْباٗ فَقَالَ يَٰقَوْمِ اِ۟عْبُدُواْ اُ۬للَّهَ وَارْجُواْ اُ۬لْيَوْمَ اَ۬لَاخِرَ وَلَا تَعْثَوْاْ فِے اِ۬لَارْضِ مُفْسِدِينَۖ ﰣ
3373,29,37,20,400,العَنكبُوت,Al-‘Ankabūt,فَكَذَّبُوهُ فَأَخَذَتْهُمُ اُ۬لرَّجْفَةُ فَأَصْبَحُواْ فِے د۪ارِهِمْ جَٰثِمِينَۖ ﰤ
3374,29,38,20,400,العَنكبُوت,Al-‘Ankabūt,وَعَاداٗ وَثَمُوداٗ وَقَد تَّبَيَّنَ لَكُم مِّن مَّسَٰكِنِهِمْ وَزَيَّنَ لَهُمُ اُ۬لشَّيْطَٰنُ أَعْمَٰلَهُمْ فَصَدَّهُمْ عَنِ اِ۬لسَّبِيلِ وَكَانُواْ مُسْتَبْصِرِينَۖ ﰥ
3375,29,39,20,401,العَنكبُوت,Al-‘Ankabūt,وَقَارُونَ وَفِرْعَوْنَ وَهَامَٰنَۖ وَلَقَدْ جَآءَهُم مُّوس۪ىٰ بِالْبَيِّنَٰتِ فَاسْتَكْبَرُواْ فِے اِ۬لَارْضِ وَمَا كَانُواْ سَٰبِقِينَۖ ﰦ
3376,29,40,20,401,العَنكبُوت,Al-‘Ankabūt,فَكُلّاً اَخَذْنَا بِذَنۢبِهِۦۖ فَمِنْهُم مَّنَ اَرْسَلْنَا عَلَيْهِ حَاصِباٗۖ وَمِنْهُم مَّنَ اَخَذَتْهُ اُ۬لصَّيْحَةُۖ وَمِنْهُم مَّنْ خَسَفْنَا بِهِ اِ۬لَارْضَۖ وَمِنْهُم مَّنَ اَغْرَقْنَاۖ وَمَا كَانَ اَ۬للَّهُ لِيَظْلِمَهُمْۖ وَلَٰكِن كَانُوٓاْ أَنفُسَهُمْ يَظْلِمُونَۖ ﰧ
3377,29,41,20,401,العَنكبُوت,Al-‘Ankabūt,مَثَلُ اُ۬لذِينَ اَ۪تَّخَذُواْ مِن دُونِ اِ۬للَّهِ أَوْلِيَآءَ كَمَثَلِ اِ۬لْعَنكَبُوتِ اِ۪تَّخَذَتْ بَيْتاٗۖ وَإِنَّ أَوْهَنَ اَ۬لْبُيُوتِ لَبَيْتُ اُ۬لْعَنكَبُوتِ لَوْ كَانُواْ يَعْلَمُونَۖ ﰨ
3378,29,42,20,401,العَنكبُوت,Al-‘Ankabūt,إِنَّ اَ۬للَّهَ يَعْلَمُ مَا تَدْعُونَ مِن دُونِهِۦ مِن شَےْءٖۖ وَهُوَ اَ۬لْعَزِيزُ اُ۬لْحَكِيمُۖ ﰩ
3379,29,43,20,401,العَنكبُوت,Al-‘Ankabūt,وَتِلْكَ اَ۬لَامْثَٰلُ نَضْرِبُهَا لِلنَّاسِۖ وَمَا يَعْقِلُهَآ إِلَّا اَ۬لْعَٰلِمُونَۖ ﰪ
3380,29,44,20,401,العَنكبُوت,Al-‘Ankabūt,خَلَقَ اَ۬للَّهُ اُ۬لسَّمَٰوَٰتِ وَالَارْضَ بِالْحَقِّۖ إِنَّ فِے ذَٰلِكَ لَأٓيَةٗ لِّلْمُومِنِينَۖ ﰫ
3381,29,45,20,401,العَنكبُوت,Al-‘Ankabūt,اَ۟تْلُ مَآ أُوحِيَ إِلَيْكَ مِنَ اَ۬لْكِتَٰبِ وَأَقِمِ اِ۬لصَّلَوٰةَۖ إِنَّ اَ۬لصَّلَوٰةَ تَنْه۪ىٰ عَنِ اِ۬لْفَحْشَآءِ وَالْمُنكَرِۖ وَلَذِكْرُ اُ۬للَّهِ أَكْبَرُۖ وَاللَّهُ يَعْلَمُ مَا تَصْنَعُونَۖ ﰬ
3382,29,46,21,402,العَنكبُوت,Al-‘Ankabūt,۞ وَلَا تُجَٰدِلُوٓاْ أَهْلَ اَ۬لْكِتَٰبِ إِلَّا بِالتِے هِيَ أَحْسَنُۖ إِلَّا اَ۬لذِينَ ظَلَمُواْ مِنْهُمْۖ وَقُولُوٓاْ ءَامَنَّا بِالذِےٓ أُنزِلَ إِلَيْنَا وَأُنزِلَ إِلَيْكُمْ وَإِلَٰهُنَا وَإِلَٰهُكُمْ وَٰحِدٞ وَنَحْنُ لَهُۥ مُسْلِمُونَۖ ﰭ
3383,29,47,21,402,العَنكبُوت,Al-‘Ankabūt,وَكَذَٰلِكَ أَنزَلْنَآ إِلَيْكَ اَ۬لْكِتَٰبَۖ فَالذِينَ ءَاتَيْنَٰهُمُ اُ۬لْكِتَٰبَ يُومِنُونَ بِهِۦ وَمِنْ هَٰٓؤُلَآءِ مَنْ يُّومِنُ بِهِۦۖ وَمَا يَجْحَدُ بِـَٔايَٰتِنَآ إِلَّا اَ۬لْكَٰفِرُونَۖ ﰮ
3384,29,48,21,402,العَنكبُوت,Al-‘Ankabūt,وَمَا كُنتَ تَتْلُواْ مِن قَبْلِهِۦ مِن كِتَٰبٖ وَلَا تَخُطُّهُۥ بِيَمِينِكَۖ إِذاٗ لَّارْتَابَ اَ۬لْمُبْطِلُونَۖ ﰯ
3385,29,49,21,402,العَنكبُوت,Al-‘Ankabūt,بَلْ هُوَ ءَايَٰتُۢ بَيِّنَٰتٞ فِے صُدُورِ اِ۬لذِينَ أُوتُواْ اُ۬لْعِلْمَۖ وَمَا يَجْحَدُ بِـَٔايَٰتِنَآ إِلَّا اَ۬لظَّٰلِمُونَۖ ﰰ
3386,29,50,21,402,العَنكبُوت,Al-‘Ankabūt,وَقَالُواْ لَوْلَآ أُنزِلَ عَلَيْهِ ءَايَٰتٞ مِّن رَّبِّهِۦۖ قُلِ اِنَّمَا اَ۬لَايَٰتُ عِندَ اَ۬للَّهِ وَإِنَّمَآ أَنَا نَذِيرٞ مُّبِينٌۖ ﰱ
3387,29,51,21,402,العَنكبُوت,Al-‘Ankabūt,اَوَلَمْ يَكْفِهِمُۥٓ أَنَّآ أَنزَلْنَا عَلَيْكَ اَ۬لْكِتَٰبَ يُتْل۪ىٰ عَلَيْهِمُۥٓۖ إِنَّ فِے ذَٰلِكَ لَرَحْمَةٗ وَذِكْر۪ىٰ لِقَوْمٖ يُومِنُونَۖ ﰲ
3388,29,52,21,402,العَنكبُوت,Al-‘Ankabūt,قُلْ كَف۪ىٰ بِاللَّهِ بَيْنِے وَبَيْنَكُمْ شَهِيداٗۖ يَعْلَمُ مَا فِے اِ۬لسَّمَٰوَٰتِ وَالَارْضِۖ وَالذِينَ ءَامَنُواْ بِالْبَٰطِلِ وَكَفَرُواْ بِاللَّهِ أُوْلَٰٓئِكَ هُمُ اُ۬لْخَٰسِرُونَۖ ﰳ
3389,29,53,21,403,العَنكبُوت,Al-‘Ankabūt,وَيَسْتَعْجِلُونَكَ بِالْعَذَابِۖ وَلَوْلَآ أَجَلٞ مُّسَمّىٗ لَّجَآءَهُمُ اُ۬لْعَذَابُ وَلَيَاتِيَنَّهُم بَغْتَةٗ وَهُمْ لَا يَشْعُرُونَۖ ﰴ
3390,29,54,21,403,العَنكبُوت,Al-‘Ankabūt,يَسْتَعْجِلُونَكَ بِالْعَذَابِۖ وَإِنَّ جَهَنَّمَ لَمُحِيطَةُۢ بِالْكٰ۪فِرِينَۖ ﰵ
3391,29,55,21,403,العَنكبُوت,Al-‘Ankabūt,يَوْمَ يَغْش۪يٰهُمُ اُ۬لْعَذَابُ مِن فَوْقِهِمْ وَمِن تَحْتِ أَرْجُلِهِمْ وَيَقُولُ ذُوقُواْ مَا كُنتُمْ تَعْمَلُونَۖ ﰶ
3392,29,56,21,403,العَنكبُوت,Al-‘Ankabūt,يَٰعِبَادِيَ اَ۬لذِينَ ءَامَنُوٓاْ إِنَّ أَرْضِے وَٰسِعَةٞ فَإِيَّٰيَ فَاعْبُدُونِۖ ﰷ
3393,29,57,21,403,العَنكبُوت,Al-‘Ankabūt,كُلُّ نَفْسٖ ذَآئِقَةُ اُ۬لْمَوْتِۖ ثُمَّ إِلَيْنَا تُرْجَعُونَۖ ﰸ
3394,29,58,21,403,العَنكبُوت,Al-‘Ankabūt,وَالذِينَ ءَامَنُواْ وَعَمِلُواْ اُ۬لصَّٰلِحَٰتِ لَنُبَوِّئَنَّهُم مِّنَ اَ۬لْجَنَّةِ غُرَفاٗ تَجْرِے مِن تَحْتِهَا اَ۬لَانْهَٰرُ خَٰلِدِينَ فِيهَاۖ نِعْمَ أَجْرُ اُ۬لْعَٰمِلِينَۖ ﰹ
3395,29,59,21,403,العَنكبُوت,Al-‘Ankabūt,اَ۬لذِينَ صَبَرُواْ وَعَلَىٰ رَبِّهِمْ يَتَوَكَّلُونَۖ ﰺ
3396,29,60,21,403,العَنكبُوت,Al-‘Ankabūt,۞ وَكَأَيِّن مِّن دَآبَّةٖ لَّا تَحْمِلُ رِزْقَهَا اَ۬للَّهُ يَرْزُقُهَا وَإِيَّاكُمْۖ وَهُوَ اَ۬لسَّمِيعُ اُ۬لْعَلِيمُۖ ﰻ
3397,29,61,21,403,العَنكبُوت,Al-‘Ankabūt,وَلَئِن سَأَلْتَهُم مَّنْ خَلَقَ اَ۬لسَّمَٰوَٰتِ وَالَارْضَ وَسَخَّرَ اَ۬لشَّمْسَ وَالْقَمَرَ لَيَقُولُنَّ اَ۬للَّهُۖ فَأَنّ۪ىٰ يُوفَكُونَۖ ﰼ
3398,29,62,21,403,العَنكبُوت,Al-‘Ankabūt,اَ۬للَّهُ يَبْسُطُ اُ۬لرِّزْقَ لِمَنْ يَّشَآءُ مِنْ عِبَادِهِۦ وَيَقْدِرُ لَهُۥٓۖ إِنَّ اَ۬للَّهَ بِكُلِّ شَےْءٍ عَلِيمٞۖ ﰽ
3399,29,63,21,403,العَنكبُوت,Al-‘Ankabūt,وَلَئِن سَأَلْتَهُم مَّن نَّزَّلَ مِنَ اَ۬لسَّمَآءِ مَآءٗ فَأَحْي۪ا بِهِ اِ۬لَارْضَ مِنۢ بَعْدِ مَوْتِهَا لَيَقُولُنَّ اَ۬للَّهُۖ قُلِ اِ۬لْحَمْدُ لِلهِۖ بَلَ اَكْثَرُهُمْ لَا يَعْقِلُونَۖ ﰾ
3400,29,64,21,404,العَنكبُوت,Al-‘Ankabūt,وَمَا هَٰذِهِ اِ۬لْحَيَوٰةُ اُ۬لدُّنْي۪آ إِلَّا لَهْوٞ وَلَعِبٞۖ وَإِنَّ اَ۬لدَّارَ اَ۬لَاخِرَةَ لَهِيَ اَ۬لْحَيَوَانُ لَوْ كَانُواْ يَعْلَمُونَۖ ﰿ
3401,29,65,21,404,العَنكبُوت,Al-‘Ankabūt,فَإِذَا رَكِبُواْ فِے اِ۬لْفُلْكِ دَعَوُاْ اُ۬للَّهَ مُخْلِصِينَ لَهُ اُ۬لدِّينَۖ فَلَمَّا نَجّ۪يٰهُمُۥٓ إِلَى اَ۬لْبَرِّ إِذَا هُمْ يُشْرِكُونَ ﱀ
3402,29,66,21,404,العَنكبُوت,Al-‘Ankabūt,لِيَكْفُرُواْ بِمَآ ءَاتَيْنَٰهُمْۖ وَلِيَتَمَتَّعُواْ فَسَوْفَ يَعْلَمُونَۖ ﱁ
3403,29,67,21,404,العَنكبُوت,Al-‘Ankabūt,أَوَلَمْ يَرَوَاْ اَنَّا جَعَلْنَا حَرَماً اٰمِناٗ وَيُتَخَطَّفُ اُ۬لنَّاسُ مِنْ حَوْلِهِمُۥٓۖ أَفَبِالْبَٰطِلِ يُومِنُونَ وَبِنِعْمَةِ اِ۬للَّهِ يَكْفُرُونَۖ ﱂ
3404,29,68,21,404,العَنكبُوت,Al-‘Ankabūt,وَمَنَ اَظْلَمُ مِمَّنِ اِ۪فْتَر۪ىٰ عَلَى اَ۬للَّهِ كَذِباً اَوْ كَذَّبَ بِالْحَقِّ لَمَّا جَآءَهُۥٓۖ أَلَيْسَ فِے جَهَنَّمَ مَثْوىٗ لِّلْكٰ۪فِرِينَۖ ﱃ
3405,29,69,21,404,العَنكبُوت,Al-‘Ankabūt,وَالذِينَ جَٰهَدُواْ فِينَا لَنَهْدِيَنَّهُمْ سُبُلَنَاۖ وَإِنَّ اَ۬للَّهَ لَمَعَ اَ۬لْمُحْسِنِينَۖ ﱄ
3406,30,1,21,404,الرُّوم,Ar-Rūm,أَلَٓمِّٓۖ غُلِبَتِ اِ۬لرُّومُ فِےٓ أَدْنَى اَ۬لَارْضِ وَهُم مِّنۢ بَعْدِ غَلَبِهِمْ سَيَغْلِبُونَ ﰀ
3407,30,2,21,404,الرُّوم,Ar-Rūm,فِے بِضْعِ سِنِينَۖ ﰁ
3408,30,3,21,404,الرُّوم,Ar-Rūm,لِلهِ اِ۬لَامْرُ مِن قَبْلُ وَمِنۢ بَعْدُۖ وَيَوْمَئِذٖ يَفْرَحُ اُ۬لْمُومِنُونَ ﰂ
3409,30,4,21,404,الرُّوم,Ar-Rūm,بِنَصْرِ اِ۬للَّهِۖ يَنصُرُ مَنْ يَّشَآءُۖ وَهُوَ اَ۬لْعَزِيزُ اُ۬لرَّحِيمُۖ ﰃ
3410,30,5,21,405,الرُّوم,Ar-Rūm,وَعْدَ اَ۬للَّهِ لَا يُخْلِفُ اُ۬للَّهُ وَعْدَهُۥۖ وَلَٰكِنَّ أَكْثَرَ اَ۬لنَّاسِ لَا يَعْلَمُونَۖ ﰄ
3411,30,6,21,405,الرُّوم,Ar-Rūm,يَعْلَمُونَ ظَٰهِراٗ مِّنَ اَ۬لْحَيَوٰةِ اِ۬لدُّنْي۪ا وَهُمْ عَنِ اِ۬لَاخِرَةِ هُمْ غَٰفِلُونَۖ ﰅ
3412,30,7,21,405,الرُّوم,Ar-Rūm,أَوَلَمْ يَتَفَكَّرُواْ فِےٓ أَنفُسِهِمۖ مَّا خَلَقَ اَ۬للَّهُ اُ۬لسَّمَٰوَٰتِ وَالَارْضَ وَمَا بَيْنَهُمَآ إِلَّا بِالْحَقِّ وَأَجَلٖ مُّسَمّىٗۖ وَإِنَّ كَثِيراٗ مِّنَ اَ۬لنَّاسِ بِلِقَآءِ رَبِّهِمْ لَكَٰفِرُونَۖ ﰆ
3413,30,8,21,405,الرُّوم,Ar-Rūm,۞ أَوَلَمْ يَسِيرُواْ فِے اِ۬لَارْضِ فَيَنظُرُواْ كَيْفَ كَانَ عَٰقِبَةُ اُ۬لذِينَ مِن قَبْلِهِمْ كَانُوٓاْ أَشَدَّ مِنْهُمْ قُوَّةٗ وَأَثَارُواْ اُ۬لَارْضَۖ وَعَمَرُوهَآ أَكْثَرَ مِمَّا عَمَرُوهَا وَجَآءَتْهُمْ رُسُلُهُم بِالْبَيِّنَٰتِۖ فَمَا كَانَ اَ۬للَّهُ لِيَظْلِمَهُمْۖ وَلَٰكِن كَانُوٓاْ أَنفُسَهُمْ يَظْلِمُونَۖ ﰇ
3414,30,9,21,405,الرُّوم,Ar-Rūm,ثُمَّ كَانَ عَٰقِبَةُ اُ۬لذِينَ أَسَٰٓـُٔواْ اُ۬لسُّوٓأ۪ىٰٓ أَن كَذَّبُواْ بِـَٔايَٰتِ اِ۬للَّهِ وَكَانُواْ بِهَا يَسْتَهْزِءُونَۖ ﰈ
3415,30,10,21,405,الرُّوم,Ar-Rūm,اَ۬للَّهُ يَبْدَؤُاْ اُ۬لْخَلْقَ ثُمَّ يُعِيدُهُۥ ثُمَّ إِلَيْهِ تُرْجَعُونَۖ ﰉ
3416,30,11,21,405,الرُّوم,Ar-Rūm,وَيَوْمَ تَقُومُ اُ۬لسَّاعَةُ يُبْلِسُ اُ۬لْمُجْرِمُونَ ﰊ
3417,30,12,21,405,الرُّوم,Ar-Rūm,وَلَمْ يَكُن لَّهُم مِّن شُرَكَآئِهِمْ شُفَعَٰٓؤُاْ وَكَانُواْ بِشُرَكَآئِهِمْ كٰ۪فِرِينَۖ ﰋ
3418,30,13,21,405,الرُّوم,Ar-Rūm,وَيَوْمَ تَقُومُ اُ۬لسَّاعَةُ يَوْمَئِذٖ يَتَفَرَّقُونَۖ ﰌ
3419,30,14,21,405,الرُّوم,Ar-Rūm,فَأَمَّا اَ۬لذِينَ ءَامَنُواْ وَعَمِلُواْ اُ۬لصَّٰلِحَٰتِ فَهُمْ فِے رَوْضَةٖ يُحْبَرُونَۖ ﰍ
3420,30,15,21,406,الرُّوم,Ar-Rūm,وَأَمَّا اَ۬لذِينَ كَفَرُواْ وَكَذَّبُواْ بِـَٔايَٰتِنَا وَلِقَآءِ اِ۬لَاخِرَةِ فَأُوْلَٰٓئِكَ فِے اِ۬لْعَذَابِ مُحْضَرُونَۖ ﰎ
3421,30,16,21,406,الرُّوم,Ar-Rūm,فَسُبْحَٰنَ اَ۬للَّهِ حِينَ تُمْسُونَ وَحِينَ تُصْبِحُونَ ﰏ
3422,30,17,21,406,الرُّوم,Ar-Rūm,وَلَهُ اُ۬لْحَمْدُ فِے اِ۬لسَّمَٰوَٰتِ وَالَارْضِ وَعَشِيّاٗ وَحِينَ تُظْهِرُونَۖ ﰐ
3423,30,18,21,406,الرُّوم,Ar-Rūm,يُخْرِجُ اُ۬لْحَيَّ مِنَ اَ۬لْمَيِّتِ وَيُخْرِجُ اُ۬لْمَيِّتَ مِنَ اَ۬لْحَيِّ وَيُحْيِ اِ۬لَارْضَ بَعْدَ مَوْتِهَاۖ وَكَذَٰلِكَ تُخْرَجُونَۖ ﰑ
3424,30,19,21,406,الرُّوم,Ar-Rūm,وَمِنَ اٰيَٰتِهِۦٓ أَنْ خَلَقَكُم مِّن تُرَابٖ ثُمَّ إِذَآ أَنتُم بَشَرٞ تَنتَشِرُونَۖ ﰒ
3425,30,20,21,406,الرُّوم,Ar-Rūm,وَمِنَ اٰيَٰتِهِۦٓ أَنْ خَلَقَ لَكُم مِّنَ اَنفُسِكُمُۥٓ أَزْوَٰجاٗ لِّتَسْكُنُوٓاْ إِلَيْهَا وَجَعَلَ بَيْنَكُم مَّوَدَّةٗ وَرَحْمَةًۖ اِنَّ فِے ذَٰلِكَ لَأٓيَٰتٖ لِّقَوْمٖ يَتَفَكَّرُونَۖ ﰓ
3426,30,21,21,406,الرُّوم,Ar-Rūm,۞ وَمِنَ اٰيَٰتِهِۦ خَلْقُ اُ۬لسَّمَٰوَٰتِ وَالَارْضِ وَاخْتِلَٰفُ أَلْسِنَتِكُمْ وَأَلْوَٰنِكُمُۥٓۖ إِنَّ فِے ذَٰلِكَ لَأٓيَٰتٖ لِّلْعَٰلَمِينَۖ ﰔ
3427,30,22,21,406,الرُّوم,Ar-Rūm,وَمِنَ اٰيَٰتِهِۦ مَنَامُكُم بِاليْلِ وَالنَّه۪ارِ وَابْتِغَآؤُكُم مِّن فَضْلِهِۦٓۖ إِنَّ فِے ذَٰلِكَ لَأٓيَٰتٖ لِّقَوْمٖ يَسْمَعُونَۖ ﰕ
3428,30,23,21,406,الرُّوم,Ar-Rūm,وَمِنَ اٰيَٰتِهِۦ يُرِيكُمُ اُ۬لْبَرْقَ خَوْفاٗ وَطَمَعاٗ وَيُنَزِّلُ مِنَ اَ۬لسَّمَآءِ مَآءٗ فَيُحْيِۦ بِهِ اِ۬لَارْضَ بَعْدَ مَوْتِهَآۖ إِنَّ فِے ذَٰلِكَ لَأٓيَٰتٖ لِّقَوْمٖ يَعْقِلُونَۖ ﰖ
3429,30,24,21,407,الرُّوم,Ar-Rūm,وَمِنَ اٰيَٰتِهِۦٓ أَن تَقُومَ اَ۬لسَّمَآءُ وَالَارْضُ بِأَمْرِهِۦۖ ثُمَّ إِذَا دَعَاكُمْ دَعْوَةٗ مِّنَ اَ۬لَارْضِ إِذَآ أَنتُمْ تَخْرُجُونَۖ ﰗ
3430,30,25,21,407,الرُّوم,Ar-Rūm,وَلَهُۥ مَن فِے اِ۬لسَّمَٰوَٰتِ وَالَارْضِۖ كُلّٞ لَّهُۥ قَٰنِتُونَۖ ﰘ
3431,30,26,21,407,الرُّوم,Ar-Rūm,وَهُوَ اَ۬لذِے يَبْدَؤُاْ اُ۬لْخَلْقَ ثُمَّ يُعِيدُهُۥ وَهُوَ أَهْوَنُ عَلَيْهِۖ وَلَهُ اُ۬لْمَثَلُ اُ۬لَاعْل۪ىٰ فِے اِ۬لسَّمَٰوَٰتِ وَالَارْضِۖ وَهُوَ اَ۬لْعَزِيزُ اُ۬لْحَكِيمُۖ ﰙ
3432,30,27,21,407,الرُّوم,Ar-Rūm,ضَرَبَ لَكُم مَّثَلاٗ مِّنَ اَنفُسِكُمْ هَل لَّكُم مِّن مَّا مَلَكَتَ اَيْمَٰنُكُم مِّن شُرَكَآءَ فِے مَا رَزَقْنَٰكُمْ فَأَنتُمْ فِيهِ سَوَآءٞ تَخَافُونَهُمْ كَخِيفَتِكُمُۥٓ أَنفُسَكُمْۖ كَذَٰلِكَ نُفَصِّلُ اُ۬لَايَٰتِ لِقَوْمٖ يَعْقِلُونَۖ ﰚ
3433,30,28,21,407,الرُّوم,Ar-Rūm,بَلِ اِ۪تَّبَعَ اَ۬لذِينَ ظَلَمُوٓاْ أَهْوَآءَهُم بِغَيْرِ عِلْمٖۖ فَمَنْ يَّهْدِے مَنَ اَضَلَّ اَ۬للَّهُۖ وَمَا لَهُم مِّن نَّٰصِرِينَۖ ﰛ
3434,30,29,21,407,الرُّوم,Ar-Rūm,۞ فَأَقِمْ وَجْهَكَ لِلدِّينِ حَنِيفاٗ فِطْرَتَ اَ۬للَّهِ اِ۬لتِے فَطَرَ اَ۬لنَّاسَ عَلَيْهَا لَا تَبْدِيلَ لِخَلْقِ اِ۬للَّهِ ذَٰلِكَ اَ۬لدِّينُ اُ۬لْقَيِّمُ وَلَٰكِنَّ أَكْثَرَ اَ۬لنَّاسِ لَا يَعْلَمُونَ ﰜ
3435,30,30,21,407,الرُّوم,Ar-Rūm,مُنِيبِينَ إِلَيْهِ وَاتَّقُوهُ وَأَقِيمُواْ اُ۬لصَّلَوٰةَ وَلَا تَكُونُواْ مِنَ اَ۬لْمُشْرِكِينَ ﰝ
3436,30,31,21,407,الرُّوم,Ar-Rūm,مِنَ اَ۬لذِينَ فَرَّقُواْ دِينَهُمْ وَكَانُواْ شِيَعاٗۖ كُلُّ حِزْبِۢ بِمَا لَدَيْهِمْ فَرِحُونَۖ ﰞ
3437,30,32,21,408,الرُّوم,Ar-Rūm,وَإِذَا مَسَّ اَ۬لنَّاسَ ضُرّٞ دَعَوْاْ رَبَّهُم مُّنِيبِينَ إِلَيْهِۖ ثُمَّ إِذَآ أَذَاقَهُم مِّنْهُ رَحْمَةً اِذَا فَرِيقٞ مِّنْهُم بِرَبِّهِمْ يُشْرِكُونَۖ ﰟ
3438,30,33,21,408,الرُّوم,Ar-Rūm,لِيَكْفُرُواْ بِمَآ ءَاتَيْنَٰهُمْۖ فَتَمَتَّعُواْ فَسَوْفَ تَعْلَمُونَۖ ﰠ
3439,30,34,21,408,الرُّوم,Ar-Rūm,أَمَ اَنزَلْنَا عَلَيْهِمْ سُلْطَٰناٗ فَهُوَ يَتَكَلَّمُ بِمَا كَانُواْ بِهِۦ يُشْرِكُونَۖ ﰡ
3440,30,35,21,408,الرُّوم,Ar-Rūm,وَإِذَآ أَذَقْنَا اَ۬لنَّاسَ رَحْمَةٗ فَرِحُواْ بِهَاۖ وَإِن تُصِبْهُمْ سَيِّئَةُۢ بِمَا قَدَّمَتَ اَيْدِيهِمُۥٓ إِذَا هُمْ يَقْنَطُونَۖ ﰢ
3441,30,36,21,408,الرُّوم,Ar-Rūm,أَوَلَمْ يَرَوَاْ اَنَّ اَ۬للَّهَ يَبْسُطُ اُ۬لرِّزْقَ لِمَنْ يَّشَآءُ وَيَقْدِرُۖ إِنَّ فِے ذَٰلِكَ لَأٓيَٰتٖ لِّقَوْمٖ يُومِنُونَۖ ﰣ
3442,30,37,21,408,الرُّوم,Ar-Rūm,فَـَٔاتِ ذَا اَ۬لْقُرْب۪ىٰ حَقَّهُۥ وَالْمِسْكِينَ وَابْنَ اَ۬لسَّبِيلِۖ ذَٰلِكَ خَيْرٞ لِّلذِينَ يُرِيدُونَ وَجْهَ اَ۬للَّهِۖ وَأُوْلَٰٓئِكَ هُمُ اُ۬لْمُفْلِحُونَۖ ﰤ
3443,30,38,21,408,الرُّوم,Ar-Rūm,وَمَآ ءَاتَيْتُم مِّن رِّباٗ لِّتُرْبُواْ فِےٓ أَمْوَٰلِ اِ۬لنَّاسِ فَلَا يَرْبُواْ عِندَ اَ۬للَّهِۖ وَمَآ ءَاتَيْتُم مِّن زَكَوٰةٖ تُرِيدُونَ وَجْهَ اَ۬للَّهِ فَأُوْلَٰٓئِكَ هُمُ اُ۬لْمُضْعِفُونَۖ ﰥ
3444,30,39,21,408,الرُّوم,Ar-Rūm,اَ۬للَّهُ اُ۬لذِے خَلَقَكُمْ ثُمَّ رَزَقَكُمْ ثُمَّ يُمِيتُكُمْ ثُمَّ يُحْيِيكُمْۖ هَلْ مِن شُرَكَآئِكُم مَّنْ يَّفْعَلُ مِن ذَٰلِكُم مِّن شَےْءٖۖ سُبْحَٰنَهُۥ وَتَعَٰل۪ىٰ عَمَّا يُشْرِكُونَۖ ﰦ
3445,30,40,21,408,الرُّوم,Ar-Rūm,۞ ظَهَرَ اَ۬لْفَسَادُ فِے اِ۬لْبَرِّ وَالْبَحْرِ بِمَا كَسَبَتَ اَيْدِے اِ۬لنَّاسِ لِيُذِيقَهُم بَعْضَ اَ۬لذِے عَمِلُواْ لَعَلَّهُمْ يَرْجِعُونَۖ ﰧ
3446,30,41,21,409,الرُّوم,Ar-Rūm,قُلْ سِيرُواْ فِے اِ۬لَارْضِ فَانظُرُواْ كَيْفَ كَانَ عَٰقِبَةُ اُ۬لذِينَ مِن قَبْلُۖ كَانَ أَكْثَرُهُم مُّشْرِكِينَۖ ﰨ
3447,30,42,21,409,الرُّوم,Ar-Rūm,فَأَقِمْ وَجْهَكَ لِلدِّينِ اِ۬لْقَيِّمِ مِن قَبْلِ أَنْ يَّاتِيَ يَوْمٞ لَّا مَرَدَّ لَهُۥ مِنَ اَ۬للَّهِۖ يَوْمَئِذٖ يَصَّدَّعُونَۖ ﰩ
3448,30,43,21,409,الرُّوم,Ar-Rūm,مَن كَفَرَ فَعَلَيْهِ كُفْرُهُۥۖ وَمَنْ عَمِلَ صَٰلِحاٗ فَلِأَنفُسِهِمْ يَمْهَدُونَ ﰪ
3449,30,44,21,409,الرُّوم,Ar-Rūm,لِيَجْزِيَ اَ۬لذِينَ ءَامَنُواْ وَعَمِلُواْ اُ۬لصَّٰلِحَٰتِ مِن فَضْلِهِۦٓۖ إِنَّهُۥ لَا يُحِبُّ اُ۬لْكٰ۪فِرِينَۖ ﰫ
3450,30,45,21,409,الرُّوم,Ar-Rūm,وَمِنَ اٰيَٰتِهِۦٓ أَنْ يُّرْسِلَ اَ۬لرِّيَاحَ مُبَشِّرَٰتٖ وَلِيُذِيقَكُم مِّن رَّحْمَتِهِۦ وَلِتَجْرِيَ اَ۬لْفُلْكُ بِأَمْرِهِۦ وَلِتَبْتَغُواْ مِن فَضْلِهِۦ وَلَعَلَّكُمْ تَشْكُرُونَۖ ﰬ
3451,30,46,21,409,الرُّوم,Ar-Rūm,وَلَقَدَ اَرْسَلْنَا مِن قَبْلِكَ رُسُلاً اِلَىٰ قَوْمِهِمْ فَجَآءُوهُم بِالْبَيِّنَٰتِ فَانتَقَمْنَا مِنَ اَ۬لذِينَ أَجْرَمُواْۖ وَكَانَ حَقّاً عَلَيْنَا نَصْرُ اُ۬لْمُومِنِينَۖ ﰭ
3452,30,47,21,409,الرُّوم,Ar-Rūm,اَ۬للَّهُ اُ۬لذِے يُرْسِلُ اُ۬لرِّيَٰحَ فَتُثِيرُ سَحَاباٗ فَيَبْسُطُهُۥ فِے اِ۬لسَّمَآءِ كَيْفَ يَشَآءُ وَيَجْعَلُهُۥ كِسَفاٗ فَتَرَى اَ۬لْوَدْقَ يَخْرُجُ مِنْ خِلَٰلِهِۦۖ فَإِذَآ أَصَابَ بِهِۦ مَنْ يَّشَآءُ مِنْ عِبَادِهِۦٓ إِذَا هُمْ يَسْتَبْشِرُونَۖ ﰮ
3453,30,48,21,409,الرُّوم,Ar-Rūm,وَإِن كَانُواْ مِن قَبْلِ أَنْ يُّنَزَّلَ عَلَيْهِم مِّن قَبْلِهِۦ لَمُبْلِسِينَۖ ﰯ
3454,30,49,21,409,الرُّوم,Ar-Rūm,فَانظُرِ اِلَىٰٓ أَثَرِ رَحْمَتِ اِ۬للَّهِ كَيْفَ يُحْيِ اِ۬لَارْضَ بَعْدَ مَوْتِهَآۖ إِنَّ ذَٰلِكَ لَمُحْيِ اِ۬لْمَوْت۪ىٰۖ وَهُوَ عَلَىٰ كُلِّ شَےْءٖ قَدِيرٞۖ ﰰ
3455,30,50,21,410,الرُّوم,Ar-Rūm,وَلَئِنَ اَرْسَلْنَا رِيحاٗ فَرَأَوْهُ مُصْفَرّاٗ لَّظَلُّواْ مِنۢ بَعْدِهِۦ يَكْفُرُونَۖ ﰱ
3456,30,51,21,410,الرُّوم,Ar-Rūm,فَإِنَّكَ لَا تُسْمِعُ اُ۬لْمَوْت۪ىٰ وَلَا تُسْمِعُ اُ۬لصُّمَّ اَ۬لدُّعَآءَ ا۪ذَا وَلَّوْاْ مُدْبِرِينَۖ ﰲ
3457,30,52,21,410,الرُّوم,Ar-Rūm,وَمَآ أَنتَ بِهَٰدِ اِ۬لْعُمْيِ عَن ضَلَٰلَتِهِمُۥٓۖ إِن تُسْمِعُ إِلَّا مَنْ يُّومِنُ بِـَٔايَٰتِنَا فَهُم مُّسْلِمُونَۖ ﰳ
3458,30,53,21,410,الرُّوم,Ar-Rūm,۞ اَ۬للَّهُ اُ۬لذِے خَلَقَكُم مِّن ضُعْفٖ ثُمَّ جَعَلَ مِنۢ بَعْدِ ضُعْفٖ قُوَّةٗ ثُمَّ جَعَلَ مِنۢ بَعْدِ قُوَّةٖ ضُعْفاٗ وَشَيْبَةٗۖ يَخْلُقُ مَا يَشَآءُۖ وَهُوَ اَ۬لْعَلِيمُ اُ۬لْقَدِيرُۖ ﰴ
3459,30,54,21,410,الرُّوم,Ar-Rūm,وَيَوْمَ تَقُومُ اُ۬لسَّاعَةُ يُقْسِمُ اُ۬لْمُجْرِمُونَ مَا لَبِثُواْ غَيْرَ سَاعَةٖۖ كَذَٰلِكَ كَانُواْ يُوفَكُونَۖ ﰵ
3460,30,55,21,410,الرُّوم,Ar-Rūm,وَقَالَ اَ۬لذِينَ أُوتُواْ اُ۬لْعِلْمَ وَالِايمَٰنَ لَقَدْ لَبِثْتُمْ فِے كِتَٰبِ اِ۬للَّهِ إِلَىٰ يَوْمِ اِ۬لْبَعْثِۖ فَهَٰذَا يَوْمُ اُ۬لْبَعْثِ وَلَٰكِنَّكُمْ كُنتُمْ لَا تَعْلَمُونَۖ ﰶ
3461,30,56,21,410,الرُّوم,Ar-Rūm,فَيَوْمَئِذٖ لَّا تَنفَعُ اُ۬لذِينَ ظَلَمُواْ مَعْذِرَتُهُمْ وَلَا هُمْ يُسْتَعْتَبُونَۖ ﰷ
3462,30,57,21,410,الرُّوم,Ar-Rūm,وَلَقَد ضَّرَبْنَا لِلنَّاسِ فِے هَٰذَا اَ۬لْقُرْءَانِ مِن كُلِّ مَثَلٖۖ وَلَئِن جِئْتَهُم بِـَٔايَةٖ لَّيَقُولَنَّ اَ۬لذِينَ كَفَرُوٓاْ إِنَ اَنتُمُۥٓ إِلَّا مُبْطِلُونَۖ ﰸ
3463,30,58,21,410,الرُّوم,Ar-Rūm,كَذَٰلِكَ يَطْبَعُ اُ۬للَّهُ عَلَىٰ قُلُوبِ اِ۬لذِينَ لَا يَعْلَمُونَۖ ﰹ
3464,30,59,21,410,الرُّوم,Ar-Rūm,فَاصْبِرِۖ اِنَّ وَعْدَ اَ۬للَّهِ حَقّٞۖ وَلَا يَسْتَخِفَّنَّكَ اَ۬لذِينَ لَا يُوقِنُونَۖ ﰺ
3465,31,1,21,411,لُقمَان,Luqmān,أَلَٓمِّٓۖ تِلْكَ ءَايَٰتُ اُ۬لْكِتَٰبِ اِ۬لْحَكِيمِ ﰀ
3466,31,2,21,411,لُقمَان,Luqmān,هُدىٗ وَرَحْمَةٗ لِّلْمُحْسِنِينَ ﰁ
3467,31,3,21,411,لُقمَان,Luqmān,اَ۬لذِينَ يُقِيمُونَ اَ۬لصَّلَوٰةَ وَيُوتُونَ اَ۬لزَّكَوٰةَ وَهُم بِالَاخِرَةِ هُمْ يُوقِنُونَۖ ﰂ
3468,31,4,21,411,لُقمَان,Luqmān,أُوْلَٰٓئِكَ عَلَىٰ هُدىٗ مِّن رَّبِّهِمْۖ وَأُوْلَٰٓئِكَ هُمُ اُ۬لْمُفْلِحُونَۖ ﰃ
3469,31,5,21,411,لُقمَان,Luqmān,وَمِنَ اَ۬لنَّاسِ مَنْ يَّشْتَرِے لَهْوَ اَ۬لْحَدِيثِ لِيُضِلَّ عَن سَبِيلِ اِ۬للَّهِ بِغَيْرِ عِلْمٖ وَيَتَّخِذُهَا هُزُؤاًۖ ا۟وْلَٰٓئِكَ لَهُمْ عَذَابٞ مُّهِينٞۖ ﰄ
3470,31,6,21,411,لُقمَان,Luqmān,وَإِذَا تُتْل۪ىٰ عَلَيْهِ ءَايَٰتُنَا وَلّ۪ىٰ مُسْتَكْبِراٗ كَأَن لَّمْ يَسْمَعْهَا كَأَنَّ فِےٓ أُذْنَيْهِ وَقْراٗۖ فَبَشِّرْهُ بِعَذَابٍ اَلِيمٍۖ ﰅ
3471,31,7,21,411,لُقمَان,Luqmān,اِنَّ اَ۬لذِينَ ءَامَنُواْ وَعَمِلُواْ اُ۬لصَّٰلِحَٰتِ لَهُمْ جَنَّٰتُ اُ۬لنَّعِيمِ ﰆ
3472,31,8,21,411,لُقمَان,Luqmān,خَٰلِدِينَ فِيهَاۖ وَعْدَ اَ۬للَّهِ حَقّاٗۖ وَهُوَ اَ۬لْعَزِيزُ اُ۬لْحَكِيمُۖ ﰇ
3473,31,9,21,411,لُقمَان,Luqmān,خَلَقَ اَ۬لسَّمَٰوَٰتِ بِغَيْرِ عَمَدٖۖ تَرَوْنَهَاۖ وَأَلْق۪ىٰ فِے اِ۬لَارْضِ رَوَٰسِيَ أَن تَمِيدَ بِكُمْ وَبَثَّ فِيهَا مِن كُلِّ دَآبَّةٖۖ وَأَنزَلْنَا مِنَ اَ۬لسَّمَآءِ مَآءٗ فَأَنۢبَتْنَا فِيهَا مِن كُلِّ زَوْجٖ كَرِيمٍۖ ﰈ
3474,31,10,21,411,لُقمَان,Luqmān,۞ هَٰذَا خَلْقُ اُ۬للَّهِۖ فَأَرُونِے مَاذَا خَلَقَ اَ۬لذِينَ مِن دُونِهِۦۖ بَلِ اِ۬لظَّٰلِمُونَ فِے ضَلَٰلٖ مُّبِينٖۖ ﰉ
3475,31,11,21,412,لُقمَان,Luqmān,وَلَقَدَ اٰتَيْنَا لُقْمَٰنَ اَ۬لْحِكْمَةَ أَنُ اُ۟شْكُرْ لِلهِۖ وَمَنْ يَّشْكُرْ فَإِنَّمَا يَشْكُرُ لِنَفْسِهِۦۖ وَمَن كَفَرَ فَإِنَّ اَ۬للَّهَ غَنِيٌّ حَمِيدٞۖ ﰊ
3476,31,12,21,412,لُقمَان,Luqmān,وَإِذْ قَالَ لُقْمَٰنُ لِابْنِهِۦ وَهُوَ يَعِظُهُۥ يَٰبُنَيِّ لَا تُشْرِكْ بِاللَّهِۖ إِنَّ اَ۬لشِّرْكَ لَظُلْمٌ عَظِيمٞۖ ﰋ
3477,31,13,21,412,لُقمَان,Luqmān,وَوَصَّيْنَا اَ۬لِانسَٰنَ بِوَٰلِدَيْهِۖ حَمَلَتْهُ أُمُّهُۥ وَهْناً عَلَىٰ وَهْنٖۖ وَفِصَٰلُهُۥ فِے عَامَيْنِۖ أَنُ اُ۟شْكُرْ لِے وَلِوَٰلِدَيْكَۖ إِلَيَّ اَ۬لْمَصِيرُۖ ﰌ
3478,31,14,21,412,لُقمَان,Luqmān,وَإِن جَٰهَدَٰكَ عَلَىٰٓ أَن تُشْرِكَ بِے مَا لَيْسَ لَكَ بِهِۦ عِلْمٞ فَلَا تُطِعْهُمَاۖ وَصَاحِبْهُمَا فِے اِ۬لدُّنْي۪ا مَعْرُوفاٗۖ وَاتَّبِعْ سَبِيلَ مَنَ اَنَابَ إِلَيَّۖ ثُمَّ إِلَيَّ مَرْجِعُكُمْ فَأُنَبِّئُكُم بِمَا كُنتُمْ تَعْمَلُونَۖ ﰍ
3479,31,15,21,412,لُقمَان,Luqmān,يَٰبُنَيِّ إِنَّهَآ إِن تَكُ مِثْقَالُ حَبَّةٖ مِّنْ خَرْدَلٖ فَتَكُن فِے صَخْرَةٍ اَوْ فِے اِ۬لسَّمَٰوَٰتِ أَوْ فِے اِ۬لَارْضِ يَاتِ بِهَا اَ۬للَّهُۖ إِنَّ اَ۬للَّهَ لَطِيفٌ خَبِيرٞۖ ﰎ
3480,31,16,21,412,لُقمَان,Luqmān,يَٰبُنَيِّ أَقِمِ اِ۬لصَّلَوٰةَۖ وَامُرْ بِالْمَعْرُوفِۖ وَانْهَ عَنِ اِ۬لْمُنكَرِۖ وَاصْبِرْ عَلَىٰ مَآ أَصَابَكَۖ إِنَّ ذَٰلِكَ مِنْ عَزْمِ اِ۬لُامُورِۖ ﰏ
3481,31,17,21,412,لُقمَان,Luqmān,وَلَا تُصَٰعِرْ خَدَّكَ لِلنَّاسِۖ وَلَا تَمْشِ فِے اِ۬لَارْضِ مَرَحاًۖ اِنَّ اَ۬للَّهَ لَا يُحِبُّ كُلَّ مُخْتَالٖ فَخُورٖۖ ﰐ
3482,31,18,21,412,لُقمَان,Luqmān,وَاقْصِدْ فِے مَشْيِكَۖ وَاغْضُضْ مِن صَوْتِكَۖ إِنَّ أَنكَرَ اَ۬لَاصْوَٰتِ لَصَوْتُ اُ۬لْحَمِيرِۖ ﰑ
3483,31,19,21,413,لُقمَان,Luqmān,أَلَمْ تَرَوَاْ اَنَّ اَ۬للَّهَ سَخَّرَ لَكُم مَّا فِے اِ۬لسَّمَٰوَٰتِ وَمَا فِے اِ۬لَارْضِ وَأَسْبَغَ عَلَيْكُمْ نِعَمَهُۥ ظَٰهِرَةٗ وَبَاطِنَةٗۖ وَمِنَ اَ۬لنَّاسِ مَنْ يُّجَٰدِلُ فِے اِ۬للَّهِ بِغَيْرِ عِلْمٖ وَلَا هُدىٗ وَلَا كِتَٰبٖ مُّنِيرٖۖ ﰒ
3484,31,20,21,413,لُقمَان,Luqmān,وَإِذَا قِيلَ لَهُمُ اُ۪تَّبِعُواْ مَآ أَنزَلَ اَ۬للَّهُ قَالُواْ بَلْ نَتَّبِعُ مَا وَجَدْنَا عَلَيْهِ ءَابَآءَنَآۖ أَوَلَوْ كَانَ اَ۬لشَّيْطَٰنُ يَدْعُوهُمُۥٓ إِلَىٰ عَذَابِ اِ۬لسَّعِيرِۖ ﰓ
3485,31,21,21,413,لُقمَان,Luqmān,۞ وَمَنْ يُّسْلِمْ وَجْهَهُۥٓ إِلَى اَ۬للَّهِ وَهُوَ مُحْسِنٞ فَقَدِ اِ۪سْتَمْسَكَ بِالْعُرْوَةِ اِ۬لْوُثْق۪ىٰۖ وَإِلَى اَ۬للَّهِ عَٰقِبَةُ اُ۬لُامُورِۖ ﰔ
3486,31,22,21,413,لُقمَان,Luqmān,وَمَن كَفَرَ فَلَا يُحْزِنكَ كُفْرُهُۥٓۖ إِلَيْنَا مَرْجِعُهُمْ فَنُنَبِّئُهُم بِمَا عَمِلُوٓاْۖ إِنَّ اَ۬للَّهَ عَلِيمُۢ بِذَاتِ اِ۬لصُّدُورِۖ ﰕ
3487,31,23,21,413,لُقمَان,Luqmān,نُمَتِّعُهُمْ قَلِيلاٗ ثُمَّ نَضْطَرُّهُمُۥٓ إِلَىٰ عَذَابٍ غَلِيظٖۖ ﰖ
3488,31,24,21,413,لُقمَان,Luqmān,وَلَئِن سَأَلْتَهُم مَّنْ خَلَقَ اَ۬لسَّمَٰوَٰتِ وَالَارْضَ لَيَقُولُنَّ اَ۬للَّهُۖ قُلِ اِ۬لْحَمْدُ لِلهِۖ بَلَ اَكْثَرُهُمْ لَا يَعْلَمُونَۖ ﰗ
3489,31,25,21,413,لُقمَان,Luqmān,لِلهِ مَا فِے اِ۬لسَّمَٰوَٰتِ وَالَارْضِۖ إِنَّ اَ۬للَّهَ هُوَ اَ۬لْغَنِيُّ اُ۬لْحَمِيدُۖ ﰘ
3490,31,26,21,413,لُقمَان,Luqmān,وَلَوَ اَنَّمَا فِے اِ۬لَارْضِ مِن شَجَرَةٍ اَقْلَٰمٞ وَالْبَحْرُ يَمُدُّهُۥ مِنۢ بَعْدِهِۦ سَبْعَةُ أَبْحُرٖ مَّا نَفِدَتْ كَلِمَٰتُ اُ۬للَّهِۖ إِنَّ اَ۬للَّهَ عَزِيزٌ حَكِيمٞۖ ﰙ
3491,31,27,21,413,لُقمَان,Luqmān,مَّا خَلْقُكُمْ وَلَا بَعْثُكُمُۥٓ إِلَّا كَنَفْسٖ وَٰحِدَةٍۖ اِنَّ اَ۬للَّهَ سَمِيعُۢ بَصِيرٌۖ ﰚ
3492,31,28,21,414,لُقمَان,Luqmān,اَلَمْ تَرَ أَنَّ اَ۬للَّهَ يُولِجُ اُ۬ليْلَ فِے اِ۬لنَّه۪ارِ وَيُولِجُ اُ۬لنَّهَارَ فِے اِ۬ليْلِ وَسَخَّرَ اَ۬لشَّمْسَ وَالْقَمَرَ كُلّٞ يَجْرِےٓ إِلَىٰٓ أَجَلٖ مُّسَمّىٗ وَأَنَّ اَ۬للَّهَ بِمَا تَعْمَلُونَ خَبِيرٞۖ ﰛ
3493,31,29,21,414,لُقمَان,Luqmān,ذَٰلِكَ بِأَنَّ اَ۬للَّهَ هُوَ اَ۬لْحَقُّ وَأَنَّ مَا تَدْعُونَ مِن دُونِهِ اِ۬لْبَٰطِلُ وَأَنَّ اَ۬للَّهَ هُوَ اَ۬لْعَلِيُّ اُ۬لْكَبِيرُۖ ﰜ
3494,31,30,21,414,لُقمَان,Luqmān,أَلَمْ تَرَ أَنَّ اَ۬لْفُلْكَ تَجْرِے فِے اِ۬لْبَحْرِ بِنِعْمَتِ اِ۬للَّهِ لِيُرِيَكُم مِّنَ اٰيَٰتِهِۦٓۖ إِنَّ فِے ذَٰلِكَ لَأٓيَٰتٖ لِّكُلِّ صَبّ۪ارٖ شَكُورٖۖ ﰝ
3495,31,31,21,414,لُقمَان,Luqmān,وَإِذَا غَشِيَهُم مَّوْجٞ كَالظُّلَلِ دَعَوُاْ اُ۬للَّهَ مُخْلِصِينَ لَهُ اُ۬لدِّينَۖ فَلَمَّا نَجّ۪يٰهُمُۥٓ إِلَى اَ۬لْبَرِّ فَمِنْهُم مُّقْتَصِدٞۖ وَمَا يَجْحَدُ بِـَٔايَٰتِنَآ إِلَّا كُلُّ خَتّ۪ارٖ كَفُورٖۖ ﰞ
3496,31,32,21,414,لُقمَان,Luqmān,۞ يَٰٓأَيُّهَا اَ۬لنَّاسُ اُ۪تَّقُواْ رَبَّكُمْ وَاخْشَوْاْ يَوْماٗ لَّا يَجْزِے وَالِدٌ عَنْ وَّلَدِهِۦ وَلَا مَوْلُودٌ هُوَ جَازٍ عَنْ وَّالِدِهِۦ شَئْاًۖ اِنَّ وَعْدَ اَ۬للَّهِ حَقّٞۖ فَلَا تَغُرَّنَّكُمُ اُ۬لْحَيَوٰةُ اُ۬لدُّنْي۪اۖ وَلَا يَغُرَّنَّكُم بِاللَّهِ اِ۬لْغَرُورُۖ ﰟ
3497,31,33,21,414,لُقمَان,Luqmān,إِنَّ اَ۬للَّهَ عِندَهُۥ عِلْمُ اُ۬لسَّاعَةِۖ وَيُنَزِّلُ اُ۬لْغَيْثَۖ وَيَعْلَمُ مَا فِے اِ۬لَارْحَامِۖ وَمَا تَدْرِے نَفْسٞ مَّاذَا تَكْسِبُ غَداٗۖ وَمَا تَدْرِے نَفْسُۢ بِأَيِّ أَرْضٖ تَمُوتُۖ إِنَّ اَ۬للَّهَ عَلِيمٌ خَبِيرٌۖ ﰠ
3498,32,1,21,415,السَّجدة,As-Sajdah,اَلَٓمِّٓۖ تَنزِيلُ اُ۬لْكِتَٰبِ لَا رَيْبَ فِيهِ مِن رَّبِّ اِ۬لْعَٰلَمِينَۖ ﰀ
3499,32,2,21,415,السَّجدة,As-Sajdah,أَمْ يَقُولُونَ اَ۪فْتَر۪يٰهُۖ بَلْ هُوَ اَ۬لْحَقُّ مِن رَّبِّكَ لِتُنذِرَ قَوْماٗ مَّآ أَت۪يٰهُم مِّن نَّذِيرٖ مِّن قَبْلِكَ لَعَلَّهُمْ يَهْتَدُونَۖ ﰁ
3500,32,3,21,415,السَّجدة,As-Sajdah,اَ۬للَّهُ اُ۬لذِے خَلَقَ اَ۬لسَّمَٰوَٰتِ وَالَارْضَ وَمَا بَيْنَهُمَا فِے سِتَّةِ أَيَّامٖ ثُمَّ اَ۪سْتَو۪ىٰ عَلَى اَ۬لْعَرْشِۖ مَا لَكُم مِّن دُونِهِۦ مِنْ وَّلِيّٖ وَلَا شَفِيعٍۖ اَفَلَا تَتَذَكَّرُونَۖ ﰂ
3501,32,4,21,415,السَّجدة,As-Sajdah,يُدَبِّرُ اُ۬لَامْرَ مِنَ اَ۬لسَّمَآءِ الَى اَ۬لَارْضِ ثُمَّ يَعْرُجُ إِلَيْهِ فِے يَوْمٖ كَانَ مِقْدَارُهُۥٓ أَلْفَ سَنَةٖ مِّمَّا تَعُدُّونَۖ ﰃ
3502,32,5,21,415,السَّجدة,As-Sajdah,ذَٰلِكَ عَٰلِمُ اُ۬لْغَيْبِ وَالشَّهَٰدَةِ اِ۬لْعَزِيزُ اُ۬لرَّحِيمُۖ ﰄ
3503,32,6,21,415,السَّجدة,As-Sajdah,اُ۬لذِےٓ أَحْسَنَ كُلَّ شَےْءٍ خَلَقَهُۥ وَبَدَأَ خَلْقَ اَ۬لِانسَٰنِ مِن طِينٖۖ ﰅ
3504,32,7,21,415,السَّجدة,As-Sajdah,ثُمَّ جَعَلَ نَسْلَهُۥ مِن سُلَٰلَةٖ مِّن مَّآءٖ مَّهِينٖۖ ﰆ
3505,32,8,21,415,السَّجدة,As-Sajdah,ثُمَّ سَوّ۪يٰهُ وَنَفَخَ فِيهِ مِن رُّوحِهِۦۖ وَجَعَلَ لَكُمُ اُ۬لسَّمْعَ وَالَابْصَٰرَ وَالَافْـِٕدَةَۖ قَلِيلاٗ مَّا تَشْكُرُونَۖ ﰇ
3506,32,9,21,415,السَّجدة,As-Sajdah,وَقَالُوٓاْ أَ۟ذَا ضَلَلْنَا فِے اِ۬لَارْضِ إِنَّا لَفِے خَلْقٖ جَدِيدِۢۖ ﰈ
3507,32,10,21,415,السَّجدة,As-Sajdah,بَلْ هُم بِلِقَآءِ رَبِّهِمْ كَٰفِرُونَۖ ﰉ
3508,32,11,21,415,السَّجدة,As-Sajdah,۞ قُلْ يَتَوَفّ۪يٰكُم مَّلَكُ اُ۬لْمَوْتِ اِ۬لذِے وُكِّلَ بِكُمْ ثُمَّ إِلَىٰ رَبِّكُمْ تُرْجَعُونَۖ ﰊ
3509,32,12,21,416,السَّجدة,As-Sajdah,وَلَوْ تَر۪ىٰٓ إِذِ اِ۬لْمُجْرِمُونَ نَاكِسُواْ رُءُوسِهِمْ عِندَ رَبِّهِمْ رَبَّنَآ أَبْصَرْنَا وَسَمِعْنَا فَارْجِعْنَا نَعْمَلْ صَٰلِحاً اِنَّا مُوقِنُونَۖ ﰋ
3510,32,13,21,416,السَّجدة,As-Sajdah,وَلَوْ شِئْنَا لَأٓتَيْنَا كُلَّ نَفْسٍ هُد۪يٰهَاۖ وَلَٰكِنْ حَقَّ اَ۬لْقَوْلُ مِنِّے لَأَمْلَأَنَّ جَهَنَّمَ مِنَ اَ۬لْجِنَّةِ وَالنَّاسِ أَجْمَعِينَۖ ﰌ
3511,32,14,21,416,السَّجدة,As-Sajdah,فَذُوقُواْ بِمَا نَسِيتُمْ لِقَآءَ يَوْمِكُمْ هَٰذَآ إِنَّا نَسِينَٰكُمْۖ وَذُوقُواْ عَذَابَ اَ۬لْخُلْدِ بِمَا كُنتُمْ تَعْمَلُونَۖ ﰍ
3512,32,15,21,416,السَّجدة,As-Sajdah,إِنَّمَا يُومِنُ بِـَٔايَٰتِنَا اَ۬لذِينَ إِذَا ذُكِّرُواْ بِهَا خَرُّواْ سُجَّداٗ وَسَبَّحُواْ بِحَمْدِ رَبِّهِمْ وَهُمْ لَا يَسْتَكْبِرُونَۖ۩ ﰎ
3513,32,16,21,416,السَّجدة,As-Sajdah,تَتَجَاف۪ىٰ جُنُوبُهُمْ عَنِ اِ۬لْمَضَاجِعِ يَدْعُونَ رَبَّهُمْ خَوْفاٗ وَطَمَعاٗ وَمِمَّا رَزَقْنَٰهُمْ يُنفِقُونَۖ ﰏ
3514,32,17,21,416,السَّجدة,As-Sajdah,فَلَا تَعْلَمُ نَفْسٞ مَّآ أُخْفِيَ لَهُم مِّن قُرَّةِ أَعْيُنٖ جَزَآءَۢ بِمَا كَانُواْ يَعْمَلُونَۖ ﰐ
3515,32,18,21,416,السَّجدة,As-Sajdah,أَفَمَن كَانَ مُومِناٗ كَمَن كَانَ فَاسِقاٗۖ لَّا يَسْتَوُۥنَۖ ﰑ
3516,32,19,21,416,السَّجدة,As-Sajdah,أَمَّا اَ۬لذِينَ ءَامَنُواْ وَعَمِلُواْ اُ۬لصَّٰلِحَٰتِ فَلَهُمْ جَنَّٰتُ اُ۬لْمَأْو۪ىٰ نُزُلاَۢ بِمَا كَانُواْ يَعْمَلُونَۖ ﰒ
3517,32,20,21,416,السَّجدة,As-Sajdah,وَأَمَّا اَ۬لذِينَ فَسَقُواْ فَمَأْو۪يٰهُمُ اُ۬لنَّارُۖ كُلَّمَآ أَرَادُوٓاْ أَنْ يَّخْرُجُواْ مِنْهَآ أُعِيدُواْ فِيهَا وَقِيلَ لَهُمْ ذُوقُواْ عَذَابَ اَ۬لنّ۪ارِ اِ۬لذِے كُنتُم بِهِۦ تُكَذِّبُونَۖ ﰓ
3518,32,21,21,417,السَّجدة,As-Sajdah,۞ وَلَنُذِيقَنَّهُم مِّنَ اَ۬لْعَذَابِ اِ۬لَادْن۪ىٰ دُونَ اَ۬لْعَذَابِ اِ۬لَاكْبَرِ لَعَلَّهُمْ يَرْجِعُونَۖ ﰔ
3519,32,22,21,417,السَّجدة,As-Sajdah,وَمَنَ اَظْلَمُ مِمَّن ذُكِّرَ بِـَٔايَٰتِ رَبِّهِۦ ثُمَّ أَعْرَضَ عَنْهَآۖ إِنَّا مِنَ اَ۬لْمُجْرِمِينَ مُنتَقِمُونَۖ ﰕ
3520,32,23,21,417,السَّجدة,As-Sajdah,وَلَقَدَ اٰتَيْنَا مُوسَى اَ۬لْكِتَٰبَۖ فَلَا تَكُن فِے مِرْيَةٖ مِّن لِّقَآئِهِۦۖ وَجَعَلْنَٰهُ هُدىٗ لِّبَنِےٓ إِسْرَآءِيلَۖ ﰖ
3521,32,24,21,417,السَّجدة,As-Sajdah,وَجَعَلْنَا مِنْهُمُۥٓ أَئِمَّةٗ يَهْدُونَ بِأَمْرِنَا لَمَّا صَبَرُواْۖ وَكَانُواْ بِـَٔايَٰتِنَا يُوقِنُونَۖ ﰗ
3522,32,25,21,417,السَّجدة,As-Sajdah,إِنَّ رَبَّكَ هُوَ يَفْصِلُ بَيْنَهُمْ يَوْمَ اَ۬لْقِيَٰمَةِ فِيمَا كَانُواْ فِيهِ يَخْتَلِفُونَۖ ﰘ
3523,32,26,21,417,السَّجدة,As-Sajdah,أَوَلَمْ يَهْدِ لَهُمْ كَمَ اَهْلَكْنَا مِن قَبْلِهِم مِّنَ اَ۬لْقُرُونِ يَمْشُونَ فِے مَسَٰكِنِهِمُۥٓۖ إِنَّ فِے ذَٰلِكَ لَأٓيَٰتٍۖ اَفَلَا يَسْمَعُونَۖ ﰙ
3524,32,27,21,417,السَّجدة,As-Sajdah,أَوَلَمْ يَرَوَاْ اَنَّا نَسُوقُ اُ۬لْمَآءَ ا۪لَى اَ۬لَارْضِ اِ۬لْجُرُزِ فَنُخْرِجُ بِهِۦ زَرْعاٗ تَاكُلُ مِنْهُ أَنْعَٰمُهُمْ وَأَنفُسُهُمُۥٓۖ أَفَلَا يُبْصِرُونَۖ ﰚ
3525,32,28,21,417,السَّجدة,As-Sajdah,وَيَقُولُونَ مَت۪ىٰ هَٰذَا اَ۬لْفَتْحُ إِن كُنتُمْ صَٰدِقِينَۖ ﰛ
3526,32,29,21,417,السَّجدة,As-Sajdah,قُلْ يَوْمَ اَ۬لْفَتْحِ لَا يَنفَعُ اُ۬لذِينَ كَفَرُوٓاْ إِيمَٰنُهُمْ وَلَا هُمْ يُنظَرُونَۖ ﰜ
3527,32,30,21,417,السَّجدة,As-Sajdah,فَأَعْرِضْ عَنْهُمْ وَانتَظِرِۖ اِنَّهُم مُّنتَظِرُونَۖ ﰝ
3528,33,1,21,418,الأحزَاب,Al-Aḥzāb,يَٰٓأَيُّهَا‏ اَ۬لنَّبِےٓءُ اُ۪تَّقِ اِ۬للَّهَۖ وَلَا تُطِعِ اِ۬لْكٰ۪فِرِينَ وَالْمُنَٰفِقِينَۖ إِنَّ اَ۬للَّهَ كَانَ عَلِيماً حَكِيماٗۖ ﰀ
3529,33,2,21,418,الأحزَاب,Al-Aḥzāb,وَاتَّبِعْ مَا يُوح۪ىٰٓ إِلَيْكَ مِن رَّبِّكَۖ إِنَّ اَ۬للَّهَ كَانَ بِمَا تَعْمَلُونَ خَبِيراٗۖ ﰁ
3530,33,3,21,418,الأحزَاب,Al-Aḥzāb,وَتَوَكَّلْ عَلَى اَ۬للَّهِۖ وَكَف۪ىٰ بِاللَّهِ وَكِيلاٗۖ ﰂ
3531,33,4,21,418,الأحزَاب,Al-Aḥzāb,مَّا جَعَلَ اَ۬للَّهُ لِرَجُلٖ مِّن قَلْبَيْنِ فِے جَوْفِهِۦۖ وَمَا جَعَلَ أَزْوَٰجَكُمُ اُ۬ل۪ےْ تَظَّهَّرُونَ مِنْهُنَّ أُمَّهَٰتِكُمْۖ وَمَا جَعَلَ أَدْعِيَآءَكُمُۥٓ أَبْنَآءَكُمْۖ ذَٰلِكُمْ قَوْلُكُم بِأَفْوَٰهِكُمْۖ وَاللَّهُ يَقُولُ اُ۬لْحَقَّۖ وَهُوَ يَهْدِے اِ۬لسَّبِيلَۖ ﰃ
3532,33,5,21,418,الأحزَاب,Al-Aḥzāb,اَ۟دْعُوهُمْ لِأٓبَآئِهِمْ هُوَ أَقْسَطُ عِندَ اَ۬للَّهِۖ فَإِن لَّمْ تَعْلَمُوٓاْ ءَابَآءَهُمْ فَإِخْوَٰنُكُمْ فِے اِ۬لدِّينِ وَمَوَٰلِيكُمْۖ وَلَيْسَ عَلَيْكُمْ جُنَاحٞ فِيمَآ أَخْطَأْتُم بِهِۦۖ وَلَٰكِن مَّا تَعَمَّدَتْ قُلُوبُكُمْۖ وَكَانَ اَ۬للَّهُ غَفُوراٗ رَّحِيماًۖ ﰄ
3533,33,6,21,418,الأحزَاب,Al-Aḥzāb,اِ۬لنَّبِےٓءُ اَ۬وْل۪ىٰ بِالْمُومِنِينَ مِنَ اَنفُسِهِمْۖ وَأَزْوَٰجُهُۥٓ أُمَّهَٰتُهُمْۖ وَأُوْلُواْ اُ۬لَارْحَامِ بَعْضُهُمُۥٓ أَوْل۪ىٰ بِبَعْضٖ فِے كِتَٰبِ اِ۬للَّهِ مِنَ اَ۬لْمُومِنِينَ وَالْمُهَٰجِرِينَ إِلَّآ أَن تَفْعَلُوٓاْ إِلَىٰٓ أَوْلِيَآئِكُم مَّعْرُوفاٗۖ كَانَ ذَٰلِكَ فِے اِ۬لْكِتَٰبِ مَسْطُوراٗۖ ﰅ
3534,33,7,21,419,الأحزَاب,Al-Aḥzāb,وَإِذَ اَخَذْنَا مِنَ اَ۬لنَّبِيٓـِٕۧنَ مِيثَٰقَهُمْ وَمِنكَ وَمِن نُّوحٖ وَإِبْرَٰهِيمَ وَمُوس۪ىٰ وَعِيسَى اَ۪بْنِ مَرْيَمَۖ وَأَخَذْنَا مِنْهُم مِّيثَٰقاً غَلِيظاٗ ﰆ
3535,33,8,21,419,الأحزَاب,Al-Aḥzāb,لِّيَسْـَٔلَ اَ۬لصَّٰدِقِينَ عَن صِدْقِهِمْۖ وَأَعَدَّ لِلْكٰ۪فِرِينَ عَذَاباً اَلِيماٗۖ ﰇ
3536,33,9,21,419,الأحزَاب,Al-Aḥzāb,۞ يَٰٓأَيُّهَا اَ۬لذِينَ ءَامَنُواْ اُ۟ذْكُرُواْ نِعْمَةَ اَ۬للَّهِ عَلَيْكُمُۥٓ إِذْ جَآءَتْكُمْ جُنُودٞ فَأَرْسَلْنَا عَلَيْهِمْ رِيحاٗ وَجُنُوداٗ لَّمْ تَرَوْهَاۖ وَكَانَ اَ۬للَّهُ بِمَا تَعْمَلُونَ بَصِيراًۖ ﰈ
3537,33,10,21,419,الأحزَاب,Al-Aḥzāb,اِذْ جَآءُوكُم مِّن فَوْقِكُمْ وَمِنَ اَسْفَلَ مِنكُمْۖ وَإِذْ زَاغَتِ اِ۬لَابْصَٰرُ وَبَلَغَتِ اِ۬لْقُلُوبُ اُ۬لْحَنَاجِرَ وَتَظُنُّونَ بِاللَّهِ اِ۬لظُّنُونَاۖ ﰉ
3538,33,11,21,419,الأحزَاب,Al-Aḥzāb,هُنَالِكَ اَ۟بْتُلِيَ اَ۬لْمُومِنُونَ وَزُلْزِلُواْ زِلْزَالاٗ شَدِيداٗۖ ﰊ
3539,33,12,21,419,الأحزَاب,Al-Aḥzāb,وَإِذْ يَقُولُ اُ۬لْمُنَٰفِقُونَ وَالذِينَ فِے قُلُوبِهِم مَّرَضٞ مَّا وَعَدَنَا اَ۬للَّهُ وَرَسُولُهُۥٓ إِلَّا غُرُوراٗۖ ﰋ
3540,33,13,21,419,الأحزَاب,Al-Aḥzāb,وَإِذْ قَالَت طَّآئِفَةٞ مِّنْهُمْ يَٰٓأَهْلَ يَثْرِبَ لَا مَقَامَ لَكُمْ فَارْجِعُواْۖ وَيَسْتَٰذِنُ فَرِيقٞ مِّنْهُمُ اُ۬لنَّبِےٓءَ يَقُولُونَ إِنَّ بُيُوتَنَا عَوْرَةٞ وَمَا هِيَ بِعَوْرَةٍۖ اِنْ يُّرِيدُونَ إِلَّا فِرَاراٗۖ ﰌ
3541,33,14,21,419,الأحزَاب,Al-Aḥzāb,وَلَوْ دُخِلَتْ عَلَيْهِم مِّنَ اَقْط۪ارِهَا ثُمَّ سُئِلُواْ اُ۬لْفِتْنَةَ لَأَتَوْهَا وَمَا تَلَبَّثُواْ بِهَآ إِلَّا يَسِيراٗۖ ﰍ
3542,33,15,21,419,الأحزَاب,Al-Aḥzāb,وَلَقَدْ كَانُواْ عَٰهَدُواْ اُ۬للَّهَ مِن قَبْلُ لَا يُوَلُّونَ اَ۬لَادْبَٰرَۖ وَكَانَ عَهْدُ اُ۬للَّهِ مَسْـُٔولاٗۖ ﰎ
3543,33,16,21,420,الأحزَاب,Al-Aḥzāb,قُل لَّنْ يَّنفَعَكُمُ اُ۬لْفِرَارُ إِن فَرَرْتُم مِّنَ اَ۬لْمَوْتِ أَوِ اِ۬لْقَتْلِۖ وَإِذاٗ لَّا تُمَتَّعُونَ إِلَّا قَلِيلاٗۖ ﰏ
3544,33,17,21,420,الأحزَاب,Al-Aḥzāb,قُلْ مَن ذَا اَ۬لذِے يَعْصِمُكُم مِّنَ اَ۬للَّهِ إِنَ اَرَادَ بِكُمْ سُوٓءاً اَوَ اَرَادَ بِكُمْ رَحْمَةٗۖ وَلَا يَجِدُونَ لَهُم مِّن دُونِ اِ۬للَّهِ وَلِيّاٗ وَلَا نَصِيراٗۖ ﰐ
3545,33,18,21,420,الأحزَاب,Al-Aḥzāb,۞ قَدْ يَعْلَمُ اُ۬للَّهُ اُ۬لْمُعَوِّقِينَ مِنكُمْ وَالْقَآئِلِينَ لِإِخْوَٰنِهِمْ هَلُمَّ إِلَيْنَا وَلَا يَاتُونَ اَ۬لْبَأْسَ إِلَّا قَلِيلاً ﰑ
3546,33,19,21,420,الأحزَاب,Al-Aḥzāb,اَشِحَّةً عَلَيْكُمْۖ فَإِذَا جَآءَ اَ۬لْخَوْفُ رَأَيْتَهُمْ يَنظُرُونَ إِلَيْكَ تَدُورُ أَعْيُنُهُمْ كَالذِے يُغْش۪ىٰ عَلَيْهِ مِنَ اَ۬لْمَوْتِۖ فَإِذَا ذَهَبَ اَ۬لْخَوْفُ سَلَقُوكُم بِأَلْسِنَةٍ حِدَادٍ اَشِحَّةً عَلَى اَ۬لْخَيْرِۖ أُوْلَٰٓئِكَ لَمْ يُومِنُواْ فَأَحْبَطَ اَ۬للَّهُ أَعْمَٰلَهُمْۖ وَكَانَ ذَٰلِكَ عَلَى اَ۬للَّهِ يَسِيراٗۖ ﰒ
3547,33,20,21,420,الأحزَاب,Al-Aḥzāb,يَحْسِبُونَ اَ۬لَاحْزَابَ لَمْ يَذْهَبُواْۖ وَإِنْ يَّاتِ اِ۬لَاحْزَابُ يَوَدُّواْ لَوَ اَنَّهُم بَادُونَ فِے اِ۬لَاعْرَابِۖ يَسْـَٔلُونَ عَنَ اَنۢبَآئِكُمْ وَلَوْ كَانُواْ فِيكُم مَّا قَٰتَلُوٓاْ إِلَّا قَلِيلاٗۖ ﰓ
3548,33,21,21,420,الأحزَاب,Al-Aḥzāb,لَّقَدْ كَانَ لَكُمْ فِے رَسُولِ اِ۬للَّهِ إِسْوَةٌ حَسَنَةٞ لِّمَن كَانَ يَرْجُواْ اُ۬للَّهَ وَالْيَوْمَ اَ۬لَاخِرَ وَذَكَرَ اَ۬للَّهَ كَثِيراٗۖ ﰔ
3549,33,22,21,420,الأحزَاب,Al-Aḥzāb,وَلَمَّا رَءَا اَ۬لْمُومِنُونَ اَ۬لَاحْزَابَ قَالُواْ هَٰذَا مَا وَعَدَنَا اَ۬للَّهُ وَرَسُولُهُۥ وَصَدَقَ اَ۬للَّهُ وَرَسُولُهُۥۖ وَمَا زَادَهُمُۥٓ إِلَّآ إِيمَٰناٗ وَتَسْلِيماٗۖ ﰕ
3550,33,23,21,421,الأحزَاب,Al-Aḥzāb,مِّنَ اَ۬لْمُومِنِينَ رِجَالٞ صَدَقُواْ مَا عَٰهَدُواْ اُ۬للَّهَ عَلَيْهِۖ فَمِنْهُم مَّن قَض۪ىٰ نَحْبَهُۥ وَمِنْهُم مَّنْ يَّنتَظِرُۖ وَمَا بَدَّلُواْ تَبْدِيلاٗ ﰖ
3551,33,24,21,421,الأحزَاب,Al-Aḥzāb,لِّيَجْزِيَ اَ۬للَّهُ اُ۬لصَّٰدِقِينَ بِصِدْقِهِمْ وَيُعَذِّبَ اَ۬لْمُنَٰفِقِينَ إِن شَآءَ اوْ يَتُوبَ عَلَيْهِمُۥٓۖ إِنَّ اَ۬للَّهَ كَانَ غَفُوراٗ رَّحِيماٗۖ ﰗ
3552,33,25,21,421,الأحزَاب,Al-Aḥzāb,۞ وَرَدَّ اَ۬للَّهُ اُ۬لذِينَ كَفَرُواْ بِغَيْظِهِمْ لَمْ يَنَالُواْ خَيْراٗۖ وَكَفَى اَ۬للَّهُ اُ۬لْمُومِنِينَ اَ۬لْقِتَالَۖ وَكَانَ اَ۬للَّهُ قَوِيّاً عَزِيزاٗۖ ﰘ
3553,33,26,21,421,الأحزَاب,Al-Aḥzāb,وَأَنزَلَ اَ۬لذِينَ ظَٰهَرُوهُم مِّنَ اَهْلِ اِ۬لْكِتَٰبِ مِن صَيَاصِيهِمْ وَقَذَفَ فِے قُلُوبِهِمُ اُ۬لرُّعْبَۖ فَرِيقاٗ تَقْتُلُونَ وَتَاسِرُونَ فَرِيقاٗۖ ﰙ
3554,33,27,21,421,الأحزَاب,Al-Aḥzāb,وَأَوْرَثَكُمُۥٓ أَرْضَهُمْ وَدِيَٰرَهُمْ وَأَمْوَٰلَهُمْ وَأَرْضاٗ لَّمْ تَطَـُٔوهَاۖ وَكَانَ اَ۬للَّهُ عَلَىٰ كُلِّ شَےْءٖ قَدِيراٗۖ ﰚ
3555,33,28,21,421,الأحزَاب,Al-Aḥzāb,يَٰٓأَيُّهَا‏ اَ۬لنَّبِےٓءُ قُل لِّأَزْوَٰجِكَ إِن كُنتُنَّ تُرِدْنَ اَ۬لْحَيَوٰةَ اَ۬لدُّنْي۪ا وَزِينَتَهَا فَتَعَالَيْنَ أُمَتِّعْكُنَّ وَأُسَرِّحْكُنَّ سَرَاحاٗ جَمِيلاٗۖ ﰛ
3556,33,29,21,421,الأحزَاب,Al-Aḥzāb,وَإِن كُنتُنَّ تُرِدْنَ اَ۬للَّهَ وَرَسُولَهُۥ وَالدَّارَ اَ۬لَاخِرَةَ فَإِنَّ اَ۬للَّهَ أَعَدَّ لِلْمُحْسِنَٰتِ مِنكُنَّ أَجْراً عَظِيماٗۖ ﰜ
3557,33,30,21,421,الأحزَاب,Al-Aḥzāb,يَٰنِسَآءَ اَ۬لنَّبِےٓءِ مَنْ يَّاتِ مِنكُنَّ بِفَٰحِشَةٖ مُّبَيِّنَةٖ يُضَٰعَفْ لَهَا اَ۬لْعَذَابُ ضِعْفَيْنِۖ وَكَانَ ذَٰلِكَ عَلَى اَ۬للَّهِ يَسِيراٗۖ ﰝ
3558,33,31,22,422,الأحزَاب,Al-Aḥzāb,۞ وَمَنْ يَّقْنُتْ مِنكُنَّ لِلهِ وَرَسُولِهِۦ وَتَعْمَلْ صَٰلِحاٗ نُّوتِهَآ أَجْرَهَا مَرَّتَيْنِ وَأَعْتَدْنَا لَهَا رِزْقاٗ كَرِيماٗۖ ﰞ
3559,33,32,22,422,الأحزَاب,Al-Aḥzāb,يَٰنِسَآءَ اَ۬لنَّبِےٓءِ لَسْتُنَّ كَأَحَدٖ مِّنَ اَ۬لنِّسَآءِ انِ اِ۪تَّقَيْتُنَّۖ فَلَا تَخْضَعْنَ بِالْقَوْلِ فَيَطْمَعَ اَ۬لذِے فِے قَلْبِهِۦ مَرَضٞ وَقُلْنَ قَوْلاٗ مَّعْرُوفاٗ ﰟ
3560,33,33,22,422,الأحزَاب,Al-Aḥzāb,وَقَرْنَ فِے بُيُوتِكُنَّۖ وَلَا تَبَرَّجْنَ تَبَرُّجَ اَ۬لْجَٰهِلِيَّةِ اِ۬لُاول۪ىٰۖ وَأَقِمْنَ اَ۬لصَّلَوٰةَ وَءَاتِينَ اَ۬لزَّكَوٰةَۖ وَأَطِعْنَ اَ۬للَّهَ وَرَسُولَهُۥٓۖ إِنَّمَا يُرِيدُ اُ۬للَّهُ لِيُذْهِبَ عَنكُمُ اُ۬لرِّجْسَ أَهْلَ اَ۬لْبَيْتِ وَيُطَهِّرَكُمْ تَطْهِيراٗۖ ﰠ
3561,33,34,22,422,الأحزَاب,Al-Aḥzāb,وَاذْكُرْنَ مَا يُتْل۪ىٰ فِے بُيُوتِكُنَّ مِنَ اٰيَٰتِ اِ۬للَّهِ وَالْحِكْمَةِۖ إِنَّ اَ۬للَّهَ كَانَ لَطِيفاً خَبِيراًۖ ﰡ
3562,33,35,22,422,الأحزَاب,Al-Aḥzāb,اِنَّ اَ۬لْمُسْلِمِينَ وَالْمُسْلِمَٰتِ وَالْمُومِنِينَ وَالْمُومِنَٰتِ وَالْقَٰنِتِينَ وَالْقَٰنِتَٰتِ وَالصَّٰدِقِينَ وَالصَّٰدِقَٰتِ وَالصَّٰبِرِينَ وَالصَّٰبِرَٰتِ وَالْخَٰشِعِينَ وَالْخَٰشِعَٰتِ وَالْمُتَصَدِّقِينَ وَالْمُتَصَدِّقَٰتِ وَالصَّٰٓئِمِينَ وَالصَّٰٓئِمَٰتِ وَالْحَٰفِظِينَ فُرُوجَهُمْ وَالْحَٰفِظَٰتِ وَالذَّٰكِرِينَ اَ۬للَّهَ كَثِيراٗ وَالذَّٰكِرَٰتِ أَعَدَّ اَ۬للَّهُ لَهُم مَّغْفِرَةٗ وَأَجْراً عَظِيماٗۖ ﰢ
3563,33,36,22,423,الأحزَاب,Al-Aḥzāb,وَمَا كَانَ لِمُومِنٖ وَلَا مُومِنَةٍ اِذَا قَضَى اَ۬للَّهُ وَرَسُولُهُۥٓ أَمْراً اَن تَكُونَ لَهُمُ اُ۬لْخِيَرَةُ مِنَ اَمْرِهِمْۖ وَمَنْ يَّعْصِ اِ۬للَّهَ وَرَسُولَهُۥ فَقَد ضَّلَّ ضَلَٰلاٗ مُّبِيناٗۖ ﰣ
3564,33,37,22,423,الأحزَاب,Al-Aḥzāb,وَإِذْ تَقُولُ لِلذِےٓ أَنْعَمَ اَ۬للَّهُ عَلَيْهِ وَأَنْعَمْتَ عَلَيْهِ أَمْسِكْ عَلَيْكَ زَوْجَكَ وَاتَّقِ اِ۬للَّهَ وَتُخْفِے فِے نَفْسِكَ مَا اَ۬للَّهُ مُبْدِيهِ وَتَخْشَى اَ۬لنَّاسَ وَاللَّهُ أَحَقُّ أَن تَخْش۪يٰهُۖ ۞ فَلَمَّا قَض۪ىٰ زَيْدٞ مِّنْهَا وَطَراٗ زَوَّجْنَٰكَهَا لِكَےْ لَا يَكُونَ عَلَى اَ۬لْمُومِنِينَ حَرَجٞ فِےٓ أَزْوَٰجِ أَدْعِيَآئِهِمُۥٓ إِذَا قَضَوْاْ مِنْهُنَّ وَطَراٗۖ وَكَانَ أَمْرُ اُ۬للَّهِ مَفْعُولاٗۖ ﰤ
3565,33,38,22,423,الأحزَاب,Al-Aḥzāb,مَّا كَانَ عَلَى اَ۬لنَّبِےٓءِ مِنْ حَرَجٖ فِيمَا فَرَضَ اَ۬للَّهُ لَهُۥۖ سُنَّةَ اَ۬للَّهِ فِے اِ۬لذِينَ خَلَوْاْ مِن قَبْلُۖ وَكَانَ أَمْرُ اُ۬للَّهِ قَدَراٗ مَّقْدُوراًۖ ﰥ
3566,33,39,22,423,الأحزَاب,Al-Aḥzāb,اِ۬لذِينَ يُبَلِّغُونَ رِسَٰلَٰتِ اِ۬للَّهِ وَيَخْشَوْنَهُۥ وَلَا يَخْشَوْنَ أَحَداً اِلَّا اَ۬للَّهَۖ وَكَف۪ىٰ بِاللَّهِ حَسِيباٗۖ ﰦ
3567,33,40,22,423,الأحزَاب,Al-Aḥzāb,مَّا كَانَ مُحَمَّدٌ اَبَآ أَحَدٖ مِّن رِّجَالِكُمْۖ وَلَٰكِن رَّسُولَ اَ۬للَّهِ وَخَاتِمَ اَ۬لنَّبِيٓـِٕۧنَۖ وَكَانَ اَ۬للَّهُ بِكُلِّ شَےْءٍ عَلِيماٗۖ ﰧ
3568,33,41,22,423,الأحزَاب,Al-Aḥzāb,يَٰٓأَيُّهَا اَ۬لذِينَ ءَامَنُواْ اُ۟ذْكُرُواْ اُ۬للَّهَ ذِكْراٗ كَثِيراٗ ﰨ
3569,33,42,22,423,الأحزَاب,Al-Aḥzāb,وَسَبِّحُوهُ بُكْرَةٗ وَأَصِيلاًۖ ﰩ
3570,33,43,22,423,الأحزَاب,Al-Aḥzāb,هُوَ اَ۬لذِے يُصَلِّے عَلَيْكُمْ وَمَلَٰٓئِكَتُهُۥ لِيُخْرِجَكُم مِّنَ اَ۬لظُّلُمَٰتِ إِلَى اَ۬لنُّورِۖ وَكَانَ بِالْمُومِنِينَ رَحِيماٗۖ ﰪ
3571,33,44,22,424,الأحزَاب,Al-Aḥzāb,تَحِيَّتُهُمْ يَوْمَ يَلْقَوْنَهُۥ سَلَٰمٞۖ وَأَعَدَّ لَهُمُۥٓ أَجْراٗ كَرِيماٗۖ ﰫ
3572,33,45,22,424,الأحزَاب,Al-Aḥzāb,يَٰٓأَيُّهَا اَ۬لنَّبِےٓءُ اِ۪نَّآ أَرْسَلْنَٰكَ شَٰهِداٗ وَمُبَشِّراٗ وَنَذِيراٗ ﰬ
3573,33,46,22,424,الأحزَاب,Al-Aḥzāb,وَدَاعِياً اِلَى اَ۬للَّهِ بِإِذْنِهِۦ وَسِرَاجاٗ مُّنِيراٗۖ ﰭ
3574,33,47,22,424,الأحزَاب,Al-Aḥzāb,وَبَشِّرِ اِ۬لْمُومِنِينَ بِأَنَّ لَهُم مِّنَ اَ۬للَّهِ فَضْلاٗ كَبِيراٗۖ ﰮ
3575,33,48,22,424,الأحزَاب,Al-Aḥzāb,وَلَا تُطِعِ اِ۬لْكٰ۪فِرِينَ وَالْمُنَٰفِقِينَۖ وَدَعَ اَذ۪يٰهُمْۖ وَتَوَكَّلْ عَلَى اَ۬للَّهِۖ وَكَف۪ىٰ بِاللَّهِ وَكِيلاٗۖ ﰯ
3576,33,49,22,424,الأحزَاب,Al-Aḥzāb,۞ يَٰٓأَيُّهَا اَ۬لذِينَ ءَامَنُوٓاْ إِذَا نَكَحْتُمُ اُ۬لْمُومِنَٰتِ ثُمَّ طَلَّقْتُمُوهُنَّ مِن قَبْلِ أَن تَمَسُّوهُنَّ فَمَا لَكُمْ عَلَيْهِنَّ مِنْ عِدَّةٖ تَعْتَدُّونَهَاۖ فَمَتِّعُوهُنَّ وَسَرِّحُوهُنَّ سَرَاحاٗ جَمِيلاٗۖ ﰰ
3577,33,50,22,424,الأحزَاب,Al-Aḥzāb,يَٰٓأَيُّهَا‏ اَ۬لنَّبِےٓءُ اِ۪نَّآ أَحْلَلْنَا لَكَ أَزْوَٰجَكَ اَ۬لتِےٓ ءَاتَيْتَ أُجُورَهُنَّ وَمَا مَلَكَتْ يَمِينُكَ مِمَّآ أَفَآءَ اَ۬للَّهُ عَلَيْكَ وَبَنَاتِ عَمِّكَ وَبَنَاتِ عَمَّٰتِكَ وَبَنَاتِ خَالِكَ وَبَنَاتِ خَٰلَٰتِكَ اَ۬لتِے هَاجَرْنَ مَعَكَ وَامْرَأَةٗ مُّومِنَةً اِنْ وَّهَبَتْ نَفْسَهَا لِلنَّبِےٓءِ انَ اَرَادَ‏ اَ۬لنَّبِےٓءُ اَ۬نْ يَّسْتَنكِحَهَاۖ خَالِصَةٗ لَّكَ مِن دُونِ اِ۬لْمُومِنِينَۖ قَدْ عَلِمْنَا مَا فَرَضْنَا عَلَيْهِمْ فِےٓ أَزْوَٰجِهِمْ وَمَا مَلَكَتَ اَيْمَٰنُهُمْ لِكَيْلَا يَكُونَ عَلَيْكَ حَرَجٞۖ وَكَانَ اَ۬للَّهُ غَفُوراٗ رَّحِيماٗۖ ﰱ
3578,33,51,22,425,الأحزَاب,Al-Aḥzāb,تُرْجِے مَن تَشَآءُ مِنْهُنَّ وَتُـْٔوِےٓ إِلَيْكَ مَن تَشَآءُۖ وَمَنِ اِ۪بْتَغَيْتَ مِمَّنْ عَزَلْتَ فَلَا جُنَاحَ عَلَيْكَۖ ذَٰلِكَ أَدْن۪ىٰٓ أَن تَقَرَّ أَعْيُنُهُنَّ وَلَا يَحْزَنَّ وَيَرْضَيْنَ بِمَآ ءَاتَيْتَهُنَّ كُلُّهُنَّۖ وَاللَّهُ يَعْلَمُ مَا فِے قُلُوبِكُمْۖ وَكَانَ اَ۬للَّهُ عَلِيماً حَلِيماٗۖ ﰲ
3579,33,52,22,425,الأحزَاب,Al-Aḥzāb,لَّا يَحِلُّ لَكَ اَ۬لنِّسَآءُ مِنۢ بَعْدُ وَلَآ أَن تَبَدَّلَ بِهِنَّ مِنَ اَزْوَٰجٖ وَلَوَ اَعْجَبَكَ حُسْنُهُنَّ إِلَّا مَا مَلَكَتْ يَمِينُكَۖ وَكَانَ اَ۬للَّهُ عَلَىٰ كُلِّ شَےْءٖ رَّقِيباٗۖ ﰳ
3580,33,53,22,425,الأحزَاب,Al-Aḥzāb,۞ يَٰٓأَيُّهَا اَ۬لذِينَ ءَامَنُواْ لَا تَدْخُلُواْ بُيُوتَ اَ۬لنَّبِےٓءِ الَّآ أَنْ يُّوذَنَ لَكُمُۥٓ إِلَىٰ طَعَامٍ غَيْرَ نَٰظِرِينَ إِن۪يٰهُۖ وَلَٰكِنِ اِذَا دُعِيتُمْ فَادْخُلُواْ فَإِذَا طَعِمْتُمْ فَانتَشِرُواْ وَلَا مُسْتَٰنِسِينَ لِحَدِيثٍۖ اِنَّ ذَٰلِكُمْ كَانَ يُوذِے اِ۬لنَّبِےٓءَ فَيَسْتَحْيِۦ مِنكُمْۖ وَاللَّهُ لَا يَسْتَحْيِۦ مِنَ اَ۬لْحَقِّۖ وَإِذَا سَأَلْتُمُوهُنَّ مَتَٰعاٗ فَسْـَٔلُوهُنَّ مِنْ وَّرَآءِ حِجَابٖۖ ذَٰلِكُمُۥٓ أَطْهَرُ لِقُلُوبِكُمْ وَقُلُوبِهِنَّۖ وَمَا كَانَ لَكُمُۥٓ أَن تُوذُواْ رَسُولَ اَ۬للَّهِ وَلَآ أَن تَنكِحُوٓاْ أَزْوَٰجَهُۥ مِنۢ بَعْدِهِۦٓ أَبَداًۖ اِنَّ ذَٰلِكُمْ كَانَ عِندَ اَ۬للَّهِ عَظِيماًۖ ﰴ
3581,33,54,22,425,الأحزَاب,Al-Aḥzāb,اِن تُبْدُواْ شَئْاً اَوْ تُخْفُوهُ فَإِنَّ اَ۬للَّهَ كَانَ بِكُلِّ شَےْءٍ عَلِيماٗۖ ﰵ
3582,33,55,22,426,الأحزَاب,Al-Aḥzāb,لَّا جُنَاحَ عَلَيْهِنَّ فِےٓ ءَابَآئِهِنَّ وَلَآ أَبْنَآئِهِنَّ وَلَآ إِخْوَٰنِهِنَّ وَلَآ أَبْنَآءِ اخْوَٰنِهِنَّ وَلَآ أَبْنَآءِ اَ۬خَوَٰتِهِنَّ وَلَا نِسَآئِهِنَّ وَلَا مَا مَلَكَتَ اَيْمَٰنُهُنَّۖ وَاتَّقِينَ اَ۬للَّهَۖ إِنَّ اَ۬للَّهَ كَانَ عَلَىٰ كُلِّ شَےْءٖ شَهِيداًۖ ﰶ
3583,33,56,22,426,الأحزَاب,Al-Aḥzāb,اِنَّ اَ۬للَّهَ وَمَلَٰٓئِكَتَهُۥ يُصَلُّونَ عَلَى اَ۬لنَّبِےٓءِۖ يَٰٓأَيُّهَا اَ۬لذِينَ ءَامَنُواْ صَلُّواْ عَلَيْهِ وَسَلِّمُواْ تَسْلِيماًۖ ﰷ
3584,33,57,22,426,الأحزَاب,Al-Aḥzāb,اِنَّ اَ۬لذِينَ يُوذُونَ اَ۬للَّهَ وَرَسُولَهُۥ لَعَنَهُمُ اُ۬للَّهُ فِے اِ۬لدُّنْي۪ا وَالَاخِرَةِ وَأَعَدَّ لَهُمْ عَذَاباٗ مُّهِيناٗۖ ﰸ
3585,33,58,22,426,الأحزَاب,Al-Aḥzāb,وَالذِينَ يُوذُونَ اَ۬لْمُومِنِينَ وَالْمُومِنَٰتِ بِغَيْرِ مَا اَ۪كْتَسَبُواْ فَقَدِ اِ۪حْتَمَلُواْ بُهْتَٰناٗ وَإِثْماٗ مُّبِيناٗۖ ﰹ
3586,33,59,22,426,الأحزَاب,Al-Aḥzāb,يَٰٓأَيُّهَا‏ اَ۬لنَّبِےٓءُ قُل لِّأَزْوَٰجِكَ وَبَنَاتِكَ وَنِسَآءِ اِ۬لْمُومِنِينَ يُدْنِينَ عَلَيْهِنَّ مِن جَلَٰبِيبِهِنَّۖ ذَٰلِكَ أَدْن۪ىٰٓ أَنْ يُّعْرَفْنَ فَلَا يُوذَيْنَۖ وَكَانَ اَ۬للَّهُ غَفُوراٗ رَّحِيماٗۖ ﰺ
3587,33,60,22,426,الأحزَاب,Al-Aḥzāb,۞ لَّئِن لَّمْ يَنتَهِ اِ۬لْمُنَٰفِقُونَ وَالذِينَ فِے قُلُوبِهِم مَّرَضٞ وَالْمُرْجِفُونَ فِے اِ۬لْمَدِينَةِ لَنُغْرِيَنَّكَ بِهِمْ ثُمَّ لَا يُجَاوِرُونَكَ فِيهَآ إِلَّا قَلِيلاٗ ﰻ
3588,33,61,22,426,الأحزَاب,Al-Aḥzāb,مَّلْعُونِينَۖ أَيْنَمَا ثُقِفُوٓاْ أُخِذُواْ وَقُتِّلُواْ تَقْتِيلاٗۖ ﰼ
3589,33,62,22,426,الأحزَاب,Al-Aḥzāb,سُنَّةَ اَ۬للَّهِ فِے اِ۬لذِينَ خَلَوْاْ مِن قَبْلُۖ وَلَن تَجِدَ لِسُنَّةِ اِ۬للَّهِ تَبْدِيلاٗۖ ﰽ
3590,33,63,22,427,الأحزَاب,Al-Aḥzāb,يَسْـَٔلُكَ اَ۬لنَّاسُ عَنِ اِ۬لسَّاعَةِۖ قُلِ اِنَّمَا عِلْمُهَا عِندَ اَ۬للَّهِۖ وَمَا يُدْرِيكَۖ لَعَلَّ اَ۬لسَّاعَةَ تَكُونُ قَرِيباًۖ ﰾ
3591,33,64,22,427,الأحزَاب,Al-Aḥzāb,اِنَّ اَ۬للَّهَ لَعَنَ اَ۬لْكٰ۪فِرِينَ وَأَعَدَّ لَهُمْ سَعِيراً ﰿ
3592,33,65,22,427,الأحزَاب,Al-Aḥzāb,خَٰلِدِينَ فِيهَآ أَبَداٗ لَّا يَجِدُونَ وَلِيّاٗ وَلَا نَصِيراٗۖ ﱀ
3593,33,66,22,427,الأحزَاب,Al-Aḥzāb,يَوْمَ تُقَلَّبُ وُجُوهُهُمْ فِے اِ۬لنّ۪ارِ يَقُولُونَ يَٰلَيْتَنَآ أَطَعْنَا اَ۬للَّهَ وَأَطَعْنَا اَ۬لرَّسُولَاۖ ﱁ
3594,33,67,22,427,الأحزَاب,Al-Aḥzāb,وَقَالُواْ رَبَّنَآ إِنَّآ أَطَعْنَا سَادَتَنَا وَكُبَرَآءَنَا فَأَضَلُّونَا اَ۬لسَّبِيلَاۖ ﱂ
3595,33,68,22,427,الأحزَاب,Al-Aḥzāb,رَبَّنَآ ءَاتِهِمْ ضِعْفَيْنِ مِنَ اَ۬لْعَذَابِ وَالْعَنْهُمْ لَعْناٗ كَثِيراٗۖ ﱃ
3596,33,69,22,427,الأحزَاب,Al-Aḥzāb,يَٰٓأَيُّهَا اَ۬لذِينَ ءَامَنُواْ لَا تَكُونُواْ كَالذِينَ ءَاذَوْاْ مُوس۪ىٰ فَبَرَّأَهُ اُ۬للَّهُ مِمَّا قَالُواْۖ وَكَانَ عِندَ اَ۬للَّهِ وَجِيهاٗۖ ﱄ
3597,33,70,22,427,الأحزَاب,Al-Aḥzāb,يَٰٓأَيُّهَا اَ۬لذِينَ ءَامَنُواْ اُ۪تَّقُواْ اُ۬للَّهَ وَقُولُواْ قَوْلاٗ سَدِيداٗ ﱅ
3598,33,71,22,427,الأحزَاب,Al-Aḥzāb,يُصْلِحْ لَكُمُۥٓ أَعْمَٰلَكُمْ وَيَغْفِرْ لَكُمْ ذُنُوبَكُمْۖ وَمَنْ يُّطِعِ اِ۬للَّهَ وَرَسُولَهُۥ فَقَدْ فَازَ فَوْزاً عَظِيماًۖ ﱆ
3599,33,72,22,427,الأحزَاب,Al-Aḥzāb,اِنَّا عَرَضْنَا اَ۬لَامَانَةَ عَلَى اَ۬لسَّمَٰوَٰتِ وَالَارْضِ وَالْجِبَالِ فَأَبَيْنَ أَنْ يَّحْمِلْنَهَا وَأَشْفَقْنَ مِنْهَاۖ وَحَمَلَهَا اَ۬لِانسَٰنُ إِنَّهُۥ كَانَ ظَلُوماٗ جَهُولاٗ ﱇ
3600,33,73,22,427,الأحزَاب,Al-Aḥzāb,لِّيُعَذِّبَ اَ۬للَّهُ اُ۬لْمُنَٰفِقِينَ وَالْمُنَٰفِقَٰتِ وَالْمُشْرِكِينَ وَالْمُشْرِكَٰتِ وَيَتُوبَ اَ۬للَّهُ عَلَى اَ۬لْمُومِنِينَ وَالْمُومِنَٰتِۖ وَكَانَ اَ۬للَّهُ غَفُوراٗ رَّحِيماًۖ ﱈ
3601,34,1,22,428,سَبإ,Saba’,اِ۬لْحَمْدُ لِلهِ اِ۬لذِے لَهُۥ مَا فِے اِ۬لسَّمَٰوَٰتِ وَمَا فِے اِ۬لَارْضِۖ وَلَهُ اُ۬لْحَمْدُ فِے اِ۬لَاخِرَةِۖ وَهُوَ اَ۬لْحَكِيمُ اُ۬لْخَبِيرُۖ ﰀ
3602,34,2,22,428,سَبإ,Saba’,يَعْلَمُ مَا يَلِجُ فِے اِ۬لَارْضِ وَمَا يَخْرُجُ مِنْهَا وَمَا يَنزِلُ مِنَ اَ۬لسَّمَآءِ وَمَا يَعْرُجُ فِيهَاۖ وَهُوَ اَ۬لرَّحِيمُ اُ۬لْغَفُورُۖ ﰁ
3603,34,3,22,428,سَبإ,Saba’,وَقَالَ اَ۬لذِينَ كَفَرُواْ لَا تَاتِينَا اَ۬لسَّاعَةُۖ قُلْ بَل۪ىٰ وَرَبِّے لَتَاتِيَنَّكُمْۖ عَٰلِمُ اُ۬لْغَيْبِ لَا يَعْزُبُ عَنْهُ مِثْقَالُ ذَرَّةٖ فِے اِ۬لسَّمَٰوَٰتِ وَلَا فِے اِ۬لَارْضِۖ وَلَآ أَصْغَرُ مِن ذَٰلِكَ وَلَآ أَكْبَرُ إِلَّا فِے كِتَٰبٖ مُّبِينٖ ﰂ
3604,34,4,22,428,سَبإ,Saba’,لِّيَجْزِيَ اَ۬لذِينَ ءَامَنُواْ وَعَمِلُواْ اُ۬لصَّٰلِحَٰتِۖ أُوْلَٰٓئِكَ لَهُم مَّغْفِرَةٞ وَرِزْقٞ كَرِيمٞۖ ﰃ
3605,34,5,22,428,سَبإ,Saba’,وَالذِينَ سَعَوْ فِےٓ ءَايَٰتِنَا مُعَٰجِزِينَ أُوْلَٰٓئِكَ لَهُمْ عَذَابٞ مِّن رِّجْزٍ اَلِيمٖۖ ﰄ
3606,34,6,22,428,سَبإ,Saba’,وَيَرَى اَ۬لذِينَ أُوتُواْ اُ۬لْعِلْمَ اَ۬لذِےٓ أُنزِلَ إِلَيْكَ مِن رَّبِّكَ هُوَ اَ۬لْحَقَّ وَيَهْدِےٓ إِلَىٰ صِرَٰطِ اِ۬لْعَزِيزِ اِ۬لْحَمِيدِۖ ﰅ
3607,34,7,22,428,سَبإ,Saba’,وَقَالَ اَ۬لذِينَ كَفَرُواْ هَلْ نَدُلُّكُمْ عَلَىٰ رَجُلٖ يُنَبِّئُكُمُۥٓ إِذَا مُزِّقْتُمْ كُلَّ مُمَزَّقٍ اِنَّكُمْ لَفِے خَلْقٖ جَدِيدٍۖ ﰆ
3608,34,8,22,429,سَبإ,Saba’,اَفْتَر۪ىٰ عَلَى اَ۬للَّهِ كَذِباً اَم بِهِۦ جِنَّةُۢۖ بَلِ اِ۬لذِينَ لَا يُومِنُونَ بِالَاخِرَةِ فِے اِ۬لْعَذَابِ وَالضَّلَٰلِ اِ۬لْبَعِيدِۖ ﰇ
3609,34,9,22,429,سَبإ,Saba’,أَفَلَمْ يَرَوِاْ اِلَىٰ مَا بَيْنَ أَيْدِيهِمْ وَمَا خَلْفَهُم مِّنَ اَ۬لسَّمَآءِ وَالَارْضِۖ إِن نَّشَأْ نَخْسِفْ بِهِمُ اُ۬لَارْضَ أَوْ نُسْقِطْ عَلَيْهِمْ كِسْفاٗ مِّنَ اَ۬لسَّمَآءِۖ انَّ فِے ذَٰلِكَ لَأٓيَةٗ لِّكُلِّ عَبْدٖ مُّنِيبٖۖ ﰈ
3610,34,10,22,429,سَبإ,Saba’,۞ وَلَقَدَ اٰتَيْنَا دَاوُۥدَ مِنَّا فَضْلاٗ يَٰجِبَالُ أَوِّبِے مَعَهُۥ وَالطَّيْرَۖ وَأَلَنَّا لَهُ اُ۬لْحَدِيدَ ﰉ
3611,34,11,22,429,سَبإ,Saba’,أَنِ اِ۪عْمَلْ سَٰبِغَٰتٖ وَقَدِّرْ فِے اِ۬لسَّرْدِۖ وَاعْمَلُواْ صَٰلِحاًۖ اِنِّے بِمَا تَعْمَلُونَ بَصِيرٞۖ ﰊ
3612,34,12,22,429,سَبإ,Saba’,وَلِسُلَيْمَٰنَ اَ۬لرِّيحَ غُدُوُّهَا شَهْرٞ وَرَوَاحُهَا شَهْرٞۖ وَأَسَلْنَا لَهُۥ عَيْنَ اَ۬لْقِطْرِۖ وَمِنَ اَ۬لْجِنِّ مَنْ يَّعْمَلُ بَيْنَ يَدَيْهِ بِإِذْنِ رَبِّهِۦۖ وَمَنْ يَّزِغْ مِنْهُمْ عَنَ اَمْرِنَا نُذِقْهُ مِنْ عَذَابِ اِ۬لسَّعِيرِۖ ﰋ
3613,34,13,22,429,سَبإ,Saba’,يَعْمَلُونَ لَهُۥ مَا يَشَآءُ مِن مَّحَٰرِيبَ وَتَمَٰثِيلَ وَجِفَانٖ كَالْجَوَابِۦ وَقُدُورٖ رَّاسِيَٰتٍۖ اِ۪عْمَلُوٓاْ ءَالَ دَاوُۥدَۖ شُكْراٗۖ وَقَلِيلٞ مِّنْ عِبَادِيَ اَ۬لشَّكُورُۖ ﰌ
3614,34,14,22,429,سَبإ,Saba’,فَلَمَّا قَضَيْنَا عَلَيْهِ اِ۬لْمَوْتَ مَا دَلَّهُمْ عَلَىٰ مَوْتِهِۦٓ إِلَّا دَآبَّةُ اُ۬لَارْضِ تَاكُلُ مِنسَاتَهُۥۖ فَلَمَّا خَرَّ تَبَيَّنَتِ اِ۬لْجِنُّ أَن لَّوْ كَانُواْ يَعْلَمُونَ اَ۬لْغَيْبَ مَا لَبِثُواْ فِے اِ۬لْعَذَابِ اِ۬لْمُهِينِۖ ﰍ
3615,34,15,22,430,سَبإ,Saba’,لَقَدْ كَانَ لِسَبَإٖ فِے مَسَٰكِنِهِمُۥٓ ءَايَةٞۖ جَنَّتَٰنِ عَنْ يَّمِينٖ وَشِمَالٖۖ كُلُواْ مِن رِّزْقِ رَبِّكُمْ وَاشْكُرُواْ لَهُۥۖ بَلْدَةٞ طَيِّبَةٞ وَرَبٌّ غَفُورٞۖ ﰎ
3616,34,16,22,430,سَبإ,Saba’,فَأَعْرَضُواْ فَأَرْسَلْنَا عَلَيْهِمْ سَيْلَ اَ۬لْعَرِمِۖ وَبَدَّلْنَٰهُم بِجَنَّتَيْهِمْ جَنَّتَيْنِ ذَوَاتَيُ ا۟كْلٍ خَمْطٖ وَأَثْلٖ وَشَےْءٖ مِّن سِدْرٖ قَلِيلٖۖ ﰏ
3617,34,17,22,430,سَبإ,Saba’,ذَٰلِكَ جَزَيْنَٰهُم بِمَا كَفَرُواْۖ وَهَلْ يُجَٰز۪ىٰٓ إِلَّا اَ۬لْكَفُورُۖ ﰐ
3618,34,18,22,430,سَبإ,Saba’,۞ وَجَعَلْنَا بَيْنَهُمْ وَبَيْنَ اَ۬لْقُرَى اَ۬لتِے بَٰرَكْنَا فِيهَا قُرىٗ ظَٰهِرَةٗ وَقَدَّرْنَا فِيهَا اَ۬لسَّيْرَۖ سِيرُواْ فِيهَا لَيَالِيَ وَأَيَّاماً اٰمِنِينَۖ ﰑ
3619,34,19,22,430,سَبإ,Saba’,فَقَالُواْ رَبَّنَا بَٰعِدْ بَيْنَ أَسْف۪ارِنَا وَظَلَمُوٓاْ أَنفُسَهُمْ فَجَعَلْنَٰهُمُۥٓ أَحَادِيثَ وَمَزَّقْنَٰهُمْ كُلَّ مُمَزَّقٍۖ اِنَّ فِے ذَٰلِكَ لَأٓيَٰتٖ لِّكُلِّ صَبّ۪ارٖ شَكُورٖۖ ﰒ
3620,34,20,22,430,سَبإ,Saba’,وَلَقَدْ صَدَقَ عَلَيْهِمُۥٓ إِبْلِيسُ ظَنَّهُۥ فَاتَّبَعُوهُ إِلَّا فَرِيقاٗ مِّنَ اَ۬لْمُومِنِينَۖ ﰓ
3621,34,21,22,430,سَبإ,Saba’,وَمَا كَانَ لَهُۥ عَلَيْهِم مِّن سُلْطَٰنٍ اِلَّا لِنَعْلَمَ مَنْ يُّومِنُ بِالَاخِرَةِ مِمَّنْ هُوَ مِنْهَا فِے شَكّٖۖ وَرَبُّكَ عَلَىٰ كُلِّ شَےْءٍ حَفِيظٞۖ ﰔ
3622,34,22,22,430,سَبإ,Saba’,قُلُ اُ۟دْعُواْ اُ۬لذِينَ زَعَمْتُم مِّن دُونِ اِ۬للَّهِۖ لَا يَمْلِكُونَ مِثْقَالَ ذَرَّةٖ فِے اِ۬لسَّمَٰوَٰتِ وَلَا فِے اِ۬لَارْضِۖ وَمَا لَهُمْ فِيهِمَا مِن شِرْكٖۖ وَمَا لَهُۥ مِنْهُم مِّن ظَهِيرٖۖ ﰕ
3623,34,23,22,431,سَبإ,Saba’,وَلَا تَنفَعُ اُ۬لشَّفَٰعَةُ عِندَهُۥٓ إِلَّا لِمَنَ اَذِنَ لَهُۥۖ حَتَّىٰٓ إِذَا فُزِّعَ عَن قُلُوبِهِمْ قَالُواْ مَاذَا قَالَ رَبُّكُمْ قَالُواْ اُ۬لْحَقَّۖ وَهُوَ اَ۬لْعَلِيُّ اُ۬لْكَبِيرُۖ ﰖ
3624,34,24,22,431,سَبإ,Saba’,۞ قُلْ مَنْ يَّرْزُقُكُم مِّنَ اَ۬لسَّمَٰوَٰتِ وَالَارْضِ قُلِ اِ۬للَّهُۖ وَإِنَّآ أَوِ اِيَّاكُمْ لَعَلَىٰ هُدىً اَوْ فِے ضَلَٰلٖ مُّبِينٖۖ ﰗ
3625,34,25,22,431,سَبإ,Saba’,قُل لَّا تُسْـَٔلُونَ عَمَّآ أَجْرَمْنَا وَلَا نُسْـَٔلُ عَمَّا تَعْمَلُونَۖ ﰘ
3626,34,26,22,431,سَبإ,Saba’,قُلْ يَجْمَعُ بَيْنَنَا رَبُّنَا ثُمَّ يَفْتَحُ بَيْنَنَا بِالْحَقِّۖ وَهُوَ اَ۬لْفَتَّاحُ اُ۬لْعَلِيمُۖ ﰙ
3627,34,27,22,431,سَبإ,Saba’,قُلَ اَرُونِيَ اَ۬لذِينَ أَلْحَقْتُم بِهِۦ شُرَكَآءَ كَلَّاۖ بَلْ هُوَ اَ۬للَّهُ اُ۬لْعَزِيزُ اُ۬لْحَكِيمُۖ ﰚ
3628,34,28,22,431,سَبإ,Saba’,وَمَآ أَرْسَلْنَٰكَ إِلَّا كَآفَّةٗ لِّلنَّاسِ بَشِيراٗ وَنَذِيراٗۖ وَلَٰكِنَّ أَكْثَرَ اَ۬لنَّاسِ لَا يَعْلَمُونَۖ ﰛ
3629,34,29,22,431,سَبإ,Saba’,وَيَقُولُونَ مَت۪ىٰ هَٰذَا اَ۬لْوَعْدُ إِن كُنتُمْ صَٰدِقِينَۖ ﰜ
3630,34,30,22,431,سَبإ,Saba’,قُل لَّكُم مِّيعَادُ يَوْمٖ لَّا تَسْتَٰخِرُونَ عَنْهُ سَاعَةٗ وَلَا تَسْتَقْدِمُونَۖ ﰝ
3631,34,31,22,431,سَبإ,Saba’,وَقَالَ اَ۬لذِينَ كَفَرُواْ لَن نُّومِنَ بِهَٰذَا اَ۬لْقُرْءَانِ وَلَا بِالذِے بَيْنَ يَدَيْهِۖ وَلَوْ تَر۪ىٰٓ إِذِ اِ۬لظَّٰلِمُونَ مَوْقُوفُونَ عِندَ رَبِّهِمْ يَرْجِعُ بَعْضُهُمُۥٓ إِلَىٰ بَعْضٍ اِ۬لْقَوْلَۖ يَقُولُ اُ۬لذِينَ اَ۟سْتُضْعِفُواْ لِلذِينَ اَ۪سْتَكْبَرُواْ لَوْلَآ أَنتُمْ لَكُنَّا مُومِنِينَۖ ﰞ
3632,34,32,22,432,سَبإ,Saba’,قَالَ اَ۬لذِينَ اَ۪سْتَكْبَرُواْ لِلذِينَ اَ۟سْتُضْعِفُوٓاْ أَنَحْنُ صَدَدْنَٰكُمْ عَنِ اِ۬لْهُد۪ىٰ بَعْدَ إِذْ جَآءَكُم بَلْ كُنتُم مُّجْرِمِينَۖ ﰟ
3633,34,33,22,432,سَبإ,Saba’,وَقَالَ اَ۬لذِينَ اَ۟سْتُضْعِفُواْ لِلذِينَ اَ۪سْتَكْبَرُواْ بَلْ مَكْرُ اُ۬ليْلِ وَالنَّه۪ارِ إِذْ تَامُرُونَنَآ أَن نَّكْفُرَ بِاللَّهِ وَنَجْعَلَ لَهُۥٓ أَندَاداٗۖ وَأَسَرُّواْ اُ۬لنَّدَامَةَ لَمَّا رَأَوُاْ اُ۬لْعَذَابَۖ وَجَعَلْنَا اَ۬لَاغْلَٰلَ فِےٓ أَعْنَاقِ اِ۬لذِينَ كَفَرُواْۖ هَلْ يُجْزَوْنَ إِلَّا مَا كَانُواْ يَعْمَلُونَۖ ﰠ
3634,34,34,22,432,سَبإ,Saba’,وَمَآ أَرْسَلْنَا فِے قَرْيَةٖ مِّن نَّذِيرٍ اِلَّا قَالَ مُتْرَفُوهَآ إِنَّا بِمَآ أُرْسِلْتُم بِهِۦ كَٰفِرُونَۖ ﰡ
3635,34,35,22,432,سَبإ,Saba’,وَقَالُواْ نَحْنُ أَكْثَرُ أَمْوَٰلاٗ وَأَوْلَٰداٗ وَمَا نَحْنُ بِمُعَذَّبِينَۖ ﰢ
3636,34,36,22,432,سَبإ,Saba’,قُلِ اِنَّ رَبِّے يَبْسُطُ اُ۬لرِّزْقَ لِمَنْ يَّشَآءُ وَيَقْدِرُۖ وَلَٰكِنَّ أَكْثَرَ اَ۬لنَّاسِ لَا يَعْلَمُونَۖ ﰣ
3637,34,37,22,432,سَبإ,Saba’,۞ وَمَآ أَمْوَٰلُكُمْ وَلَآ أَوْلَٰدُكُم بِالتِے تُقَرِّبُكُمْ عِندَنَا زُلْف۪ىٰٓ إِلَّا مَنَ اٰمَنَ وَعَمِلَ صَٰلِحاٗ فَأُوْلَٰٓئِكَ لَهُمْ جَزَآءُ اُ۬لضِّعْفِ بِمَا عَمِلُواْ وَهُمْ فِے اِ۬لْغُرُفَٰتِ ءَامِنُونَۖ ﰤ
3638,34,38,22,432,سَبإ,Saba’,وَالذِينَ يَسْعَوْنَ فِےٓ ءَايَٰتِنَا مُعَٰجِزِينَ أُوْلَٰٓئِكَ فِے اِ۬لْعَذَابِ مُحْضَرُونَۖ ﰥ
3639,34,39,22,432,سَبإ,Saba’,قُلِ اِنَّ رَبِّے يَبْسُطُ اُ۬لرِّزْقَ لِمَنْ يَّشَآءُ مِنْ عِبَادِهِۦ وَيَقْدِرُ لَهُۥۖ وَمَآ أَنفَقْتُم مِّن شَےْءٖ فَهُوَ يُخْلِفُهُۥۖ وَهُوَ خَيْرُ اُ۬لرَّٰزِقِينَۖ ﰦ
3640,34,40,22,433,سَبإ,Saba’,وَيَوْمَ نَحْشُرُهُمْ جَمِيعاٗ ثُمَّ نَقُولُ لِلْمَلَٰٓئِكَةِ أَهَٰٓؤُلَآءِ ايَّاكُمْ كَانُواْ يَعْبُدُونَۖ ﰧ
3641,34,41,22,433,سَبإ,Saba’,قَالُواْ سُبْحَٰنَكَ أَنتَ وَلِيُّنَا مِن دُونِهِمۖ بَلْ كَانُواْ يَعْبُدُونَ اَ۬لْجِنَّۖ أَكْثَرُهُم بِهِم مُّومِنُونَۖ ﰨ
3642,34,42,22,433,سَبإ,Saba’,فَالْيَوْمَ لَا يَمْلِكُ بَعْضُكُمْ لِبَعْضٖ نَّفْعاٗ وَلَا ضَرّاٗ وَنَقُولُ لِلذِينَ ظَلَمُواْ ذُوقُواْ عَذَابَ اَ۬لنّ۪ارِ اِ۬لتِے كُنتُم بِهَا تُكَذِّبُونَۖ ﰩ
3643,34,43,22,433,سَبإ,Saba’,وَإِذَا تُتْل۪ىٰ عَلَيْهِمُۥٓ ءَايَٰتُنَا بَيِّنَٰتٖ قَالُواْ مَا هَٰذَآ إِلَّا رَجُلٞ يُرِيدُ أَنْ يَّصُدَّكُمْ عَمَّا كَانَ يَعْبُدُ ءَابَآؤُكُمْ وَقَالُواْ مَا هَٰذَآ إِلَّآ إِفْكٞ مُّفْتَرىٗۖ وَقَالَ اَ۬لذِينَ كَفَرُواْ لِلْحَقِّ لَمَّا جَآءَهُمُۥٓ إِنْ هَٰذَآ إِلَّا سِحْرٞ مُّبِينٞۖ ﰪ
3644,34,44,22,433,سَبإ,Saba’,وَمَآ ءَاتَيْنَٰهُم مِّن كُتُبٖ يَدْرُسُونَهَاۖ وَمَآ أَرْسَلْنَآ إِلَيْهِمْ قَبْلَكَ مِن نَّذِيرٖۖ ﰫ
3645,34,45,22,433,سَبإ,Saba’,وَكَذَّبَ اَ۬لذِينَ مِن قَبْلِهِمْ وَمَا بَلَغُواْ مِعْشَارَ مَآ ءَاتَيْنَٰهُمْۖ فَكَذَّبُواْ رُسُلِےۖ فَكَيْفَ كَانَ نَكِيرِۦۖ ﰬ
3646,34,46,22,433,سَبإ,Saba’,۞ قُلِ اِنَّمَآ أَعِظُكُم بِوَٰحِدَةٍۖ اَن تَقُومُواْ لِلهِ مَثْن۪ىٰ وَفُرَٰد۪ىٰ ثُمَّ تَتَفَكَّرُواْۖ مَا بِصَٰحِبِكُم مِّن جِنَّةٍۖ اِنْ هُوَ إِلَّا نَذِيرٞ لَّكُم بَيْنَ يَدَےْ عَذَابٖ شَدِيدٖۖ ﰭ
3647,34,47,22,433,سَبإ,Saba’,قُلْ مَا سَأَلْتُكُم مِّنَ اَجْرٖ فَهُوَ لَكُمُۥٓۖ إِنَ اَجْرِيَ إِلَّا عَلَى اَ۬للَّهِۖ وَهُوَ عَلَىٰ كُلِّ شَےْءٖ شَهِيدٞۖ ﰮ
3648,34,48,22,433,سَبإ,Saba’,قُلِ اِنَّ رَبِّے يَقْذِفُ بِالْحَقِّۖ عَلَّٰمُ اُ۬لْغُيُوبِۖ ﰯ
3649,34,49,22,434,سَبإ,Saba’,قُلْ جَآءَ اَ۬لْحَقُّ وَمَا يُبْدِۓُ اُ۬لْبَٰطِلُ وَمَا يُعِيدُۖ ﰰ
3650,34,50,22,434,سَبإ,Saba’,قُلِ اِن ضَلَلْتُ فَإِنَّمَآ أَضِلُّ عَلَىٰ نَفْسِے وَإِنِ اِ۪هْتَدَيْتُ فَبِمَا يُوحِےٓ إِلَيَّ رَبِّيَۖ إِنَّهُۥ سَمِيعٞ قَرِيبٞۖ ﰱ
3651,34,51,22,434,سَبإ,Saba’,وَلَوْ تَر۪ىٰٓ إِذْ فَزِعُواْ فَلَا فَوْتَ وَأُخِذُواْ مِن مَّكَانٖ قَرِيبٖۖ ﰲ
3652,34,52,22,434,سَبإ,Saba’,وَقَالُوٓاْ ءَامَنَّا بِهِۦۖ وَأَنّ۪ىٰ لَهُمُ اُ۬لتَّنَاوُشُ مِن مَّكَانِۢ بَعِيدٖ ﰳ
3653,34,53,22,434,سَبإ,Saba’,وَقَدْ كَفَرُواْ بِهِۦ مِن قَبْلُۖ وَيَقْذِفُونَ بِالْغَيْبِ مِن مَّكَانِۢ بَعِيدٖۖ ﰴ
3654,34,54,22,434,سَبإ,Saba’,وَحِيلَ بَيْنَهُمْ وَبَيْنَ مَا يَشْتَهُونَ كَمَا فُعِلَ بِأَشْيَاعِهِم مِّن قَبْلُ إِنَّهُمْ كَانُواْ فِے شَكّٖ مُّرِيبٍۖ ﰵ
3655,35,1,22,434,فَاطِر,Fāṭir,اِ۬لْحَمْدُ لِلهِ فَاطِرِ اِ۬لسَّمَٰوَٰتِ وَالَارْضِ جَاعِلِ اِ۬لْمَلَٰٓئِكَةِ رُسُلاً ا۟وْلِےٓ أَجْنِحَةٖ مَّثْن۪ىٰ وَثُلَٰثَ وَرُبَٰعَۖ يَزِيدُ فِے اِ۬لْخَلْقِ مَا يَشَآءُۖ اِ۪نَّ اَ۬للَّهَ عَلَىٰ كُلِّ شَےْءٖ قَدِيرٞۖ ﰀ
3656,35,2,22,434,فَاطِر,Fāṭir,مَّا يَفْتَحِ اِ۬للَّهُ لِلنَّاسِ مِن رَّحْمَةٖ فَلَا مُمْسِكَ لَهَاۖ وَمَا يُمْسِكْ فَلَا مُرْسِلَ لَهُۥ مِنۢ بَعْدِهِۦۖ وَهُوَ اَ۬لْعَزِيزُ اُ۬لْحَكِيمُۖ ﰁ
3657,35,3,22,434,فَاطِر,Fāṭir,يَٰٓأَيُّهَا اَ۬لنَّاسُ اُ۟ذْكُرُواْ نِعْمَتَ اَ۬للَّهِ عَلَيْكُمْۖ هَلْ مِنْ خَٰلِقٍ غَيْرُ اُ۬للَّهِ يَرْزُقُكُم مِّنَ اَ۬لسَّمَآءِ وَالَارْضِۖ لَآ إِلَٰهَ إِلَّا هُوَۖ فَأَنّ۪ىٰ تُوفَكُونَۖ ﰂ
3658,35,4,22,435,فَاطِر,Fāṭir,وَإِنْ يُّكَذِّبُوكَ فَقَدْ كُذِّبَتْ رُسُلٞ مِّن قَبْلِكَۖ وَإِلَى اَ۬للَّهِ تُرْجَعُ اُ۬لُامُورُۖ ﰃ
3659,35,5,22,435,فَاطِر,Fāṭir,يَٰٓأَيُّهَا اَ۬لنَّاسُ إِنَّ وَعْدَ اَ۬للَّهِ حَقّٞۖ فَلَا تَغُرَّنَّكُمُ اُ۬لْحَيَوٰةُ اُ۬لدُّنْي۪اۖ وَلَا يَغُرَّنَّكُم بِاللَّهِ اِ۬لْغَرُورُۖ ﰄ
3660,35,6,22,435,فَاطِر,Fāṭir,إِنَّ اَ۬لشَّيْطَٰنَ لَكُمْ عَدُوّٞ فَاتَّخِذُوهُ عَدُوّاًۖ اِنَّمَا يَدْعُواْ حِزْبَهُۥ لِيَكُونُواْ مِنَ اَصْحَٰبِ اِ۬لسَّعِيرِۖ ﰅ
3661,35,7,22,435,فَاطِر,Fāṭir,اِ۬لذِينَ كَفَرُواْ لَهُمْ عَذَابٞ شَدِيدٞۖ وَالذِينَ ءَامَنُواْ وَعَمِلُواْ اُ۬لصَّٰلِحَٰتِ لَهُم مَّغْفِرَةٞ وَأَجْرٞ كَبِيرٌۖ ﰆ
3662,35,8,22,435,فَاطِر,Fāṭir,۞ اَفَمَن زُيِّنَ لَهُۥ سُوٓءُ عَمَلِهِۦ فَر۪ء۪اهُ حَسَناٗۖ فَإِنَّ اَ۬للَّهَ يُضِلُّ مَنْ يَّشَآءُ وَيَهْدِے مَنْ يَّشَآءُۖ فَلَا تَذْهَبْ نَفْسُكَ عَلَيْهِمْ حَسَرَٰتٍۖ اِنَّ اَ۬للَّهَ عَلِيمُۢ بِمَا يَصْنَعُونَۖ ﰇ
3663,35,9,22,435,فَاطِر,Fāṭir,وَاللَّهُ اُ۬لذِےٓ أَرْسَلَ اَ۬لرِّيَٰحَ فَتُثِيرُ سَحَاباٗ فَسُقْنَٰهُ إِلَىٰ بَلَدٖ مَّيِّتٖ فَأَحْيَيْنَا بِهِ اِ۬لَارْضَ بَعْدَ مَوْتِهَاۖ كَذَٰلِكَ اَ۬لنُّشُورُۖ ﰈ
3664,35,10,22,435,فَاطِر,Fāṭir,مَن كَانَ يُرِيدُ اُ۬لْعِزَّةَ فَلِلهِ اِ۬لْعِزَّةُ جَمِيعاًۖ اِلَيْهِ يَصْعَدُ اُ۬لْكَلِمُ اُ۬لطَّيِّبُۖ وَالْعَمَلُ اُ۬لصَّٰلِحُ يَرْفَعُهُۥۖ وَالذِينَ يَمْكُرُونَ اَ۬لسَّيِّـَٔاتِ لَهُمْ عَذَابٞ شَدِيدٞۖ وَمَكْرُ أُوْلَٰٓئِكَ هُوَ يَبُورُۖ ﰉ
3665,35,11,22,435,فَاطِر,Fāṭir,وَاللَّهُ خَلَقَكُم مِّن تُرَابٖ ثُمَّ مِن نُّطْفَةٖ ثُمَّ جَعَلَكُمُۥٓ أَزْوَٰجاٗۖ وَمَا تَحْمِلُ مِنُ ا۟نث۪ىٰ وَلَا تَضَعُ إِلَّا بِعِلْمِهِۦۖ وَمَا يُعَمَّرُ مِن مُّعَمَّرٖ وَلَا يُنقَصُ مِنْ عُمُرِهِۦٓ إِلَّا فِے كِتَٰبٍۖ اِنَّ ذَٰلِكَ عَلَى اَ۬للَّهِ يَسِيرٞۖ ﰊ
3666,35,12,22,436,فَاطِر,Fāṭir,وَمَا يَسْتَوِے اِ۬لْبَحْرَٰنِۖ هَٰذَا عَذْبٞ فُرَاتٞ سَآئِغٞ شَرَابُهُۥ وَهَٰذَا مِلْحٌ ا۟جَاجٞۖ وَمِن كُلّٖ تَاكُلُونَ لَحْماٗ طَرِيّاٗ وَتَسْتَخْرِجُونَ حِلْيَةٗ تَلْبَسُونَهَاۖ وَتَرَى اَ۬لْفُلْكَ فِيهِ مَوَاخِرَ لِتَبْتَغُواْ مِن فَضْلِهِۦ وَلَعَلَّكُمْ تَشْكُرُونَۖ ﰋ
3667,35,13,22,436,فَاطِر,Fāṭir,يُولِجُ اُ۬ليْلَ فِے اِ۬لنَّه۪ارِ وَيُولِجُ اُ۬لنَّهَارَ فِے اِ۬ليْلِۖ وَسَخَّرَ اَ۬لشَّمْسَ وَالْقَمَرَۖ كُلّٞ يَجْرِے لِأَجَلٖ مُّسَمّىٗۖ ذَٰلِكُمُ اُ۬للَّهُ رَبُّكُمْ لَهُ اُ۬لْمُلْكُۖ وَالذِينَ تَدْعُونَ مِن دُونِهِۦ مَا يَمْلِكُونَ مِن قِطْمِيرٍۖ ﰌ
3668,35,14,22,436,فَاطِر,Fāṭir,اِن تَدْعُوهُمْ لَا يَسْمَعُواْ دُعَآءَكُمْ وَلَوْ سَمِعُواْ مَا اَ۪سْتَجَابُواْ لَكُمْۖ وَيَوْمَ اَ۬لْقِيَٰمَةِ يَكْفُرُونَ بِشِرْكِكُمْۖ وَلَا يُنَبِّئُكَ مِثْلُ خَبِيرٖۖ ﰍ
3669,35,15,22,436,فَاطِر,Fāṭir,۞ يَٰٓأَيُّهَا اَ۬لنَّاسُ أَنتُمُ اُ۬لْفُقَرَآءُ اِ۪لَى اَ۬للَّهِۖ وَاللَّهُ هُوَ اَ۬لْغَنِيُّ اُ۬لْحَمِيدُۖ ﰎ
3670,35,16,22,436,فَاطِر,Fāṭir,إِنْ يَّشَأْ يُذْهِبْكُمْ وَيَاتِ بِخَلْقٖ جَدِيدٖۖ ﰏ
3671,35,17,22,436,فَاطِر,Fāṭir,وَمَا ذَٰلِكَ عَلَى اَ۬للَّهِ بِعَزِيزٖۖ ﰐ
3672,35,18,22,436,فَاطِر,Fāṭir,وَلَا تَزِرُ وَازِرَةٞ وِزْرَ أُخْر۪ىٰۖ وَإِن تَدْعُ مُثْقَلَةٌ اِلَىٰ حِمْلِهَا لَا يُحْمَلْ مِنْهُ شَےْءٞ وَلَوْ كَانَ ذَا قُرْب۪ىٰٓۖ إِنَّمَا تُنذِرُ اُ۬لذِينَ يَخْشَوْنَ رَبَّهُم بِالْغَيْبِ وَأَقَامُواْ اُ۬لصَّلَوٰةَۖ وَمَن تَزَكّ۪ىٰ فَإِنَّمَا يَتَزَكّ۪ىٰ لِنَفْسِهِۦۖ وَإِلَى اَ۬للَّهِ اِ۬لْمَصِيرُۖ ﰑ
3673,35,19,22,437,فَاطِر,Fāṭir,وَمَا يَسْتَوِے اِ۬لَاعْم۪ىٰ وَالْبَصِيرُ ﰒ
3674,35,20,22,437,فَاطِر,Fāṭir,وَلَا اَ۬لظُّلُمَٰتُ وَلَا اَ۬لنُّورُ ﰓ
3675,35,21,22,437,فَاطِر,Fāṭir,وَلَا اَ۬لظِّلُّ وَلَا اَ۬لْحَرُورُۖ ﰔ
3676,35,22,22,437,فَاطِر,Fāṭir,وَمَا يَسْتَوِے اِ۬لَاحْيَآءُ وَلَا اَ۬لَامْوَٰتُۖ إِنَّ اَ۬للَّهَ يُسْمِعُ مَنْ يَّشَآءُۖ وَمَآ أَنتَ بِمُسْمِعٖ مَّن فِے اِ۬لْقُبُورِۖ ﰕ
3677,35,23,22,437,فَاطِر,Fāṭir,إِنَ اَنتَ إِلَّا نَذِيرٌۖ ﰖ
3678,35,24,22,437,فَاطِر,Fāṭir,اِنَّآ أَرْسَلْنَٰكَ بِالْحَقِّ بَشِيراٗ وَنَذِيراٗۖ وَإِن مِّنُ ا۟مَّةٍ اِلَّا خَلَا فِيهَا نَذِيرٞۖ ﰗ
3679,35,25,22,437,فَاطِر,Fāṭir,وَإِنْ يُّكَذِّبُوكَ فَقَدْ كَذَّبَ اَ۬لذِينَ مِن قَبْلِهِمْ جَآءَتْهُمْ رُسُلُهُم بِالْبَيِّنَٰتِ وَبِالزُّبُرِ وَبِالْكِتَٰبِ اِ۬لْمُنِيرِ ﰘ
3680,35,26,22,437,فَاطِر,Fāṭir,ثُمَّ أَخَذتُّ اُ۬لذِينَ كَفَرُواْۖ فَكَيْفَ كَانَ نَكِيرِۦٓۖ ﰙ
3681,35,27,22,437,فَاطِر,Fāṭir,أَلَمْ تَرَ أَنَّ اَ۬للَّهَ أَنزَلَ مِنَ اَ۬لسَّمَآءِ مَآءٗ فَأَخْرَجْنَا بِهِۦ ثَمَرَٰتٖ مُّخْتَلِفاً اَلْوَٰنُهَاۖ وَمِنَ اَ۬لْجِبَالِ جُدَدُۢ بِيضٞ وَحُمْرٞ مُّخْتَلِفٌ اَلْوَٰنُهَا وَغَرَابِيبُ سُودٞۖ ﰚ
3682,35,28,22,437,فَاطِر,Fāṭir,وَمِنَ اَ۬لنَّاسِ وَالدَّوَآبِّ وَالَانْعَٰمِ مُخْتَلِفٌ اَلْوَٰنُهُۥ كَذَٰلِكَۖ إِنَّمَا يَخْشَى اَ۬للَّهَ مِنْ عِبَادِهِ اِ۬لْعُلَمَٰٓؤُاْۖ اِ۪نَّ اَ۬للَّهَ عَزِيزٌ غَفُورٌۖ ﰛ
3683,35,29,22,437,فَاطِر,Fāṭir,اِنَّ اَ۬لذِينَ يَتْلُونَ كِتَٰبَ اَ۬للَّهِ وَأَقَامُواْ اُ۬لصَّلَوٰةَ وَأَنفَقُواْ مِمَّا رَزَقْنَٰهُمْ سِرّاٗ وَعَلَٰنِيَةٗ يَرْجُونَ تِجَٰرَةٗ لَّن تَبُورَ ﰜ
3684,35,30,22,437,فَاطِر,Fāṭir,لِيُوَفِّيَهُمُۥٓ أُجُورَهُمْ وَيَزِيدَهُم مِّن فَضْلِهِۦٓۖ إِنَّهُۥ غَفُورٞ شَكُورٞۖ ﰝ
3685,35,31,22,438,فَاطِر,Fāṭir,۞ وَالذِےٓ أَوْحَيْنَآ إِلَيْكَ مِنَ اَ۬لْكِتَٰبِ هُوَ اَ۬لْحَقُّ مُصَدِّقاٗ لِّمَا بَيْنَ يَدَيْهِۖ إِنَّ اَ۬للَّهَ بِعِبَادِهِۦ لَخَبِيرُۢ بَصِيرٞۖ ﰞ
3686,35,32,22,438,فَاطِر,Fāṭir,ثُمَّ أَوْرَثْنَا اَ۬لْكِتَٰبَ اَ۬لذِينَ اَ۪صْطَفَيْنَا مِنْ عِبَادِنَاۖ فَمِنْهُمْ ظَالِمٞ لِّنَفْسِهِۦۖ وَمِنْهُم مُّقْتَصِدٞۖ وَمِنْهُمْ سَابِقُۢ بِالْخَيْرَٰتِ بِإِذْنِ اِ۬للَّهِۖ ذَٰلِكَ هُوَ اَ۬لْفَضْلُ اُ۬لْكَبِيرُۖ ﰟ
3687,35,33,22,438,فَاطِر,Fāṭir,جَنَّٰتُ عَدْنٖ يَدْخُلُونَهَا يُحَلَّوْنَ فِيهَا مِنَ اَسَاوِرَ مِن ذَهَبٖ وَلُؤْلُؤاٗۖ وَلِبَاسُهُمْ فِيهَا حَرِيرٞۖ ﰠ
3688,35,34,22,438,فَاطِر,Fāṭir,وَقَالُواْ اُ۬لْحَمْدُ لِلهِ اِ۬لذِےٓ أَذْهَبَ عَنَّا اَ۬لْحَزَنَ إِنَّ رَبَّنَا لَغَفُورٞ شَكُورٌۖ ﰡ
3689,35,35,22,438,فَاطِر,Fāṭir,اِ۬لذِےٓ أَحَلَّنَا دَارَ اَ۬لْمُقَامَةِ مِن فَضْلِهِۦ لَا يَمَسُّنَا فِيهَا نَصَبٞ وَلَا يَمَسُّنَا فِيهَا لُغُوبٞۖ ﰢ
3690,35,36,22,438,فَاطِر,Fāṭir,وَالذِينَ كَفَرُواْ لَهُمْ نَارُ جَهَنَّمَ لَا يُقْض۪ىٰ عَلَيْهِمْ فَيَمُوتُواْ وَلَا يُخَفَّفُ عَنْهُم مِّنْ عَذَابِهَاۖ كَذَٰلِكَ نَجْزِے كُلَّ كَفُورٖۖ ﰣ
3691,35,37,22,438,فَاطِر,Fāṭir,وَهُمْ يَصْطَرِخُونَ فِيهَا رَبَّنَآ أَخْرِجْنَا نَعْمَلْ صَٰلِحاً غَيْرَ اَ۬لذِے كُنَّا نَعْمَلُۖ أَوَلَمْ نُعَمِّرْكُم مَّا يَتَذَكَّرُ فِيهِ مَن تَذَكَّرَ وَجَآءَكُمُ اُ۬لنَّذِيرُۖ فَذُوقُواْۖ فَمَا لِلظَّٰلِمِينَ مِن نَّصِيرٍۖ ﰤ
3692,35,38,22,438,فَاطِر,Fāṭir,اِنَّ اَ۬للَّهَ عَٰلِمُ غَيْبِ اِ۬لسَّمَٰوَٰتِ وَالَارْضِۖ إِنَّهُۥ عَلِيمُۢ بِذَاتِ اِ۬لصُّدُورِۖ ﰥ
3693,35,39,22,439,فَاطِر,Fāṭir,هُوَ اَ۬لذِے جَعَلَكُمْ خَلَٰٓئِفَ فِے اِ۬لَارْضِۖ فَمَن كَفَرَ فَعَلَيْهِ كُفْرُهُۥۖ وَلَا يَزِيدُ اُ۬لْكٰ۪فِرِينَ كُفْرُهُمْ عِندَ رَبِّهِمُۥٓ إِلَّا مَقْتاٗۖ وَلَا يَزِيدُ اُ۬لْكٰ۪فِرِينَ كُفْرُهُمُۥٓ إِلَّا خَسَاراٗۖ ﰦ
3694,35,40,22,439,فَاطِر,Fāṭir,قُلَ اَرَٰٓيْتُمْ شُرَكَآءَكُمُ اُ۬لذِينَ تَدْعُونَ مِن دُونِ اِ۬للَّهِ أَرُونِے مَاذَا خَلَقُواْ مِنَ اَ۬لَارْضِ أَمْ لَهُمْ شِرْكٞ فِے اِ۬لسَّمَٰوَٰتِۖ أَمَ اٰتَيْنَٰهُمْ كِتَٰباٗ فَهُمْ عَلَىٰ بَيِّنَٰتٖ مِّنْهُۖ بَلِ اِنْ يَّعِدُ اُ۬لظَّٰلِمُونَ بَعْضُهُم بَعْضاً اِلَّا غُرُوراًۖ ﰧ
3695,35,41,22,439,فَاطِر,Fāṭir,۞ اِنَّ اَ۬للَّهَ يُمْسِكُ اُ۬لسَّمَٰوَٰتِ وَالَارْضَ أَن تَزُولَاۖ وَلَئِن زَالَتَآ إِنَ اَمْسَكَهُمَا مِنَ اَحَدٖ مِّنۢ بَعْدِهِۦٓۖ إِنَّهُۥ كَانَ حَلِيماً غَفُوراٗۖ ﰨ
3696,35,42,22,439,فَاطِر,Fāṭir,وَأَقْسَمُواْ بِاللَّهِ جَهْدَ أَيْمَٰنِهِمْ لَئِن جَآءَهُمْ نَذِيرٞ لَّيَكُونُنَّ أَهْد۪ىٰ مِنِ اِحْدَى اَ۬لُامَمِۖ فَلَمَّا جَآءَهُمْ نَذِيرٞ مَّا زَادَهُمُۥٓ إِلَّا نُفُوراًۖ ﰩ
3697,35,43,22,439,فَاطِر,Fāṭir,اِ۪سْتِكْبَاراٗ فِے اِ۬لَارْضِ وَمَكْرَ اَ۬لسَّيِّےِٕۖ وَلَا يَحِيقُ اُ۬لْمَكْرُ اُ۬لسَّيِّۓُ اِ۪لَّا بِأَهْلِهِۦۖ فَهَلْ يَنظُرُونَ إِلَّا سُنَّتَ اَ۬لَاوَّلِينَۖ فَلَن تَجِدَ لِسُنَّتِ اِ۬للَّهِ تَبْدِيلاٗۖ ﰪ
3698,35,44,22,439,فَاطِر,Fāṭir,وَلَن تَجِدَ لِسُنَّتِ اِ۬للَّهِ تَحْوِيلاًۖ ﰫ
3699,35,45,22,439,فَاطِر,Fāṭir,اَوَلَمْ يَسِيرُواْ فِے اِ۬لَارْضِ فَيَنظُرُواْ كَيْفَ كَانَ عَٰقِبَةُ اُ۬لذِينَ مِن قَبْلِهِمْ وَكَانُوٓاْ أَشَدَّ مِنْهُمْ قُوَّةٗۖ وَمَا كَانَ اَ۬للَّهُ لِيُعْجِزَهُۥ مِن شَےْءٖ فِے اِ۬لسَّمَٰوَٰتِ وَلَا فِے اِ۬لَارْضِۖ إِنَّهُۥ كَانَ عَلِيماٗ قَدِيراٗۖ ﰬ
3700,35,46,22,440,فَاطِر,Fāṭir,وَلَوْ يُوَ۬اخِذُ اُ۬للَّهُ اُ۬لنَّاسَ بِمَا كَسَبُواْ مَا تَرَكَ عَلَىٰ ظَهْرِهَا مِن دَآبَّةٖۖ وَلَٰكِنْ يُّوَ۬خِّرُهُمُۥٓ إِلَىٰٓ أَجَلٖ مُّسَمّىٗۖ فَإِذَا جَآءَ اجَلُهُمْ فَإِنَّ اَ۬للَّهَ كَانَ بِعِبَادِهِۦ بَصِيراٗۖ ﰭ
3701,36,1,22,440,يسٓ,Yā-Sīn,يَسِٓۖ وَالْقُرْءَانِ اِ۬لْحَكِيمِ ﰀ
3702,36,2,22,440,يسٓ,Yā-Sīn,إِنَّكَ لَمِنَ اَ۬لْمُرْسَلِينَ ﰁ
3703,36,3,22,440,يسٓ,Yā-Sīn,عَلَىٰ صِرَٰطٖ مُّسْتَقِيمٖۖ ﰂ
3704,36,4,22,440,يسٓ,Yā-Sīn,تَنزِيلُ اُ۬لْعَزِيزِ اِ۬لرَّحِيمِ ﰃ
3705,36,5,22,440,يسٓ,Yā-Sīn,لِتُنذِرَ قَوْماٗ مَّآ أُنذِرَ ءَابَآؤُهُمْ فَهُمْ غَٰفِلُونَۖ ﰄ
3706,36,6,22,440,يسٓ,Yā-Sīn,۞ لَقَدْ حَقَّ اَ۬لْقَوْلُ عَلَىٰٓ أَكْثَرِهِمْ فَهُمْ لَا يُومِنُونَۖ ﰅ
3707,36,7,22,440,يسٓ,Yā-Sīn,إِنَّا جَعَلْنَا فِےٓ أَعْنَٰقِهِمُۥٓ أَغْلَٰلاٗ فَهِيَ إِلَى اَ۬لَاذْقَانِ فَهُم مُّقْمَحُونَۖ ﰆ
3708,36,8,22,440,يسٓ,Yā-Sīn,وَجَعَلْنَا مِنۢ بَيْنِ أَيْدِيهِمْ سُدّاٗ وَمِنْ خَلْفِهِمْ سُدّاٗ فَأَغْشَيْنَٰهُمْ فَهُمْ لَا يُبْصِرُونَۖ ﰇ
3709,36,9,22,440,يسٓ,Yā-Sīn,وَسَوَآءٌ عَلَيْهِمُۥٓ ءَآنذَرْتَهُمُۥٓ أَمْ لَمْ تُنذِرْهُمْ لَا يُومِنُونَۖ ﰈ
3710,36,10,22,440,يسٓ,Yā-Sīn,إِنَّمَا تُنذِرُ مَنِ اِ۪تَّبَعَ اَ۬لذِّكْرَ وَخَشِيَ اَ۬لرَّحْمَٰنَ بِالْغَيْبِ فَبَشِّرْهُ بِمَغْفِرَةٖ وَأَجْرٖ كَرِيمٍۖ ﰉ
3711,36,11,22,440,يسٓ,Yā-Sīn,اِنَّا نَحْنُ نُحْيِ اِ۬لْمَوْت۪ىٰ وَنَكْتُبُ مَا قَدَّمُواْ وَءَاثَٰرَهُمْۖ وَكُلَّ شَےْءٍ اَحْصَيْنَٰهُ فِےٓ إِمَامٖ مُّبِينٖۖ ﰊ
3712,36,12,22,441,يسٓ,Yā-Sīn,وَاضْرِبْ لَهُم مَّثَلاً اَصْحَٰبَ اَ۬لْقَرْيَةِ إِذْ جَآءَهَا اَ۬لْمُرْسَلُونَ ﰋ
3713,36,13,22,441,يسٓ,Yā-Sīn,إِذَ اَرْسَلْنَآ إِلَيْهِمُ اُ۪ثْنَيْنِ فَكَذَّبُوهُمَا فَعَزَّزْنَا بِثَالِثٖ فَقَالُوٓاْ إِنَّآ إِلَيْكُم مُّرْسَلُونَۖ ﰌ
3714,36,14,22,441,يسٓ,Yā-Sīn,قَالُواْ مَآ أَنتُمُۥٓ إِلَّا بَشَرٞ مِّثْلُنَا وَمَآ أَنزَلَ اَ۬لرَّحْمَٰنُ مِن شَےْءٍ اِنَ اَنتُمُۥٓ إِلَّا تَكْذِبُونَۖ ﰍ
3715,36,15,22,441,يسٓ,Yā-Sīn,قَالُواْ رَبُّنَا يَعْلَمُ إِنَّآ إِلَيْكُمْ لَمُرْسَلُونَ ﰎ
3716,36,16,22,441,يسٓ,Yā-Sīn,وَمَا عَلَيْنَآ إِلَّا اَ۬لْبَلَٰغُ اُ۬لْمُبِينُۖ ﰏ
3717,36,17,22,441,يسٓ,Yā-Sīn,قَالُوٓاْ إِنَّا تَطَيَّرْنَا بِكُمْ لَئِن لَّمْ تَنتَهُواْ لَنَرْجُمَنَّكُمْ وَلَيَمَسَّنَّكُم مِّنَّا عَذَابٌ اَلِيمٞۖ ﰐ
3718,36,18,22,441,يسٓ,Yā-Sīn,قَالُواْ طَٰٓئِرُكُم مَّعَكُمُۥٓ أَئِن ذُكِّرْتُمۖ بَلَ اَنتُمْ قَوْمٞ مُّسْرِفُونَۖ ﰑ
3719,36,19,22,441,يسٓ,Yā-Sīn,وَجَآءَ مِنَ اَقْصَا اَ۬لْمَدِينَةِ رَجُلٞ يَسْع۪ىٰۖ قَالَ يَٰقَوْمِ اِ۪تَّبِعُواْ اُ۬لْمُرْسَلِينَ ﰒ
3720,36,20,22,441,يسٓ,Yā-Sīn,اَ۪تَّبِعُواْ مَن لَّا يَسْـَٔلُكُمُۥٓ أَجْراٗ وَهُم مُّهْتَدُونَۖ ﰓ
3721,36,21,22,441,يسٓ,Yā-Sīn,وَمَالِيَ لَآ أَعْبُدُ اُ۬لذِے فَطَرَنِے وَإِلَيْهِ تُرْجَعُونَۖ ﰔ
3722,36,22,22,441,يسٓ,Yā-Sīn,ءَآتَّخِذُ مِن دُونِهِۦٓ ءَالِهَةً اِنْ يُّرِدْنِ اِ۬لرَّحْمَٰنُ بِضُرّٖ لَّا تُغْنِ عَنِّے شَفَٰعَتُهُمْ شَئْاٗ وَلَا يُنقِذُونِۦٓۖ ﰕ
3723,36,23,22,441,يسٓ,Yā-Sīn,إِنِّيَ إِذاٗ لَّفِے ضَلَٰلٖ مُّبِينٍۖ ﰖ
3724,36,24,22,441,يسٓ,Yā-Sīn,اِنِّيَ ءَامَنتُ بِرَبِّكُمْ فَاسْمَعُونِۖ ﰗ
3725,36,25,22,441,يسٓ,Yā-Sīn,قِيلَ اَ۟دْخُلِ اِ۬لْجَنَّةَۖ قَالَ يَٰلَيْتَ قَوْمِے يَعْلَمُونَ ﰘ
3726,36,26,22,441,يسٓ,Yā-Sīn,بِمَا غَفَرَ لِے رَبِّے وَجَعَلَنِے مِنَ اَ۬لْمُكْرَمِينَۖ ﰙ
3727,36,27,23,442,يسٓ,Yā-Sīn,۞ وَمَآ أَنزَلْنَا عَلَىٰ قَوْمِهِۦ مِنۢ بَعْدِهِۦ مِن جُندٖ مِّنَ اَ۬لسَّمَآءِ وَمَا كُنَّا مُنزِلِينَۖ ﰚ
3728,36,28,23,442,يسٓ,Yā-Sīn,إِن كَانَتِ اِلَّا صَيْحَةٗ وَٰحِدَةٗ فَإِذَا هُمْ خَٰمِدُونَۖ ﰛ
3729,36,29,23,442,يسٓ,Yā-Sīn,يَٰحَسْرَةً عَلَى اَ۬لْعِبَادِۖ مَا يَاتِيهِم مِّن رَّسُولٍ اِلَّا كَانُواْ بِهِۦ يَسْتَهْزِءُونَۖ ﰜ
3730,36,30,23,442,يسٓ,Yā-Sīn,أَلَمْ يَرَوْاْ كَمَ اَهْلَكْنَا قَبْلَهُم مِّنَ اَ۬لْقُرُونِ أَنَّهُمُۥٓ إِلَيْهِمْ لَا يَرْجِعُونَۖ ﰝ
3731,36,31,23,442,يسٓ,Yā-Sīn,وَإِن كُلّٞ لَّمَا جَمِيعٞ لَّدَيْنَا مُحْضَرُونَۖ ﰞ
3732,36,32,23,442,يسٓ,Yā-Sīn,وَءَايَةٞ لَّهُمُ اُ۬لَارْضُ اُ۬لْمَيِّتَةُ أَحْيَيْنَٰهَا وَأَخْرَجْنَا مِنْهَا حَبّاٗ فَمِنْهُ يَاكُلُونَۖ ﰟ
3733,36,33,23,442,يسٓ,Yā-Sīn,وَجَعَلْنَا فِيهَا جَنَّٰتٖ مِّن نَّخِيلٖ وَأَعْنَٰبٖ وَفَجَّرْنَا فِيهَا مِنَ اَ۬لْعُيُونِ ﰠ
3734,36,34,23,442,يسٓ,Yā-Sīn,لِيَاكُلُواْ مِن ثَمَرِهِۦ وَمَا عَمِلَتْهُ أَيْدِيهِمُۥٓۖ أَفَلَا يَشْكُرُونَۖ ﰡ
3735,36,35,23,442,يسٓ,Yā-Sīn,سُبْحَٰنَ اَ۬لذِے خَلَقَ اَ۬لَازْوَٰجَ كُلَّهَا مِمَّا تُنۢبِتُ اُ۬لَارْضُ وَمِنَ اَنفُسِهِمْ وَمِمَّا لَا يَعْلَمُونَۖ ﰢ
3736,36,36,23,442,يسٓ,Yā-Sīn,وَءَايَةٞ لَّهُمُ اُ۬ليْلُ نَسْلَخُ مِنْهُ اُ۬لنَّهَارَ فَإِذَا هُم مُّظْلِمُونَۖ ﰣ
3737,36,37,23,442,يسٓ,Yā-Sīn,وَالشَّمْسُ تَجْرِے لِمُسْتَقَرّٖ لَّهَاۖ ذَٰلِكَ تَقْدِيرُ اُ۬لْعَزِيزِ اِ۬لْعَلِيمِۖ ﰤ
3738,36,38,23,442,يسٓ,Yā-Sīn,وَالْقَمَرُ قَدَّرْنَٰهُ مَنَازِلَ حَتَّىٰ عَادَ كَالْعُرْجُونِ اِ۬لْقَدِيمِۖ ﰥ
3739,36,39,23,442,يسٓ,Yā-Sīn,لَا اَ۬لشَّمْسُ يَنۢبَغِے لَهَآ أَن تُدْرِكَ اَ۬لْقَمَرَ وَلَا اَ۬ليْلُ سَابِقُ اُ۬لنَّه۪ارِۖ وَكُلّٞ فِے فَلَكٖ يَسْبَحُونَۖ ﰦ
3740,36,40,23,443,يسٓ,Yā-Sīn,وَءَايَةٞ لَّهُمُۥٓ أَنَّا حَمَلْنَا ذُرِّيَّٰتِهِمْ فِے اِ۬لْفُلْكِ اِ۬لْمَشْحُونِ ﰧ
3741,36,41,23,443,يسٓ,Yā-Sīn,وَخَلَقْنَا لَهُم مِّن مِّثْلِهِۦ مَا يَرْكَبُونَۖ ﰨ
3742,36,42,23,443,يسٓ,Yā-Sīn,وَإِن نَّشَأْ نُغْرِقْهُمْ فَلَا صَرِيخَ لَهُمْ وَلَا هُمْ يُنقَذُونَ ﰩ
3743,36,43,23,443,يسٓ,Yā-Sīn,إِلَّا رَحْمَةٗ مِّنَّا وَمَتَٰعاً اِلَىٰ حِينٖۖ ﰪ
3744,36,44,23,443,يسٓ,Yā-Sīn,وَإِذَا قِيلَ لَهُمُ اُ۪تَّقُواْ مَا بَيْنَ أَيْدِيكُمْ وَمَا خَلْفَكُمْ لَعَلَّكُمْ تُرْحَمُونَۖ ﰫ
3745,36,45,23,443,يسٓ,Yā-Sīn,۞ وَمَا تَاتِيهِم مِّنَ اٰيَةٖ مِّنَ اٰيَٰتِ رَبِّهِمُۥٓ إِلَّا كَانُواْ عَنْهَا مُعْرِضِينَۖ ﰬ
3746,36,46,23,443,يسٓ,Yā-Sīn,وَإِذَا قِيلَ لَهُمُۥٓ أَنفِقُواْ مِمَّا رَزَقَكُمُ اُ۬للَّهُ قَالَ اَ۬لذِينَ كَفَرُواْ لِلذِينَ ءَامَنُوٓاْ أَنُطْعِمُ مَن لَّوْ يَشَآءُ اُ۬للَّهُ أَطْعَمَهُۥٓ إِنَ اَنتُمُۥٓ إِلَّا فِے ضَلَٰلٖ مُّبِينٖۖ ﰭ
3747,36,47,23,443,يسٓ,Yā-Sīn,وَيَقُولُونَ مَت۪ىٰ هَٰذَا اَ۬لْوَعْدُ إِن كُنتُمْ صَٰدِقِينَۖ ﰮ
3748,36,48,23,443,يسٓ,Yā-Sīn,مَا يَنظُرُونَ إِلَّا صَيْحَةٗ وَٰحِدَةٗ تَاخُذُهُمْ وَهُمْ يَخَصِّمُونَۖ ﰯ
3749,36,49,23,443,يسٓ,Yā-Sīn,فَلَا يَسْتَطِيعُونَ تَوْصِيَةٗ وَلَآ إِلَىٰٓ أَهْلِهِمْ يَرْجِعُونَۖ ﰰ
3750,36,50,23,443,يسٓ,Yā-Sīn,وَنُفِخَ فِے اِ۬لصُّورِ فَإِذَا هُم مِّنَ اَ۬لَاجْدَاثِ إِلَىٰ رَبِّهِمْ يَنسِلُونَۖ ﰱ
3751,36,51,23,443,يسٓ,Yā-Sīn,قَالُواْ يَٰوَيْلَنَا مَنۢ بَعَثَنَا مِن مَّرْقَدِنَاۖ هَٰذَا مَا وَعَدَ اَ۬لرَّحْمَٰنُ وَصَدَقَ اَ۬لْمُرْسَلُونَۖ ﰲ
3752,36,52,23,443,يسٓ,Yā-Sīn,إِن كَانَتِ اِلَّا صَيْحَةٗ وَٰحِدَةٗ فَإِذَا هُمْ جَمِيعٞ لَّدَيْنَا مُحْضَرُونَۖ ﰳ
3753,36,53,23,443,يسٓ,Yā-Sīn,فَالْيَوْمَ لَا تُظْلَمُ نَفْسٞ شَئْاٗ وَلَا تُجْزَوْنَ إِلَّا مَا كُنتُمْ تَعْمَلُونَۖ ﰴ
3754,36,54,23,444,يسٓ,Yā-Sīn,إِنَّ أَصْحَٰبَ اَ۬لْجَنَّةِ اِ۬لْيَوْمَ فِے شُغْلٖ فَٰكِهُونَ ﰵ
3755,36,55,23,444,يسٓ,Yā-Sīn,هُمْ وَأَزْوَٰجُهُمْ فِے ظِلَٰلٍ عَلَى اَ۬لَارَآئِكِ مُتَّكِـُٔونَۖ ﰶ
3756,36,56,23,444,يسٓ,Yā-Sīn,لَهُمْ فِيهَا فَٰكِهَةٞۖ وَلَهُم مَّا يَدَّعُونَ ﰷ
3757,36,57,23,444,يسٓ,Yā-Sīn,سَلَٰمٞۖ قَوْلاٗ مِّن رَّبّٖ رَّحِيمٖۖ ﰸ
3758,36,58,23,444,يسٓ,Yā-Sīn,وَامْتَٰزُواْ اُ۬لْيَوْمَ أَيُّهَا اَ۬لْمُجْرِمُونَۖ ﰹ
3759,36,59,23,444,يسٓ,Yā-Sīn,۞ أَلَمَ اَعْهَدِ اِلَيْكُمْ يَٰبَنِےٓ ءَادَمَ أَن لَّا تَعْبُدُواْ اُ۬لشَّيْطَٰنَ إِنَّهُۥ لَكُمْ عَدُوّٞ مُّبِينٞ ﰺ
3760,36,60,23,444,يسٓ,Yā-Sīn,وَأَنُ اُ۟عْبُدُونِےۖ هَٰذَا صِرَٰطٞ مُّسْتَقِيمٞۖ ﰻ
3761,36,61,23,444,يسٓ,Yā-Sīn,وَلَقَدَ اَضَلَّ مِنكُمْ جِبِلّاٗ كَثِيراًۖ اَفَلَمْ تَكُونُواْ تَعْقِلُونَۖ ﰼ
3762,36,62,23,444,يسٓ,Yā-Sīn,هَٰذِهِۦ جَهَنَّمُ اُ۬لتِے كُنتُمْ تُوعَدُونَ ﰽ
3763,36,63,23,444,يسٓ,Yā-Sīn,اَ۪صْلَوْهَا اَ۬لْيَوْمَ بِمَا كُنتُمْ تَكْفُرُونَۖ ﰾ
3764,36,64,23,444,يسٓ,Yā-Sīn,اَ۬لْيَوْمَ نَخْتِمُ عَلَىٰٓ أَفْوَٰهِهِمْ وَتُكَلِّمُنَآ أَيْدِيهِمْ وَتَشْهَدُ أَرْجُلُهُم بِمَا كَانُواْ يَكْسِبُونَۖ ﰿ
3765,36,65,23,444,يسٓ,Yā-Sīn,وَلَوْ نَشَآءُ لَطَمَسْنَا عَلَىٰٓ أَعْيُنِهِمْ فَاسْتَبَقُواْ اُ۬لصِّرَٰطَ فَأَنّ۪ىٰ يُبْصِرُونَۖ ﱀ
3766,36,66,23,444,يسٓ,Yā-Sīn,وَلَوْ نَشَآءُ لَمَسَخْنَٰهُمْ عَلَىٰ مَكَانَتِهِمْ فَمَا اَ۪سْتَطَٰعُواْ مُضِيّاٗ وَلَا يَرْجِعُونَۖ ﱁ
3767,36,67,23,444,يسٓ,Yā-Sīn,وَمَن نُّعَمِّرْهُ نَنكُسْهُ فِے اِ۬لْخَلْقِۖ أَفَلَا تَعْقِلُونَۖ ﱂ
3768,36,68,23,444,يسٓ,Yā-Sīn,وَمَا عَلَّمْنَٰهُ اُ۬لشِّعْرَ وَمَا يَنۢبَغِے لَهُۥٓۖ إِنْ هُوَ إِلَّا ذِكْرٞ وَقُرْءَانٞ مُّبِينٞ ﱃ
3769,36,69,23,444,يسٓ,Yā-Sīn,لِّتُنذِرَ مَن كَانَ حَيّاٗ وَيَحِقَّ اَ۬لْقَوْلُ عَلَى اَ۬لْكٰ۪فِرِينَۖ ﱄ
3770,36,70,23,445,يسٓ,Yā-Sīn,أَوَلَمْ يَرَوَاْ اَنَّا خَلَقْنَا لَهُم مِّمَّا عَمِلَتَ اَيْدِينَآ أَنْعَٰماٗ فَهُمْ لَهَا مَٰلِكُونَۖ ﱅ
3771,36,71,23,445,يسٓ,Yā-Sīn,وَذَلَّلْنَٰهَا لَهُمْ فَمِنْهَا رَكُوبُهُمْ وَمِنْهَا يَاكُلُونَۖ ﱆ
3772,36,72,23,445,يسٓ,Yā-Sīn,وَلَهُمْ فِيهَا مَنَٰفِعُ وَمَشَارِبُۖ أَفَلَا يَشْكُرُونَۖ ﱇ
3773,36,73,23,445,يسٓ,Yā-Sīn,وَاتَّخَذُواْ مِن دُونِ اِ۬للَّهِ ءَالِهَةٗ لَّعَلَّهُمْ يُنصَرُونَ ﱈ
3774,36,74,23,445,يسٓ,Yā-Sīn,لَا يَسْتَطِيعُونَ نَصْرَهُمْ وَهُمْ لَهُمْ جُندٞ مُّحْضَرُونَۖ ﱉ
3775,36,75,23,445,يسٓ,Yā-Sīn,فَلَا يُحْزِنكَ قَوْلُهُمُۥٓۖ إِنَّا نَعْلَمُ مَا يُسِرُّونَ وَمَا يُعْلِنُونَۖ ﱊ
3776,36,76,23,445,يسٓ,Yā-Sīn,أَوَلَمْ يَرَ اَ۬لِانسَٰنُ أَنَّا خَلَقْنَٰهُ مِن نُّطْفَةٖ فَإِذَا هُوَ خَصِيمٞ مُّبِينٞۖ ﱋ
3777,36,77,23,445,يسٓ,Yā-Sīn,وَضَرَبَ لَنَا مَثَلاٗ وَنَسِيَ خَلْقَهُۥۖ قَالَ مَنْ يُّحْيِ اِ۬لْعِظَٰمَ وَهِيَ رَمِيمٞۖ ﱌ
3778,36,78,23,445,يسٓ,Yā-Sīn,قُلْ يُحْيِيهَا اَ۬لذِےٓ أَنشَأَهَآ أَوَّلَ مَرَّةٖ وَهُوَ بِكُلِّ خَلْقٍ عَلِيمٌۖ ﱍ
3779,36,79,23,445,يسٓ,Yā-Sīn,۞ اِ۬لذِے جَعَلَ لَكُم مِّنَ اَ۬لشَّجَرِ اِ۬لَاخْضَرِ نَاراٗ فَإِذَآ أَنتُم مِّنْهُ تُوقِدُونَۖ ﱎ
3780,36,80,23,445,يسٓ,Yā-Sīn,أَوَلَيْسَ اَ۬لذِے خَلَقَ اَ۬لسَّمَٰوَٰتِ وَالَارْضَ بِقَٰدِرٍ عَلَىٰٓ أَنْ يَّخْلُقَ مِثْلَهُمۖ بَل۪ىٰ وَهُوَ اَ۬لْخَلَّٰقُ اُ۬لْعَلِيمُۖ ﱏ
3781,36,81,23,445,يسٓ,Yā-Sīn,إِنَّمَآ أَمْرُهُۥٓ إِذَآ أَرَادَ شَئْاً اَنْ يَّقُولَ لَهُۥ كُنۖ فَيَكُونُۖ ﱐ
3782,36,82,23,445,يسٓ,Yā-Sīn,فَسُبْحَٰنَ اَ۬لذِے بِيَدِهِۦ مَلَكُوتُ كُلِّ شَےْءٖ وَإِلَيْهِ تُرْجَعُونَۖ ﱑ
3783,37,1,23,446,الصَّافَات,Aṣ-Ṣāffāt,وَالصَّٰٓفَّٰتِ صَفّاٗ ﰀ
3784,37,2,23,446,الصَّافَات,Aṣ-Ṣāffāt,فَالزَّٰجِرَٰتِ زَجْراٗ ﰁ
3785,37,3,23,446,الصَّافَات,Aṣ-Ṣāffāt,فَالتَّٰلِيَٰتِ ذِكْراً ﰂ
3786,37,4,23,446,الصَّافَات,Aṣ-Ṣāffāt,اِنَّ إِلَٰهَكُمْ لَوَٰحِدٞۖ ﰃ
3787,37,5,23,446,الصَّافَات,Aṣ-Ṣāffāt,رَّبُّ اُ۬لسَّمَٰوَٰتِ وَالَارْضِ وَمَا بَيْنَهُمَا وَرَبُّ اُ۬لْمَشَٰرِقِۖ ﰄ
3788,37,6,23,446,الصَّافَات,Aṣ-Ṣāffāt,إِنَّا زَيَّنَّا اَ۬لسَّمَآءَ اَ۬لدُّنْي۪ا بِزِينَةِ اِ۬لْكَوَاكِبِۖ ﰅ
3789,37,7,23,446,الصَّافَات,Aṣ-Ṣāffāt,وَحِفْظاٗ مِّن كُلِّ شَيْطَٰنٖ مَّارِدٖۖ ﰆ
3790,37,8,23,446,الصَّافَات,Aṣ-Ṣāffāt,لَّا يَسْمَعُونَ إِلَى اَ۬لْمَلَإِ اِ۬لَاعْل۪ىٰ وَيُقْذَفُونَ مِن كُلِّ جَانِبٖۖ ﰇ
3791,37,9,23,446,الصَّافَات,Aṣ-Ṣāffāt,دُحُوراٗۖ وَلَهُمْ عَذَابٞ وَاصِبٌ ﰈ
3792,37,10,23,446,الصَّافَات,Aṣ-Ṣāffāt,اِلَّا مَنْ خَطِفَ اَ۬لْخَطْفَةَ فَأَتْبَعَهُۥ شِهَابٞ ثَاقِبٞۖ ﰉ
3793,37,11,23,446,الصَّافَات,Aṣ-Ṣāffāt,فَاسْتَفْتِهِمُۥٓ أَهُمُۥٓ أَشَدُّ خَلْقاً اَم مَّنْ خَلَقْنَآۖ إِنَّا خَلَقْنَٰهُم مِّن طِينٖ لَّٰزِبِۢۖ ﰊ
3794,37,12,23,446,الصَّافَات,Aṣ-Ṣāffāt,بَلْ عَجِبْتَ وَيَسْخَرُونَۖ ﰋ
3795,37,13,23,446,الصَّافَات,Aṣ-Ṣāffāt,وَإِذَا ذُكِّرُواْ لَا يَذْكُرُونَۖ ﰌ
3796,37,14,23,446,الصَّافَات,Aṣ-Ṣāffāt,وَإِذَا رَأَوَاْ اٰيَةٗ يَسْتَسْخِرُونَۖ ﰍ
3797,37,15,23,446,الصَّافَات,Aṣ-Ṣāffāt,وَقَالُوٓاْ إِنْ هَٰذَآ إِلَّا سِحْرٞ مُّبِينٌ ﰎ
3798,37,16,23,446,الصَّافَات,Aṣ-Ṣāffāt,اَ۟ذَا مِتْنَا وَكُنَّا تُرَاباٗ وَعِظَٰماً اِنَّا لَمَبْعُوثُونَ ﰏ
3799,37,17,23,446,الصَّافَات,Aṣ-Ṣāffāt,أَوَءَابَآؤُنَا اَ۬لَاوَّلُونَۖ ﰐ
3800,37,18,23,446,الصَّافَات,Aṣ-Ṣāffāt,قُلْ نَعَمْ وَأَنتُمْ دَٰخِرُونَۖ ﰑ
3801,37,19,23,446,الصَّافَات,Aṣ-Ṣāffāt,فَإِنَّمَا هِيَ زَجْرَةٞ وَٰحِدَةٞ فَإِذَا هُمْ يَنظُرُونَۖ ﰒ
3802,37,20,23,446,الصَّافَات,Aṣ-Ṣāffāt,وَقَالُواْ يَٰوَيْلَنَا هَٰذَا يَوْمُ اُ۬لدِّينِۖ ﰓ
3803,37,21,23,446,الصَّافَات,Aṣ-Ṣāffāt,هَٰذَا يَوْمُ اُ۬لْفَصْلِ اِ۬لذِے كُنتُم بِهِۦ تُكَذِّبُونَۖ ﰔ
3804,37,22,23,446,الصَّافَات,Aṣ-Ṣāffāt,۞ اَ۟حْشُرُواْ اُ۬لذِينَ ظَلَمُواْ وَأَزْوَٰجَهُمْ وَمَا كَانُواْ يَعْبُدُونَ ﰕ
3805,37,23,23,446,الصَّافَات,Aṣ-Ṣāffāt,مِن دُونِ اِ۬للَّهِ فَاهْدُوهُمُۥٓ إِلَىٰ صِرَٰطِ اِ۬لْجَحِيمِۖ ﰖ
3806,37,24,23,446,الصَّافَات,Aṣ-Ṣāffāt,وَقِفُوهُمُۥٓ إِنَّهُم مَّسْـُٔولُونَۖ ﰗ
3807,37,25,23,447,الصَّافَات,Aṣ-Ṣāffāt,مَا لَكُمْ لَا تَنَاصَرُونَۖ ﰘ
3808,37,26,23,447,الصَّافَات,Aṣ-Ṣāffāt,بَلْ هُمُ اُ۬لْيَوْمَ مُسْتَسْلِمُونَۖ ﰙ
3809,37,27,23,447,الصَّافَات,Aṣ-Ṣāffāt,وَأَقْبَلَ بَعْضُهُمْ عَلَىٰ بَعْضٖ يَتَسَآءَلُونَۖ ﰚ
3810,37,28,23,447,الصَّافَات,Aṣ-Ṣāffāt,قَالُوٓاْ إِنَّكُمْ كُنتُمْ تَاتُونَنَا عَنِ اِ۬لْيَمِينِۖ ﰛ
3811,37,29,23,447,الصَّافَات,Aṣ-Ṣāffāt,قَالُواْ بَل لَّمْ تَكُونُواْ مُومِنِينَۖ ﰜ
3812,37,30,23,447,الصَّافَات,Aṣ-Ṣāffāt,وَمَا كَانَ لَنَا عَلَيْكُم مِّن سُلْطَٰنِۢ بَلْ كُنتُمْ قَوْماٗ طَٰغِينَۖ ﰝ
3813,37,31,23,447,الصَّافَات,Aṣ-Ṣāffāt,فَحَقَّ عَلَيْنَا قَوْلُ رَبِّنَآ إِنَّا لَذَآئِقُونَ ﰞ
3814,37,32,23,447,الصَّافَات,Aṣ-Ṣāffāt,فَأَغْوَيْنَٰكُمُۥٓ إِنَّا كُنَّا غَٰوِينَۖ ﰟ
3815,37,33,23,447,الصَّافَات,Aṣ-Ṣāffāt,فَإِنَّهُمْ يَوْمَئِذٖ فِے اِ۬لْعَذَابِ مُشْتَرِكُونَۖ ﰠ
3816,37,34,23,447,الصَّافَات,Aṣ-Ṣāffāt,إِنَّا كَذَٰلِكَ نَفْعَلُ بِالْمُجْرِمِينَۖ ﰡ
3817,37,35,23,447,الصَّافَات,Aṣ-Ṣāffāt,إِنَّهُمْ كَانُوٓاْ إِذَا قِيلَ لَهُمْ لَآ إِلَٰهَ إِلَّا اَ۬للَّهُ يَسْتَكْبِرُونَ ﰢ
3818,37,36,23,447,الصَّافَات,Aṣ-Ṣāffāt,وَيَقُولُونَ أَئِنَّا لَتَارِكُوٓاْ ءَالِهَتِنَا لِشَاعِرٖ مَّجْنُونِۢۖ ﰣ
3819,37,37,23,447,الصَّافَات,Aṣ-Ṣāffāt,بَلْ جَآءَ بِالْحَقِّ وَصَدَّقَ اَ۬لْمُرْسَلِينَۖ ﰤ
3820,37,38,23,447,الصَّافَات,Aṣ-Ṣāffāt,إِنَّكُمْ لَذَآئِقُواْ اُ۬لْعَذَابِ اِ۬لَالِيمِۖ ﰥ
3821,37,39,23,447,الصَّافَات,Aṣ-Ṣāffāt,وَمَا تُجْزَوْنَ إِلَّا مَا كُنتُمْ تَعْمَلُونَ ﰦ
3822,37,40,23,447,الصَّافَات,Aṣ-Ṣāffāt,إِلَّا عِبَادَ اَ۬للَّهِ اِ۬لْمُخْلَصِينَۖ ﰧ
3823,37,41,23,447,الصَّافَات,Aṣ-Ṣāffāt,أُوْلَٰٓئِكَ لَهُمْ رِزْقٞ مَّعْلُومٞ ﰨ
3824,37,42,23,447,الصَّافَات,Aṣ-Ṣāffāt,فَوَٰكِهُۖ وَهُم مُّكْرَمُونَ ﰩ
3825,37,43,23,447,الصَّافَات,Aṣ-Ṣāffāt,فِے جَنَّٰتِ اِ۬لنَّعِيمِ ﰪ
3826,37,44,23,447,الصَّافَات,Aṣ-Ṣāffāt,عَلَىٰ سُرُرٖ مُّتَقَٰبِلِينَۖ ﰫ
3827,37,45,23,447,الصَّافَات,Aṣ-Ṣāffāt,يُطَافُ عَلَيْهِم بِكَأْسٖ مِّن مَّعِينِۢ ﰬ
3828,37,46,23,447,الصَّافَات,Aṣ-Ṣāffāt,بَيْضَآءَ لَذَّةٖ لِّلشَّٰرِبِينَ ﰭ
3829,37,47,23,447,الصَّافَات,Aṣ-Ṣāffāt,لَا فِيهَا غَوْلٞ وَلَا هُمْ عَنْهَا يُنزَفُونَۖ ﰮ
3830,37,48,23,447,الصَّافَات,Aṣ-Ṣāffāt,وَعِندَهُمْ قَٰصِرَٰتُ اُ۬لطَّرْفِ عِينٞ ﰯ
3831,37,49,23,447,الصَّافَات,Aṣ-Ṣāffāt,كَأَنَّهُنَّ بَيْضٞ مَّكْنُونٞۖ ﰰ
3832,37,50,23,447,الصَّافَات,Aṣ-Ṣāffāt,فَأَقْبَلَ بَعْضُهُمْ عَلَىٰ بَعْضٖ يَتَسَآءَلُونَۖ ﰱ
3833,37,51,23,447,الصَّافَات,Aṣ-Ṣāffāt,۞ قَالَ قَآئِلٞ مِّنْهُمُۥٓ إِنِّے كَانَ لِے قَرِينٞ ﰲ
3834,37,52,23,448,الصَّافَات,Aṣ-Ṣāffāt,يَقُولُ أَ۟نَّكَ لَمِنَ اَ۬لْمُصَدِّقِينَ ﰳ
3835,37,53,23,448,الصَّافَات,Aṣ-Ṣāffāt,أَ۟ذَا مِتْنَا وَكُنَّا تُرَاباٗ وَعِظَٰماً اِنَّا لَمَدِينُونَۖ ﰴ
3836,37,54,23,448,الصَّافَات,Aṣ-Ṣāffāt,قَالَ هَلَ اَنتُم مُّطَّلِعُونَ ﰵ
3837,37,55,23,448,الصَّافَات,Aṣ-Ṣāffāt,فَاطَّلَعَ فَر۪ء۪اهُ فِے سَوَآءِ اِ۬لْجَحِيمِۖ ﰶ
3838,37,56,23,448,الصَّافَات,Aṣ-Ṣāffāt,قَالَ تَاللَّهِ إِن كِدتَّ لَتُرْدِينِۦ ﰷ
3839,37,57,23,448,الصَّافَات,Aṣ-Ṣāffāt,وَلَوْلَا نِعْمَةُ رَبِّے لَكُنتُ مِنَ اَ۬لْمُحْضَرِينَۖ ﰸ
3840,37,58,23,448,الصَّافَات,Aṣ-Ṣāffāt,أَفَمَا نَحْنُ بِمَيِّتِينَ ﰹ
3841,37,59,23,448,الصَّافَات,Aṣ-Ṣāffāt,إِلَّا مَوْتَتَنَا اَ۬لُاول۪ىٰ وَمَا نَحْنُ بِمُعَذَّبِينَۖ ﰺ
3842,37,60,23,448,الصَّافَات,Aṣ-Ṣāffāt,إِنَّ هَٰذَا لَهُوَ اَ۬لْفَوْزُ اُ۬لْعَظِيمُۖ ﰻ
3843,37,61,23,448,الصَّافَات,Aṣ-Ṣāffāt,لِمِثْلِ هَٰذَا فَلْيَعْمَلِ اِ۬لْعَٰمِلُونَۖ ﰼ
3844,37,62,23,448,الصَّافَات,Aṣ-Ṣāffāt,أَذَٰلِكَ خَيْرٞ نُّزُلاً اَمْ شَجَرَةُ اُ۬لزَّقُّومِۖ ﰽ
3845,37,63,23,448,الصَّافَات,Aṣ-Ṣāffāt,إِنَّا جَعَلْنَٰهَا فِتْنَةٗ لِّلظَّٰلِمِينَۖ ﰾ
3846,37,64,23,448,الصَّافَات,Aṣ-Ṣāffāt,إِنَّهَا شَجَرَةٞ تَخْرُجُ فِےٓ أَصْلِ اِ۬لْجَحِيمِ ﰿ
3847,37,65,23,448,الصَّافَات,Aṣ-Ṣāffāt,طَلْعُهَا كَأَنَّهُۥ رُءُوسُ اُ۬لشَّيَٰطِينِۖ ﱀ
3848,37,66,23,448,الصَّافَات,Aṣ-Ṣāffāt,فَإِنَّهُمْ لَأٓكِلُونَ مِنْهَا فَمَالِـُٔونَ مِنْهَا اَ۬لْبُطُونَ ﱁ
3849,37,67,23,448,الصَّافَات,Aṣ-Ṣāffāt,ثُمَّ إِنَّ لَهُمْ عَلَيْهَا لَشَوْباٗ مِّنْ حَمِيمٖۖ ﱂ
3850,37,68,23,448,الصَّافَات,Aṣ-Ṣāffāt,ثُمَّ إِنَّ مَرْجِعَهُمْ لَإِلَى اَ۬لْجَحِيمِۖ ﱃ
3851,37,69,23,448,الصَّافَات,Aṣ-Ṣāffāt,إِنَّهُمُۥٓ أَلْفَوَاْ اٰبَآءَهُمْ ضَآلِّينَ ﱄ
3852,37,70,23,448,الصَّافَات,Aṣ-Ṣāffāt,فَهُمْ عَلَىٰٓ ءَاثٰ۪رِهِمْ يُهْرَعُونَۖ ﱅ
3853,37,71,23,448,الصَّافَات,Aṣ-Ṣāffāt,وَلَقَد ضَّلَّ قَبْلَهُمُۥٓ أَكْثَرُ اُ۬لَاوَّلِينَۖ ﱆ
3854,37,72,23,448,الصَّافَات,Aṣ-Ṣāffāt,وَلَقَدَ اَرْسَلْنَا فِيهِم مُّنذِرِينَۖ ﱇ
3855,37,73,23,448,الصَّافَات,Aṣ-Ṣāffāt,فَانظُرْ كَيْفَ كَانَ عَٰقِبَةُ اُ۬لْمُنذَرِينَ ﱈ
3856,37,74,23,448,الصَّافَات,Aṣ-Ṣāffāt,إِلَّا عِبَادَ اَ۬للَّهِ اِ۬لْمُخْلَصِينَۖ ﱉ
3857,37,75,23,448,الصَّافَات,Aṣ-Ṣāffāt,وَلَقَدْ نَاد۪يٰنَا نُوحٞۖ فَلَنِعْمَ اَ۬لْمُجِيبُونَۖ ﱊ
3858,37,76,23,448,الصَّافَات,Aṣ-Ṣāffāt,وَنَجَّيْنَٰهُ وَأَهْلَهُۥ مِنَ اَ۬لْكَرْبِ اِ۬لْعَظِيمِۖ ﱋ
3859,37,77,23,449,الصَّافَات,Aṣ-Ṣāffāt,وَجَعَلْنَا ذُرِّيَّتَهُۥ هُمُ اُ۬لْبَاقِينَۖ ﱌ
3860,37,78,23,449,الصَّافَات,Aṣ-Ṣāffāt,وَتَرَكْنَا عَلَيْهِ فِے اِ۬لَاخِرِينَۖ ﱍ
3861,37,79,23,449,الصَّافَات,Aṣ-Ṣāffāt,سَلَٰمٌ عَلَىٰ نُوحٖ فِے اِ۬لْعَٰلَمِينَۖ ﱎ
3862,37,80,23,449,الصَّافَات,Aṣ-Ṣāffāt,إِنَّا كَذَٰلِكَ نَجْزِے اِ۬لْمُحْسِنِينَۖ ﱏ
3863,37,81,23,449,الصَّافَات,Aṣ-Ṣāffāt,إِنَّهُۥ مِنْ عِبَادِنَا اَ۬لْمُومِنِينَۖ ﱐ
3864,37,82,23,449,الصَّافَات,Aṣ-Ṣāffāt,ثُمَّ أَغْرَقْنَا اَ۬لَاخَرِينَۖ ﱑ
3865,37,83,23,449,الصَّافَات,Aṣ-Ṣāffāt,۞ وَإِنَّ مِن شِيعَتِهِۦ لَإِبْرَٰهِيمَ ﱒ
3866,37,84,23,449,الصَّافَات,Aṣ-Ṣāffāt,إِذْ جَآءَ رَبَّهُۥ بِقَلْبٖ سَلِيمٍ ﱓ
3867,37,85,23,449,الصَّافَات,Aṣ-Ṣāffāt,اِذْ قَالَ لِأَبِيهِ وَقَوْمِهِۦ مَاذَا تَعْبُدُونَۖ ﱔ
3868,37,86,23,449,الصَّافَات,Aṣ-Ṣāffāt,أَئِفْكاً اٰلِهَةٗ دُونَ اَ۬للَّهِ تُرِيدُونَۖ ﱕ
3869,37,87,23,449,الصَّافَات,Aṣ-Ṣāffāt,فَمَا ظَنُّكُم بِرَبِّ اِ۬لْعَٰلَمِينَۖ ﱖ
3870,37,88,23,449,الصَّافَات,Aṣ-Ṣāffāt,فَنَظَرَ نَظْرَةٗ فِے اِ۬لنُّجُومِ ﱗ
3871,37,89,23,449,الصَّافَات,Aṣ-Ṣāffāt,فَقَالَ إِنِّے سَقِيمٞ ﱘ
3872,37,90,23,449,الصَّافَات,Aṣ-Ṣāffāt,فَتَوَلَّوْاْ عَنْهُ مُدْبِرِينَۖ ﱙ
3873,37,91,23,449,الصَّافَات,Aṣ-Ṣāffāt,فَرَاغَ إِلَىٰٓ ءَالِهَتِهِمْ فَقَالَ أَلَا تَاكُلُونَ ﱚ
3874,37,92,23,449,الصَّافَات,Aṣ-Ṣāffāt,مَا لَكُمْ لَا تَنطِقُونَۖ ﱛ
3875,37,93,23,449,الصَّافَات,Aṣ-Ṣāffāt,فَرَاغَ عَلَيْهِمْ ضَرْباَۢ بِالْيَمِينِ ﱜ
3876,37,94,23,449,الصَّافَات,Aṣ-Ṣāffāt,فَأَقْبَلُوٓاْ إِلَيْهِ يَزِفُّونَۖ ﱝ
3877,37,95,23,449,الصَّافَات,Aṣ-Ṣāffāt,قَالَ أَتَعْبُدُونَ مَا تَنْحِتُونَ ﱞ
3878,37,96,23,449,الصَّافَات,Aṣ-Ṣāffāt,وَاللَّهُ خَلَقَكُمْ وَمَا تَعْمَلُونَۖ ﱟ
3879,37,97,23,449,الصَّافَات,Aṣ-Ṣāffāt,قَالُواْ اُ۪بْنُواْ لَهُۥ بُنْيَٰناٗ فَأَلْقُوهُ فِے اِ۬لْجَحِيمِ ﱠ
3880,37,98,23,449,الصَّافَات,Aṣ-Ṣāffāt,فَأَرَادُواْ بِهِۦ كَيْداٗ فَجَعَلْنَٰهُمُ اُ۬لَاسْفَلِينَۖ ﱡ
3881,37,99,23,449,الصَّافَات,Aṣ-Ṣāffāt,وَقَالَ إِنِّے ذَاهِبٌ اِلَىٰ رَبِّے سَيَهْدِينِۖ ﱢ
3882,37,100,23,449,الصَّافَات,Aṣ-Ṣāffāt,رَبِّ هَبْ لِے مِنَ اَ۬لصَّٰلِحِينَۖ ﱣ
3883,37,101,23,449,الصَّافَات,Aṣ-Ṣāffāt,فَبَشَّرْنَٰهُ بِغُلَٰمٍ حَلِيمٖۖ ﱤ
3884,37,102,23,449,الصَّافَات,Aṣ-Ṣāffāt,فَلَمَّا بَلَغَ مَعَهُ اُ۬لسَّعْيَ قَالَ يَٰبُنَيِّ إِنِّيَ أَر۪ىٰ فِے اِ۬لْمَنَامِ أَنِّيَ أَذْبَحُكَ فَانظُرْ مَاذَا تَر۪ىٰۖ قَالَ يَٰٓأَبَتِ اِ۪فْعَلْ مَا تُومَرُۖ سَتَجِدُنِيَ إِن شَآءَ اَ۬للَّهُ مِنَ اَ۬لصَّٰبِرِينَۖ ﱥ
3885,37,103,23,450,الصَّافَات,Aṣ-Ṣāffāt,فَلَمَّآ أَسْلَمَا وَتَلَّهُۥ لِلْجَبِينِ ﱦ
3886,37,104,23,450,الصَّافَات,Aṣ-Ṣāffāt,وَنَٰدَيْنَٰهُ أَنْ يَّٰٓإِبْرَٰهِيمُ ﱧ
3887,37,105,23,450,الصَّافَات,Aṣ-Ṣāffāt,قَدْ صَدَّقْتَ اَ۬لرُّءْي۪آۖ إِنَّا كَذَٰلِكَ نَجْزِے اِ۬لْمُحْسِنِينَۖ ﱨ
3888,37,106,23,450,الصَّافَات,Aṣ-Ṣāffāt,إِنَّ هَٰذَا لَهُوَ اَ۬لْبَلَٰٓؤُاْ اُ۬لْمُبِينُۖ ﱩ
3889,37,107,23,450,الصَّافَات,Aṣ-Ṣāffāt,وَفَدَيْنَٰهُ بِذِبْحٍ عَظِيمٖۖ ﱪ
3890,37,108,23,450,الصَّافَات,Aṣ-Ṣāffāt,وَتَرَكْنَا عَلَيْهِ فِے اِ۬لَاخِرِينَۖ ﱫ
3891,37,109,23,450,الصَّافَات,Aṣ-Ṣāffāt,سَلَٰمٌ عَلَىٰٓ إِبْرَٰهِيمَۖ ﱬ
3892,37,110,23,450,الصَّافَات,Aṣ-Ṣāffāt,كَذَٰلِكَ نَجْزِے اِ۬لْمُحْسِنِينَۖ ﱭ
3893,37,111,23,450,الصَّافَات,Aṣ-Ṣāffāt,إِنَّهُۥ مِنْ عِبَادِنَا اَ۬لْمُومِنِينَۖ ﱮ
3894,37,112,23,450,الصَّافَات,Aṣ-Ṣāffāt,وَبَشَّرْنَٰهُ بِإِسْحَٰقَ نَبِيٓـٔاٗ مِّنَ اَ۬لصَّٰلِحِينَ ﱯ
3895,37,113,23,450,الصَّافَات,Aṣ-Ṣāffāt,وَبَٰرَكْنَا عَلَيْهِ وَعَلَىٰٓ إِسْحَٰقَۖ وَمِن ذُرِّيَّتِهِمَا مُحْسِنٞ وَظَالِمٞ لِّنَفْسِهِۦ مُبِينٞۖ ﱰ
3896,37,114,23,450,الصَّافَات,Aṣ-Ṣāffāt,۞ وَلَقَدْ مَنَنَّا عَلَىٰ مُوس۪ىٰ وَهَٰرُونَ ﱱ
3897,37,115,23,450,الصَّافَات,Aṣ-Ṣāffāt,وَنَجَّيْنَٰهُمَا وَقَوْمَهُمَا مِنَ اَ۬لْكَرْبِ اِ۬لْعَظِيمِۖ ﱲ
3898,37,116,23,450,الصَّافَات,Aṣ-Ṣāffāt,وَنَصَرْنَٰهُمْ فَكَانُواْ هُمُ اُ۬لْغَٰلِبِينَۖ ﱳ
3899,37,117,23,450,الصَّافَات,Aṣ-Ṣāffāt,وَءَاتَيْنَٰهُمَا اَ۬لْكِتَٰبَ اَ۬لْمُسْتَبِينَۖ ﱴ
3900,37,118,23,450,الصَّافَات,Aṣ-Ṣāffāt,وَهَدَيْنَٰهُمَا اَ۬لصِّرَٰطَ اَ۬لْمُسْتَقِيمَۖ ﱵ
3901,37,119,23,450,الصَّافَات,Aṣ-Ṣāffāt,وَتَرَكْنَا عَلَيْهِمَا فِے اِ۬لَاخِرِينَۖ ﱶ
3902,37,120,23,450,الصَّافَات,Aṣ-Ṣāffāt,سَلَٰمٌ عَلَىٰ مُوس۪ىٰ وَهَٰرُونَۖ ﱷ
3903,37,121,23,450,الصَّافَات,Aṣ-Ṣāffāt,إِنَّا كَذَٰلِكَ نَجْزِے اِ۬لْمُحْسِنِينَۖ ﱸ
3904,37,122,23,450,الصَّافَات,Aṣ-Ṣāffāt,إِنَّهُمَا مِنْ عِبَادِنَا اَ۬لْمُومِنِينَۖ ﱹ
3905,37,123,23,450,الصَّافَات,Aṣ-Ṣāffāt,وَإِنَّ إِلْيَاسَ لَمِنَ اَ۬لْمُرْسَلِينَ ﱺ
3906,37,124,23,450,الصَّافَات,Aṣ-Ṣāffāt,إِذْ قَالَ لِقَوْمِهِۦٓ أَلَا تَتَّقُونَ ﱻ
3907,37,125,23,450,الصَّافَات,Aṣ-Ṣāffāt,أَتَدْعُونَ بَعْلاٗ وَتَذَرُونَ أَحْسَنَ اَ۬لْخَٰلِقِينَۖ ﱼ
3908,37,126,23,450,الصَّافَات,Aṣ-Ṣāffāt,اَ۬للَّهُ رَبُّكُمْ وَرَبُّ ءَابَآئِكُمُ اُ۬لَاوَّلِينَۖ ﱽ
3909,37,127,23,451,الصَّافَات,Aṣ-Ṣāffāt,فَكَذَّبُوهُ فَإِنَّهُمْ لَمُحْضَرُونَ ﱾ
3910,37,128,23,451,الصَّافَات,Aṣ-Ṣāffāt,إِلَّا عِبَادَ اَ۬للَّهِ اِ۬لْمُخْلَصِينَۖ ﱿ
3911,37,129,23,451,الصَّافَات,Aṣ-Ṣāffāt,وَتَرَكْنَا عَلَيْهِ فِے اِ۬لَاخِرِينَۖ ﲀ
3912,37,130,23,451,الصَّافَات,Aṣ-Ṣāffāt,سَلَٰمٌ عَلَىٰٓ ءَالِ يَاسِينَۖ ﲁ
3913,37,131,23,451,الصَّافَات,Aṣ-Ṣāffāt,إِنَّا كَذَٰلِكَ نَجْزِے اِ۬لْمُحْسِنِينَۖ ﲂ
3914,37,132,23,451,الصَّافَات,Aṣ-Ṣāffāt,إِنَّهُۥ مِنْ عِبَادِنَا اَ۬لْمُومِنِينَۖ ﲃ
3915,37,133,23,451,الصَّافَات,Aṣ-Ṣāffāt,وَإِنَّ لُوطاٗ لَّمِنَ اَ۬لْمُرْسَلِينَ ﲄ
3916,37,134,23,451,الصَّافَات,Aṣ-Ṣāffāt,إِذْ نَجَّيْنَٰهُ وَأَهْلَهُۥٓ أَجْمَعِينَ ﲅ
3917,37,135,23,451,الصَّافَات,Aṣ-Ṣāffāt,إِلَّا عَجُوزاٗ فِے اِ۬لْغَٰبِرِينَ ﲆ
3918,37,136,23,451,الصَّافَات,Aṣ-Ṣāffāt,ثُمَّ دَمَّرْنَا اَ۬لَاخَرِينَۖ ﲇ
3919,37,137,23,451,الصَّافَات,Aṣ-Ṣāffāt,وَإِنَّكُمْ لَتَمُرُّونَ عَلَيْهِم مُّصْبِحِينَ ﲈ
3920,37,138,23,451,الصَّافَات,Aṣ-Ṣāffāt,وَبِاليْلِۖ أَفَلَا تَعْقِلُونَۖ ﲉ
3921,37,139,23,451,الصَّافَات,Aṣ-Ṣāffāt,وَإِنَّ يُونُسَ لَمِنَ اَ۬لْمُرْسَلِينَ ﲊ
3922,37,140,23,451,الصَّافَات,Aṣ-Ṣāffāt,إِذَ اَبَقَ إِلَى اَ۬لْفُلْكِ اِ۬لْمَشْحُونِ ﲋ
3923,37,141,23,451,الصَّافَات,Aṣ-Ṣāffāt,فَسَاهَمَ فَكَانَ مِنَ اَ۬لْمُدْحَضِينَ ﲌ
3924,37,142,23,451,الصَّافَات,Aṣ-Ṣāffāt,فَالْتَقَمَهُ اُ۬لْحُوتُ وَهُوَ مُلِيمٞۖ ﲍ
3925,37,143,23,451,الصَّافَات,Aṣ-Ṣāffāt,فَلَوْلَآ أَنَّهُۥ كَانَ مِنَ اَ۬لْمُسَبِّحِينَ ﲎ
3926,37,144,23,451,الصَّافَات,Aṣ-Ṣāffāt,لَلَبِثَ فِے بَطْنِهِۦٓ إِلَىٰ يَوْمِ يُبْعَثُونَۖ ﲏ
3927,37,145,23,451,الصَّافَات,Aṣ-Ṣāffāt,۞ فَنَبَذْنَٰهُ بِالْعَرَآءِ وَهُوَ سَقِيمٞۖ ﲐ
3928,37,146,23,451,الصَّافَات,Aṣ-Ṣāffāt,وَأَنۢبَتْنَا عَلَيْهِ شَجَرَةٗ مِّنْ يَّقْطِينٖۖ ﲑ
3929,37,147,23,451,الصَّافَات,Aṣ-Ṣāffāt,وَأَرْسَلْنَٰهُ إِلَىٰ مِاْئَةِ أَلْفٍ اَوْ يَزِيدُونَۖ ﲒ
3930,37,148,23,451,الصَّافَات,Aṣ-Ṣāffāt,فَـَٔامَنُواْ فَمَتَّعْنَٰهُمُۥٓ إِلَىٰ حِينٖۖ ﲓ
3931,37,149,23,451,الصَّافَات,Aṣ-Ṣāffāt,فَاسْتَفْتِهِمُۥٓ أَلِرَبِّكَ اَ۬لْبَنَاتُ وَلَهُمُ اُ۬لْبَنُونَۖ ﲔ
3932,37,150,23,451,الصَّافَات,Aṣ-Ṣāffāt,أَمْ خَلَقْنَا اَ۬لْمَلَٰٓئِكَةَ إِنَٰثاٗ وَهُمْ شَٰهِدُونَۖ ﲕ
3933,37,151,23,451,الصَّافَات,Aṣ-Ṣāffāt,أَلَآ إِنَّهُم مِّنِ اِفْكِهِمْ لَيَقُولُونَ ﲖ
3934,37,152,23,451,الصَّافَات,Aṣ-Ṣāffāt,وَلَدَ اَ۬للَّهُ وَإِنَّهُمْ لَكَٰذِبُونَۖ ﲗ
3935,37,153,23,451,الصَّافَات,Aṣ-Ṣāffāt,أَصْطَفَى اَ۬لْبَنَاتِ عَلَى اَ۬لْبَنِينَۖ ﲘ
3936,37,154,23,452,الصَّافَات,Aṣ-Ṣāffāt,مَا لَكُمْۖ كَيْفَ تَحْكُمُونَۖ ﲙ
3937,37,155,23,452,الصَّافَات,Aṣ-Ṣāffāt,أَفَلَا تَذَّكَّرُونَۖ ﲚ
3938,37,156,23,452,الصَّافَات,Aṣ-Ṣāffāt,أَمْ لَكُمْ سُلْطَٰنٞ مُّبِينٞ ﲛ
3939,37,157,23,452,الصَّافَات,Aṣ-Ṣāffāt,فَاتُواْ بِكِتَٰبِكُمُۥٓ إِن كُنتُمْ صَٰدِقِينَۖ ﲜ
3940,37,158,23,452,الصَّافَات,Aṣ-Ṣāffāt,وَجَعَلُواْ بَيْنَهُۥ وَبَيْنَ اَ۬لْجِنَّةِ نَسَباٗۖ وَلَقَدْ عَلِمَتِ اِ۬لْجِنَّةُ إِنَّهُمْ لَمُحْضَرُونَۖ ﲝ
3941,37,159,23,452,الصَّافَات,Aṣ-Ṣāffāt,سُبْحَٰنَ اَ۬للَّهِ عَمَّا يَصِفُونَۖ ﲞ
3942,37,160,23,452,الصَّافَات,Aṣ-Ṣāffāt,إِلَّا عِبَادَ اَ۬للَّهِ اِ۬لْمُخْلَصِينَۖ ﲟ
3943,37,161,23,452,الصَّافَات,Aṣ-Ṣāffāt,فَإِنَّكُمْ وَمَا تَعْبُدُونَ ﲠ
3944,37,162,23,452,الصَّافَات,Aṣ-Ṣāffāt,مَآ أَنتُمْ عَلَيْهِ بِفَٰتِنِينَ ﲡ
3945,37,163,23,452,الصَّافَات,Aṣ-Ṣāffāt,إِلَّا مَنْ هُوَ صَالِ اِ۬لْجَحِيمِۖ ﲢ
3946,37,164,23,452,الصَّافَات,Aṣ-Ṣāffāt,وَمَا مِنَّآ إِلَّا لَهُۥ مَقَامٞ مَّعْلُومٞۖ ﲣ
3947,37,165,23,452,الصَّافَات,Aṣ-Ṣāffāt,وَإِنَّا لَنَحْنُ اُ۬لصَّآفُّونَ ﲤ
3948,37,166,23,452,الصَّافَات,Aṣ-Ṣāffāt,وَإِنَّا لَنَحْنُ اُ۬لْمُسَبِّحُونَۖ ﲥ
3949,37,167,23,452,الصَّافَات,Aṣ-Ṣāffāt,وَإِن كَانُواْ لَيَقُولُونَ ﲦ
3950,37,168,23,452,الصَّافَات,Aṣ-Ṣāffāt,لَوَ اَنَّ عِندَنَا ذِكْراٗ مِّنَ اَ۬لَاوَّلِينَ ﲧ
3951,37,169,23,452,الصَّافَات,Aṣ-Ṣāffāt,لَكُنَّا عِبَادَ اَ۬للَّهِ اِ۬لْمُخْلَصِينَۖ ﲨ
3952,37,170,23,452,الصَّافَات,Aṣ-Ṣāffāt,فَكَفَرُواْ بِهِۦۖ فَسَوْفَ يَعْلَمُونَۖ ﲩ
3953,37,171,23,452,الصَّافَات,Aṣ-Ṣāffāt,وَلَقَدْ سَبَقَتْ كَلِمَتُنَا لِعِبَادِنَا اَ۬لْمُرْسَلِينَ ﲪ
3954,37,172,23,452,الصَّافَات,Aṣ-Ṣāffāt,إِنَّهُمْ لَهُمُ اُ۬لْمَنصُورُونَ ﲫ
3955,37,173,23,452,الصَّافَات,Aṣ-Ṣāffāt,وَإِنَّ جُندَنَا لَهُمُ اُ۬لْغَٰلِبُونَۖ ﲬ
3956,37,174,23,452,الصَّافَات,Aṣ-Ṣāffāt,فَتَوَلَّ عَنْهُمْ حَتَّىٰ حِينٖۖ ﲭ
3957,37,175,23,452,الصَّافَات,Aṣ-Ṣāffāt,وَأَبْصِرْهُمْ فَسَوْفَ يُبْصِرُونَۖ ﲮ
3958,37,176,23,452,الصَّافَات,Aṣ-Ṣāffāt,أَفَبِعَذَابِنَا يَسْتَعْجِلُونَۖ ﲯ
3959,37,177,23,452,الصَّافَات,Aṣ-Ṣāffāt,فَإِذَا نَزَلَ بِسَاحَتِهِمْ فَسَآءَ صَبَاحُ اُ۬لْمُنذَرِينَۖ ﲰ
3960,37,178,23,452,الصَّافَات,Aṣ-Ṣāffāt,وَتَوَلَّ عَنْهُمْ حَتَّىٰ حِينٖۖ ﲱ
3961,37,179,23,452,الصَّافَات,Aṣ-Ṣāffāt,وَأَبْصِرْ فَسَوْفَ يُبْصِرُونَۖ ﲲ
3962,37,180,23,452,الصَّافَات,Aṣ-Ṣāffāt,سُبْحَٰنَ رَبِّكَ رَبِّ اِ۬لْعِزَّةِ عَمَّا يَصِفُونَۖ ﲳ
3963,37,181,23,452,الصَّافَات,Aṣ-Ṣāffāt,وَسَلَٰمٌ عَلَى اَ۬لْمُرْسَلِينَۖ ﲴ
3964,37,182,23,452,الصَّافَات,Aṣ-Ṣāffāt,وَالْحَمْدُ لِلهِ رَبِّ اِ۬لْعَٰلَمِينَۖ ﲵ
3965,38,1,23,453,صٓ,Ṣād,صَٓۖ وَالْقُرْءَانِ ذِے اِ۬لذِّكْرِۖ بَلِ اِ۬لذِينَ كَفَرُواْ فِے عِزَّةٖ وَشِقَاقٖۖ ﰀ
3966,38,2,23,453,صٓ,Ṣād,كَمَ اَهْلَكْنَا مِن قَبْلِهِم مِّن قَرْنٖ فَنَادَواْ وَّلَاتَ حِينَ مَنَاصٖۖ ﰁ
3967,38,3,23,453,صٓ,Ṣād,وَعَجِبُوٓاْ أَن جَآءَهُم مُّنذِرٞ مِّنْهُمْۖ وَقَالَ اَ۬لْكَٰفِرُونَ هَٰذَا سَٰحِرٞ كَذَّابٌ ﰂ
3968,38,4,23,453,صٓ,Ṣād,اَجَعَلَ اَ۬لَالِهَةَ إِلَٰهاٗ وَٰحِداً اِنَّ هَٰذَا لَشَےْءٌ عُجَابٞۖ ﰃ
3969,38,5,23,453,صٓ,Ṣād,وَانطَلَقَ اَ۬لْمَلَأُ مِنْهُمُۥٓ أَنِ اِ۪مْشُواْ وَاصْبِرُواْ عَلَىٰٓ ءَالِهَتِكُمُۥٓ إِنَّ هَٰذَا لَشَےْءٞ يُرَادُ ﰄ
3970,38,6,23,453,صٓ,Ṣād,مَا سَمِعْنَا بِهَٰذَا فِے اِ۬لْمِلَّةِ اِ۬لَاخِرَةِ إِنْ هَٰذَآ إِلَّا اَ۪خْتِلَٰقٌ ﰅ
3971,38,7,23,453,صٓ,Ṣād,اَ۟نزِلَ عَلَيْهِ اِ۬لذِّكْرُ مِنۢ بَيْنِنَاۖ بَلْ هُمْ فِے شَكّٖ مِّن ذِكْرِے بَل لَّمَّا يَذُوقُواْ عَذَابِۖ ﰆ
3972,38,8,23,453,صٓ,Ṣād,أَمْ عِندَهُمْ خَزَآئِنُ رَحْمَةِ رَبِّكَ اَ۬لْعَزِيزِ اِ۬لْوَهَّابِۖ ﰇ
3973,38,9,23,453,صٓ,Ṣād,أَمْ لَهُم مُّلْكُ اُ۬لسَّمَٰوَٰتِ وَالَارْضِ وَمَا بَيْنَهُمَاۖ فَلْيَرْتَقُواْ فِے اِ۬لَاسْبَٰبِۖ ﰈ
3974,38,10,23,453,صٓ,Ṣād,جُندٞ مَّا هُنَالِكَ مَهْزُومٞ مِّنَ اَ۬لَاحْزَابِۖ ﰉ
3975,38,11,23,453,صٓ,Ṣād,كَذَّبَتْ قَبْلَهُمْ قَوْمُ نُوحٖ وَعَادٞ وَفِرْعَوْنُ ذُو اُ۬لَاوْتَادِ ﰊ
3976,38,12,23,453,صٓ,Ṣād,وَثَمُودُ وَقَوْمُ لُوطٖ وَأَصْحَٰبُ لَيْكَةَۖ أُوْلَٰٓئِكَ اَ۬لَاحْزَابُۖ ﰋ
3977,38,13,23,453,صٓ,Ṣād,إِن كُلٌّ اِلَّا كَذَّبَ اَ۬لرُّسُلَ فَحَقَّ عِقَابِۖ ﰌ
3978,38,14,23,453,صٓ,Ṣād,وَمَا يَنظُرُ هَٰٓؤُلَآءِ الَّا صَيْحَةٗ وَٰحِدَةٗ مَّا لَهَا مِن فَوَاقٖۖ ﰍ
3979,38,15,23,453,صٓ,Ṣād,وَقَالُواْ رَبَّنَا عَجِّل لَّنَا قِطَّنَا قَبْلَ يَوْمِ اِ۬لْحِسَابِۖ ﰎ
3980,38,16,23,454,صٓ,Ṣād,اِ۪صْبِرْ عَلَىٰ مَا يَقُولُونَۖ وَاذْكُرْ عَبْدَنَا دَاوُۥدَ ذَا اَ۬لَايْدِۖ إِنَّهُۥٓ أَوَّابٌۖ ﰏ
3981,38,17,23,454,صٓ,Ṣād,اِنَّا سَخَّرْنَا اَ۬لْجِبَالَ مَعَهُۥ يُسَبِّحْنَ بِالْعَشِيِّ وَالِاشْرَاقِ ﰐ
3982,38,18,23,454,صٓ,Ṣād,وَالطَّيْرَ مَحْشُورَةٗۖ كُلّٞ لَّهُۥٓ أَوَّابٞۖ ﰑ
3983,38,19,23,454,صٓ,Ṣād,وَشَدَدْنَا مُلْكَهُۥ وَءَاتَيْنَٰهُ اُ۬لْحِكْمَةَ وَفَصْلَ اَ۬لْخِطَابِۖ ﰒ
3984,38,20,23,454,صٓ,Ṣād,۞ وَهَلَ اَت۪يٰكَ نَبَؤُاْ اُ۬لْخَصْمِ إِذْ تَسَوَّرُواْ اُ۬لْمِحْرَابَ ﰓ
3985,38,21,23,454,صٓ,Ṣād,إِذْ دَخَلُواْ عَلَىٰ دَاوُۥدَ فَفَزِعَ مِنْهُمْ قَالُواْ لَا تَخَفْۖ خَصْمَٰنِ بَغ۪ىٰ بَعْضُنَا عَلَىٰ بَعْضٖ فَاحْكُم بَيْنَنَا بِالْحَقِّ وَلَا تُشْطِطْۖ وَاهْدِنَآ إِلَىٰ سَوَآءِ اِ۬لصِّرَٰطِۖ ﰔ
3986,38,22,23,454,صٓ,Ṣād,إِنَّ هَٰذَآ أَخِے لَهُۥ تِسْعٞ وَتِسْعُونَ نَعْجَةٗ وَلِے نَعْجَةٞ وَٰحِدَةٞ فَقَالَ أَكْفِلْنِيهَا وَعَزَّنِے فِے اِ۬لْخِطَابِۖ ﰕ
3987,38,23,23,454,صٓ,Ṣād,قَالَ لَقَد ظَّلَمَكَ بِسُؤَالِ نَعْجَتِكَ إِلَىٰ نِعَاجِهِۦۖ وَإِنَّ كَثِيراٗ مِّنَ اَ۬لْخُلَطَآءِ لَيَبْغِے بَعْضُهُمْ عَلَىٰ بَعْضٍ اِلَّا اَ۬لذِينَ ءَامَنُواْ وَعَمِلُواْ اُ۬لصَّٰلِحَٰتِۖ وَقَلِيلٞ مَّا هُمْۖ وَظَنَّ دَاوُۥدُ أَنَّمَا فَتَنَّٰهُ فَاسْتَغْفَرَ رَبَّهُۥ وَخَرَّ رَاكِعاٗ وَأَنَابَۖ۩ ﰖ
3988,38,24,23,454,صٓ,Ṣād,فَغَفَرْنَا لَهُۥ ذَٰلِكَۖ وَإِنَّ لَهُۥ عِندَنَا لَزُلْف۪ىٰ وَحُسْنَ مَـَٔابٖۖ ﰗ
3989,38,25,23,454,صٓ,Ṣād,يَٰدَاوُۥدُ إِنَّا جَعَلْنَٰكَ خَلِيفَةٗ فِے اِ۬لَارْضِ فَاحْكُم بَيْنَ اَ۬لنَّاسِ بِالْحَقِّ وَلَا تَتَّبِعِ اِ۬لْهَو۪ىٰ فَيُضِلَّكَ عَن سَبِيلِ اِ۬للَّهِۖ إِنَّ اَ۬لذِينَ يَضِلُّونَ عَن سَبِيلِ اِ۬للَّهِ لَهُمْ عَذَابٞ شَدِيدُۢ بِمَا نَسُواْ يَوْمَ اَ۬لْحِسَابِۖ ﰘ
3990,38,26,23,455,صٓ,Ṣād,وَمَا خَلَقْنَا اَ۬لسَّمَآءَ وَالَارْضَ وَمَا بَيْنَهُمَا بَٰطِلاٗۖ ذَٰلِكَ ظَنُّ اُ۬لذِينَ كَفَرُواْۖ فَوَيْلٞ لِّلذِينَ كَفَرُواْ مِنَ اَ۬لنّ۪ارِۖ ﰙ
3991,38,27,23,455,صٓ,Ṣād,أَمْ نَجْعَلُ اُ۬لذِينَ ءَامَنُواْ وَعَمِلُواْ اُ۬لصَّٰلِحَٰتِ كَالْمُفْسِدِينَ فِے اِ۬لَارْضِۖ أَمْ نَجْعَلُ اُ۬لْمُتَّقِينَ كَالْفُجّ۪ارِۖ ﰚ
3992,38,28,23,455,صٓ,Ṣād,كِتَٰبٌ اَنزَلْنَٰهُ إِلَيْكَ مُبَٰرَكٞ لِّيَدَّبَّرُوٓاْ ءَايَٰتِهِۦ وَلِيَتَذَكَّرَ أُوْلُواْ اُ۬لَالْبَٰبِۖ ﰛ
3993,38,29,23,455,صٓ,Ṣād,وَوَهَبْنَا لِدَاوُۥدَ سُلَيْمَٰنَۖ نِعْمَ اَ۬لْعَبْدُۖ إِنَّهُۥٓ أَوَّابٌۖ ﰜ
3994,38,30,23,455,صٓ,Ṣād,۞ اِذْ عُرِضَ عَلَيْهِ بِالْعَشِيِّ اِ۬لصَّٰفِنَٰتُ اُ۬لْجِيَادُ ﰝ
3995,38,31,23,455,صٓ,Ṣād,فَقَالَ إِنِّيَ أَحْبَبْتُ حُبَّ اَ۬لْخَيْرِ عَن ذِكْرِ رَبِّے حَتَّىٰ تَوَارَتْ بِالْحِجَابِۖ ﰞ
3996,38,32,23,455,صٓ,Ṣād,رُدُّوهَا عَلَيَّ فَطَفِقَ مَسْحاَۢ بِالسُّوقِ وَالَاعْنَاقِۖ ﰟ
3997,38,33,23,455,صٓ,Ṣād,وَلَقَدْ فَتَنَّا سُلَيْمَٰنَ وَأَلْقَيْنَا عَلَىٰ كُرْسِيِّهِۦ جَسَداٗ ثُمَّ أَنَابَۖ ﰠ
3998,38,34,23,455,صٓ,Ṣād,قَالَ رَبِّ اِ۪غْفِرْ لِے وَهَبْ لِے مُلْكاٗ لَّا يَنۢبَغِے لِأَحَدٖ مِّنۢ بَعْدِيَۖ إِنَّكَ أَنتَ اَ۬لْوَهَّابُۖ ﰡ
3999,38,35,23,455,صٓ,Ṣād,فَسَخَّرْنَا لَهُ اُ۬لرِّيحَ تَجْرِے بِأَمْرِهِۦ رُخَآءً حَيْثُ أَصَابَ ﰢ
4000,38,36,23,455,صٓ,Ṣād,وَالشَّيَٰطِينَ كُلَّ بَنَّآءٖ وَغَوَّاصٖ ﰣ
4001,38,37,23,455,صٓ,Ṣād,وَءَاخَرِينَ مُقَرَّنِينَ فِے اِ۬لَاصْفَادِۖ ﰤ
4002,38,38,23,455,صٓ,Ṣād,هَٰذَا عَطَآؤُنَا فَامْنُنَ اَوَ اَمْسِكْ بِغَيْرِ حِسَابٖۖ ﰥ
4003,38,39,23,455,صٓ,Ṣād,وَإِنَّ لَهُۥ عِندَنَا لَزُلْف۪ىٰ وَحُسْنَ مَـَٔابٖۖ ﰦ
4004,38,40,23,455,صٓ,Ṣād,وَاذْكُرْ عَبْدَنَآ أَيُّوبَ إِذْ نَاد۪ىٰ رَبَّهُۥٓ أَنِّے مَسَّنِيَ اَ۬لشَّيْطَٰنُ بِنُصْبٖ وَعَذَابٍۖ ﰧ
4005,38,41,23,455,صٓ,Ṣād,اُ۟رْكُضْ بِرِجْلِكَۖ هَٰذَا مُغْتَسَلُۢ بَارِدٞ وَشَرَابٞۖ ﰨ
4006,38,42,23,456,صٓ,Ṣād,وَوَهَبْنَا لَهُۥٓ أَهْلَهُۥ وَمِثْلَهُم مَّعَهُمْ رَحْمَةٗ مِّنَّا وَذِكْر۪ىٰ لِأُوْلِے اِ۬لَالْبَٰبِۖ ﰩ
4007,38,43,23,456,صٓ,Ṣād,وَخُذْ بِيَدِكَ ضِغْثاٗ فَاضْرِب بِّهِۦ وَلَا تَحْنَثِۖ اِنَّا وَجَدْنَٰهُ صَابِراٗۖ نِّعْمَ اَ۬لْعَبْدُۖ إِنَّهُۥٓ أَوَّابٞۖ ﰪ
4008,38,44,23,456,صٓ,Ṣād,وَاذْكُرْ عِبَٰدَنَآ إِبْرَٰهِيمَ وَإِسْحَٰقَ وَيَعْقُوبَ أُوْلِے اِ۬لَايْدِے وَالَابْصٰ۪رِۖ ﰫ
4009,38,45,23,456,صٓ,Ṣād,إِنَّآ أَخْلَصْنَٰهُم بِخَالِصَةِ ذِكْرَى اَ۬لدّ۪ارِۖ ﰬ
4010,38,46,23,456,صٓ,Ṣād,وَإِنَّهُمْ عِندَنَا لَمِنَ اَ۬لْمُصْطَفَيْنَ اَ۬لَاخْي۪ارِۖ ﰭ
4011,38,47,23,456,صٓ,Ṣād,وَاذْكُرِ اِسْمَٰعِيلَ وَالْيَسَعَ وَذَا اَ۬لْكِفْلِۖ وَكُلّٞ مِّنَ اَ۬لَاخْي۪ارِۖ ﰮ
4012,38,48,23,456,صٓ,Ṣād,هَٰذَا ذِكْرٞۖ وَإِنَّ لِلْمُتَّقِينَ لَحُسْنَ مَـَٔابٖ ﰯ
4013,38,49,23,456,صٓ,Ṣād,جَنَّٰتِ عَدْنٖ مُّفَتَّحَةٗ لَّهُمُ اُ۬لَابْوَٰبُ ﰰ
4014,38,50,23,456,صٓ,Ṣād,مُتَّكِـِٕينَ فِيهَا يَدْعُونَ فِيهَا بِفَٰكِهَةٖ كَثِيرَةٖ وَشَرَابٖۖ ﰱ
4015,38,51,23,456,صٓ,Ṣād,۞ وَعِندَهُمْ قَٰصِرَٰتُ اُ۬لطَّرْفِ أَتْرَابٌۖ ﰲ
4016,38,52,23,456,صٓ,Ṣād,هَٰذَا مَا تُوعَدُونَ لِيَوْمِ اِ۬لْحِسَابِۖ ﰳ
4017,38,53,23,456,صٓ,Ṣād,إِنَّ هَٰذَا لَرِزْقُنَا مَا لَهُۥ مِن نَّفَادٍۖ ﰴ
4018,38,54,23,456,صٓ,Ṣād,هَٰذَا وَإِنَّ لِلطَّٰغِينَ لَشَرَّ مَـَٔابٖ ﰵ
4019,38,55,23,456,صٓ,Ṣād,جَهَنَّمَ يَصْلَوْنَهَاۖ فَبِيسَ اَ۬لْمِهَادُۖ ﰶ
4020,38,56,23,456,صٓ,Ṣād,هَٰذَا فَلْيَذُوقُوهُ حَمِيمٞ وَغَسَاقٞ ﰷ
4021,38,57,23,456,صٓ,Ṣād,وَءَاخَرُ مِن شَكْلِهِۦٓ أَزْوَٰجٌۖ ﰸ
4022,38,58,23,456,صٓ,Ṣād,هَٰذَا فَوْجٞ مُّقْتَحِمٞ مَّعَكُمْۖ لَا مَرْحَباَۢ بِهِمُۥٓۖ إِنَّهُمْ صَالُواْ اُ۬لنّ۪ارِۖ ﰹ
4023,38,59,23,456,صٓ,Ṣād,قَالُواْ بَلَ اَنتُمْ لَا مَرْحَباَۢ بِكُمُۥٓ أَنتُمْ قَدَّمْتُمُوهُ لَنَاۖ فَبِيسَ اَ۬لْقَرَارُۖ ﰺ
4024,38,60,23,456,صٓ,Ṣād,قَالُواْ رَبَّنَا مَن قَدَّمَ لَنَا هَٰذَا فَزِدْهُ عَذَاباٗ ضِعْفاٗ فِے اِ۬لنّ۪ارِۖ ﰻ
4025,38,61,23,457,صٓ,Ṣād,وَقَالُواْ مَا لَنَا لَا نَر۪ىٰ رِجَالاٗ كُنَّا نَعُدُّهُم مِّنَ اَ۬لَاشْر۪ارِۖ ﰼ
4026,38,62,23,457,صٓ,Ṣād,أَتَّخَذْنَٰهُمْ سُخْرِيّاً اَمْ زَاغَتْ عَنْهُمُ اُ۬لَابْصَٰرُۖ ﰽ
4027,38,63,23,457,صٓ,Ṣād,إِنَّ ذَٰلِكَ لَحَقّٞ تَخَاصُمُ أَهْلِ اِ۬لنّ۪ارِۖ ﰾ
4028,38,64,23,457,صٓ,Ṣād,قُلِ اِنَّمَآ أَنَا مُنذِرٞۖ وَمَا مِنِ اِلَٰهٍ اِلَّا اَ۬للَّهُ اُ۬لْوَٰحِدُ اُ۬لْقَهَّارُۖ ﰿ
4029,38,65,23,457,صٓ,Ṣād,رَبُّ اُ۬لسَّمَٰوَٰتِ وَالَارْضِ وَمَا بَيْنَهُمَاۖ اَ۬لْعَزِيزُ اُ۬لْغَفَّٰرُۖ ﱀ
4030,38,66,23,457,صٓ,Ṣād,قُلْ هُوَ نَبَؤٌاْ عَظِيمٌ ﱁ
4031,38,67,23,457,صٓ,Ṣād,اَنتُمْ عَنْهُ مُعْرِضُونَۖ ﱂ
4032,38,68,23,457,صٓ,Ṣād,مَا كَانَ لِے مِنْ عِلْمِۢ بِالْمَلَإِ اِ۬لَاعْل۪ىٰٓ إِذْ يَخْتَصِمُونَۖ ﱃ
4033,38,69,23,457,صٓ,Ṣād,إِنْ يُّوح۪ىٰٓ إِلَيَّ إِلَّآ أَنَّمَآ أَنَا نَذِيرٞ مُّبِينٌۖ ﱄ
4034,38,70,23,457,صٓ,Ṣād,اِذْ قَالَ رَبُّكَ لِلْمَلَٰٓئِكَةِ إِنِّے خَٰلِقُۢ بَشَراٗ مِّن طِينٖ ﱅ
4035,38,71,23,457,صٓ,Ṣād,فَإِذَا سَوَّيْتُهُۥ وَنَفَخْتُ فِيهِ مِن رُّوحِے فَقَعُواْ لَهُۥ سَٰجِدِينَۖ ﱆ
4036,38,72,23,457,صٓ,Ṣād,فَسَجَدَ اَ۬لْمَلَٰٓئِكَةُ كُلُّهُمُۥٓ أَجْمَعُونَ ﱇ
4037,38,73,23,457,صٓ,Ṣād,إِلَّآ إِبْلِيسَ اَ۪سْتَكْبَرَ وَكَانَ مِنَ اَ۬لْكٰ۪فِرِينَۖ ﱈ
4038,38,74,23,457,صٓ,Ṣād,قَالَ يَٰٓإِبْلِيسُ مَا مَنَعَكَ أَن تَسْجُدَ لِمَا خَلَقْتُ بِيَدَيَّ أَسْتَكْبَرْتَ أَمْ كُنتَ مِنَ اَ۬لْعَالِينَۖ ﱉ
4039,38,75,23,457,صٓ,Ṣād,قَالَ أَنَا خَيْرٞ مِّنْهُ خَلَقْتَنِے مِن نّ۪ارٖ وَخَلَقْتَهُۥ مِن طِينٖۖ ﱊ
4040,38,76,23,457,صٓ,Ṣād,قَالَ فَاخْرُجْ مِنْهَا فَإِنَّكَ رَجِيمٞ ﱋ
4041,38,77,23,457,صٓ,Ṣād,وَإِنَّ عَلَيْكَ لَعْنَتِيَ إِلَىٰ يَوْمِ اِ۬لدِّينِۖ ﱌ
4042,38,78,23,457,صٓ,Ṣād,قَالَ رَبِّ فَأَنظِرْنِےٓ إِلَىٰ يَوْمِ يُبْعَثُونَۖ ﱍ
4043,38,79,23,457,صٓ,Ṣād,قَالَ فَإِنَّكَ مِنَ اَ۬لْمُنظَرِينَ ﱎ
4044,38,80,23,457,صٓ,Ṣād,إِلَىٰ يَوْمِ اِ۬لْوَقْتِ اِ۬لْمَعْلُومِۖ ﱏ
4045,38,81,23,457,صٓ,Ṣād,قَالَ فَبِعِزَّتِكَ لَأُغْوِيَنَّهُمُۥٓ أَجْمَعِينَ ﱐ
4046,38,82,23,457,صٓ,Ṣād,إِلَّا عِبَادَكَ مِنْهُمُ اُ۬لْمُخْلَصِينَۖ ﱑ
4047,38,83,23,458,صٓ,Ṣād,۞ قَالَ فَالْحَقَّ وَالْحَقَّ أَقُولُۖ لَأَمْلَأَنَّ جَهَنَّمَ مِنكَ وَمِمَّن تَبِعَكَ مِنْهُمُۥٓ أَجْمَعِينَۖ ﱒ
4048,38,84,23,458,صٓ,Ṣād,قُلْ مَآ أَسْـَٔلُكُمْ عَلَيْهِ مِنَ اَجْرٖ وَمَآ أَنَا مِنَ اَ۬لْمُتَكَلِّفِينَۖ ﱓ
4049,38,85,23,458,صٓ,Ṣād,إِنْ هُوَ إِلَّا ذِكْرٞ لِّلْعَٰلَمِينَۖ ﱔ
4050,38,86,23,458,صٓ,Ṣād,وَلَتَعْلَمُنَّ نَبَأَهُۥ بَعْدَ حِينٖۖ ﱕ
4051,39,1,23,458,الزُّمَر,Az-Zumar,تَنزِيلُ اُ۬لْكِتَٰبِ مِنَ اَ۬للَّهِ اِ۬لْعَزِيزِ اِ۬لْحَكِيمِۖ ﰀ
4052,39,2,23,458,الزُّمَر,Az-Zumar,إِنَّآ أَنزَلْنَآ إِلَيْكَ اَ۬لْكِتَٰبَ بِالْحَقِّ فَاعْبُدِ اِ۬للَّهَ مُخْلِصاٗ لَّهُ اُ۬لدِّينَۖ ﰁ
4053,39,3,23,458,الزُّمَر,Az-Zumar,أَلَا لِلهِ اِ۬لدِّينُ اُ۬لْخَالِصُۖ وَالذِينَ اَ۪تَّخَذُواْ مِن دُونِهِۦٓ أَوْلِيَآءَ مَا نَعْبُدُهُمُۥٓ إِلَّا لِيُقَرِّبُونَآ إِلَى اَ۬للَّهِ زُلْف۪ىٰٓۖ إِنَّ اَ۬للَّهَ يَحْكُمُ بَيْنَهُمْ فِے مَا هُمْ فِيهِ يَخْتَلِفُونَۖ ﰂ
4054,39,4,23,458,الزُّمَر,Az-Zumar,إِنَّ اَ۬للَّهَ لَا يَهْدِے مَنْ هُوَ كَٰذِبٞ كَفَّارٞۖ ﰃ
4055,39,5,23,458,الزُّمَر,Az-Zumar,لَّوَ اَرَادَ اَ۬للَّهُ أَنْ يَّتَّخِذَ وَلَداٗ لَّاصْطَف۪ىٰ مِمَّا يَخْلُقُ مَا يَشَآءُۖ سُبْحَٰنَهُۥۖ هُوَ اَ۬للَّهُ اُ۬لْوَٰحِدُ اُ۬لْقَهَّارُۖ ﰄ
4056,39,6,23,458,الزُّمَر,Az-Zumar,خَلَقَ اَ۬لسَّمَٰوَٰتِ وَالَارْضَ بِالْحَقِّۖ يُكَوِّرُ اُ۬ليْلَ عَلَى اَ۬لنَّه۪ارِ وَيُكَوِّرُ اُ۬لنَّهَارَ عَلَى اَ۬ليْلِۖ وَسَخَّرَ اَ۬لشَّمْسَ وَالْقَمَرَۖ كُلّٞ يَجْرِے لِأَجَلٖ مُّسَمّىًۖ اَلَا هُوَ اَ۬لْعَزِيزُ اُ۬لْغَفَّٰرُۖ ﰅ
4057,39,7,23,459,الزُّمَر,Az-Zumar,خَلَقَكُم مِّن نَّفْسٖ وَٰحِدَةٖ ثُمَّ جَعَلَ مِنْهَا زَوْجَهَاۖ وَأَنزَلَ لَكُم مِّنَ اَ۬لَانْعَٰمِ ثَمَٰنِيَةَ أَزْوَٰجٖۖ يَخْلُقُكُمْ فِے بُطُونِ أُمَّهَٰتِكُمْ خَلْقاٗ مِّنۢ بَعْدِ خَلْقٖ فِے ظُلُمَٰتٖ ثَلَٰثٖۖ ذَٰلِكُمُ اُ۬للَّهُ رَبُّكُمْ لَهُ اُ۬لْمُلْكُۖ لَآ إِلَٰهَ إِلَّا هُوَۖ فَأَنّ۪ىٰ تُصْرَفُونَۖ ﰆ
4058,39,8,23,459,الزُّمَر,Az-Zumar,إِن تَكْفُرُواْ فَإِنَّ اَ۬للَّهَ غَنِيٌّ عَنكُمْۖ وَلَا يَرْض۪ىٰ لِعِبَادِهِ اِ۬لْكُفْرَۖ وَإِن تَشْكُرُواْ يَرْضَهُ لَكُمْۖ وَلَا تَزِرُ وَازِرَةٞ وِزْرَ أُخْر۪ىٰۖ ثُمَّ إِلَىٰ رَبِّكُم مَّرْجِعُكُمْ فَيُنَبِّئُكُم بِمَا كُنتُمْ تَعْمَلُونَۖ إِنَّهُۥ عَلِيمُۢ بِذَاتِ اِ۬لصُّدُورِۖ ﰇ
4059,39,9,23,459,الزُّمَر,Az-Zumar,۞ وَإِذَا مَسَّ اَ۬لِانسَٰنَ ضُرّٞ دَعَا رَبَّهُۥ مُنِيباً اِلَيْهِۖ ثُمَّ إِذَا خَوَّلَهُۥ نِعْمَةٗ مِّنْهُ نَسِيَ مَا كَانَ يَدْعُوٓاْ إِلَيْهِ مِن قَبْلُ وَجَعَلَ لِلهِ أَندَاداٗ لِّيُضِلَّ عَن سَبِيلِهِۦۖ قُلْ تَمَتَّعْ بِكُفْرِكَ قَلِيلاً اِنَّكَ مِنَ اَصْحَٰبِ اِ۬لنّ۪ارِۖ ﰈ
4060,39,10,23,459,الزُّمَر,Az-Zumar,أَمَنْ هُوَ قَٰنِتٌ اٰنَآءَ اَ۬ليْلِ سَاجِداٗ وَقَآئِماٗ يَحْذَرُ اُ۬لَاخِرَةَ وَيَرْجُواْ رَحْمَةَ رَبِّهِۦۖ قُلْ هَلْ يَسْتَوِے اِ۬لذِينَ يَعْلَمُونَ وَالذِينَ لَا يَعْلَمُونَۖ إِنَّمَا يَتَذَكَّرُ أُوْلُواْ اُ۬لَالْبَٰبِۖ ﰉ
4061,39,11,23,459,الزُّمَر,Az-Zumar,قُلْ يَٰعِبَادِ اِ۬لذِينَ ءَامَنُواْ اُ۪تَّقُواْ رَبَّكُمْۖ لِلذِينَ أَحْسَنُواْ فِے هَٰذِهِ اِ۬لدُّنْي۪ا حَسَنَةٞۖ وَأَرْضُ اُ۬للَّهِ وَٰسِعَةٌۖ اِنَّمَا يُوَفَّى اَ۬لصَّٰبِرُونَ أَجْرَهُم بِغَيْرِ حِسَابٖۖ ﰊ
4062,39,12,23,460,الزُّمَر,Az-Zumar,قُلِ اِنِّيَ أُمِرْتُ أَنَ اَعْبُدَ اَ۬للَّهَ مُخْلِصاٗ لَّهُ اُ۬لدِّينَ وَأُمِرْتُ لِأَنَ اَكُونَ أَوَّلَ اَ۬لْمُسْلِمِينَۖ ﰋ
4063,39,13,23,460,الزُّمَر,Az-Zumar,قُلِ اِنِّيَ أَخَافُ إِنْ عَصَيْتُ رَبِّے عَذَابَ يَوْمٍ عَظِيمٖۖ ﰌ
4064,39,14,23,460,الزُّمَر,Az-Zumar,قُلِ اِ۬للَّهَ أَعْبُدُ مُخْلِصاٗ لَّهُۥ دِينِےۖ فَاعْبُدُواْ مَا شِئْتُم مِّن دُونِهِۦۖ قُلِ اِنَّ اَ۬لْخَٰسِرِينَ اَ۬لذِينَ خَسِرُوٓاْ أَنفُسَهُمْ وَأَهْلِيهِمْ يَوْمَ اَ۬لْقِيَٰمَةِۖ أَلَا ذَٰلِكَ هُوَ اَ۬لْخُسْرَانُ اُ۬لْمُبِينُۖ ﰍ
4065,39,15,23,460,الزُّمَر,Az-Zumar,لَهُم مِّن فَوْقِهِمْ ظُلَلٞ مِّنَ اَ۬لنّ۪ارِ وَمِن تَحْتِهِمْ ظُلَلٞۖ ذَٰلِكَ يُخَوِّفُ اُ۬للَّهُ بِهِۦ عِبَادَهُۥۖ يَٰعِبَادِ فَاتَّقُونِۖ ﰎ
4066,39,16,23,460,الزُّمَر,Az-Zumar,وَالذِينَ اَ۪جْتَنَبُواْ اُ۬لطَّٰغُوتَ أَنْ يَّعْبُدُوهَا وَأَنَابُوٓاْ إِلَى اَ۬للَّهِ لَهُمُ اُ۬لْبُشْر۪ىٰۖ فَبَشِّرْ عِبَادِ ﰏ
4067,39,17,23,460,الزُّمَر,Az-Zumar,اِ۬لذِينَ يَسْتَمِعُونَ اَ۬لْقَوْلَ فَيَتَّبِعُونَ أَحْسَنَهُۥٓۖ أُوْلَٰٓئِكَ اَ۬لذِينَ هَد۪يٰهُمُ اُ۬للَّهُۖ وَأُوْلَٰٓئِكَ هُمُۥٓ أُوْلُواْ اُ۬لَالْبَٰبِۖ ﰐ
4068,39,18,23,460,الزُّمَر,Az-Zumar,أَفَمَنْ حَقَّ عَلَيْهِ كَلِمَةُ اُ۬لْعَذَابِ أَفَأَنتَ تُنقِذُ مَن فِے اِ۬لنّ۪ارِۖ ﰑ
4069,39,19,23,460,الزُّمَر,Az-Zumar,لَٰكِنِ اِ۬لذِينَ اَ۪تَّقَوْاْ رَبَّهُمْ لَهُمْ غُرَفٞ مِّن فَوْقِهَا غُرَفٞ مَّبْنِيَّةٞ تَجْرِے مِن تَحْتِهَا اَ۬لَانْهَٰرُۖ وَعْدَ اَ۬للَّهِۖ لَا يُخْلِفُ اُ۬للَّهُ اُ۬لْمِيعَادَۖ ﰒ
4070,39,20,23,460,الزُّمَر,Az-Zumar,۞ أَلَمْ تَرَ أَنَّ اَ۬للَّهَ أَنزَلَ مِنَ اَ۬لسَّمَآءِ مَآءٗ فَسَلَكَهُۥ يَنَٰبِيعَ فِے اِ۬لَارْضِ ثُمَّ يُخْرِجُ بِهِۦ زَرْعاٗ مُّخْتَلِفاً اَلْوَٰنُهُۥ ثُمَّ يَهِيجُ فَتَر۪يٰهُ مُصْفَرّاٗ ثُمَّ يَجْعَلُهُۥ حُطَٰماًۖ اِنَّ فِے ذَٰلِكَ لَذِكْر۪ىٰ لِأُوْلِے اِ۬لَالْبَٰبِۖ ﰓ
4071,39,21,23,461,الزُّمَر,Az-Zumar,أَفَمَن شَرَحَ اَ۬للَّهُ صَدْرَهُۥ لِلِاسْلَٰمِ فَهُوَ عَلَىٰ نُورٖ مِّن رَّبِّهِۦۖ فَوَيْلٞ لِّلْقَٰسِيَةِ قُلُوبُهُم مِّن ذِكْرِ اِ۬للَّهِۖ أُوْلَٰٓئِكَ فِے ضَلَٰلٖ مُّبِينٍۖ ﰔ
4072,39,22,23,461,الزُّمَر,Az-Zumar,اِ۬للَّهُ نَزَّلَ أَحْسَنَ اَ۬لْحَدِيثِ كِتَٰباٗ مُّتَشَٰبِهاٗ مَّثَانِيَۖ تَقْشَعِرُّ مِنْهُ جُلُودُ اُ۬لذِينَ يَخْشَوْنَ رَبَّهُمْ ثُمَّ تَلِينُ جُلُودُهُمْ وَقُلُوبُهُمُۥٓ إِلَىٰ ذِكْرِ اِ۬للَّهِۖ ذَٰلِكَ هُدَى اَ۬للَّهِ يَهْدِے بِهِۦ مَنْ يَّشَآءُۖ وَمَنْ يُّضْلِلِ اِ۬للَّهُ فَمَا لَهُۥ مِنْ هَادٍۖ ﰕ
4073,39,23,23,461,الزُّمَر,Az-Zumar,اَفَمَنْ يَّتَّقِے بِوَجْهِهِۦ سُوٓءَ اَ۬لْعَذَابِ يَوْمَ اَ۬لْقِيَٰمَةِۖ وَقِيلَ لِلظَّٰلِمِينَ ذُوقُواْ مَا كُنتُمْ تَكْسِبُونَۖ ﰖ
4074,39,24,23,461,الزُّمَر,Az-Zumar,كَذَّبَ اَ۬لذِينَ مِن قَبْلِهِمْ فَأَت۪يٰهُمُ اُ۬لْعَذَابُ مِنْ حَيْثُ لَا يَشْعُرُونَۖ ﰗ
4075,39,25,23,461,الزُّمَر,Az-Zumar,فَأَذَاقَهُمُ اُ۬للَّهُ اُ۬لْخِزْيَ فِے اِ۬لْحَيَوٰةِ اِ۬لدُّنْي۪اۖ وَلَعَذَابُ اُ۬لَاخِرَةِ أَكْبَرُ لَوْ كَانُواْ يَعْلَمُونَۖ ﰘ
4076,39,26,23,461,الزُّمَر,Az-Zumar,وَلَقَد ضَّرَبْنَا لِلنَّاسِ فِے هَٰذَا اَ۬لْقُرْءَانِ مِن كُلِّ مَثَلٖ لَّعَلَّهُمْ يَتَذَكَّرُونَ ﰙ
4077,39,27,23,461,الزُّمَر,Az-Zumar,قُرْءَاناً عَرَبِيّاً غَيْرَ ذِے عِوَجٖ لَّعَلَّهُمْ يَتَّقُونَۖ ﰚ
4078,39,28,23,461,الزُّمَر,Az-Zumar,ضَرَبَ اَ۬للَّهُ مَثَلاٗ رَّجُلاٗ فِيهِ شُرَكَآءُ مُتَشَٰكِسُونَ وَرَجُلاٗ سَلَماٗ لِّرَجُلٍۖ هَلْ يَسْتَوِيَٰنِ مَثَلاًۖ اِ۬لْحَمْدُ لِلهِۖ بَلَ اَكْثَرُهُمْ لَا يَعْلَمُونَۖ ﰛ
4079,39,29,23,461,الزُّمَر,Az-Zumar,إِنَّكَ مَيِّتٞ وَإِنَّهُم مَّيِّتُونَ ﰜ
4080,39,30,23,461,الزُّمَر,Az-Zumar,ثُمَّ إِنَّكُمْ يَوْمَ اَ۬لْقِيَٰمَةِ عِندَ رَبِّكُمْ تَخْتَصِمُونَۖ ﰝ
4081,39,31,24,462,الزُّمَر,Az-Zumar,۞ فَمَنَ اَظْلَمُ مِمَّن كَذَبَ عَلَى اَ۬للَّهِ وَكَذَّبَ بِالصِّدْقِ إِذْ جَآءَهُۥٓۖ أَلَيْسَ فِے جَهَنَّمَ مَثْوىٗ لِّلْكٰ۪فِرِينَۖ ﰞ
4082,39,32,24,462,الزُّمَر,Az-Zumar,وَالذِے جَآءَ بِالصِّدْقِ وَصَدَّقَ بِهِۦٓ أُوْلَٰٓئِكَ هُمُ اُ۬لْمُتَّقُونَۖ ﰟ
4083,39,33,24,462,الزُّمَر,Az-Zumar,لَهُم مَّا يَشَآءُونَ عِندَ رَبِّهِمْۖ ذَٰلِكَ جَزَٰٓؤُاْ اُ۬لْمُحْسِنِينَ ﰠ
4084,39,34,24,462,الزُّمَر,Az-Zumar,لِيُكَفِّرَ اَ۬للَّهُ عَنْهُمُۥٓ أَسْوَأَ اَ۬لذِے عَمِلُواْ وَيَجْزِيَهُمُۥٓ أَجْرَهُم بِأَحْسَنِ اِ۬لذِے كَانُواْ يَعْمَلُونَۖ ﰡ
4085,39,35,24,462,الزُّمَر,Az-Zumar,أَلَيْسَ اَ۬للَّهُ بِكَافٍ عَبْدَهُۥۖ وَيُخَوِّفُونَكَ بِالذِينَ مِن دُونِهِۦۖ وَمَنْ يُّضْلِلِ اِ۬للَّهُ فَمَا لَهُۥ مِنْ هَادٖۖ وَمَنْ يَّهْدِ اِ۬للَّهُ فَمَا لَهُۥ مِن مُّضِلٍّۖ اَلَيْسَ اَ۬للَّهُ بِعَزِيزٖ ذِے اِ۪نتِقَامٖۖ ﰢ
4086,39,36,24,462,الزُّمَر,Az-Zumar,وَلَئِن سَأَلْتَهُم مَّنْ خَلَقَ اَ۬لسَّمَٰوَٰتِ وَالَارْضَ لَيَقُولُنَّ اَ۬للَّهُۖ قُلَ اَفَرَٰٓيْتُم مَّا تَدْعُونَ مِن دُونِ اِ۬للَّهِ إِنَ اَرَادَنِيَ اَ۬للَّهُ بِضُرٍّ هَلْ هُنَّ كَٰشِفَٰتُ ضُرِّهِۦٓ أَوَ اَرَادَنِے بِرَحْمَةٍ هَلْ هُنَّ مُمْسِكَٰتُ رَحْمَتِهِۦۖ قُلْ حَسْبِيَ اَ۬للَّهُۖ عَلَيْهِ يَتَوَكَّلُ اُ۬لْمُتَوَكِّلُونَۖ ﰣ
4087,39,37,24,462,الزُّمَر,Az-Zumar,قُلْ يَٰقَوْمِ اِ۪عْمَلُواْ عَلَىٰ مَكَانَتِكُمُۥٓ إِنِّے عَٰمِلٞۖ فَسَوْفَ تَعْلَمُونَ مَنْ يَّاتِيهِ عَذَابٞ يُخْزِيهِ وَيَحِلُّ عَلَيْهِ عَذَابٞ مُّقِيمٌۖ ﰤ
4088,39,38,24,463,الزُّمَر,Az-Zumar,اِنَّآ أَنزَلْنَا عَلَيْكَ اَ۬لْكِتَٰبَ لِلنَّاسِ بِالْحَقِّۖ فَمَنِ اِ۪هْتَد۪ىٰ فَلِنَفْسِهِۦۖ وَمَن ضَلَّ فَإِنَّمَا يَضِلُّ عَلَيْهَاۖ وَمَآ أَنتَ عَلَيْهِم بِوَكِيلٍۖ ﰥ
4089,39,39,24,463,الزُّمَر,Az-Zumar,اِ۬للَّهُ يَتَوَفَّى اَ۬لَانفُسَ حِينَ مَوْتِهَا وَالتِے لَمْ تَمُتْ فِے مَنَامِهَاۖ فَيُمْسِكُ اُ۬لتِے قَض۪ىٰ عَلَيْهَا اَ۬لْمَوْتَ وَيُرْسِلُ اُ۬لُاخْر۪ىٰٓ إِلَىٰٓ أَجَلٖ مُّسَمّىًۖ اِنَّ فِے ذَٰلِكَ لَأٓيَٰتٖ لِّقَوْمٖ يَتَفَكَّرُونَۖ ﰦ
4090,39,40,24,463,الزُّمَر,Az-Zumar,۞ أَمِ اِ۪تَّخَذُواْ مِن دُونِ اِ۬للَّهِ شُفَعَآءَۖ قُلَ اَوَلَوْ كَانُواْ لَا يَمْلِكُونَ شَئْاٗ وَلَا يَعْقِلُونَۖ ﰧ
4091,39,41,24,463,الزُّمَر,Az-Zumar,قُل لِّلهِ اِ۬لشَّفَٰعَةُ جَمِيعاٗۖ لَّهُۥ مُلْكُ اُ۬لسَّمَٰوَٰتِ وَالَارْضِۖ ثُمَّ إِلَيْهِ تُرْجَعُونَۖ ﰨ
4092,39,42,24,463,الزُّمَر,Az-Zumar,وَإِذَا ذُكِرَ اَ۬للَّهُ وَحْدَهُ اُ۪شْمَأَزَّتْ قُلُوبُ اُ۬لذِينَ لَا يُومِنُونَ بِالَاخِرَةِۖ وَإِذَا ذُكِرَ اَ۬لذِينَ مِن دُونِهِۦٓ إِذَا هُمْ يَسْتَبْشِرُونَۖ ﰩ
4093,39,43,24,463,الزُّمَر,Az-Zumar,قُلِ اِ۬للَّهُمَّ فَاطِرَ اَ۬لسَّمَٰوَٰتِ وَالَارْضِ عَٰلِمَ اَ۬لْغَيْبِ وَالشَّهَٰدَةِ أَنتَ تَحْكُمُ بَيْنَ عِبَادِكَ فِے مَا كَانُواْ فِيهِ يَخْتَلِفُونَۖ ﰪ
4094,39,44,24,463,الزُّمَر,Az-Zumar,وَلَوَ اَنَّ لِلذِينَ ظَلَمُواْ مَا فِے اِ۬لَارْضِ جَمِيعاٗ وَمِثْلَهُۥ مَعَهُۥ لَافْتَدَوْاْ بِهِۦ مِن سُوٓءِ اِ۬لْعَذَابِ يَوْمَ اَ۬لْقِيَٰمَةِۖ وَبَدَا لَهُم مِّنَ اَ۬للَّهِ مَا لَمْ يَكُونُواْ يَحْتَسِبُونَۖ ﰫ
4095,39,45,24,464,الزُّمَر,Az-Zumar,وَبَدَا لَهُمْ سَيِّـَٔاتُ مَا كَسَبُواْۖ وَحَاقَ بِهِم مَّا كَانُواْ بِهِۦ يَسْتَهْزِءُونَۖ ﰬ
4096,39,46,24,464,الزُّمَر,Az-Zumar,فَإِذَا مَسَّ اَ۬لِانسَٰنَ ضُرّٞ دَعَانَا ثُمَّ إِذَا خَوَّلْنَٰهُ نِعْمَةٗ مِّنَّا قَالَ إِنَّمَآ أُوتِيتُهُۥ عَلَىٰ عِلْمِۢۖ بَلْ هِيَ فِتْنَةٞ وَلَٰكِنَّ أَكْثَرَهُمْ لَا يَعْلَمُونَۖ ﰭ
4097,39,47,24,464,الزُّمَر,Az-Zumar,قَدْ قَالَهَا اَ۬لذِينَ مِن قَبْلِهِمْ فَمَآ أَغْن۪ىٰ عَنْهُم مَّا كَانُواْ يَكْسِبُونَۖ ﰮ
4098,39,48,24,464,الزُّمَر,Az-Zumar,فَأَصَابَهُمْ سَيِّـَٔاتُ مَا كَسَبُواْۖ وَالذِينَ ظَلَمُواْ مِنْ هَٰٓؤُلَآءِ سَيُصِيبُهُمْ سَيِّـَٔاتُ مَا كَسَبُواْ وَمَا هُم بِمُعْجِزِينَۖ ﰯ
4099,39,49,24,464,الزُّمَر,Az-Zumar,أَوَلَمْ يَعْلَمُوٓاْ أَنَّ اَ۬للَّهَ يَبْسُطُ اُ۬لرِّزْقَ لِمَنْ يَّشَآءُ وَيَقْدِرُۖ إِنَّ فِے ذَٰلِكَ لَأٓيَٰتٖ لِّقَوْمٖ يُومِنُونَۖ ﰰ
4100,39,50,24,464,الزُّمَر,Az-Zumar,قُلْ يَٰعِبَادِيَ اَ۬لذِينَ أَسْرَفُواْ عَلَىٰٓ أَنفُسِهِمْ لَا تَقْنَطُواْ مِن رَّحْمَةِ اِ۬للَّهِۖ إِنَّ اَ۬للَّهَ يَغْفِرُ اُ۬لذُّنُوبَ جَمِيعاًۖ اِنَّهُۥ هُوَ اَ۬لْغَفُورُ اُ۬لرَّحِيمُۖ ﰱ
4101,39,51,24,464,الزُّمَر,Az-Zumar,۞ وَأَنِيبُوٓاْ إِلَىٰ رَبِّكُمْ وَأَسْلِمُواْ لَهُۥ مِن قَبْلِ أَنْ يَّاتِيَكُمُ اُ۬لْعَذَابُ ثُمَّ لَا تُنصَرُونَۖ ﰲ
4102,39,52,24,464,الزُّمَر,Az-Zumar,وَاتَّبِعُوٓاْ أَحْسَنَ مَآ أُنزِلَ إِلَيْكُم مِّن رَّبِّكُم مِّن قَبْلِ أَنْ يَّاتِيَكُمُ اُ۬لْعَذَابُ بَغْتَةٗ وَأَنتُمْ لَا تَشْعُرُونَ ﰳ
4103,39,53,24,464,الزُّمَر,Az-Zumar,أَن تَقُولَ نَفْسٞ يَٰحَسْرَت۪ىٰ عَلَىٰ مَا فَرَّطْتُّ فِے جَنۢبِ اِ۬للَّهِ وَإِن كُنتُ لَمِنَ اَ۬لسَّٰخِرِينَ ﰴ
4104,39,54,24,465,الزُّمَر,Az-Zumar,أَوْ تَقُولَ لَوَ اَنَّ اَ۬للَّهَ هَد۪يٰنِے لَكُنتُ مِنَ اَ۬لْمُتَّقِينَ ﰵ
4105,39,55,24,465,الزُّمَر,Az-Zumar,أَوْ تَقُولَ حِينَ تَرَى اَ۬لْعَذَابَ لَوَ اَنَّ لِے كَرَّةٗ فَأَكُونَ مِنَ اَ۬لْمُحْسِنِينَۖ ﰶ
4106,39,56,24,465,الزُّمَر,Az-Zumar,بَل۪ىٰ قَدْ جَآءَتْكَ ءَايَٰتِے فَكَذَّبْتَ بِهَا وَاسْتَكْبَرْتَ وَكُنتَ مِنَ اَ۬لْكٰ۪فِرِينَۖ ﰷ
4107,39,57,24,465,الزُّمَر,Az-Zumar,وَيَوْمَ اَ۬لْقِيَٰمَةِ تَرَى اَ۬لذِينَ كَذَبُواْ عَلَى اَ۬للَّهِ وُجُوهُهُم مُّسْوَدَّةٌۖ اَلَيْسَ فِے جَهَنَّمَ مَثْوىٗ لِّلْمُتَكَبِّرِينَۖ ﰸ
4108,39,58,24,465,الزُّمَر,Az-Zumar,وَيُنَجِّے اِ۬للَّهُ اُ۬لذِينَ اَ۪تَّقَوْاْ بِمَفَازَتِهِمْ لَا يَمَسُّهُمُ اُ۬لسُّوٓءُ وَلَا هُمْ يَحْزَنُونَۖ ﰹ
4109,39,59,24,465,الزُّمَر,Az-Zumar,اَ۬للَّهُ خَٰلِقُ كُلِّ شَےْءٖۖ وَهُوَ عَلَىٰ كُلِّ شَےْءٖ وَكِيلٞۖ ﰺ
4110,39,60,24,465,الزُّمَر,Az-Zumar,لَّهُۥ مَقَالِيدُ اُ۬لسَّمَٰوَٰتِ وَالَارْضِۖ وَالذِينَ كَفَرُواْ بِـَٔايَٰتِ اِ۬للَّهِ أُوْلَٰٓئِكَ هُمُ اُ۬لْخَٰسِرُونَۖ ﰻ
4111,39,61,24,465,الزُّمَر,Az-Zumar,قُلَ اَفَغَيْرَ اَ۬للَّهِ تَامُرُونِيَ أَعْبُدُ أَيُّهَا اَ۬لْجَٰهِلُونَۖ ﰼ
4112,39,62,24,465,الزُّمَر,Az-Zumar,وَلَقَدُ ا۟وحِيَ إِلَيْكَ وَإِلَى اَ۬لذِينَ مِن قَبْلِكَ لَئِنَ اَشْرَكْتَ لَيَحْبَطَنَّ عَمَلُكَ وَلَتَكُونَنَّ مِنَ اَ۬لْخَٰسِرِينَۖ ﰽ
4113,39,63,24,465,الزُّمَر,Az-Zumar,بَلِ اِ۬للَّهَ فَاعْبُدْ وَكُن مِّنَ اَ۬لشَّٰكِرِينَۖ ﰾ
4114,39,64,24,465,الزُّمَر,Az-Zumar,۞ وَمَا قَدَرُواْ اُ۬للَّهَ حَقَّ قَدْرِهِۦ وَالَارْضُ جَمِيعاٗ قَبْضَتُهُۥ يَوْمَ اَ۬لْقِيَٰمَةِ وَالسَّمَٰوَٰتُ مَطْوِيَّٰتُۢ بِيَمِينِهِۦۖ سُبْحَٰنَهُۥ وَتَعَٰل۪ىٰ عَمَّا يُشْرِكُونَۖ ﰿ
4115,39,65,24,466,الزُّمَر,Az-Zumar,وَنُفِخَ فِے اِ۬لصُّورِ فَصَعِقَ مَن فِے اِ۬لسَّمَٰوَٰتِ وَمَن فِے اِ۬لَارْضِ إِلَّا مَن شَآءَ اَ۬للَّهُۖ ثُمَّ نُفِخَ فِيهِ أُخْر۪ىٰ فَإِذَا هُمْ قِيَامٞ يَنظُرُونَۖ ﱀ
4116,39,66,24,466,الزُّمَر,Az-Zumar,وَأَشْرَقَتِ اِ۬لَارْضُ بِنُورِ رَبِّهَا وَوُضِعَ اَ۬لْكِتَٰبُ وَجِےٓءَ بِالنَّبِيٓـِٕۧنَ وَالشُّهَدَآءِ وَقُضِيَ بَيْنَهُم بِالْحَقِّ وَهُمْ لَا يُظْلَمُونَۖ ﱁ
4117,39,67,24,466,الزُّمَر,Az-Zumar,وَوُفِّيَتْ كُلُّ نَفْسٖ مَّا عَمِلَتْ وَهُوَ أَعْلَمُ بِمَا يَفْعَلُونَۖ ﱂ
4118,39,68,24,466,الزُّمَر,Az-Zumar,وَسِيقَ اَ۬لذِينَ كَفَرُوٓاْ إِلَىٰ جَهَنَّمَ زُمَراًۖ حَتَّىٰٓ إِذَا جَآءُوهَا فُتِّحَتَ اَبْوَٰبُهَا وَقَالَ لَهُمْ خَزَنَتُهَآ أَلَمْ يَاتِكُمْ رُسُلٞ مِّنكُمْ يَتْلُونَ عَلَيْكُمُۥٓ ءَايَٰتِ رَبِّكُمْ وَيُنذِرُونَكُمْ لِقَآءَ يَوْمِكُمْ هَٰذَاۖ قَالُواْ بَل۪ىٰ وَلَٰكِنْ حَقَّتْ كَلِمَةُ اُ۬لْعَذَابِ عَلَى اَ۬لْكٰ۪فِرِينَۖ ﱃ
4119,39,69,24,466,الزُّمَر,Az-Zumar,قِيلَ اَ۟دْخُلُوٓاْ أَبْوَٰبَ جَهَنَّمَ خَٰلِدِينَ فِيهَاۖ فَبِيسَ مَثْوَى اَ۬لْمُتَكَبِّرِينَۖ ﱄ
4120,39,70,24,466,الزُّمَر,Az-Zumar,وَسِيقَ اَ۬لذِينَ اَ۪تَّقَوْاْ رَبَّهُمُۥٓ إِلَى اَ۬لْجَنَّةِ زُمَراًۖ حَتَّىٰٓ إِذَا جَآءُوهَا وَفُتِّحَتَ اَبْوَٰبُهَا وَقَالَ لَهُمْ خَزَنَتُهَا سَلَٰمٌ عَلَيْكُمْ طِبْتُمْ فَادْخُلُوهَا خَٰلِدِينَۖ ﱅ
4121,39,71,24,466,الزُّمَر,Az-Zumar,وَقَالُواْ اُ۬لْحَمْدُ لِلهِ اِ۬لذِے صَدَقَنَا وَعْدَهُۥ وَأَوْرَثَنَا اَ۬لَارْضَ نَتَبَوَّأُ مِنَ اَ۬لْجَنَّةِ حَيْثُ نَشَآءُ فَنِعْمَ أَجْرُ اُ۬لْعَٰمِلِينَۖ ﱆ
4122,39,72,24,467,الزُّمَر,Az-Zumar,وَتَرَى اَ۬لْمَلَٰٓئِكَةَ حَآفِّينَ مِنْ حَوْلِ اِ۬لْعَرْشِ يُسَبِّحُونَ بِحَمْدِ رَبِّهِمْۖ وَقُضِيَ بَيْنَهُم بِالْحَقِّۖ وَقِيلَ اَ۬لْحَمْدُ لِلهِ رَبِّ اِ۬لْعَٰلَمِينَۖ ﱇ
4123,40,1,24,467,غَافِر,Ghāfir,ح۪مِٓۖ تَنزِيلُ اُ۬لْكِتَٰبِ مِنَ اَ۬للَّهِ اِ۬لْعَزِيزِ اِ۬لْعَلِيمِ ﰀ
4124,40,2,24,467,غَافِر,Ghāfir,غَافِرِ اِ۬لذَّنۢبِ وَقَابِلِ اِ۬لتَّوْبِ شَدِيدِ اِ۬لْعِقَابِ ذِے اِ۬لطَّوْلِۖ لَآ إِلَٰهَ إِلَّا هُوَۖ إِلَيْهِ اِ۬لْمَصِيرُۖ ﰁ
4125,40,3,24,467,غَافِر,Ghāfir,مَا يُجَٰدِلُ فِےٓ ءَايَٰتِ اِ۬للَّهِ إِلَّا اَ۬لذِينَ كَفَرُواْۖ فَلَا يَغْرُرْكَ تَقَلُّبُهُمْ فِے اِ۬لْبِلَٰدِۖ ﰂ
4126,40,4,24,467,غَافِر,Ghāfir,كَذَّبَتْ قَبْلَهُمْ قَوْمُ نُوحٖ وَالَاحْزَابُ مِنۢ بَعْدِهِمْۖ وَهَمَّتْ كُلُّ أُمَّةِۢ بِرَسُولِهِمْ لِيَاخُذُوهُۖ وَجَٰدَلُواْ بِالْبَٰطِلِ لِيُدْحِضُواْ بِهِ اِ۬لْحَقَّ فَأَخَذتُّهُمْۖ فَكَيْفَ كَانَ عِقَابِۖ ﰃ
4127,40,5,24,467,غَافِر,Ghāfir,وَكَذَٰلِكَ حَقَّتْ كَلِمَٰتُ رَبِّكَ عَلَى اَ۬لذِينَ كَفَرُوٓاْ أَنَّهُمُۥٓ أَصْحَٰبُ اُ۬لنّ۪ارِۖ ﰄ
4128,40,6,24,467,غَافِر,Ghāfir,اِ۬لذِينَ يَحْمِلُونَ اَ۬لْعَرْشَ وَمَنْ حَوْلَهُۥ يُسَبِّحُونَ بِحَمْدِ رَبِّهِمْ وَيُومِنُونَ بِهِۦ وَيَسْتَغْفِرُونَ لِلذِينَ ءَامَنُواْۖ رَبَّنَا وَسِعْتَ كُلَّ شَےْءٖ رَّحْمَةٗ وَعِلْماٗ فَاغْفِرْ لِلذِينَ تَابُواْ وَاتَّبَعُواْ سَبِيلَكَ وَقِهِمْ عَذَابَ اَ۬لْجَحِيمِۖ ﰅ
4129,40,7,24,468,غَافِر,Ghāfir,رَبَّنَا وَأَدْخِلْهُمْ جَنَّٰتِ عَدْنٍ اِ۬لتِے وَعَدتَّهُمْ وَمَن صَلَحَ مِنَ اٰبَآئِهِمْ وَأَزْوَٰجِهِمْ وَذُرِّيَّٰتِهِمُۥٓۖ إِنَّكَ أَنتَ اَ۬لْعَزِيزُ اُ۬لْحَكِيمُۖ ﰆ
4130,40,8,24,468,غَافِر,Ghāfir,وَقِهِمُ اُ۬لسَّيِّـَٔاتِۖ وَمَن تَقِ اِ۬لسَّيِّـَٔاتِ يَوْمَئِذٖ فَقَدْ رَحِمْتَهُۥۖ وَذَٰلِكَ هُوَ اَ۬لْفَوْزُ اُ۬لْعَظِيمُۖ ﰇ
4131,40,9,24,468,غَافِر,Ghāfir,إِنَّ اَ۬لذِينَ كَفَرُواْ يُنَادَوْنَ لَمَقْتُ اُ۬للَّهِ أَكْبَرُ مِن مَّقْتِكُمُۥٓ أَنفُسَكُمُۥٓ إِذْ تُدْعَوْنَ إِلَى اَ۬لِايمَٰنِ فَتَكْفُرُونَۖ ﰈ
4132,40,10,24,468,غَافِر,Ghāfir,۞ قَالُواْ رَبَّنَآ أَمَتَّنَا اَ۪ثْنَتَيْنِ وَأَحْيَيْتَنَا اَ۪ثْنَتَيْنِ فَاعْتَرَفْنَا بِذُنُوبِنَا فَهَلِ اِلَىٰ خُرُوجٖ مِّن سَبِيلٖۖ ﰉ
4133,40,11,24,468,غَافِر,Ghāfir,ذَٰلِكُم بِأَنَّهُۥٓ إِذَا دُعِيَ اَ۬للَّهُ وَحْدَهُۥ كَفَرْتُمْ وَإِنْ يُّشْرَكْ بِهِۦ تُومِنُواْۖ فَالْحُكْمُ لِلهِ اِ۬لْعَلِيِّ اِ۬لْكَبِيرِۖ ﰊ
4134,40,12,24,468,غَافِر,Ghāfir,هُوَ اَ۬لذِے يُرِيكُمُۥٓ ءَايَٰتِهِۦ وَيُنَزِّلُ لَكُم مِّنَ اَ۬لسَّمَآءِ رِزْقاٗۖ وَمَا يَتَذَكَّرُ إِلَّا مَنْ يُّنِيبُۖ ﰋ
4135,40,13,24,468,غَافِر,Ghāfir,فَادْعُواْ اُ۬للَّهَ مُخْلِصِينَ لَهُ اُ۬لدِّينَ وَلَوْ كَرِهَ اَ۬لْكَٰفِرُونَۖ ﰌ
4136,40,14,24,468,غَافِر,Ghāfir,رَفِيعُ اُ۬لدَّرَجَٰتِ ذُو اُ۬لْعَرْشِۖ يُلْقِے اِ۬لرُّوحَ مِنَ اَمْرِهِۦ عَلَىٰ مَنْ يَّشَآءُ مِنْ عِبَادِهِۦ لِيُنذِرَ يَوْمَ اَ۬لتَّلَٰقِۦ ﰍ
4137,40,15,24,468,غَافِر,Ghāfir,يَوْمَ هُم بَٰرِزُونَۖ لَا يَخْف۪ىٰ عَلَى اَ۬للَّهِ مِنْهُمْ شَےْءٞۖ لِّمَنِ اِ۬لْمُلْكُ اُ۬لْيَوْمَۖ لِلهِ اِ۬لْوَٰحِدِ اِ۬لْقَهّ۪ارِۖ ﰎ
4138,40,16,24,469,غَافِر,Ghāfir,اِ۬لْيَوْمَ تُجْز۪ىٰ كُلُّ نَفْسِۢ بِمَا كَسَبَتْۖ لَا ظُلْمَ اَ۬لْيَوْمَۖ إِنَّ اَ۬للَّهَ سَرِيعُ اُ۬لْحِسَابِۖ ﰏ
4139,40,17,24,469,غَافِر,Ghāfir,وَأَنذِرْهُمْ يَوْمَ اَ۬لَازِفَةِ إِذِ اِ۬لْقُلُوبُ لَدَى اَ۬لْحَنَاجِرِ كَٰظِمِينَۖ ﰐ
4140,40,18,24,469,غَافِر,Ghāfir,مَا لِلظَّٰلِمِينَ مِنْ حَمِيمٖ وَلَا شَفِيعٖ يُطَاعُۖ ﰑ
4141,40,19,24,469,غَافِر,Ghāfir,يَعْلَمُ خَآئِنَةَ اَ۬لَاعْيُنِ وَمَا تُخْفِے اِ۬لصُّدُورُۖ ﰒ
4142,40,20,24,469,غَافِر,Ghāfir,وَاللَّهُ يَقْضِے بِالْحَقِّۖ وَالذِينَ تَدْعُونَ مِن دُونِهِۦ لَا يَقْضُونَ بِشَےْءٍۖ اِنَّ اَ۬للَّهَ هُوَ اَ۬لسَّمِيعُ اُ۬لْبَصِيرُۖ ﰓ
4143,40,21,24,469,غَافِر,Ghāfir,۞ أَوَلَمْ يَسِيرُواْ فِے اِ۬لَارْضِ فَيَنظُرُواْ كَيْفَ كَانَ عَٰقِبَةُ اُ۬لذِينَ كَانُواْ مِن قَبْلِهِمْۖ كَانُواْ هُمُۥٓ أَشَدَّ مِنْهُمْ قُوَّةٗ وَءَاثَاراٗ فِے اِ۬لَارْضِ فَأَخَذَهُمُ اُ۬للَّهُ بِذُنُوبِهِمْۖ وَمَا كَانَ لَهُم مِّنَ اَ۬للَّهِ مِنْ وَّاقٖۖ ﰔ
4144,40,22,24,469,غَافِر,Ghāfir,ذَٰلِكَ بِأَنَّهُمْ كَانَت تَّاتِيهِمْ رُسُلُهُم بِالْبَيِّنَٰتِ فَكَفَرُواْ فَأَخَذَهُمُ اُ۬للَّهُۖ إِنَّهُۥ قَوِيّٞ شَدِيدُ اُ۬لْعِقَابِۖ ﰕ
4145,40,23,24,469,غَافِر,Ghāfir,وَلَقَدَ اَرْسَلْنَا مُوس۪ىٰ بِـَٔايَٰتِنَا وَسُلْطَٰنٖ مُّبِينٍ ﰖ
4146,40,24,24,469,غَافِر,Ghāfir,اِلَىٰ فِرْعَوْنَ وَهَامَٰنَ وَقَارُونَ فَقَالُواْ سَٰحِرٞ كَذَّابٞۖ ﰗ
4147,40,25,24,469,غَافِر,Ghāfir,فَلَمَّا جَآءَهُم بِالْحَقِّ مِنْ عِندِنَا قَالُواْ اُ۟قْتُلُوٓاْ أَبْنَآءَ اَ۬لذِينَ ءَامَنُواْ مَعَهُۥ وَاسْتَحْيُواْ نِسَآءَهُمْۖ وَمَا كَيْدُ اُ۬لْكٰ۪فِرِينَ إِلَّا فِے ضَلَٰلٖۖ ﰘ
4148,40,26,24,470,غَافِر,Ghāfir,وَقَالَ فِرْعَوْنُ ذَرُونِےٓ أَقْتُلْ مُوس۪ىٰ وَلْيَدْعُ رَبَّهُۥٓ إِنِّيَ أَخَافُ أَنْ يُّبَدِّلَ دِينَكُمْ وَأَنْ يُّظْهِرَ فِے اِ۬لَارْضِ اِ۬لْفَسَادَۖ ﰙ
4149,40,27,24,470,غَافِر,Ghāfir,وَقَالَ مُوس۪ىٰٓ إِنِّے عُذْتُ بِرَبِّے وَرَبِّكُم مِّن كُلِّ مُتَكَبِّرٖ لَّا يُومِنُ بِيَوْمِ اِ۬لْحِسَابِۖ ﰚ
4150,40,28,24,470,غَافِر,Ghāfir,وَقَالَ رَجُلٞ مُّومِنٞ مِّنَ اٰلِ فِرْعَوْنَ يَكْتُمُ إِيمَٰنَهُۥٓ أَتَقْتُلُونَ رَجُلاً اَنْ يَّقُولَ رَبِّيَ اَ۬للَّهُ وَقَدْ جَآءَكُم بِالْبَيِّنَٰتِ مِن رَّبِّكُمْ وَإِنْ يَّكُ كَٰذِباٗ فَعَلَيْهِ كَذِبُهُۥ وَإِنْ يَّكُ صَادِقاٗ يُصِبْكُم بَعْضُ اُ۬لذِے يَعِدُكُمُۥٓۖ إِنَّ اَ۬للَّهَ لَا يَهْدِے مَنْ هُوَ مُسْرِفٞ كَذَّابٞۖ ﰛ
4151,40,29,24,470,غَافِر,Ghāfir,يَٰقَوْمِ لَكُمُ اُ۬لْمُلْكُ اُ۬لْيَوْمَ ظَٰهِرِينَ فِے اِ۬لَارْضِ فَمَنْ يَّنصُرُنَا مِنۢ بَأْسِ اِ۬للَّهِ إِن جَآءَنَاۖ قَالَ فِرْعَوْنُ مَآ أُرِيكُمُۥٓ إِلَّا مَآ أَر۪ىٰ وَمَآ أَهْدِيكُمُۥٓ إِلَّا سَبِيلَ اَ۬لرَّشَادِۖ ﰜ
4152,40,30,24,470,غَافِر,Ghāfir,۞ وَقَالَ اَ۬لذِےٓ ءَامَنَ يَٰقَوْمِ إِنِّيَ أَخَافُ عَلَيْكُم مِّثْلَ يَوْمِ اِ۬لَاحْزَابِ ﰝ
4153,40,31,24,470,غَافِر,Ghāfir,مِثْلَ دَأْبِ قَوْمِ نُوحٖ وَعَادٖ وَثَمُودَ وَالذِينَ مِنۢ بَعْدِهِمْۖ وَمَا اَ۬للَّهُ يُرِيدُ ظُلْماٗ لِّلْعِبَادِۖ ﰞ
4154,40,32,24,470,غَافِر,Ghāfir,وَيَٰقَوْمِ إِنِّيَ أَخَافُ عَلَيْكُمْ يَوْمَ اَ۬لتَّنَادِۦ ﰟ
4155,40,33,24,470,غَافِر,Ghāfir,يَوْمَ تُوَلُّونَ مُدْبِرِينَ مَا لَكُم مِّنَ اَ۬للَّهِ مِنْ عَٰصِمٖۖ وَمَنْ يُّضْلِلِ اِ۬للَّهُ فَمَا لَهُۥ مِنْ هَادٖۖ ﰠ
4156,40,34,24,471,غَافِر,Ghāfir,وَلَقَدْ جَآءَكُمْ يُوسُفُ مِن قَبْلُ بِالْبَيِّنَٰتِ فَمَا زِلْتُمْ فِے شَكّٖ مِّمَّا جَآءَكُم بِهِۦ حَتَّىٰٓ إِذَا هَلَكَ قُلْتُمْ لَنْ يَّبْعَثَ اَ۬للَّهُ مِنۢ بَعْدِهِۦ رَسُولاٗۖ كَذَٰلِكَ يُضِلُّ اُ۬للَّهُ مَنْ هُوَ مُسْرِفٞ مُّرْتَابٌۖ ﰡ
4157,40,35,24,471,غَافِر,Ghāfir,اِ۬لذِينَ يُجَٰدِلُونَ فِےٓ ءَايَٰتِ اِ۬للَّهِ بِغَيْرِ سُلْطَٰنٍ اَت۪يٰهُمْۖ كَبُرَ مَقْتاً عِندَ اَ۬للَّهِ وَعِندَ اَ۬لذِينَ ءَامَنُواْۖ كَذَٰلِكَ يَطْبَعُ اُ۬للَّهُ عَلَىٰ كُلِّ قَلْبِ مُتَكَبِّرٖ جَبّ۪ارٖۖ ﰢ
4158,40,36,24,471,غَافِر,Ghāfir,وَقَالَ فِرْعَوْنُ يَٰهَامَٰنُ اُ۪بْنِ لِے صَرْحاٗ لَّعَلِّيَ أَبْلُغُ اُ۬لَاسْبَٰبَ ﰣ
4159,40,37,24,471,غَافِر,Ghāfir,أَسْبَٰبَ اَ۬لسَّمَٰوَٰتِ فَأَطَّلِعُ إِلَىٰٓ إِلَٰهِ مُوس۪ىٰ وَإِنِّے لَأَظُنُّهُۥ كَٰذِباٗۖ وَكَذَٰلِكَ زُيِّنَ لِفِرْعَوْنَ سُوٓءُ عَمَلِهِۦ وَصَدَّ عَنِ اِ۬لسَّبِيلِۖ وَمَا كَيْدُ فِرْعَوْنَ إِلَّا فِے تَبَابٖۖ ﰤ
4160,40,38,24,471,غَافِر,Ghāfir,وَقَالَ اَ۬لذِےٓ ءَامَنَ يَٰقَوْمِ اِ۪تَّبِعُونِ أَهْدِكُمْ سَبِيلَ اَ۬لرَّشَادِۖ ﰥ
4161,40,39,24,471,غَافِر,Ghāfir,يَٰقَوْمِ إِنَّمَا هَٰذِهِ اِ۬لْحَيَوٰةُ اُ۬لدُّنْي۪ا مَتَٰعٞۖ وَإِنَّ اَ۬لَاخِرَةَ هِيَ دَارُ اُ۬لْقَر۪ارِۖ ﰦ
4162,40,40,24,471,غَافِر,Ghāfir,مَنْ عَمِلَ سَيِّئَةٗ فَلَا يُجْز۪ىٰٓ إِلَّا مِثْلَهَاۖ وَمَنْ عَمِلَ صَٰلِحاٗ مِّن ذَكَرٍ اَوُ ا۟نث۪ىٰ وَهُوَ مُومِنٞ فَأُوْلَٰٓئِكَ يَدْخُلُونَ اَ۬لْجَنَّةَ يُرْزَقُونَ فِيهَا بِغَيْرِ حِسَابٖۖ ﰧ
4163,40,41,24,472,غَافِر,Ghāfir,۞ وَيَٰقَوْمِ مَا لِيَ أَدْعُوكُمُۥٓ إِلَى اَ۬لنَّجَوٰةِ وَتَدْعُونَنِےٓ إِلَى اَ۬لنّ۪ارِۖ ﰨ
4164,40,42,24,472,غَافِر,Ghāfir,تَدْعُونَنِے لِأَكْفُرَ بِاللَّهِ وَأُشْرِكَ بِهِۦ مَا لَيْسَ لِے بِهِۦ عِلْمٞ وَأَنَآ أَدْعُوكُمُۥٓ إِلَى اَ۬لْعَزِيزِ اِ۬لْغَفّٰ۪رِۖ ﰩ
4165,40,43,24,472,غَافِر,Ghāfir,لَا جَرَمَ أَنَّمَا تَدْعُونَنِےٓ إِلَيْهِ لَيْسَ لَهُۥ دَعْوَةٞ فِے اِ۬لدُّنْي۪ا وَلَا فِے اِ۬لَاخِرَةِ وَأَنَّ مَرَدَّنَآ إِلَى اَ۬للَّهِ وَأَنَّ اَ۬لْمُسْرِفِينَ هُمُۥٓ أَصْحَٰبُ اُ۬لنّ۪ارِۖ ﰪ
4166,40,44,24,472,غَافِر,Ghāfir,فَسَتَذْكُرُونَ مَآ أَقُولُ لَكُمْۖ وَأُفَوِّضُ أَمْرِيَ إِلَى اَ۬للَّهِۖ إِنَّ اَ۬للَّهَ بَصِيرُۢ بِالْعِبَادِۖ ﰫ
4167,40,45,24,472,غَافِر,Ghāfir,فَوَق۪يٰهُ اُ۬للَّهُ سَيِّـَٔاتِ مَا مَكَرُواْۖ وَحَاقَ بِـَٔالِ فِرْعَوْنَ سُوٓءُ اُ۬لْعَذَابِۖ ﰬ
4168,40,46,24,472,غَافِر,Ghāfir,اِ۬لنَّارُ يُعْرَضُونَ عَلَيْهَا غُدُوّاٗ وَعَشِيّاٗۖ وَيَوْمَ تَقُومُ اُ۬لسَّاعَةُ أَدْخِلُوٓاْ ءَالَ فِرْعَوْنَ أَشَدَّ اَ۬لْعَذَابِۖ ﰭ
4169,40,47,24,472,غَافِر,Ghāfir,وَإِذْ يَتَحَآجُّونَ فِے اِ۬لنّ۪ارِ فَيَقُولُ اُ۬لضُّعَفَٰٓؤُاْ لِلذِينَ اَ۪سْتَكْبَرُوٓاْ إِنَّا كُنَّا لَكُمْ تَبَعاٗ فَهَلَ اَنتُم مُّغْنُونَ عَنَّا نَصِيباٗ مِّنَ اَ۬لنّ۪ارِۖ ﰮ
4170,40,48,24,472,غَافِر,Ghāfir,قَالَ اَ۬لذِينَ اَ۪سْتَكْبَرُوٓاْ إِنَّا كُلّٞ فِيهَآ إِنَّ اَ۬للَّهَ قَدْ حَكَمَ بَيْنَ اَ۬لْعِبَادِۖ ﰯ
4171,40,49,24,472,غَافِر,Ghāfir,وَقَالَ اَ۬لذِينَ فِے اِ۬لنّ۪ارِ لِخَزَنَةِ جَهَنَّمَ اَ۟دْعُواْ رَبَّكُمْ يُخَفِّفْ عَنَّا يَوْماٗ مِّنَ اَ۬لْعَذَابِۖ ﰰ
4172,40,50,24,473,غَافِر,Ghāfir,قَالُوٓاْ أَوَلَمْ تَكُ تَاتِيكُمْ رُسُلُكُم بِالْبَيِّنَٰتِ قَالُواْ بَل۪ىٰ قَالُواْ فَادْعُواْۖ وَمَا دُعَٰٓؤُاْ اُ۬لْكٰ۪فِرِينَ إِلَّا فِے ضَلَٰلٍۖ ﰱ
4173,40,51,24,473,غَافِر,Ghāfir,اِنَّا لَنَنصُرُ رُسُلَنَا وَالذِينَ ءَامَنُواْ فِے اِ۬لْحَيَوٰةِ اِ۬لدُّنْي۪ا وَيَوْمَ يَقُومُ اُ۬لَاشْهَٰدُ ﰲ
4174,40,52,24,473,غَافِر,Ghāfir,يَوْمَ لَا يَنفَعُ اُ۬لظَّٰلِمِينَ مَعْذِرَتُهُمْ وَلَهُمُ اُ۬للَّعْنَةُ وَلَهُمْ سُوٓءُ اُ۬لدّ۪ارِۖ ﰳ
4175,40,53,24,473,غَافِر,Ghāfir,۞ وَلَقَدَ اٰتَيْنَا مُوسَى اَ۬لْهُد۪ىٰ وَأَوْرَثْنَا بَنِےٓ إِسْرَآءِيلَ اَ۬لْكِتَٰبَ هُدىٗ وَذِكْر۪ىٰ لِأُوْلِے اِ۬لَالْبَٰبِۖ ﰴ
4176,40,54,24,473,غَافِر,Ghāfir,فَاصْبِرِ اِنَّ وَعْدَ اَ۬للَّهِ حَقّٞۖ وَاسْتَغْفِرْ لِذَنۢبِكَ وَسَبِّحْ بِحَمْدِ رَبِّكَ بِالْعَشِيِّ وَالِابْكٰ۪رِۖ ﰵ
4177,40,55,24,473,غَافِر,Ghāfir,إِنَّ اَ۬لذِينَ يُجَٰدِلُونَ فِےٓ ءَايَٰتِ اِ۬للَّهِ بِغَيْرِ سُلْطَٰنٍ اَت۪يٰهُمُۥٓ إِن فِے صُدُورِهِمُۥٓ إِلَّا كِبْرٞ مَّا هُم بِبَٰلِغِيهِۖ فَاسْتَعِذْ بِاللَّهِۖ إِنَّهُۥ هُوَ اَ۬لسَّمِيعُ اُ۬لْبَصِيرُۖ ﰶ
4178,40,56,24,473,غَافِر,Ghāfir,لَخَلْقُ اُ۬لسَّمَٰوَٰتِ وَالَارْضِ أَكْبَرُ مِنْ خَلْقِ اِ۬لنَّاسِۖ وَلَٰكِنَّ أَكْثَرَ اَ۬لنَّاسِ لَا يَعْلَمُونَۖ ﰷ
4179,40,57,24,473,غَافِر,Ghāfir,وَمَا يَسْتَوِے اِ۬لَاعْم۪ىٰ وَالْبَصِيرُ ﰸ
4180,40,58,24,473,غَافِر,Ghāfir,وَالذِينَ ءَامَنُواْ وَعَمِلُواْ اُ۬لصَّٰلِحَٰتِ وَلَا اَ۬لْمُسِےٓءُۖ قَلِيلاٗ مَّا يَتَذَكَّرُونَۖ ﰹ
4181,40,59,24,474,غَافِر,Ghāfir,إِنَّ اَ۬لسَّاعَةَ لَأٓتِيَةٞ لَّا رَيْبَ فِيهَاۖ وَلَٰكِنَّ أَكْثَرَ اَ۬لنَّاسِ لَا يُومِنُونَۖ ﰺ
4182,40,60,24,474,غَافِر,Ghāfir,وَقَالَ رَبُّكُمُ اُ۟دْعُونِےٓ أَسْتَجِبْ لَكُمُۥٓۖ إِنَّ اَ۬لذِينَ يَسْتَكْبِرُونَ عَنْ عِبَادَتِے سَيَدْخُلُونَ جَهَنَّمَ دَاخِرِينَۖ ﰻ
4183,40,61,24,474,غَافِر,Ghāfir,اَ۬للَّهُ اُ۬لذِے جَعَلَ لَكُمُ اُ۬ليْلَ لِتَسْكُنُواْ فِيهِ وَالنَّهَارَ مُبْصِراًۖ اِنَّ اَ۬للَّهَ لَذُو فَضْلٍ عَلَى اَ۬لنَّاسِۖ وَلَٰكِنَّ أَكْثَرَ اَ۬لنَّاسِ لَا يَشْكُرُونَۖ ﰼ
4184,40,62,24,474,غَافِر,Ghāfir,ذَٰلِكُمُ اُ۬للَّهُ رَبُّكُمْۖ خَٰلِقُ كُلِّ شَےْءٖۖ لَّآ إِلَٰهَ إِلَّا هُوَۖ فَأَنّ۪ىٰ تُوفَكُونَۖ ﰽ
4185,40,63,24,474,غَافِر,Ghāfir,كَذَٰلِكَ يُوفَكُ اُ۬لذِينَ كَانُواْ بِـَٔايَٰتِ اِ۬للَّهِ يَجْحَدُونَۖ ﰾ
4186,40,64,24,474,غَافِر,Ghāfir,اَ۬للَّهُ اُ۬لذِے جَعَلَ لَكُمُ اُ۬لَارْضَ قَرَاراٗ وَالسَّمَآءَ بِنَآءٗ وَصَوَّرَكُمْ فَأَحْسَنَ صُوَرَكُمْ وَرَزَقَكُم مِّنَ اَ۬لطَّيِّبَٰتِۖ ذَٰلِكُمُ اُ۬للَّهُ رَبُّكُمْۖ فَتَبَٰرَكَ اَ۬للَّهُ رَبُّ اُ۬لْعَٰلَمِينَۖ ﰿ
4187,40,65,24,474,غَافِر,Ghāfir,هُوَ اَ۬لْحَيُّۖ لَآ إِلَٰهَ إِلَّا هُوَۖ فَادْعُوهُ مُخْلِصِينَ لَهُ اُ۬لدِّينَۖ اَ۬لْحَمْدُ لِلهِ رَبِّ اِ۬لْعَٰلَمِينَۖ ﱀ
4188,40,66,24,474,غَافِر,Ghāfir,۞ قُلِ اِنِّے نُهِيتُ أَنَ اَعْبُدَ اَ۬لذِينَ تَدْعُونَ مِن دُونِ اِ۬للَّهِ لَمَّا جَآءَنِيَ اَ۬لْبَيِّنَٰتُ مِن رَّبِّے وَأُمِرْتُ أَنُ ا۟سْلِمَ لِرَبِّ اِ۬لْعَٰلَمِينَۖ ﱁ
4189,40,67,24,475,غَافِر,Ghāfir,هُوَ اَ۬لذِے خَلَقَكُم مِّن تُرَابٖ ثُمَّ مِن نُّطْفَةٖ ثُمَّ مِنْ عَلَقَةٖ ثُمَّ يُخْرِجُكُمْ طِفْلاٗ ثُمَّ لِتَبْلُغُوٓاْ أَشُدَّكُمْ ثُمَّ لِتَكُونُواْ شُيُوخاٗۖ وَمِنكُم مَّنْ يُّتَوَفّ۪ىٰ مِن قَبْلُ وَلِتَبْلُغُوٓاْ أَجَلاٗ مُّسَمّىٗ وَلَعَلَّكُمْ تَعْقِلُونَۖ ﱂ
4190,40,68,24,475,غَافِر,Ghāfir,هُوَ اَ۬لذِے يُحْيِۦ وَيُمِيتُۖ فَإِذَا قَض۪ىٰٓ أَمْراٗ فَإِنَّمَا يَقُولُ لَهُۥ كُنۖ فَيَكُونُۖ ﱃ
4191,40,69,24,475,غَافِر,Ghāfir,أَلَمْ تَرَ إِلَى اَ۬لذِينَ يُجَٰدِلُونَ فِےٓ ءَايَٰتِ اِ۬للَّهِ أَنّ۪ىٰ يُصْرَفُونَۖ ﱄ
4192,40,70,24,475,غَافِر,Ghāfir,اَ۬لذِينَ كَذَّبُواْ بِالْكِتَٰبِ وَبِمَآ أَرْسَلْنَا بِهِۦ رُسُلَنَا فَسَوْفَ يَعْلَمُونَ ﱅ
4193,40,71,24,475,غَافِر,Ghāfir,إِذِ اِ۬لَاغْلَٰلُ فِےٓ أَعْنَٰقِهِمْ وَالسَّلَٰسِلُۖ يُسْحَبُونَ ﱆ
4194,40,72,24,475,غَافِر,Ghāfir,فِے اِ۬لْحَمِيمِ ثُمَّ فِے اِ۬لنّ۪ارِ يُسْجَرُونَۖ ﱇ
4195,40,73,24,475,غَافِر,Ghāfir,ثُمَّ قِيلَ لَهُمُۥٓ أَيْنَ مَا كُنتُمْ تُشْرِكُونَ مِن دُونِ اِ۬للَّهِۖ قَالُواْ ضَلُّواْ عَنَّا بَل لَّمْ نَكُن نَّدْعُواْ مِن قَبْلُ شَئْاٗۖ كَذَٰلِكَ يُضِلُّ اُ۬للَّهُ اُ۬لْكٰ۪فِرِينَۖ ﱈ
4196,40,74,24,475,غَافِر,Ghāfir,ذَٰلِكُم بِمَا كُنتُمْ تَفْرَحُونَ فِے اِ۬لَارْضِ بِغَيْرِ اِ۬لْحَقِّ وَبِمَا كُنتُمْ تَمْرَحُونَۖ ﱉ
4197,40,75,24,475,غَافِر,Ghāfir,اَ۟دْخُلُوٓاْ أَبْوَٰبَ جَهَنَّمَ خَٰلِدِينَ فِيهَاۖ فَبِيسَ مَثْوَى اَ۬لْمُتَكَبِّرِينَۖ ﱊ
4198,40,76,24,475,غَافِر,Ghāfir,فَاصْبِرِ اِنَّ وَعْدَ اَ۬للَّهِ حَقّٞۖ فَإِمَّا نُرِيَنَّكَ بَعْضَ اَ۬لذِے نَعِدُهُمُۥٓ أَوْ نَتَوَفَّيَنَّكَ فَإِلَيْنَا يُرْجَعُونَۖ ﱋ
4199,40,77,24,476,غَافِر,Ghāfir,وَلَقَدَ اَرْسَلْنَا رُسُلاٗ مِّن قَبْلِكَ مِنْهُم مَّن قَصَصْنَا عَلَيْكَ وَمِنْهُم مَّن لَّمْ نَقْصُصْ عَلَيْكَۖ وَمَا كَانَ لِرَسُولٍ اَنْ يَّاتِيَ بِـَٔايَةٍ اِلَّا بِإِذْنِ اِ۬للَّهِۖ فَإِذَا جَآءَ امْرُ اُ۬للَّهِ قُضِيَ بِالْحَقِّ وَخَسِرَ هُنَالِكَ اَ۬لْمُبْطِلُونَۖ ﱌ
4200,40,78,24,476,غَافِر,Ghāfir,۞ اَ۬للَّهُ اُ۬لذِے جَعَلَ لَكُمُ اُ۬لَانْعَٰمَ لِتَرْكَبُواْ مِنْهَا وَمِنْهَا تَاكُلُونَۖ ﱍ
4201,40,79,24,476,غَافِر,Ghāfir,وَلَكُمْ فِيهَا مَنَٰفِعُۖ وَلِتَبْلُغُواْ عَلَيْهَا حَاجَةٗ فِے صُدُورِكُمْۖ وَعَلَيْهَا وَعَلَى اَ۬لْفُلْكِ تُحْمَلُونَۖ ﱎ
4202,40,80,24,476,غَافِر,Ghāfir,وَيُرِيكُمُۥٓ ءَايَٰتِهِۦۖ فَأَيَّ ءَايَٰتِ اِ۬للَّهِ تُنكِرُونَۖ ﱏ
4203,40,81,24,476,غَافِر,Ghāfir,أَفَلَمْ يَسِيرُواْ فِے اِ۬لَارْضِ فَيَنظُرُواْ كَيْفَ كَانَ عَٰقِبَةُ اُ۬لذِينَ مِن قَبْلِهِمْۖ كَانُوٓاْ أَكْثَرَ مِنْهُمْ وَأَشَدَّ قُوَّةٗ وَءَاثَاراٗ فِے اِ۬لَارْضِ فَمَآ أَغْن۪ىٰ عَنْهُم مَّا كَانُواْ يَكْسِبُونَۖ ﱐ
4204,40,82,24,476,غَافِر,Ghāfir,فَلَمَّا جَآءَتْهُمْ رُسُلُهُم بِالْبَيِّنَٰتِ فَرِحُواْ بِمَا عِندَهُم مِّنَ اَ۬لْعِلْمِۖ وَحَاقَ بِهِم مَّا كَانُواْ بِهِۦ يَسْتَهْزِءُونَۖ ﱑ
4205,40,83,24,476,غَافِر,Ghāfir,فَلَمَّا رَأَوْاْ بَأْسَنَا قَالُوٓاْ ءَامَنَّا بِاللَّهِ وَحْدَهُۥ وَكَفَرْنَا بِمَا كُنَّا بِهِۦ مُشْرِكِينَۖ ﱒ
4206,40,84,24,476,غَافِر,Ghāfir,فَلَمْ يَكُ يَنفَعُهُمُۥٓ إِيمَٰنُهُمْ لَمَّا رَأَوْاْ بَأْسَنَاۖ سُنَّتَ اَ۬للَّهِ اِ۬لتِے قَدْ خَلَتْ فِے عِبَادِهِۦۖ وَخَسِرَ هُنَالِكَ اَ۬لْكَٰفِرُونَۖ ﱓ
4207,41,1,24,477,فُصِّلَت,Fuṣṣilat,ح۪مِٓۖ تَنزِيلٞ مِّنَ اَ۬لرَّحْمَٰنِ اِ۬لرَّحِيمِ ﰀ
4208,41,2,24,477,فُصِّلَت,Fuṣṣilat,كِتَٰبٞ فُصِّلَتَ اٰيَٰتُهُۥ قُرْءَاناً عَرَبِيّاٗ لِّقَوْمٖ يَعْلَمُونَ ﰁ
4209,41,3,24,477,فُصِّلَت,Fuṣṣilat,بَشِيراٗ وَنَذِيراٗۖ فَأَعْرَضَ أَكْثَرُهُمْ فَهُمْ لَا يَسْمَعُونَۖ ﰂ
4210,41,4,24,477,فُصِّلَت,Fuṣṣilat,وَقَالُواْ قُلُوبُنَا فِےٓ أَكِنَّةٖ مِّمَّا تَدْعُونَآ إِلَيْهِ وَفِےٓ ءَاذَانِنَا وَقْرٞ وَمِنۢ بَيْنِنَا وَبَيْنِكَ حِجَابٞ فَاعْمَلِ اِنَّنَا عَٰمِلُونَۖ ﰃ
4211,41,5,24,477,فُصِّلَت,Fuṣṣilat,قُلِ اِنَّمَآ أَنَا بَشَرٞ مِّثْلُكُمْ يُوح۪ىٰٓ إِلَيَّ أَنَّمَآ إِلَٰهُكُمُۥٓ إِلَٰهٞ وَٰحِدٞ فَاسْتَقِيمُوٓاْ إِلَيْهِ وَاسْتَغْفِرُوهُۖ وَوَيْلٞ لِّلْمُشْرِكِينَ ﰄ
4212,41,6,24,477,فُصِّلَت,Fuṣṣilat,اَ۬لذِينَ لَا يُوتُونَ اَ۬لزَّكَوٰةَ وَهُم بِالَاخِرَةِ هُمْ كَٰفِرُونَۖ ﰅ
4213,41,7,24,477,فُصِّلَت,Fuṣṣilat,إِنَّ اَ۬لذِينَ ءَامَنُواْ وَعَمِلُواْ اُ۬لصَّٰلِحَٰتِ لَهُمُۥٓ أَجْرٌ غَيْرُ مَمْنُونٖۖ ﰆ
4214,41,8,24,477,فُصِّلَت,Fuṣṣilat,۞ قُلَ اَئِنَّكُمْ لَتَكْفُرُونَ بِالذِے خَلَقَ اَ۬لَارْضَ فِے يَوْمَيْنِ وَتَجْعَلُونَ لَهُۥٓ أَندَاداٗۖ ذَٰلِكَ رَبُّ اُ۬لْعَٰلَمِينَۖ ﰇ
4215,41,9,24,477,فُصِّلَت,Fuṣṣilat,وَجَعَلَ فِيهَا رَوَٰسِيَ مِن فَوْقِهَا وَبَٰرَكَ فِيهَا وَقَدَّرَ فِيهَآ أَقْوَٰتَهَا فِےٓ أَرْبَعَةِ أَيَّامٖ سَوَآءٗ لِّلسَّآئِلِينَۖ ﰈ
4216,41,10,24,477,فُصِّلَت,Fuṣṣilat,ثُمَّ اَ۪سْتَو۪ىٰٓ إِلَى اَ۬لسَّمَآءِ وَهِيَ دُخَانٞ فَقَالَ لَهَا وَلِلَارْضِ اِ۪يتِيَا طَوْعاً اَوْ كَرْهاٗۖ قَالَتَآ أَتَيْنَا طَآئِعِينَۖ ﰉ
4217,41,11,24,478,فُصِّلَت,Fuṣṣilat,فَقَض۪يٰهُنَّ سَبْعَ سَمَٰوَاتٖ فِے يَوْمَيْنِ وَأَوْح۪ىٰ فِے كُلِّ سَمَآءٍ اَمْرَهَاۖ وَزَيَّنَّا اَ۬لسَّمَآءَ اَ۬لدُّنْي۪ا بِمَصَٰبِيحَۖ وَحِفْظاٗۖ ذَٰلِكَ تَقْدِيرُ اُ۬لْعَزِيزِ اِ۬لْعَلِيمِۖ ﰊ
4218,41,12,24,478,فُصِّلَت,Fuṣṣilat,فَإِنَ اَعْرَضُواْ فَقُلَ اَنذَرْتُكُمْ صَٰعِقَةٗ مِّثْلَ صَٰعِقَةِ عَادٖ وَثَمُودَ ﰋ
4219,41,13,24,478,فُصِّلَت,Fuṣṣilat,إِذْ جَآءَتْهُمُ اُ۬لرُّسُلُ مِنۢ بَيْنِ أَيْدِيهِمْ وَمِنْ خَلْفِهِمُۥٓ أَلَّا تَعْبُدُوٓاْ إِلَّا اَ۬للَّهَۖ قَالُواْ لَوْ شَآءَ رَبُّنَا لَأَنزَلَ مَلَٰٓئِكَةٗ فَإِنَّا بِمَآ أُرْسِلْتُم بِهِۦ كَٰفِرُونَۖ ﰌ
4220,41,14,24,478,فُصِّلَت,Fuṣṣilat,فَأَمَّا عَادٞ فَاسْتَكْبَرُواْ فِے اِ۬لَارْضِ بِغَيْرِ اِ۬لْحَقِّ وَقَالُواْ مَنَ اَشَدُّ مِنَّا قُوَّةًۖ اَوَلَمْ يَرَوَاْ اَنَّ اَ۬للَّهَ اَ۬لذِے خَلَقَهُمْ هُوَ أَشَدُّ مِنْهُمْ قُوَّةٗۖ وَكَانُواْ بِـَٔايَٰتِنَا يَجْحَدُونَۖ ﰍ
4221,41,15,24,478,فُصِّلَت,Fuṣṣilat,فَأَرْسَلْنَا عَلَيْهِمْ رِيحاٗ صَرْصَراٗ فِےٓ أَيَّامٖ نَّحْسَاتٖ لِّنُذِيقَهُمْ عَذَابَ اَ۬لْخِزْيِ فِے اِ۬لْحَيَوٰةِ اِ۬لدُّنْي۪اۖ وَلَعَذَابُ اُ۬لَاخِرَةِ أَخْز۪ىٰ وَهُمْ لَا يُنصَرُونَۖ ﰎ
4222,41,16,24,478,فُصِّلَت,Fuṣṣilat,۞ وَأَمَّا ثَمُودُ فَهَدَيْنَٰهُمْ فَاسْتَحَبُّواْ اُ۬لْعَم۪ىٰ عَلَى اَ۬لْهُد۪ىٰ فَأَخَذَتْهُمْ صَٰعِقَةُ اُ۬لْعَذَابِ اِ۬لْهُونِ بِمَا كَانُواْ يَكْسِبُونَۖ ﰏ
4223,41,17,24,478,فُصِّلَت,Fuṣṣilat,وَنَجَّيْنَا اَ۬لذِينَ ءَامَنُواْ وَكَانُواْ يَتَّقُونَۖ ﰐ
4224,41,18,24,478,فُصِّلَت,Fuṣṣilat,وَيَوْمَ نَحْشُرُ أَعْدَآءَ اَ۬للَّهِ إِلَى اَ۬لنّ۪ارِ فَهُمْ يُوزَعُونَۖ ﰑ
4225,41,19,24,478,فُصِّلَت,Fuṣṣilat,حَتَّىٰٓ إِذَا مَا جَآءُوهَا شَهِدَ عَلَيْهِمْ سَمْعُهُمْ وَأَبْصَٰرُهُمْ وَجُلُودُهُم بِمَا كَانُواْ يَعْمَلُونَۖ ﰒ
4226,41,20,24,479,فُصِّلَت,Fuṣṣilat,وَقَالُواْ لِجُلُودِهِمْ لِمَ شَهِدتُّمْ عَلَيْنَاۖ قَالُوٓاْ أَنطَقَنَا اَ۬للَّهُ اُ۬لذِےٓ أَنطَقَ كُلَّ شَےْءٖۖ وَهُوَ خَلَقَكُمُۥٓ أَوَّلَ مَرَّةٖ وَإِلَيْهِ تُرْجَعُونَۖ ﰓ
4227,41,21,24,479,فُصِّلَت,Fuṣṣilat,وَمَا كُنتُمْ تَسْتَتِرُونَ أَنْ يَّشْهَدَ عَلَيْكُمْ سَمْعُكُمْ وَلَآ أَبْصَٰرُكُمْ وَلَا جُلُودُكُمْۖ وَلَٰكِن ظَنَنتُمُۥٓ أَنَّ اَ۬للَّهَ لَا يَعْلَمُ كَثِيراٗ مِّمَّا تَعْمَلُونَۖ ﰔ
4228,41,22,24,479,فُصِّلَت,Fuṣṣilat,وَذَٰلِكُمْ ظَنُّكُمُ اُ۬لذِے ظَنَنتُم بِرَبِّكُمُۥٓ أَرْد۪يٰكُمْ فَأَصْبَحْتُم مِّنَ اَ۬لْخَٰسِرِينَۖ ﰕ
4229,41,23,24,479,فُصِّلَت,Fuṣṣilat,فَإِنْ يَّصْبِرُواْ فَالنَّارُ مَثْوىٗ لَّهُمْۖ وَإِنْ يَّسْتَعْتِبُواْ فَمَا هُم مِّنَ اَ۬لْمُعْتَبِينَۖ ﰖ
4230,41,24,24,479,فُصِّلَت,Fuṣṣilat,۞ وَقَيَّضْنَا لَهُمْ قُرَنَآءَ فَزَيَّنُواْ لَهُم مَّا بَيْنَ أَيْدِيهِمْ وَمَا خَلْفَهُمْۖ وَحَقَّ عَلَيْهِمُ اُ۬لْقَوْلُ فِےٓ أُمَمٖ قَدْ خَلَتْ مِن قَبْلِهِم مِّنَ اَ۬لْجِنِّ وَالِانسِۖ إِنَّهُمْ كَانُواْ خَٰسِرِينَۖ ﰗ
4231,41,25,24,479,فُصِّلَت,Fuṣṣilat,وَقَالَ اَ۬لذِينَ كَفَرُواْ لَا تَسْمَعُواْ لِهَٰذَا اَ۬لْقُرْءَانِ وَالْغَوْاْ فِيهِ لَعَلَّكُمْ تَغْلِبُونَۖ ﰘ
4232,41,26,24,479,فُصِّلَت,Fuṣṣilat,فَلَنُذِيقَنَّ اَ۬لذِينَ كَفَرُواْ عَذَاباٗ شَدِيداٗ وَلَنَجْزِيَنَّهُمُۥٓ أَسْوَأَ اَ۬لذِے كَانُواْ يَعْمَلُونَۖ ﰙ
4233,41,27,24,479,فُصِّلَت,Fuṣṣilat,ذَٰلِكَ جَزَآءُ اَ۬عْدَآءِ اِ۬للَّهِ اِ۬لنَّارُۖ لَهُمْ فِيهَا دَارُ اُ۬لْخُلْدِۖ جَزَآءَۢ بِمَا كَانُواْ بِـَٔايَٰتِنَا يَجْحَدُونَۖ ﰚ
4234,41,28,24,479,فُصِّلَت,Fuṣṣilat,وَقَالَ اَ۬لذِينَ كَفَرُواْ رَبَّنَآ أَرِنَا اَ۬لذَيْنِ أَضَلَّٰنَا مِنَ اَ۬لْجِنِّ وَالِانسِ نَجْعَلْهُمَا تَحْتَ أَقْدَامِنَا لِيَكُونَا مِنَ اَ۬لَاسْفَلِينَۖ ﰛ
4235,41,29,24,480,فُصِّلَت,Fuṣṣilat,إِنَّ اَ۬لذِينَ قَالُواْ رَبُّنَا اَ۬للَّهُ ثُمَّ اَ۪سْتَقَٰمُواْ تَتَنَزَّلُ عَلَيْهِمُ اُ۬لْمَلَٰٓئِكَةُ أَلَّا تَخَافُواْ وَلَا تَحْزَنُواْ وَأَبْشِرُواْ بِالْجَنَّةِ اِ۬لتِے كُنتُمْ تُوعَدُونَۖ ﰜ
4236,41,30,24,480,فُصِّلَت,Fuṣṣilat,نَحْنُ أَوْلِيَآؤُكُمْ فِے اِ۬لْحَيَوٰةِ اِ۬لدُّنْي۪ا وَفِے اِ۬لَاخِرَةِۖ وَلَكُمْ فِيهَا مَا تَشْتَهِےٓ أَنفُسُكُمْ وَلَكُمْ فِيهَا مَا تَدَّعُونَ ﰝ
4237,41,31,24,480,فُصِّلَت,Fuṣṣilat,نُزُلاٗ مِّنْ غَفُورٖ رَّحِيمٖۖ ﰞ
4238,41,32,24,480,فُصِّلَت,Fuṣṣilat,وَمَنَ اَحْسَنُ قَوْلاٗ مِّمَّن دَعَآ إِلَى اَ۬للَّهِ وَعَمِلَ صَٰلِحاٗ وَقَالَ إِنَّنِے مِنَ اَ۬لْمُسْلِمِينَۖ ﰟ
4239,41,33,24,480,فُصِّلَت,Fuṣṣilat,وَلَا تَسْتَوِے اِ۬لْحَسَنَةُ وَلَا اَ۬لسَّيِّئَةُۖ اُ۪دْفَعْ بِالتِے هِيَ أَحْسَنُ فَإِذَا اَ۬لذِے بَيْنَكَ وَبَيْنَهُۥ عَدَٰوَةٞ كَأَنَّهُۥ وَلِيٌّ حَمِيمٞۖ ﰠ
4240,41,34,24,480,فُصِّلَت,Fuṣṣilat,وَمَا يُلَقّ۪يٰهَآ إِلَّا اَ۬لذِينَ صَبَرُواْۖ وَمَا يُلَقّ۪يٰهَآ إِلَّا ذُو حَظٍّ عَظِيمٖۖ ﰡ
4241,41,35,24,480,فُصِّلَت,Fuṣṣilat,وَإِمَّا يَنزَغَنَّكَ مِنَ اَ۬لشَّيْطَٰنِ نَزْغٞ فَاسْتَعِذْ بِاللَّهِۖ إِنَّهُۥ هُوَ اَ۬لسَّمِيعُ اُ۬لْعَلِيمُۖ ﰢ
4242,41,36,24,480,فُصِّلَت,Fuṣṣilat,وَمِنَ اٰيَٰتِهِ اِ۬ليْلُ وَالنَّهَارُ وَالشَّمْسُ وَالْقَمَرُۖ لَا تَسْجُدُواْ لِلشَّمْسِ وَلَا لِلْقَمَرِۖ وَاسْجُدُواْ لِلهِ اِ۬لذِے خَلَقَهُنَّ إِن كُنتُمُۥٓ إِيَّاهُ تَعْبُدُونَۖ۩ ﰣ
4243,41,37,24,480,فُصِّلَت,Fuṣṣilat,۞ فَإِنِ اِ۪سْتَكْبَرُواْ فَالذِينَ عِندَ رَبِّكَ يُسَبِّحُونَ لَهُۥ بِاليْلِ وَالنَّه۪ارِ وَهُمْ لَا يَسْـَٔمُونَۖ ﰤ
4244,41,38,24,481,فُصِّلَت,Fuṣṣilat,وَمِنَ اٰيَٰتِهِۦٓ أَنَّكَ تَرَى اَ۬لَارْضَ خَٰشِعَةٗ فَإِذَآ أَنزَلْنَا عَلَيْهَا اَ۬لْمَآءَ اَ۪هْتَزَّتْ وَرَبَتِۖ اِنَّ اَ۬لذِےٓ أَحْي۪اهَا لَمُحْيِ اِ۬لْمَوْت۪ىٰٓۖ إِنَّهُۥ عَلَىٰ كُلِّ شَےْءٖ قَدِيرٌۖ ﰥ
4245,41,39,24,481,فُصِّلَت,Fuṣṣilat,اِنَّ اَ۬لذِينَ يُلْحِدُونَ فِےٓ ءَايَٰتِنَا لَا يَخْفَوْنَ عَلَيْنَآۖ أَفَمَنْ يُّلْق۪ىٰ فِے اِ۬لنّ۪ارِ خَيْرٌ اَم مَّنْ يَّاتِےٓ ءَامِناٗ يَوْمَ اَ۬لْقِيَٰمَةِۖ اِ۪عْمَلُواْ مَا شِئْتُمُۥٓۖ إِنَّهُۥ بِمَا تَعْمَلُونَ بَصِيرٌۖ ﰦ
4246,41,40,24,481,فُصِّلَت,Fuṣṣilat,اِنَّ اَ۬لذِينَ كَفَرُواْ بِالذِّكْرِ لَمَّا جَآءَهُمْ وَإِنَّهُۥ لَكِتَٰبٌ عَزِيزٞ ﰧ
4247,41,41,24,481,فُصِّلَت,Fuṣṣilat,لَّا يَاتِيهِ اِ۬لْبَٰطِلُ مِنۢ بَيْنِ يَدَيْهِ وَلَا مِنْ خَلْفِهِۦۖ تَنزِيلٞ مِّنْ حَكِيمٍ حَمِيدٖۖ ﰨ
4248,41,42,24,481,فُصِّلَت,Fuṣṣilat,مَّا يُقَالُ لَكَ إِلَّا مَا قَدْ قِيلَ لِلرُّسُلِ مِن قَبْلِكَۖ إِنَّ رَبَّكَ لَذُو مَغْفِرَةٖ وَذُو عِقَابٍ اَلِيمٖۖ ﰩ
4249,41,43,24,481,فُصِّلَت,Fuṣṣilat,وَلَوْ جَعَلْنَٰهُ قُرْءَاناً اَعْجَمِيّاٗ لَّقَالُواْ لَوْلَا فُصِّلَتَ اٰيَٰتُهُۥٓۖ ءَآعْجَمِيّٞ وَعَرَبِيّٞۖ قُلْ هُوَ لِلذِينَ ءَامَنُواْ هُدىٗ وَشِفَآءٞۖ وَالذِينَ لَا يُومِنُونَ فِےٓ ءَاذَانِهِمْ وَقْرٞ وَهُوَ عَلَيْهِمْ عَمىًۖ ا۟وْلَٰٓئِكَ يُنَادَوْنَ مِن مَّكَانِۢ بَعِيدٖۖ ﰪ
4250,41,44,24,481,فُصِّلَت,Fuṣṣilat,وَلَقَدَ اٰتَيْنَا مُوسَى اَ۬لْكِتَٰبَ فَاخْتُلِفَ فِيهِۖ وَلَوْلَا كَلِمَةٞ سَبَقَتْ مِن رَّبِّكَ لَقُضِيَ بَيْنَهُمْۖ وَإِنَّهُمْ لَفِے شَكّٖ مِّنْهُ مُرِيبٖۖ ﰫ
4251,41,45,24,481,فُصِّلَت,Fuṣṣilat,مَّنْ عَمِلَ صَٰلِحاٗ فَلِنَفْسِهِۦۖ وَمَنَ اَسَآءَ فَعَلَيْهَاۖ وَمَا رَبُّكَ بِظَلَّٰمٖ لِّلْعَبِيدِۖ ﰬ
4252,41,46,25,482,فُصِّلَت,Fuṣṣilat,۞ إِلَيْهِ يُرَدُّ عِلْمُ اُ۬لسَّاعَةِۖ وَمَا تَخْرُجُ مِن ثَمَرَٰتٖ مِّنَ اَكْمَامِهَا وَمَا تَحْمِلُ مِنُ ا۟نث۪ىٰ وَلَا تَضَعُ إِلَّا بِعِلْمِهِۦۖ وَيَوْمَ يُنَادِيهِمُۥٓ أَيْنَ شُرَكَآءِے قَالُوٓاْ ءَاذَنَّٰكَ مَا مِنَّا مِن شَهِيدٖۖ ﰭ
4253,41,47,25,482,فُصِّلَت,Fuṣṣilat,وَضَلَّ عَنْهُم مَّا كَانُواْ يَدْعُونَ مِن قَبْلُ وَظَنُّواْۖ مَا لَهُم مِّن مَّحِيصٖۖ ﰮ
4254,41,48,25,482,فُصِّلَت,Fuṣṣilat,لَّا يَسْـَٔمُ اُ۬لِانسَٰنُ مِن دُعَآءِ اِ۬لْخَيْرِۖ وَإِن مَّسَّهُ اُ۬لشَّرُّ فَيَـُٔوسٞ قَنُوطٞۖ ﰯ
4255,41,49,25,482,فُصِّلَت,Fuṣṣilat,وَلَئِنَ اَذَقْنَٰهُ رَحْمَةٗ مِّنَّا مِنۢ بَعْدِ ضَرَّآءَ مَسَّتْهُ لَيَقُولَنَّ هَٰذَا لِے وَمَآ أَظُنُّ اُ۬لسَّاعَةَ قَآئِمَةٗ وَلَئِن رُّجِعْتُ إِلَىٰ رَبِّيَ إِنَّ لِے عِندَهُۥ لَلْحُسْن۪ىٰۖ فَلَنُنَبِّئَنَّ اَ۬لذِينَ كَفَرُواْ بِمَا عَمِلُواْ وَلَنُذِيقَنَّهُم مِّنْ عَذَابٍ غَلِيظٖۖ ﰰ
4256,41,50,25,482,فُصِّلَت,Fuṣṣilat,وَإِذَآ أَنْعَمْنَا عَلَى اَ۬لِانسَٰنِ أَعْرَضَ وَنَـ۪ٔا بِجَانِبِهِۦۖ وَإِذَا مَسَّهُ اُ۬لشَّرُّ فَذُو دُعَآءٍ عَرِيضٖۖ ﰱ
4257,41,51,25,482,فُصِّلَت,Fuṣṣilat,قُلَ اَرَٰٓيْتُمُۥٓ إِن كَانَ مِنْ عِندِ اِ۬للَّهِ ثُمَّ كَفَرْتُم بِهِۦ مَنَ اَضَلُّ مِمَّنْ هُوَ فِے شِقَاقِۢ بَعِيدٖۖ ﰲ
4258,41,52,25,482,فُصِّلَت,Fuṣṣilat,سَنُرِيهِمُۥٓ ءَايَٰتِنَا فِے اِ۬لَافَاقِ وَفِےٓ أَنفُسِهِمْ حَتَّىٰ يَتَبَيَّنَ لَهُمُۥٓ أَنَّهُ اُ۬لْحَقُّۖ أَوَلَمْ يَكْفِ بِرَبِّكَ أَنَّهُۥ عَلَىٰ كُلِّ شَےْءٖ شَهِيدٌۖ ﰳ
4259,41,53,25,482,فُصِّلَت,Fuṣṣilat,اَلَآ إِنَّهُمْ فِے مِرْيَةٖ مِّن لِّقَآءِ رَبِّهِمُۥٓۖ أَلَآ إِنَّهُۥ بِكُلِّ شَےْءٖ مُّحِيطٌۖ ﰴ
4260,42,1,25,483,الشُّوري,Ash-Shūra,ح۪مِٓ عَٓسِٓقَٓۖ كَذَٰلِكَ يُوحِےٓ إِلَيْكَ وَإِلَى اَ۬لذِينَ مِن قَبْلِكَ اَ۬للَّهُ اُ۬لْعَزِيزُ اُ۬لْحَكِيمُۖ ﰀ
4261,42,2,25,483,الشُّوري,Ash-Shūra,لَهُۥ مَا فِے اِ۬لسَّمَٰوَٰتِ وَمَا فِے اِ۬لَارْضِۖ وَهُوَ اَ۬لْعَلِيُّ اُ۬لْعَظِيمُۖ ﰁ
4262,42,3,25,483,الشُّوري,Ash-Shūra,۞ يَكَادُ اُ۬لسَّمَٰوَٰتُ يَتَفَطَّرْنَ مِن فَوْقِهِنَّۖ وَالْمَلَٰٓئِكَةُ يُسَبِّحُونَ بِحَمْدِ رَبِّهِمْ وَيَسْتَغْفِرُونَ لِمَن فِے اِ۬لَارْضِۖ أَلَآ إِنَّ اَ۬للَّهَ هُوَ اَ۬لْغَفُورُ اُ۬لرَّحِيمُۖ ﰂ
4263,42,4,25,483,الشُّوري,Ash-Shūra,وَالذِينَ اَ۪تَّخَذُواْ مِن دُونِهِۦٓ أَوْلِيَآءَ اَ۬للَّهُ حَفِيظٌ عَلَيْهِمْۖ وَمَآ أَنتَ عَلَيْهِم بِوَكِيلٖۖ ﰃ
4264,42,5,25,483,الشُّوري,Ash-Shūra,وَكَذَٰلِكَ أَوْحَيْنَآ إِلَيْكَ قُرْءَاناً عَرَبِيّاٗ لِّتُنذِرَ أُمَّ اَ۬لْقُر۪ىٰ وَمَنْ حَوْلَهَا وَتُنذِرَ يَوْمَ اَ۬لْجَمْعِ لَا رَيْبَ فِيهِۖ فَرِيقٞ فِے اِ۬لْجَنَّةِۖ وَفَرِيقٞ فِے اِ۬لسَّعِيرِۖ ﰄ
4265,42,6,25,483,الشُّوري,Ash-Shūra,وَلَوْ شَآءَ اَ۬للَّهُ لَجَعَلَهُمُۥٓ أُمَّةٗ وَٰحِدَةٗۖ وَلَٰكِنْ يُّدْخِلُ مَنْ يَّشَآءُ فِے رَحْمَتِهِۦۖ وَالظَّٰلِمُونَ مَا لَهُم مِّنْ وَّلِيّٖ وَلَا نَصِيرٍۖ ﰅ
4266,42,7,25,483,الشُّوري,Ash-Shūra,اَمِ اِ۪تَّخَذُواْ مِن دُونِهِۦٓ أَوْلِيَآءَۖ فَاللَّهُ هُوَ اَ۬لْوَلِيُّۖ وَهُوَ يُحْيِ اِ۬لْمَوْت۪ىٰۖ وَهُوَ عَلَىٰ كُلِّ شَےْءٖ قَدِيرٞۖ ﰆ
4267,42,8,25,483,الشُّوري,Ash-Shūra,وَمَا اَ۪خْتَلَفْتُمْ فِيهِ مِن شَےْءٖ فَحُكْمُهُۥٓ إِلَى اَ۬للَّهِۖ ذَٰلِكُمُ اُ۬للَّهُ رَبِّےۖ عَلَيْهِ تَوَكَّلْتُۖ وَإِلَيْهِ أُنِيبُۖ ﰇ
4268,42,9,25,484,الشُّوري,Ash-Shūra,فَاطِرُ اُ۬لسَّمَٰوَٰتِ وَالَارْضِ جَعَلَ لَكُم مِّنَ اَنفُسِكُمُۥٓ أَزْوَٰجاٗ وَمِنَ اَ۬لَانْعَٰمِ أَزْوَٰجاٗ يَذْرَؤُكُمْ فِيهِۖ لَيْسَ كَمِثْلِهِۦ شَےْءٞۖ وَهُوَ اَ۬لسَّمِيعُ اُ۬لْبَصِيرُۖ ﰈ
4269,42,10,25,484,الشُّوري,Ash-Shūra,لَهُۥ مَقَالِيدُ اُ۬لسَّمَٰوَٰتِ وَالَارْضِۖ يَبْسُطُ اُ۬لرِّزْقَ لِمَنْ يَّشَآءُ وَيَقْدِرُۖ إِنَّهُۥ بِكُلِّ شَےْءٍ عَلِيمٞۖ ﰉ
4270,42,11,25,484,الشُّوري,Ash-Shūra,۞ شَرَعَ لَكُم مِّنَ اَ۬لدِّينِ مَا وَصّ۪ىٰ بِهِۦ نُوحاٗ وَالذِےٓ أَوْحَيْنَآ إِلَيْكَ وَمَا وَصَّيْنَا بِهِۦٓ إِبْرَٰهِيمَ وَمُوس۪ىٰ وَعِيس۪ىٰٓ أَنَ اَقِيمُواْ اُ۬لدِّينَ وَلَا تَتَفَرَّقُواْ فِيهِۖ كَبُرَ عَلَى اَ۬لْمُشْرِكِينَ مَا تَدْعُوهُمُۥٓ إِلَيْهِۖ اِ۬للَّهُ يَجْتَبِےٓ إِلَيْهِ مَنْ يَّشَآءُ وَيَهْدِےٓ إِلَيْهِ مَنْ يُّنِيبُۖ ﰊ
4271,42,12,25,484,الشُّوري,Ash-Shūra,وَمَا تَفَرَّقُوٓاْ إِلَّا مِنۢ بَعْدِ مَا جَآءَهُمُ اُ۬لْعِلْمُۖ بَغْياَۢ بَيْنَهُمْۖ وَلَوْلَا كَلِمَةٞ سَبَقَتْ مِن رَّبِّكَ إِلَىٰٓ أَجَلٖ مُّسَمّىٗ لَّقُضِيَ بَيْنَهُمْۖ وَإِنَّ اَ۬لذِينَ أُورِثُواْ اُ۬لْكِتَٰبَ مِنۢ بَعْدِهِمْ لَفِے شَكّٖ مِّنْهُ مُرِيبٖۖ ﰋ
4272,42,13,25,484,الشُّوري,Ash-Shūra,فَلِذَٰلِكَ فَادْعُ وَاسْتَقِمْ كَمَآ أُمِرْتَ وَلَا تَتَّبِعَ اَهْوَآءَهُمْۖ وَقُلَ اٰمَنتُ بِمَآ أَنزَلَ اَ۬للَّهُ مِن كِتَٰبٖ وَأُمِرْتُ لِأَعْدِلَ بَيْنَكُمُۖ اُ۬للَّهُ رَبُّنَا وَرَبُّكُمْۖ لَنَآ أَعْمَٰلُنَا وَلَكُمُۥٓ أَعْمَٰلُكُمْۖ لَا حُجَّةَ بَيْنَنَا وَبَيْنَكُمُۖ اُ۬للَّهُ يَجْمَعُ بَيْنَنَاۖ وَإِلَيْهِ اِ۬لْمَصِيرُۖ ﰌ
4273,42,14,25,485,الشُّوري,Ash-Shūra,وَالذِينَ يُحَآجُّونَ فِے اِ۬للَّهِ مِنۢ بَعْدِ مَا اَ۟سْتُجِيبَ لَهُۥ حُجَّتُهُمْ دَاحِضَةٌ عِندَ رَبِّهِمْ وَعَلَيْهِمْ غَضَبٞۖ وَلَهُمْ عَذَابٞ شَدِيدٌۖ ﰍ
4274,42,15,25,485,الشُّوري,Ash-Shūra,اِ۬للَّهُ اُ۬لذِےٓ أَنزَلَ اَ۬لْكِتَٰبَ بِالْحَقِّ وَالْمِيزَانَۖ وَمَا يُدْرِيكَ لَعَلَّ اَ۬لسَّاعَةَ قَرِيبٞۖ ﰎ
4275,42,16,25,485,الشُّوري,Ash-Shūra,يَسْتَعْجِلُ بِهَا اَ۬لذِينَ لَا يُومِنُونَ بِهَاۖ وَالذِينَ ءَامَنُواْ مُشْفِقُونَ مِنْهَا وَيَعْلَمُونَ أَنَّهَا اَ۬لْحَقُّۖ أَلَآ إِنَّ اَ۬لذِينَ يُمَارُونَ فِے اِ۬لسَّاعَةِ لَفِے ضَلَٰلِۢ بَعِيدٍۖ ﰏ
4276,42,17,25,485,الشُّوري,Ash-Shūra,اِ۬للَّهُ لَطِيفُۢ بِعِبَادِهِۦۖ يَرْزُقُ مَنْ يَّشَآءُۖ وَهُوَ اَ۬لْقَوِيُّ اُ۬لْعَزِيزُۖ ﰐ
4277,42,18,25,485,الشُّوري,Ash-Shūra,۞ مَن كَانَ يُرِيدُ حَرْثَ اَ۬لَاخِرَةِ نَزِدْ لَهُۥ فِے حَرْثِهِۦۖ وَمَن كَانَ يُرِيدُ حَرْثَ اَ۬لدُّنْي۪ا نُوتِهِۦ مِنْهَاۖ وَمَا لَهُۥ فِے اِ۬لَاخِرَةِ مِن نَّصِيبٍۖ ﰑ
4278,42,19,25,485,الشُّوري,Ash-Shūra,اَمْ لَهُمْ شُرَكَٰٓؤُاْ شَرَعُواْ لَهُم مِّنَ اَ۬لدِّينِ مَا لَمْ يَاذَنۢ بِهِ اِ۬للَّهُۖ وَلَوْلَا كَلِمَةُ اُ۬لْفَصْلِ لَقُضِيَ بَيْنَهُمْۖ وَإِنَّ اَ۬لظَّٰلِمِينَ لَهُمْ عَذَابٌ اَلِيمٞۖ ﰒ
4279,42,20,25,485,الشُّوري,Ash-Shūra,تَرَى اَ۬لظَّٰلِمِينَ مُشْفِقِينَ مِمَّا كَسَبُواْ وَهُوَ وَاقِعُۢ بِهِمْۖ وَالذِينَ ءَامَنُواْ وَعَمِلُواْ اُ۬لصَّٰلِحَٰتِ فِے رَوْضَاتِ اِ۬لْجَنَّاتِۖ لَهُم مَّا يَشَآءُونَ عِندَ رَبِّهِمْۖ ذَٰلِكَ هُوَ اَ۬لْفَضْلُ اُ۬لْكَبِيرُۖ ﰓ
4280,42,21,25,486,الشُّوري,Ash-Shūra,ذَٰلِكَ اَ۬لذِے يُبَشِّرُ اُ۬للَّهُ عِبَادَهُ اُ۬لذِينَ ءَامَنُواْ وَعَمِلُواْ اُ۬لصَّٰلِحَٰتِۖ قُل لَّآ أَسْـَٔلُكُمْ عَلَيْهِ أَجْراً اِلَّا اَ۬لْمَوَدَّةَ فِے اِ۬لْقُرْب۪ىٰۖ وَمَنْ يَّقْتَرِفْ حَسَنَةٗ نَّزِدْ لَهُۥ فِيهَا حُسْناًۖ اِنَّ اَ۬للَّهَ غَفُورٞ شَكُورٌۖ ﰔ
4281,42,22,25,486,الشُّوري,Ash-Shūra,اَمْ يَقُولُونَ اَ۪فْتَر۪ىٰ عَلَى اَ۬للَّهِ كَذِباٗۖ فَإِنْ يَّشَإِ اِ۬للَّهُ يَخْتِمْ عَلَىٰ قَلْبِكَۖ وَيَمْحُ اُ۬للَّهُ اُ۬لْبَٰطِلَ وَيُحِقُّ اُ۬لْحَقَّ بِكَلِمَٰتِهِۦٓۖ إِنَّهُۥ عَلِيمُۢ بِذَاتِ اِ۬لصُّدُورِۖ ﰕ
4282,42,23,25,486,الشُّوري,Ash-Shūra,وَهُوَ اَ۬لذِے يَقْبَلُ اُ۬لتَّوْبَةَ عَنْ عِبَادِهِۦ وَيَعْفُواْ عَنِ اِ۬لسَّيِّـَٔاتِ وَيَعْلَمُ مَا يَفْعَلُونَۖ ﰖ
4283,42,24,25,486,الشُّوري,Ash-Shūra,وَيَسْتَجِيبُ اُ۬لذِينَ ءَامَنُواْ وَعَمِلُواْ اُ۬لصَّٰلِحَٰتِ وَيَزِيدُهُم مِّن فَضْلِهِۦۖ وَالْكَٰفِرُونَ لَهُمْ عَذَابٞ شَدِيدٞۖ ﰗ
4284,42,25,25,486,الشُّوري,Ash-Shūra,۞ وَلَوْ بَسَطَ اَ۬للَّهُ اُ۬لرِّزْقَ لِعِبَادِهِۦ لَبَغَوْاْ فِے اِ۬لَارْضِۖ وَلَٰكِنْ يُّنَزِّلُ بِقَدَرٖ مَّا يَشَآءُۖ اِ۪نَّهُۥ بِعِبَادِهِۦ خَبِيرُۢ بَصِيرٞۖ ﰘ
4285,42,26,25,486,الشُّوري,Ash-Shūra,وَهُوَ اَ۬لذِے يُنَزِّلُ اُ۬لْغَيْثَ مِنۢ بَعْدِ مَا قَنَطُواْ وَيَنشُرُ رَحْمَتَهُۥۖ وَهُوَ اَ۬لْوَلِيُّ اُ۬لْحَمِيدُۖ ﰙ
4286,42,27,25,486,الشُّوري,Ash-Shūra,وَمِنَ اٰيَٰتِهِۦ خَلْقُ اُ۬لسَّمَٰوَٰتِ وَالَارْضِ وَمَا بَثَّ فِيهِمَا مِن دَآبَّةٖۖ وَهُوَ عَلَىٰ جَمْعِهِمُۥٓ إِذَا يَشَآءُ قَدِيرٞۖ ﰚ
4287,42,28,25,486,الشُّوري,Ash-Shūra,وَمَآ أَصَٰبَكُم مِّن مُّصِيبَةِۢ بِمَا كَسَبَتَ اَيْدِيكُمْ وَيَعْفُواْ عَن كَثِيرٖۖ ﰛ
4288,42,29,25,486,الشُّوري,Ash-Shūra,وَمَآ أَنتُم بِمُعْجِزِينَ فِے اِ۬لَارْضِۖ وَمَا لَكُم مِّن دُونِ اِ۬للَّهِ مِنْ وَّلِيّٖ وَلَا نَصِيرٖۖ ﰜ
4289,42,30,25,487,الشُّوري,Ash-Shūra,وَمِنَ اٰيَٰتِهِ اِ۬لْجَوَارِۦ فِے اِ۬لْبَحْرِ كَالَاعْلَٰمِۖ إِنْ يَّشَأْ يُسْكِنِ اِ۬لرِّيَٰحَ فَيَظْلَلْنَ رَوَاكِدَ عَلَىٰ ظَهْرِهِۦٓ إِنَّ فِے ذَٰلِكَ لَأٓيَٰتٖ لِّكُلِّ صَبّ۪ارٖ شَكُورٍ ﰝ
4290,42,31,25,487,الشُّوري,Ash-Shūra,اَوْ يُوبِقْهُنَّ بِمَا كَسَبُواْ وَيَعْفُ عَن كَثِيرٖۖ ﰞ
4291,42,32,25,487,الشُّوري,Ash-Shūra,وَيَعْلَمُ اُ۬لذِينَ يُجَٰدِلُونَ فِےٓ ءَايَٰتِنَا مَا لَهُم مِّن مَّحِيصٖۖ ﰟ
4292,42,33,25,487,الشُّوري,Ash-Shūra,فَمَآ أُوتِيتُم مِّن شَےْءٖ فَمَتَٰعُ اُ۬لْحَيَوٰةِ اِ۬لدُّنْي۪اۖ وَمَا عِندَ اَ۬للَّهِ خَيْرٞ وَأَبْق۪ىٰ لِلذِينَ ءَامَنُواْ وَعَلَىٰ رَبِّهِمْ يَتَوَكَّلُونَۖ ﰠ
4293,42,34,25,487,الشُّوري,Ash-Shūra,وَالذِينَ يَجْتَنِبُونَ كَبَٰٓئِرَ اَ۬لِاثْمِ وَالْفَوَٰحِشَ وَإِذَا مَا غَضِبُواْ هُمْ يَغْفِرُونَۖ ﰡ
4294,42,35,25,487,الشُّوري,Ash-Shūra,وَالذِينَ اَ۪سْتَجَابُواْ لِرَبِّهِمْ وَأَقَامُواْ اُ۬لصَّلَوٰةَ وَأَمْرُهُمْ شُور۪ىٰ بَيْنَهُمْ وَمِمَّا رَزَقْنَٰهُمْ يُنفِقُونَۖ ﰢ
4295,42,36,25,487,الشُّوري,Ash-Shūra,وَالذِينَ إِذَآ أَصَابَهُمُ اُ۬لْبَغْيُ هُمْ يَنتَصِرُونَۖ ﰣ
4296,42,37,25,487,الشُّوري,Ash-Shūra,وَجَزَٰٓؤُاْ سَيِّئَةٖ سَيِّئَةٞ مِّثْلُهَاۖ فَمَنْ عَفَا وَأَصْلَحَ فَأَجْرُهُۥ عَلَى اَ۬للَّهِۖ إِنَّهُۥ لَا يُحِبُّ اُ۬لظَّٰلِمِينَۖ ﰤ
4297,42,38,25,487,الشُّوري,Ash-Shūra,وَلَمَنِ اِ۪نتَصَرَ بَعْدَ ظُلْمِهِۦ فَأُوْلَٰٓئِكَ مَا عَلَيْهِم مِّن سَبِيلٍۖ ﰥ
4298,42,39,25,487,الشُّوري,Ash-Shūra,۞ اِنَّمَا اَ۬لسَّبِيلُ عَلَى اَ۬لذِينَ يَظْلِمُونَ اَ۬لنَّاسَ وَيَبْغُونَ فِے اِ۬لَارْضِ بِغَيْرِ اِ۬لْحَقِّۖ أُوْلَٰٓئِكَ لَهُمْ عَذَابٌ اَلِيمٞۖ ﰦ
4299,42,40,25,487,الشُّوري,Ash-Shūra,وَلَمَن صَبَرَ وَغَفَرَ إِنَّ ذَٰلِكَ لَمِنْ عَزْمِ اِ۬لُامُورِۖ ﰧ
4300,42,41,25,487,الشُّوري,Ash-Shūra,وَمَنْ يُّضْلِلِ اِ۬للَّهُ فَمَا لَهُۥ مِنْ وَّلِيّٖ مِّنۢ بَعْدِهِۦۖ وَتَرَى اَ۬لظَّٰلِمِينَ لَمَّا رَأَوُاْ اُ۬لْعَذَابَ يَقُولُونَ هَلِ اِلَىٰ مَرَدّٖ مِّن سَبِيلٖۖ ﰨ
4301,42,42,25,488,الشُّوري,Ash-Shūra,وَتَر۪يٰهُمْ يُعْرَضُونَ عَلَيْهَا خَٰشِعِينَۖ مِنَ اَ۬لذُّلِّ يَنظُرُونَ مِن طَرْفٍ خَفِيّٖۖ وَقَالَ اَ۬لذِينَ ءَامَنُوٓاْ إِنَّ اَ۬لْخَٰسِرِينَ اَ۬لذِينَ خَسِرُوٓاْ أَنفُسَهُمْ وَأَهْلِيهِمْ يَوْمَ اَ۬لْقِيَٰمَةِۖ أَلَآ إِنَّ اَ۬لظَّٰلِمِينَ فِے عَذَابٖ مُّقِيمٖۖ ﰩ
4302,42,43,25,488,الشُّوري,Ash-Shūra,وَمَا كَانَ لَهُم مِّنَ اَوْلِيَآءَ يَنصُرُونَهُم مِّن دُونِ اِ۬للَّهِۖ وَمَنْ يُّضْلِلِ اِ۬للَّهُ فَمَا لَهُۥ مِن سَبِيلٍۖ ﰪ
4303,42,44,25,488,الشُّوري,Ash-Shūra,اِ۪سْتَجِيبُواْ لِرَبِّكُم مِّن قَبْلِ أَنْ يَّاتِيَ يَوْمٞ لَّا مَرَدَّ لَهُۥ مِنَ اَ۬للَّهِۖ مَا لَكُم مِّن مَّلْجَإٖ يَوْمَئِذٖۖ وَمَا لَكُم مِّن نَّكِيرٖۖ ﰫ
4304,42,45,25,488,الشُّوري,Ash-Shūra,فَإِنَ اَعْرَضُواْ فَمَآ أَرْسَلْنَٰكَ عَلَيْهِمْ حَفِيظاًۖ اِنْ عَلَيْكَ إِلَّا اَ۬لْبَلَٰغُۖ وَإِنَّآ إِذَآ أَذَقْنَا اَ۬لِانسَٰنَ مِنَّا رَحْمَةٗ فَرِحَ بِهَاۖ وَإِن تُصِبْهُمْ سَيِّئَةُۢ بِمَا قَدَّمَتَ اَيْدِيهِمْ فَإِنَّ اَ۬لِانسَٰنَ كَفُورٞۖ ﰬ
4305,42,46,25,488,الشُّوري,Ash-Shūra,لِّلهِ مُلْكُ اُ۬لسَّمَٰوَٰتِ وَالَارْضِۖ يَخْلُقُ مَا يَشَآءُۖ يَهَبُ لِمَنْ يَّشَآءُ اِ۪نَٰثاٗ وَيَهَبُ لِمَنْ يَّشَآءُ اُ۬لذُّكُورَ ﰭ
4306,42,47,25,488,الشُّوري,Ash-Shūra,أَوْ يُزَوِّجُهُمْ ذُكْرَاناٗ وَإِنَٰثاٗ وَيَجْعَلُ مَنْ يَّشَآءُ عَقِيماًۖ اِنَّهُۥ عَلِيمٞ قَدِيرٞۖ ﰮ
4307,42,48,25,488,الشُّوري,Ash-Shūra,۞ وَمَا كَانَ لِبَشَرٍ اَنْ يُّكَلِّمَهُ اُ۬للَّهُ إِلَّا وَحْياً اَوْ مِنْ وَّرَآءِےْ حِجَابٍ اَوْ يُرْسِلُ رَسُولاٗ فَيُوحِے بِإِذْنِهِۦ مَا يَشَآءُۖ اِ۪نَّهُۥ عَلِيٌّ حَكِيمٞۖ ﰯ
4308,42,49,25,489,الشُّوري,Ash-Shūra,وَكَذَٰلِكَ أَوْحَيْنَآ إِلَيْكَ رُوحاٗ مِّنَ اَمْرِنَاۖ مَا كُنتَ تَدْرِے مَا اَ۬لْكِتَٰبُ وَلَا اَ۬لِايمَٰنُۖ وَلَٰكِن جَعَلْنَٰهُ نُوراٗ نَّهْدِے بِهِۦ مَن نَّشَآءُ مِنْ عِبَادِنَاۖ وَإِنَّكَ لَتَهْدِےٓ إِلَىٰ صِرَٰطٖ مُّسْتَقِيمٖ ﰰ
4309,42,50,25,489,الشُّوري,Ash-Shūra,صِرَٰطِ اِ۬للَّهِ اِ۬لذِے لَهُۥ مَا فِے اِ۬لسَّمَٰوَٰتِ وَمَا فِے اِ۬لَارْضِۖ أَلَآ إِلَى اَ۬للَّهِ تَصِيرُ اُ۬لُامُورُۖ ﰱ
4310,43,1,25,489,الزُّخرُف,Az-Zukhruf,ح۪مِٓۖ وَالْكِتَٰبِ اِ۬لْمُبِينِ ﰀ
4311,43,2,25,489,الزُّخرُف,Az-Zukhruf,إِنَّا جَعَلْنَٰهُ قُرْءَٰناً عَرَبِيّاٗ لَّعَلَّكُمْ تَعْقِلُونَۖ ﰁ
4312,43,3,25,489,الزُّخرُف,Az-Zukhruf,وَإِنَّهُۥ فِےٓ أُمِّ اِ۬لْكِتَٰبِ لَدَيْنَا لَعَلِيٌّ حَكِيمٌۖ ﰂ
4313,43,4,25,489,الزُّخرُف,Az-Zukhruf,اَفَنَضْرِبُ عَنكُمُ اُ۬لذِّكْرَ صَفْحاً اِن كُنتُمْ قَوْماٗ مُّسْرِفِينَۖ ﰃ
4314,43,5,25,489,الزُّخرُف,Az-Zukhruf,وَكَمَ اَرْسَلْنَا مِن نَّبِےٓءٖ فِے اِ۬لَاوَّلِينَۖ ﰄ
4315,43,6,25,489,الزُّخرُف,Az-Zukhruf,وَمَا يَاتِيهِم مِّن نَّبِےٓءٍ اِلَّا كَانُواْ بِهِۦ يَسْتَهْزِءُونَۖ ﰅ
4316,43,7,25,489,الزُّخرُف,Az-Zukhruf,فَأَهْلَكْنَآ أَشَدَّ مِنْهُم بَطْشاٗۖ وَمَض۪ىٰ مَثَلُ اُ۬لَاوَّلِينَۖ ﰆ
4317,43,8,25,489,الزُّخرُف,Az-Zukhruf,وَلَئِن سَأَلْتَهُم مَّنْ خَلَقَ اَ۬لسَّمَٰوَٰتِ وَالَارْضَ لَيَقُولُنَّ خَلَقَهُنَّ اَ۬لْعَزِيزُ اُ۬لْعَلِيمُۖ ﰇ
4318,43,9,25,489,الزُّخرُف,Az-Zukhruf,اُ۬لذِے جَعَلَ لَكُمُ اُ۬لَارْضَ مِهَٰداٗ وَجَعَلَ لَكُمْ فِيهَا سُبُلاٗ لَّعَلَّكُمْ تَهْتَدُونَۖ ﰈ
4319,43,10,25,490,الزُّخرُف,Az-Zukhruf,۞ وَالذِے نَزَّلَ مِنَ اَ۬لسَّمَآءِ مَآءَۢ بِقَدَرٖ فَأَنشَرْنَا بِهِۦ بَلْدَةٗ مَّيْتاٗۖ كَذَٰلِكَ تُخْرَجُونَۖ ﰉ
4320,43,11,25,490,الزُّخرُف,Az-Zukhruf,وَالذِے خَلَقَ اَ۬لَازْوَٰجَ كُلَّهَا وَجَعَلَ لَكُم مِّنَ اَ۬لْفُلْكِ وَالَانْعَٰمِ مَا تَرْكَبُونَ ﰊ
4321,43,12,25,490,الزُّخرُف,Az-Zukhruf,لِتَسْتَوُۥاْ عَلَىٰ ظُهُورِهِۦ ثُمَّ تَذْكُرُواْ نِعْمَةَ رَبِّكُمُۥٓ إِذَا اَ۪سْتَوَيْتُمْ عَلَيْهِ وَتَقُولُواْ سُبْحَٰنَ اَ۬لذِے سَخَّرَ لَنَا هَٰذَا وَمَا كُنَّا لَهُۥ مُقْرِنِينَ ﰋ
4322,43,13,25,490,الزُّخرُف,Az-Zukhruf,وَإِنَّآ إِلَىٰ رَبِّنَا لَمُنقَلِبُونَۖ ﰌ
4323,43,14,25,490,الزُّخرُف,Az-Zukhruf,وَجَعَلُواْ لَهُۥ مِنْ عِبَادِهِۦ جُزْءاًۖ اِنَّ اَ۬لِانسَٰنَ لَكَفُورٞ مُّبِينٌۖ ﰍ
4324,43,15,25,490,الزُّخرُف,Az-Zukhruf,اَمِ اِ۪تَّخَذَ مِمَّا يَخْلُقُ بَنَاتٖ وَأَصْف۪يٰكُم بِالْبَنِينَۖ ﰎ
4325,43,16,25,490,الزُّخرُف,Az-Zukhruf,وَإِذَا بُشِّرَ أَحَدُهُم بِمَا ضَرَبَ لِلرَّحْمَٰنِ مَثَلاٗ ظَلَّ وَجْهُهُۥ مُسْوَدّاٗ وَهُوَ كَظِيمٌۖ ﰏ
4326,43,17,25,490,الزُّخرُف,Az-Zukhruf,اَوَمَنْ يَّنشَؤُاْ فِے اِ۬لْحِلْيَةِ وَهُوَ فِے اِ۬لْخِصَامِ غَيْرُ مُبِينٖۖ ﰐ
4327,43,18,25,490,الزُّخرُف,Az-Zukhruf,وَجَعَلُواْ اُ۬لْمَلَٰٓئِكَةَ اَ۬لذِينَ هُمْ عِندَ اَ۬لرَّحْمَٰنِ إِنَٰثاًۖ اَ۟شْهِدُواْ خَلْقَهُمْۖ سَتُكْتَبُ شَهَٰدَتُهُمْ وَيُسْـَٔلُونَۖ ﰑ
4328,43,19,25,490,الزُّخرُف,Az-Zukhruf,وَقَالُواْ لَوْ شَآءَ اَ۬لرَّحْمَٰنُ مَا عَبَدْنَٰهُمۖ مَّا لَهُم بِذَٰلِكَ مِنْ عِلْمٍۖ اِنْ هُمُۥٓ إِلَّا يَخْرُصُونَۖ ﰒ
4329,43,20,25,490,الزُّخرُف,Az-Zukhruf,أَمَ اٰتَيْنَٰهُمْ كِتَٰباٗ مِّن قَبْلِهِۦ فَهُم بِهِۦ مُسْتَمْسِكُونَۖ ﰓ
4330,43,21,25,490,الزُّخرُف,Az-Zukhruf,بَلْ قَالُوٓاْ إِنَّا وَجَدْنَآ ءَابَآءَنَا عَلَىٰٓ أُمَّةٖ وَإِنَّا عَلَىٰٓ ءَاثٰ۪رِهِم مُّهْتَدُونَۖ ﰔ
4331,43,22,25,491,الزُّخرُف,Az-Zukhruf,وَكَذَٰلِكَ مَآ أَرْسَلْنَا مِن قَبْلِكَ فِے قَرْيَةٖ مِّن نَّذِيرٍ اِلَّا قَالَ مُتْرَفُوهَآ إِنَّا وَجَدْنَآ ءَابَآءَنَا عَلَىٰٓ أُمَّةٖ وَإِنَّا عَلَىٰٓ ءَاثٰ۪رِهِم مُّقْتَدُونَۖ ﰕ
4332,43,23,25,491,الزُّخرُف,Az-Zukhruf,۞ قُلَ اَوَلَوْ جِئْتُكُم بِأَهْد۪ىٰ مِمَّا وَجَدتُّمْ عَلَيْهِ ءَابَآءَكُمْۖ قَالُوٓاْ إِنَّا بِمَآ أُرْسِلْتُم بِهِۦ كَٰفِرُونَۖ ﰖ
4333,43,24,25,491,الزُّخرُف,Az-Zukhruf,فَانتَقَمْنَا مِنْهُمْ فَانظُرْ كَيْفَ كَانَ عَٰقِبَةُ اُ۬لْمُكَذِّبِينَۖ ﰗ
4334,43,25,25,491,الزُّخرُف,Az-Zukhruf,وَإِذْ قَالَ إِبْرَٰهِيمُ لِأَبِيهِ وَقَوْمِهِۦٓ إِنَّنِے بَرَآءٞ مِّمَّا تَعْبُدُونَ ﰘ
4335,43,26,25,491,الزُّخرُف,Az-Zukhruf,إِلَّا اَ۬لذِے فَطَرَنِے فَإِنَّهُۥ سَيَهْدِينِۖ ﰙ
4336,43,27,25,491,الزُّخرُف,Az-Zukhruf,وَجَعَلَهَا كَلِمَةَۢ بَاقِيَةٗ فِے عَقِبِهِۦ لَعَلَّهُمْ يَرْجِعُونَۖ ﰚ
4337,43,28,25,491,الزُّخرُف,Az-Zukhruf,بَلْ مَتَّعْتُ هَٰٓؤُلَآءِ وَءَابَآءَهُمْ حَتَّىٰ جَآءَهُمُ اُ۬لْحَقُّ وَرَسُولٞ مُّبِينٞۖ ﰛ
4338,43,29,25,491,الزُّخرُف,Az-Zukhruf,وَلَمَّا جَآءَهُمُ اُ۬لْحَقُّ قَالُواْ هَٰذَا سِحْرٞ وَإِنَّا بِهِۦ كَٰفِرُونَۖ ﰜ
4339,43,30,25,491,الزُّخرُف,Az-Zukhruf,وَقَالُواْ لَوْلَا نُزِّلَ هَٰذَا اَ۬لْقُرْءَانُ عَلَىٰ رَجُلٖ مِّنَ اَ۬لْقَرْيَتَيْنِ عَظِيمٍۖ ﰝ
4340,43,31,25,491,الزُّخرُف,Az-Zukhruf,اَهُمْ يَقْسِمُونَ رَحْمَتَ رَبِّكَۖ نَحْنُ قَسَمْنَا بَيْنَهُم مَّعِيشَتَهُمْ فِے اِ۬لْحَيَوٰةِ اِ۬لدُّنْي۪ا وَرَفَعْنَا بَعْضَهُمْ فَوْقَ بَعْضٖ دَرَجَٰتٖ لِّيَتَّخِذَ بَعْضُهُم بَعْضاٗ سُخْرِيّاٗۖ وَرَحْمَتُ رَبِّكَ خَيْرٞ مِّمَّا يَجْمَعُونَۖ ﰞ
4341,43,32,25,491,الزُّخرُف,Az-Zukhruf,وَلَوْلَآ أَنْ يَّكُونَ اَ۬لنَّاسُ أُمَّةٗ وَٰحِدَةٗ لَّجَعَلْنَا لِمَنْ يَّكْفُرُ بِالرَّحْمَٰنِ لِبُيُوتِهِمْ سُقُفاٗ مِّن فِضَّةٖ وَمَعَارِجَ عَلَيْهَا يَظْهَرُونَ ﰟ
4342,43,33,25,492,الزُّخرُف,Az-Zukhruf,وَلِبُيُوتِهِمُۥٓ أَبْوَٰباٗ وَسُرُراً عَلَيْهَا يَتَّكِـُٔونَ ﰠ
4343,43,34,25,492,الزُّخرُف,Az-Zukhruf,وَزُخْرُفاٗۖ وَإِن كُلُّ ذَٰلِكَ لَمَا مَتَٰعُ اُ۬لْحَيَوٰةِ اِ۬لدُّنْي۪اۖ وَالَاخِرَةُ عِندَ رَبِّكَ لِلْمُتَّقِينَۖ ﰡ
4344,43,35,25,492,الزُّخرُف,Az-Zukhruf,وَمَنْ يَّعْشُ عَن ذِكْرِ اِ۬لرَّحْمَٰنِ نُقَيِّضْ لَهُۥ شَيْطَٰناٗ فَهُوَ لَهُۥ قَرِينٞۖ ﰢ
4345,43,36,25,492,الزُّخرُف,Az-Zukhruf,وَإِنَّهُمْ لَيَصُدُّونَهُمْ عَنِ اِ۬لسَّبِيلِ وَيَحْسِبُونَ أَنَّهُم مُّهْتَدُونَۖ ﰣ
4346,43,37,25,492,الزُّخرُف,Az-Zukhruf,حَتَّىٰٓ إِذَا جَآءَٰنَا قَالَ يَٰلَيْتَ بَيْنِے وَبَيْنَكَ بُعْدَ اَ۬لْمَشْرِقَيْنِۖ فَبِيسَ اَ۬لْقَرِينُۖ ﰤ
4347,43,38,25,492,الزُّخرُف,Az-Zukhruf,وَلَنْ يَّنفَعَكُمُ اُ۬لْيَوْمَ إِذ ظَّلَمْتُمُۥٓ أَنَّكُمْ فِے اِ۬لْعَذَابِ مُشْتَرِكُونَۖ ﰥ
4348,43,39,25,492,الزُّخرُف,Az-Zukhruf,أَفَأَنتَ تُسْمِعُ اُ۬لصُّمَّ أَوْ تَهْدِے اِ۬لْعُمْيَ وَمَن كَانَ فِے ضَلَٰلٖ مُّبِينٖۖ ﰦ
4349,43,40,25,492,الزُّخرُف,Az-Zukhruf,فَإِمَّا نَذْهَبَنَّ بِكَ فَإِنَّا مِنْهُم مُّنتَقِمُونَ ﰧ
4350,43,41,25,492,الزُّخرُف,Az-Zukhruf,أَوْ نُرِيَنَّكَ اَ۬لذِے وَعَدْنَٰهُمْ فَإِنَّا عَلَيْهِم مُّقْتَدِرُونَۖ ﰨ
4351,43,42,25,492,الزُّخرُف,Az-Zukhruf,۞ فَاسْتَمْسِكْ بِالذِےٓ أُوحِيَ إِلَيْكَۖ إِنَّكَ عَلَىٰ صِرَٰطٖ مُّسْتَقِيمٖۖ ﰩ
4352,43,43,25,492,الزُّخرُف,Az-Zukhruf,وَإِنَّهُۥ لَذِكْرٞ لَّكَ وَلِقَوْمِكَۖ وَسَوْفَ تُسْـَٔلُونَۖ ﰪ
4353,43,44,25,492,الزُّخرُف,Az-Zukhruf,وَسْـَٔلْ مَنَ اَرْسَلْنَا مِن قَبْلِكَ مِن رُّسُلِنَآۖ أَجَعَلْنَا مِن دُونِ اِ۬لرَّحْمَٰنِ ءَالِهَةٗ يُعْبَدُونَۖ ﰫ
4354,43,45,25,492,الزُّخرُف,Az-Zukhruf,وَلَقَدَ اَرْسَلْنَا مُوس۪ىٰ بِـَٔايَٰتِنَآ إِلَىٰ فِرْعَوْنَ وَمَلَإِيْهِۦ فَقَالَ إِنِّے رَسُولُ رَبِّ اِ۬لْعَٰلَمِينَۖ ﰬ
4355,43,46,25,492,الزُّخرُف,Az-Zukhruf,فَلَمَّا جَآءَهُم بِـَٔايَٰتِنَآ إِذَا هُم مِّنْهَا يَضْحَكُونَۖ ﰭ
4356,43,47,25,493,الزُّخرُف,Az-Zukhruf,وَمَا نُرِيهِم مِّنَ اٰيَةٍ اِلَّا هِيَ أَكْبَرُ مِنُ ا۟خْتِهَاۖ وَأَخَذْنَٰهُم بِالْعَذَابِ لَعَلَّهُمْ يَرْجِعُونَۖ ﰮ
4357,43,48,25,493,الزُّخرُف,Az-Zukhruf,وَقَالُواْ يَٰٓأَيُّهَ اَ۬لسَّاحِرُ اُ۟دْعُ لَنَا رَبَّكَ بِمَا عَهِدَ عِندَكَ إِنَّنَا لَمُهْتَدُونَۖ ﰯ
4358,43,49,25,493,الزُّخرُف,Az-Zukhruf,فَلَمَّا كَشَفْنَا عَنْهُمُ اُ۬لْعَذَابَ إِذَا هُمْ يَنكُثُونَۖ ﰰ
4359,43,50,25,493,الزُّخرُف,Az-Zukhruf,وَنَاد۪ىٰ فِرْعَوْنُ فِے قَوْمِهِۦ قَالَ يَٰقَوْمِ أَلَيْسَ لِے مُلْكُ مِصْرَ وَهَٰذِهِ اِ۬لَانْهَٰرُ تَجْرِے مِن تَحْتِيَۖ أَفَلَا تُبْصِرُونَۖ ﰱ
4360,43,51,25,493,الزُّخرُف,Az-Zukhruf,أَمَ اَنَا خَيْرٞ مِّنْ هَٰذَا اَ۬لذِے هُوَ مَهِينٞ ﰲ
4361,43,52,25,493,الزُّخرُف,Az-Zukhruf,وَلَا يَكَادُ يُبِينُۖ ﰳ
4362,43,53,25,493,الزُّخرُف,Az-Zukhruf,فَلَوْلَآ أُلْقِيَ عَلَيْهِ أَسَٰوِرَةٞ مِّن ذَهَبٍ اَوْ جَآءَ مَعَهُ اُ۬لْمَلَٰٓئِكَةُ مُقْتَرِنِينَۖ ﰴ
4363,43,54,25,493,الزُّخرُف,Az-Zukhruf,فَاسْتَخَفَّ قَوْمَهُۥ فَأَطَاعُوهُۖ إِنَّهُمْ كَانُواْ قَوْماٗ فَٰسِقِينَۖ ﰵ
4364,43,55,25,493,الزُّخرُف,Az-Zukhruf,فَلَمَّآ ءَاسَفُونَا اَ۪نتَقَمْنَا مِنْهُمْ فَأَغْرَقْنَٰهُمُۥٓ أَجْمَعِينَ ﰶ
4365,43,56,25,493,الزُّخرُف,Az-Zukhruf,فَجَعَلْنَٰهُمْ سَلَفاٗ وَمَثَلاٗ لِّلَاخِرِينَۖ ﰷ
4366,43,57,25,493,الزُّخرُف,Az-Zukhruf,وَلَمَّا ضُرِبَ اَ۪بْنُ مَرْيَمَ مَثَلاً اِذَا قَوْمُكَ مِنْهُ يَصُدُّونَۖ ﰸ
4367,43,58,25,493,الزُّخرُف,Az-Zukhruf,وَقَالُوٓاْ ءَاٰ۬لِهَتُنَا خَيْرٌ اَمْ هُوَۖ مَا ضَرَبُوهُ لَكَ إِلَّا جَدَلاَۖ بَلْ هُمْ قَوْمٌ خَصِمُونَۖ ﰹ
4368,43,59,25,493,الزُّخرُف,Az-Zukhruf,إِنْ هُوَ إِلَّا عَبْدٌ اَنْعَمْنَا عَلَيْهِ وَجَعَلْنَٰهُ مَثَلاٗ لِّبَنِےٓ إِسْرَآءِيلَۖ ﰺ
4369,43,60,25,493,الزُّخرُف,Az-Zukhruf,وَلَوْ نَشَآءُ لَجَعَلْنَا مِنكُم مَّلَٰٓئِكَةٗ فِے اِ۬لَارْضِ يَخْلُفُونَۖ ﰻ
4370,43,61,25,494,الزُّخرُف,Az-Zukhruf,وَإِنَّهُۥ لَعِلْمٞ لِّلسَّاعَةِ فَلَا تَمْتَرُنَّ بِهَاۖ وَاتَّبِعُونِ هَٰذَا صِرَٰطٞ مُّسْتَقِيمٞۖ ﰼ
4371,43,62,25,494,الزُّخرُف,Az-Zukhruf,وَلَا يَصُدَّنَّكُمُ اُ۬لشَّيْطَٰنُۖ إِنَّهُۥ لَكُمْ عَدُوّٞ مُّبِينٞۖ ﰽ
4372,43,63,25,494,الزُّخرُف,Az-Zukhruf,۞ وَلَمَّا جَآءَ عِيس۪ىٰ بِالْبَيِّنَٰتِ قَالَ قَدْ جِئْتُكُم بِالْحِكْمَةِ وَلِأُبَيِّنَ لَكُم بَعْضَ اَ۬لذِے تَخْتَلِفُونَ فِيهِۖ فَاتَّقُواْ اُ۬للَّهَ وَأَطِيعُونِۖ ﰾ
4373,43,64,25,494,الزُّخرُف,Az-Zukhruf,إِنَّ اَ۬للَّهَ هُوَ رَبِّے وَرَبُّكُمْ فَاعْبُدُوهُۖ هَٰذَا صِرَٰطٞ مُّسْتَقِيمٞۖ ﰿ
4374,43,65,25,494,الزُّخرُف,Az-Zukhruf,فَاخْتَلَفَ اَ۬لَاحْزَابُ مِنۢ بَيْنِهِمْۖ فَوَيْلٞ لِّلذِينَ ظَلَمُواْ مِنْ عَذَابِ يَوْمٍۖ اَلِيمٍۖ ﱀ
4375,43,66,25,494,الزُّخرُف,Az-Zukhruf,هَلْ يَنظُرُونَ إِلَّا اَ۬لسَّاعَةَ أَن تَاتِيَهُم بَغْتَةٗ وَهُمْ لَا يَشْعُرُونَۖ ﱁ
4376,43,67,25,494,الزُّخرُف,Az-Zukhruf,اَ۬لَاخِلَّآءُ يَوْمَئِذِۢ بَعْضُهُمْ لِبَعْضٍ عَدُوٌّ اِلَّا اَ۬لْمُتَّقِينَۖ ﱂ
4377,43,68,25,494,الزُّخرُف,Az-Zukhruf,يَٰعِبَادِے لَا خَوْفٌ عَلَيْكُمُ اُ۬لْيَوْمَ وَلَآ أَنتُمْ تَحْزَنُونَۖ ﱃ
4378,43,69,25,494,الزُّخرُف,Az-Zukhruf,اَ۬لذِينَ ءَامَنُواْ بِـَٔايَٰتِنَا وَكَانُواْ مُسْلِمِينَ ﱄ
4379,43,70,25,494,الزُّخرُف,Az-Zukhruf,اَ۟دْخُلُواْ اُ۬لْجَنَّةَ أَنتُمْ وَأَزْوَٰجُكُمْ تُحْبَرُونَۖ ﱅ
4380,43,71,25,494,الزُّخرُف,Az-Zukhruf,يُطَافُ عَلَيْهِم بِصِحَافٖ مِّن ذَهَبٖ وَأَكْوَابٖۖ وَفِيهَا مَا تَشْتَهِيهِ اِ۬لَانفُسُ وَتَلَذُّ اُ۬لَاعْيُنُۖ وَأَنتُمْ فِيهَا خَٰلِدُونَۖ ﱆ
4381,43,72,25,494,الزُّخرُف,Az-Zukhruf,وَتِلْكَ اَ۬لْجَنَّةُ اُ۬لتِےٓ أُورِثْتُمُوهَا بِمَا كُنتُمْ تَعْمَلُونَۖ ﱇ
4382,43,73,25,494,الزُّخرُف,Az-Zukhruf,لَكُمْ فِيهَا فَٰكِهَةٞ كَثِيرَةٞ مِّنْهَا تَاكُلُونَۖ ﱈ
4383,43,74,25,495,الزُّخرُف,Az-Zukhruf,إِنَّ اَ۬لْمُجْرِمِينَ فِے عَذَابِ جَهَنَّمَ خَٰلِدُونَۖ ﱉ
4384,43,75,25,495,الزُّخرُف,Az-Zukhruf,لَا يُفَتَّرُ عَنْهُمْ وَهُمْ فِيهِ مُبْلِسُونَۖ ﱊ
4385,43,76,25,495,الزُّخرُف,Az-Zukhruf,وَمَا ظَلَمْنَٰهُمْۖ وَلَٰكِن كَانُواْ هُمُ اُ۬لظَّٰلِمِينَۖ ﱋ
4386,43,77,25,495,الزُّخرُف,Az-Zukhruf,وَنَادَوْاْ يَٰمَٰلِكُ لِيَقْضِ عَلَيْنَا رَبُّكَۖ قَالَ إِنَّكُم مَّٰكِثُونَۖ ﱌ
4387,43,78,25,495,الزُّخرُف,Az-Zukhruf,لَقَدْ جِئْنَٰكُم بِالْحَقِّۖ وَلَٰكِنَّ أَكْثَرَكُمْ لِلْحَقِّ كَٰرِهُونَۖ ﱍ
4388,43,79,25,495,الزُّخرُف,Az-Zukhruf,أَمَ اَبْرَمُوٓاْ أَمْراٗ فَإِنَّا مُبْرِمُونَۖ ﱎ
4389,43,80,25,495,الزُّخرُف,Az-Zukhruf,أَمْ يَحْسِبُونَ أَنَّا لَا نَسْمَعُ سِرَّهُمْ وَنَجْو۪يٰهُم بَل۪ىٰۖ وَرُسُلُنَا لَدَيْهِمْ يَكْتُبُونَۖ ﱏ
4390,43,81,25,495,الزُّخرُف,Az-Zukhruf,قُلِ اِن كَانَ لِلرَّحْمَٰنِ وَلَدٞۖ فَأَنَآ أَوَّلُ اُ۬لْعَٰبِدِينَۖ ﱐ
4391,43,82,25,495,الزُّخرُف,Az-Zukhruf,سُبْحَٰنَ رَبِّ اِ۬لسَّمَٰوَٰتِ وَالَارْضِ رَبِّ اِ۬لْعَرْشِ عَمَّا يَصِفُونَۖ ﱑ
4392,43,83,25,495,الزُّخرُف,Az-Zukhruf,فَذَرْهُمْ يَخُوضُواْ وَيَلْعَبُواْ حَتَّىٰ يُلَٰقُواْ يَوْمَهُمُ اُ۬لذِے يُوعَدُونَۖ ﱒ
4393,43,84,25,495,الزُّخرُف,Az-Zukhruf,وَهُوَ اَ۬لذِے فِے اِ۬لسَّمَآءِ الَٰهٞ وَفِے اِ۬لَارْضِ إِلَٰهٞۖ وَهُوَ اَ۬لْحَكِيمُ اُ۬لْعَلِيمُۖ ﱓ
4394,43,85,25,495,الزُّخرُف,Az-Zukhruf,۞ وَتَبَٰرَكَ اَ۬لذِے لَهُۥ مُلْكُ اُ۬لسَّمَٰوَٰتِ وَالَارْضِ وَمَا بَيْنَهُمَاۖ وَعِندَهُۥ عِلْمُ اُ۬لسَّاعَةِۖ وَإِلَيْهِ تُرْجَعُونَۖ ﱔ
4395,43,86,25,495,الزُّخرُف,Az-Zukhruf,وَلَا يَمْلِكُ اُ۬لذِينَ يَدْعُونَ مِن دُونِهِ اِ۬لشَّفَٰعَةَ إِلَّا مَن شَهِدَ بِالْحَقِّ وَهُمْ يَعْلَمُونَۖ ﱕ
4396,43,87,25,495,الزُّخرُف,Az-Zukhruf,وَلَئِن سَأَلْتَهُم مَّنْ خَلَقَهُمْ لَيَقُولُنَّ اَ۬للَّهُۖ فَأَنّ۪ىٰ يُوفَكُونَۖ ﱖ
4397,43,88,25,495,الزُّخرُف,Az-Zukhruf,وَقِيلَهُۥ يَٰرَبِّ إِنَّ هَٰٓؤُلَآءِ قَوْمٞ لَّا يُومِنُونَۖ ﱗ
4398,43,89,25,495,الزُّخرُف,Az-Zukhruf,فَاصْفَحْ عَنْهُمْ وَقُلْ سَلَٰمٞۖ فَسَوْفَ تَعْلَمُونَۖ ﱘ
4399,44,1,25,496,الدُّخان,Ad-Dukhān,ح۪مِٓۖ وَالْكِتَٰبِ اِ۬لْمُبِينِ ﰀ
4400,44,2,25,496,الدُّخان,Ad-Dukhān,إِنَّآ أَنزَلْنَٰهُ فِے لَيْلَةٖ مُّبَٰرَكَةٍ اِنَّا كُنَّا مُنذِرِينَۖ ﰁ
4401,44,3,25,496,الدُّخان,Ad-Dukhān,فِيهَا يُفْرَقُ كُلُّ أَمْرٍ حَكِيمٍ ﰂ
4402,44,4,25,496,الدُّخان,Ad-Dukhān,اَمْراٗ مِّنْ عِندِنَآۖ إِنَّا كُنَّا مُرْسِلِينَ ﰃ
4403,44,5,25,496,الدُّخان,Ad-Dukhān,رَحْمَةٗ مِّن رَّبِّكَۖ إِنَّهُۥ هُوَ اَ۬لسَّمِيعُ اُ۬لْعَلِيمُۖ ﰄ
4404,44,6,25,496,الدُّخان,Ad-Dukhān,رَبُّ اُ۬لسَّمَٰوَٰتِ وَالَارْضِ وَمَا بَيْنَهُمَآ إِن كُنتُم مُّوقِنِينَۖ ﰅ
4405,44,7,25,496,الدُّخان,Ad-Dukhān,لَآ إِلَٰهَ إِلَّا هُوَۖ يُحْيِۦ وَيُمِيتُۖ رَبُّكُمْ وَرَبُّ ءَابَآئِكُمُ اُ۬لَاوَّلِينَۖ ﰆ
4406,44,8,25,496,الدُّخان,Ad-Dukhān,بَلْ هُمْ فِے شَكّٖ يَلْعَبُونَۖ ﰇ
4407,44,9,25,496,الدُّخان,Ad-Dukhān,فَارْتَقِبْ يَوْمَ تَاتِے اِ۬لسَّمَآءُ بِدُخَانٖ مُّبِينٖ ﰈ
4408,44,10,25,496,الدُّخان,Ad-Dukhān,يَغْشَى اَ۬لنَّاسَۖ هَٰذَا عَذَابٌ اَلِيمٞۖ ﰉ
4409,44,11,25,496,الدُّخان,Ad-Dukhān,رَّبَّنَا اَ۪كْشِفْ عَنَّا اَ۬لْعَذَابَ إِنَّا مُومِنُونَۖ ﰊ
4410,44,12,25,496,الدُّخان,Ad-Dukhān,أَنّ۪ىٰ لَهُمُ اُ۬لذِّكْر۪ىٰ وَقَدْ جَآءَهُمْ رَسُولٞ مُّبِينٞ ﰋ
4411,44,13,25,496,الدُّخان,Ad-Dukhān,ثُمَّ تَوَلَّوْاْ عَنْهُ وَقَالُواْ مُعَلَّمٞ مَّجْنُونٌۖ ﰌ
4412,44,14,25,496,الدُّخان,Ad-Dukhān,اِنَّا كَاشِفُواْ اُ۬لْعَذَابِ قَلِيلاًۖ اِنَّكُمْ عَآئِدُونَۖ ﰍ
4413,44,15,25,496,الدُّخان,Ad-Dukhān,يَوْمَ نَبْطِشُ اُ۬لْبَطْشَةَ اَ۬لْكُبْر۪ىٰٓۖ إِنَّا مُنتَقِمُونَۖ ﰎ
4414,44,16,25,496,الدُّخان,Ad-Dukhān,وَلَقَدْ فَتَنَّا قَبْلَهُمْ قَوْمَ فِرْعَوْنَ وَجَآءَهُمْ رَسُولٞ كَرِيمٌ ﰏ
4415,44,17,25,496,الدُّخان,Ad-Dukhān,اَنَ اَدُّوٓاْ إِلَيَّ عِبَادَ اَ۬للَّهِ إِنِّے لَكُمْ رَسُولٌ اَمِينٞ ﰐ
4416,44,18,25,497,الدُّخان,Ad-Dukhān,وَأَن لَّا تَعْلُواْ عَلَى اَ۬للَّهِ إِنِّيَ ءَاتِيكُم بِسُلْطَٰنٖ مُّبِينٖ ﰑ
4417,44,19,25,497,الدُّخان,Ad-Dukhān,وَإِنِّے عُذْتُ بِرَبِّے وَرَبِّكُمُۥٓ أَن تَرْجُمُونِۦ ﰒ
4418,44,20,25,497,الدُّخان,Ad-Dukhān,وَإِن لَّمْ تُومِنُواْ لِيَ فَاعْتَزِلُونِۦۖ ﰓ
4419,44,21,25,497,الدُّخان,Ad-Dukhān,فَدَعَا رَبَّهُۥٓ أَنَّ هَٰٓؤُلَآءِ قَوْمٞ مُّجْرِمُونَۖ ﰔ
4420,44,22,25,497,الدُّخان,Ad-Dukhān,فَاسْرِ بِعِبَادِے لَيْلاً اِنَّكُم مُّتَّبَعُونَ ﰕ
4421,44,23,25,497,الدُّخان,Ad-Dukhān,وَاتْرُكِ اِ۬لْبَحْرَ رَهْواًۖ اِنَّهُمْ جُندٞ مُّغْرَقُونَۖ ﰖ
4422,44,24,25,497,الدُّخان,Ad-Dukhān,۞ كَمْ تَرَكُواْ مِن جَنَّٰتٖ وَعُيُونٖ ﰗ
4423,44,25,25,497,الدُّخان,Ad-Dukhān,وَزُرُوعٖ وَمَقَامٖ كَرِيمٖ ﰘ
4424,44,26,25,497,الدُّخان,Ad-Dukhān,وَنَعْمَةٖ كَانُواْ فِيهَا فَٰكِهِينَۖ ﰙ
4425,44,27,25,497,الدُّخان,Ad-Dukhān,كَذَٰلِكَۖ وَأَوْرَثْنَٰهَا قَوْماً اٰخَرِينَۖ ﰚ
4426,44,28,25,497,الدُّخان,Ad-Dukhān,فَمَا بَكَتْ عَلَيْهِمُ اُ۬لسَّمَآءُ وَالَارْضُ وَمَا كَانُواْ مُنظَرِينَۖ ﰛ
4427,44,29,25,497,الدُّخان,Ad-Dukhān,وَلَقَدْ نَجَّيْنَا بَنِےٓ إِسْرَآءِيلَ مِنَ اَ۬لْعَذَابِ اِ۬لْمُهِينِ ﰜ
4428,44,30,25,497,الدُّخان,Ad-Dukhān,مِن فِرْعَوْنَۖ إِنَّهُۥ كَانَ عَالِياٗ مِّنَ اَ۬لْمُسْرِفِينَۖ ﰝ
4429,44,31,25,497,الدُّخان,Ad-Dukhān,وَلَقَدِ اِ۪خْتَرْنَٰهُمْ عَلَىٰ عِلْمٍ عَلَى اَ۬لْعَٰلَمِينَ ﰞ
4430,44,32,25,497,الدُّخان,Ad-Dukhān,وَءَاتَيْنَٰهُم مِّنَ اَ۬لَايَٰتِ مَا فِيهِ بَلَٰٓؤٞاْ مُّبِينٌۖ ﰟ
4431,44,33,25,497,الدُّخان,Ad-Dukhān,اِنَّ هَٰٓؤُلَآءِ لَيَقُولُونَ إِنْ هِيَ إِلَّا مَوْتَتُنَا اَ۬لُاول۪ىٰ وَمَا نَحْنُ بِمُنشَرِينَ ﰠ
4432,44,34,25,497,الدُّخان,Ad-Dukhān,فَاتُواْ بِـَٔابَآئِنَآ إِن كُنتُمْ صَٰدِقِينَۖ ﰡ
4433,44,35,25,497,الدُّخان,Ad-Dukhān,أَهُمْ خَيْرٌ اَمْ قَوْمُ تُبَّعٖۖ وَالذِينَ مِن قَبْلِهِمُۥٓ أَهْلَكْنَٰهُمُۥٓۖ إِنَّهُمْ كَانُواْ مُجْرِمِينَۖ ﰢ
4434,44,36,25,497,الدُّخان,Ad-Dukhān,وَمَا خَلَقْنَا اَ۬لسَّمَٰوَٰتِ وَالَارْضَ وَمَا بَيْنَهُمَا لَٰعِبِينَۖ ﰣ
4435,44,37,25,497,الدُّخان,Ad-Dukhān,مَا خَلَقْنَٰهُمَآ إِلَّا بِالْحَقِّۖ وَلَٰكِنَّ أَكْثَرَهُمْ لَا يَعْلَمُونَۖ ﰤ
4436,44,38,25,498,الدُّخان,Ad-Dukhān,إِنَّ يَوْمَ اَ۬لْفَصْلِ مِيقَٰتُهُمُۥٓ أَجْمَعِينَ ﰥ
4437,44,39,25,498,الدُّخان,Ad-Dukhān,يَوْمَ لَا يُغْنِے مَوْلىً عَن مَّوْلىٗ شَئْاٗ وَلَا هُمْ يُنصَرُونَ ﰦ
4438,44,40,25,498,الدُّخان,Ad-Dukhān,إِلَّا مَن رَّحِمَ اَ۬للَّهُۖ إِنَّهُۥ هُوَ اَ۬لْعَزِيزُ اُ۬لرَّحِيمُۖ ﰧ
4439,44,41,25,498,الدُّخان,Ad-Dukhān,إِنَّ شَجَرَتَ اَ۬لزَّقُّومِ طَعَامُ اُ۬لَاثِيمِ ﰨ
4440,44,42,25,498,الدُّخان,Ad-Dukhān,كَالْمُهْلِ تَغْلِے فِے اِ۬لْبُطُونِ ﰩ
4441,44,43,25,498,الدُّخان,Ad-Dukhān,كَغَلْيِ اِ۬لْحَمِيمِۖ ﰪ
4442,44,44,25,498,الدُّخان,Ad-Dukhān,خُذُوهُ فَاعْتُلُوهُ إِلَىٰ سَوَآءِ اِ۬لْجَحِيمِ ﰫ
4443,44,45,25,498,الدُّخان,Ad-Dukhān,ثُمَّ صُبُّواْ فَوْقَ رَأْسِهِۦ مِنْ عَذَابِ اِ۬لْحَمِيمِ ﰬ
4444,44,46,25,498,الدُّخان,Ad-Dukhān,ذُقِۖ اِنَّكَ أَنتَ اَ۬لْعَزِيزُ اُ۬لْكَرِيمُۖ ﰭ
4445,44,47,25,498,الدُّخان,Ad-Dukhān,إِنَّ هَٰذَا مَا كُنتُم بِهِۦ تَمْتَرُونَۖ ﰮ
4446,44,48,25,498,الدُّخان,Ad-Dukhān,إِنَّ اَ۬لْمُتَّقِينَ فِے مُقَامٍ اَمِينٖ ﰯ
4447,44,49,25,498,الدُّخان,Ad-Dukhān,فِے جَنَّٰتٖ وَعُيُونٖ ﰰ
4448,44,50,25,498,الدُّخان,Ad-Dukhān,يَلْبَسُونَ مِن سُندُسٖ وَإِسْتَبْرَقٖ مُّتَقَٰبِلِينَۖ ﰱ
4449,44,51,25,498,الدُّخان,Ad-Dukhān,كَذَٰلِكَۖ وَزَوَّجْنَٰهُم بِحُورٍ عِينٖۖ ﰲ
4450,44,52,25,498,الدُّخان,Ad-Dukhān,يَدْعُونَ فِيهَا بِكُلِّ فَٰكِهَةٍ اٰمِنِينَۖ ﰳ
4451,44,53,25,498,الدُّخان,Ad-Dukhān,لَا يَذُوقُونَ فِيهَا اَ۬لْمَوْتَۖ إِلَّا اَ۬لْمَوْتَةَ اَ۬لُاول۪ىٰۖ وَوَق۪يٰهُمْ عَذَابَ اَ۬لْجَحِيمِ ﰴ
4452,44,54,25,498,الدُّخان,Ad-Dukhān,فَضْلاٗ مِّن رَّبِّكَۖ ذَٰلِكَ هُوَ اَ۬لْفَوْزُ اُ۬لْعَظِيمُۖ ﰵ
4453,44,55,25,498,الدُّخان,Ad-Dukhān,فَإِنَّمَا يَسَّرْنَٰهُ بِلِسَانِكَ لَعَلَّهُمْ يَتَذَكَّرُونَۖ ﰶ
4454,44,56,25,498,الدُّخان,Ad-Dukhān,فَارْتَقِبِۖ اِنَّهُم مُّرْتَقِبُونَۖ ﰷ
4455,45,1,25,499,الجاثِية,Al-Jāthiyah,ح۪مِٓۖ تَنزِيلُ اُ۬لْكِتَٰبِ مِنَ اَ۬للَّهِ اِ۬لْعَزِيزِ اِ۬لْحَكِيمِۖ ﰀ
4456,45,2,25,499,الجاثِية,Al-Jāthiyah,إِنَّ فِے اِ۬لسَّمَٰوَٰتِ وَالَارْضِ لَأٓيَٰتٖ لِّلْمُومِنِينَۖ ﰁ
4457,45,3,25,499,الجاثِية,Al-Jāthiyah,وَفِے خَلْقِكُمْ وَمَا يَبُثُّ مِن دَآبَّةٍ اٰيَٰتٞ لِّقَوْمٖ يُوقِنُونَ ﰂ
4458,45,4,25,499,الجاثِية,Al-Jāthiyah,وَاخْتِلَٰفِ اِ۬ليْلِ وَالنَّه۪ارِ وَمَآ أَنزَلَ اَ۬للَّهُ مِنَ اَ۬لسَّمَآءِ مِن رِّزْقٖ فَأَحْي۪ا بِهِ اِ۬لَارْضَ بَعْدَ مَوْتِهَا وَتَصْرِيفِ اِ۬لرِّيَٰحِ ءَايَٰتٞ لِّقَوْمٖ يَعْقِلُونَۖ ﰃ
4459,45,5,25,499,الجاثِية,Al-Jāthiyah,تِلْكَ ءَايَٰتُ اُ۬للَّهِ نَتْلُوهَا عَلَيْكَ بِالْحَقِّۖ فَبِأَيِّ حَدِيثِۢ بَعْدَ اَ۬للَّهِ وَءَايَٰتِهِۦ يُومِنُونَۖ ﰄ
4460,45,6,25,499,الجاثِية,Al-Jāthiyah,وَيْلٞ لِّكُلِّ أَفَّاكٍ اَثِيمٖ ﰅ
4461,45,7,25,499,الجاثِية,Al-Jāthiyah,يَسْمَعُ ءَايَٰتِ اِ۬للَّهِ تُتْل۪ىٰ عَلَيْهِ ثُمَّ يُصِرُّ مُسْتَكْبِراٗ كَأَن لَّمْ يَسْمَعْهَاۖ فَبَشِّرْهُ بِعَذَابٍ اَلِيمٖۖ ﰆ
4462,45,8,25,499,الجاثِية,Al-Jāthiyah,وَإِذَا عَلِمَ مِنَ اٰيَٰتِنَا شَئْاً اِ۪تَّخَذَهَا هُزُؤاًۖ ا۟وْلَٰٓئِكَ لَهُمْ عَذَابٞ مُّهِينٞۖ ﰇ
4463,45,9,25,499,الجاثِية,Al-Jāthiyah,مِّنْ وَّرَآئِهِمْ جَهَنَّمُ وَلَا يُغْنِے عَنْهُم مَّا كَسَبُواْ شَئْاٗ وَلَا مَا اَ۪تَّخَذُواْ مِن دُونِ اِ۬للَّهِ أَوْلِيَآءَۖ وَلَهُمْ عَذَابٌ عَظِيمٌۖ ﰈ
4464,45,10,25,499,الجاثِية,Al-Jāthiyah,هَٰذَا هُدىٗۖ وَالذِينَ كَفَرُواْ بِـَٔايَٰتِ رَبِّهِمْ لَهُمْ عَذَابٞ مِّن رِّجْزٍ اَلِيمٍۖ ﰉ
4465,45,11,25,499,الجاثِية,Al-Jāthiyah,اِ۬للَّهُ اُ۬لذِے سَخَّرَ لَكُمُ اُ۬لْبَحْرَ لِتَجْرِيَ اَ۬لْفُلْكُ فِيهِ بِأَمْرِهِۦ وَلِتَبْتَغُواْ مِن فَضْلِهِۦ وَلَعَلَّكُمْ تَشْكُرُونَۖ ﰊ
4466,45,12,25,499,الجاثِية,Al-Jāthiyah,وَسَخَّرَ لَكُم مَّا فِے اِ۬لسَّمَٰوَٰتِ وَمَا فِے اِ۬لَارْضِ جَمِيعاٗ مِّنْهُۖ إِنَّ فِے ذَٰلِكَ لَأٓيَٰتٖ لِّقَوْمٖ يَتَفَكَّرُونَۖ ﰋ
4467,45,13,25,500,الجاثِية,Al-Jāthiyah,۞ قُل لِّلذِينَ ءَامَنُواْ يَغْفِرُواْ لِلذِينَ لَا يَرْجُونَ أَيَّامَ اَ۬للَّهِ لِيَجْزِيَ قَوْماَۢ بِمَا كَانُواْ يَكْسِبُونَۖ ﰌ
4468,45,14,25,500,الجاثِية,Al-Jāthiyah,مَنْ عَمِلَ صَٰلِحاٗ فَلِنَفْسِهِۦۖ وَمَنَ اَسَآءَ فَعَلَيْهَاۖ ثُمَّ إِلَىٰ رَبِّكُمْ تُرْجَعُونَۖ ﰍ
4469,45,15,25,500,الجاثِية,Al-Jāthiyah,وَلَقَدَ اٰتَيْنَا بَنِےٓ إِسْرَآءِيلَ اَ۬لْكِتَٰبَ وَالْحُكْمَ وَالنُّبُوٓءَةَ وَرَزَقْنَٰهُم مِّنَ اَ۬لطَّيِّبَٰتِ وَفَضَّلْنَٰهُمْ عَلَى اَ۬لْعَٰلَمِينَ ﰎ
4470,45,16,25,500,الجاثِية,Al-Jāthiyah,وَءَاتَيْنَٰهُم بَيِّنَٰتٖ مِّنَ اَ۬لَامْرِۖ فَمَا اَ۪خْتَلَفُوٓاْ إِلَّا مِنۢ بَعْدِ مَا جَآءَهُمُ اُ۬لْعِلْمُۖ بَغْياَۢ بَيْنَهُمُۥٓۖ إِنَّ رَبَّكَ يَقْضِے بَيْنَهُمْ يَوْمَ اَ۬لْقِيَٰمَةِ فِيمَا كَانُواْ فِيهِ يَخْتَلِفُونَۖ ﰏ
4471,45,17,25,500,الجاثِية,Al-Jāthiyah,ثُمَّ جَعَلْنَٰكَ عَلَىٰ شَرِيعَةٖ مِّنَ اَ۬لَامْرِ فَاتَّبِعْهَاۖ وَلَا تَتَّبِعَ اَهْوَآءَ اَ۬لذِينَ لَا يَعْلَمُونَۖ ﰐ
4472,45,18,25,500,الجاثِية,Al-Jāthiyah,إِنَّهُمْ لَنْ يُّغْنُواْ عَنكَ مِنَ اَ۬للَّهِ شَئْاٗۖ وَإِنَّ اَ۬لظَّٰلِمِينَ بَعْضُهُمُۥٓ أَوْلِيَآءُ بَعْضٖۖ وَاللَّهُ وَلِيُّ اُ۬لْمُتَّقِينَۖ ﰑ
4473,45,19,25,500,الجاثِية,Al-Jāthiyah,هَٰذَا بَصَٰٓئِرُ لِلنَّاسِ وَهُدىٗ وَرَحْمَةٞ لِّقَوْمٖ يُوقِنُونَۖ ﰒ
4474,45,20,25,500,الجاثِية,Al-Jāthiyah,أَمْ حَسِبَ اَ۬لذِينَ اَ۪جْتَرَحُواْ اُ۬لسَّيِّـَٔاتِ أَن نَّجْعَلَهُمْ كَالذِينَ ءَامَنُواْ وَعَمِلُواْ اُ۬لصَّٰلِحَٰتِ سَوَآءٞ مَّحْي۪اهُمْ وَمَمَاتُهُمْۖ سَآءَ مَا يَحْكُمُونَۖ ﰓ
4475,45,21,25,500,الجاثِية,Al-Jāthiyah,وَخَلَقَ اَ۬للَّهُ اُ۬لسَّمَٰوَٰتِ وَالَارْضَ بِالْحَقِّۖ وَلِتُجْز۪ىٰ كُلُّ نَفْسِۢ بِمَا كَسَبَتْ وَهُمْ لَا يُظْلَمُونَۖ ﰔ
4476,45,22,25,501,الجاثِية,Al-Jāthiyah,أَفَرَٰٓيْتَ مَنِ اِ۪تَّخَذَ إِلَٰهَهُۥ هَو۪يٰهُ وَأَضَلَّهُ اُ۬للَّهُ عَلَىٰ عِلْمٖ وَخَتَمَ عَلَىٰ سَمْعِهِۦ وَقَلْبِهِۦ وَجَعَلَ عَلَىٰ بَصَرِهِۦ غِشَٰوَةٗ فَمَنْ يَّهْدِيهِ مِنۢ بَعْدِ اِ۬للَّهِۖ أَفَلَا تَذَّكَّرُونَۖ ﰕ
4477,45,23,25,501,الجاثِية,Al-Jāthiyah,وَقَالُواْ مَا هِيَ إِلَّا حَيَاتُنَا اَ۬لدُّنْي۪ا نَمُوتُ وَنَحْي۪ا وَمَا يُهْلِكُنَآ إِلَّا اَ۬لدَّهْرُۖ وَمَا لَهُم بِذَٰلِكَ مِنْ عِلْمٍۖ اِنْ هُمُۥٓ إِلَّا يَظُنُّونَۖ ﰖ
4478,45,24,25,501,الجاثِية,Al-Jāthiyah,۞ وَإِذَا تُتْل۪ىٰ عَلَيْهِمُۥٓ ءَايَٰتُنَا بَيِّنَٰتٖ مَّا كَانَ حُجَّتَهُمُۥٓ إِلَّآ أَن قَالُواْ اُ۪يتُواْ بِـَٔابَآئِنَآ إِن كُنتُمْ صَٰدِقِينَۖ ﰗ
4479,45,25,25,501,الجاثِية,Al-Jāthiyah,قُلِ اِ۬للَّهُ يُحْيِيكُمْ ثُمَّ يُمِيتُكُمْ ثُمَّ يَجْمَعُكُمُۥٓ إِلَىٰ يَوْمِ اِ۬لْقِيَٰمَةِ لَا رَيْبَ فِيهِۖ وَلَٰكِنَّ أَكْثَرَ اَ۬لنَّاسِ لَا يَعْلَمُونَۖ ﰘ
4480,45,26,25,501,الجاثِية,Al-Jāthiyah,وَلِلهِ مُلْكُ اُ۬لسَّمَٰوَٰتِ وَالَارْضِۖ وَيَوْمَ تَقُومُ اُ۬لسَّاعَةُ يَوْمَئِذٖ يَخْسَرُ اُ۬لْمُبْطِلُونَۖ ﰙ
4481,45,27,25,501,الجاثِية,Al-Jāthiyah,وَتَر۪ىٰ كُلَّ أُمَّةٖ جَاثِيَةٗۖ كُلُّ أُمَّةٖ تُدْع۪ىٰٓ إِلَىٰ كِتَٰبِهَاۖ اَ۬لْيَوْمَ تُجْزَوْنَ مَا كُنتُمْ تَعْمَلُونَۖ ﰚ
4482,45,28,25,501,الجاثِية,Al-Jāthiyah,هَٰذَا كِتَٰبُنَا يَنطِقُ عَلَيْكُم بِالْحَقِّۖ إِنَّا كُنَّا نَسْتَنسِخُ مَا كُنتُمْ تَعْمَلُونَۖ ﰛ
4483,45,29,25,501,الجاثِية,Al-Jāthiyah,فَأَمَّا اَ۬لذِينَ ءَامَنُواْ وَعَمِلُواْ اُ۬لصَّٰلِحَٰتِ فَيُدْخِلُهُمْ رَبُّهُمْ فِے رَحْمَتِهِۦۖ ذَٰلِكَ هُوَ اَ۬لْفَوْزُ اُ۬لْمُبِينُۖ ﰜ
4484,45,30,25,501,الجاثِية,Al-Jāthiyah,وَأَمَّا اَ۬لذِينَ كَفَرُوٓاْ أَفَلَمْ تَكُنَ اٰيَٰتِے تُتْل۪ىٰ عَلَيْكُمْ فَاسْتَكْبَرْتُمْ وَكُنتُمْ قَوْماٗ مُّجْرِمِينَۖ ﰝ
4485,45,31,25,501,الجاثِية,Al-Jāthiyah,وَإِذَا قِيلَ إِنَّ وَعْدَ اَ۬للَّهِ حَقّٞ وَالسَّاعَةُ لَا رَيْبَ فِيهَا قُلْتُم مَّا نَدْرِے مَا اَ۬لسَّاعَةُ إِن نَّظُنُّ إِلَّا ظَنّاٗ وَمَا نَحْنُ بِمُسْتَيْقِنِينَۖ ﰞ
4486,45,32,25,502,الجاثِية,Al-Jāthiyah,وَبَدَا لَهُمْ سَيِّـَٔاتُ مَا عَمِلُواْۖ وَحَاقَ بِهِم مَّا كَانُواْ بِهِۦ يَسْتَهْزِءُونَۖ ﰟ
4487,45,33,25,502,الجاثِية,Al-Jāthiyah,وَقِيلَ اَ۬لْيَوْمَ نَنس۪يٰكُمْ كَمَا نَسِيتُمْ لِقَآءَ يَوْمِكُمْ هَٰذَا وَمَأْو۪يٰكُمُ اُ۬لنَّارُ وَمَا لَكُم مِّن نَّٰصِرِينَۖ ﰠ
4488,45,34,25,502,الجاثِية,Al-Jāthiyah,ذَٰلِكُم بِأَنَّكُمُ اُ۪تَّخَذتُّمُۥٓ ءَايَٰتِ اِ۬للَّهِ هُزُؤاٗ وَغَرَّتْكُمُ اُ۬لْحَيَوٰةُ اُ۬لدُّنْي۪اۖ فَالْيَوْمَ لَا يُخْرَجُونَ مِنْهَا وَلَا هُمْ يُسْتَعْتَبُونَۖ ﰡ
4489,45,35,25,502,الجاثِية,Al-Jāthiyah,فَلِلهِ اِ۬لْحَمْدُ رَبِّ اِ۬لسَّمَٰوَٰتِ وَرَبِّ اِ۬لَارْضِ رَبِّ اِ۬لْعَٰلَمِينَۖ ﰢ
4490,45,36,25,502,الجاثِية,Al-Jāthiyah,وَلَهُ اُ۬لْكِبْرِيَآءُ فِے اِ۬لسَّمَٰوَٰتِ وَالَارْضِۖ وَهُوَ اَ۬لْعَزِيزُ اُ۬لْحَكِيمُۖ ﰣ
4491,46,1,26,502,الأحقَاف,Al-Aḥqāf,ح۪مِٓۖ تَنزِيلُ اُ۬لْكِتَٰبِ مِنَ اَ۬للَّهِ اِ۬لْعَزِيزِ اِ۬لْحَكِيمِۖ ﰀ
4492,46,2,26,502,الأحقَاف,Al-Aḥqāf,مَا خَلَقْنَا اَ۬لسَّمَٰوَٰتِ وَالَارْضَ وَمَا بَيْنَهُمَآ إِلَّا بِالْحَقِّ وَأَجَلٖ مُّسَمّىٗۖ وَالذِينَ كَفَرُواْ عَمَّآ أُنذِرُواْ مُعْرِضُونَۖ ﰁ
4493,46,3,26,502,الأحقَاف,Al-Aḥqāf,قُلَ اَرَٰٓيْتُم مَّا تَدْعُونَ مِن دُونِ اِ۬للَّهِ أَرُونِے مَاذَا خَلَقُواْ مِنَ اَ۬لَارْضِ أَمْ لَهُمْ شِرْكٞ فِے اِ۬لسَّمَٰوَٰتِۖ اِ۪يتُونِے بِكِتَٰبٖ مِّن قَبْلِ هَٰذَآ أَوَ اَثَٰرَةٖ مِّنْ عِلْمٍ اِن كُنتُمْ صَٰدِقِينَۖ ﰂ
4494,46,4,26,502,الأحقَاف,Al-Aḥqāf,وَمَنَ اَضَلُّ مِمَّنْ يَّدْعُواْ مِن دُونِ اِ۬للَّهِ مَن لَّا يَسْتَجِيبُ لَهُۥٓ إِلَىٰ يَوْمِ اِ۬لْقِيَٰمَةِ وَهُمْ عَن دُعَآئِهِمْ غَٰفِلُونَۖ ﰃ
4495,46,5,26,503,الأحقَاف,Al-Aḥqāf,وَإِذَا حُشِرَ اَ۬لنَّاسُ كَانُواْ لَهُمُۥٓ أَعْدَآءٗ وَكَانُواْ بِعِبَادَتِهِمْ كٰ۪فِرِينَۖ ﰄ
4496,46,6,26,503,الأحقَاف,Al-Aḥqāf,وَإِذَا تُتْل۪ىٰ عَلَيْهِمُۥٓ ءَايَٰتُنَا بَيِّنَٰتٖ قَالَ اَ۬لذِينَ كَفَرُواْ لِلْحَقِّ لَمَّا جَآءَهُمْ هَٰذَا سِحْرٞ مُّبِينٌۖ ﰅ
4497,46,7,26,503,الأحقَاف,Al-Aḥqāf,اَمْ يَقُولُونَ اَ۪فْتَر۪يٰهُۖ قُلِ اِنِ اِ۪فْتَرَيْتُهُۥ فَلَا تَمْلِكُونَ لِے مِنَ اَ۬للَّهِ شَئْاًۖ هُوَ أَعْلَمُ بِمَا تُفِيضُونَ فِيهِۖ كَف۪ىٰ بِهِۦ شَهِيداَۢ بَيْنِے وَبَيْنَكُمْۖ وَهُوَ اَ۬لْغَفُورُ اُ۬لرَّحِيمُۖ ﰆ
4498,46,8,26,503,الأحقَاف,Al-Aḥqāf,قُلْ مَا كُنتُ بِدْعاٗ مِّنَ اَ۬لرُّسُلِ وَمَآ أَدْرِے مَا يُفْعَلُ بِے وَلَا بِكُمُۥٓۖ إِنَ اَتَّبِعُ إِلَّا مَا يُوح۪ىٰٓ إِلَيَّۖ وَمَآ أَنَا إِلَّا نَذِيرٞ مُّبِينٞۖ ﰇ
4499,46,9,26,503,الأحقَاف,Al-Aḥqāf,قُلَ اَرَٰٓيْتُمُۥٓ إِن كَانَ مِنْ عِندِ اِ۬للَّهِ وَكَفَرْتُم بِهِۦ وَشَهِدَ شَاهِدٞ مِّنۢ بَنِےٓ إِسْرَآءِيلَ عَلَىٰ مِثْلِهِۦ فَـَٔامَنَ وَاسْتَكْبَرْتُمُۥٓۖ إِنَّ اَ۬للَّهَ لَا يَهْدِے اِ۬لْقَوْمَ اَ۬لظَّٰلِمِينَۖ ﰈ
4500,46,10,26,503,الأحقَاف,Al-Aḥqāf,وَقَالَ اَ۬لذِينَ كَفَرُواْ لِلذِينَ ءَامَنُواْ لَوْ كَانَ خَيْراٗ مَّا سَبَقُونَآ إِلَيْهِۖ وَإِذْ لَمْ يَهْتَدُواْ بِهِۦ فَسَيَقُولُونَ هَٰذَآ إِفْكٞ قَدِيمٞۖ ﰉ
4501,46,11,26,503,الأحقَاف,Al-Aḥqāf,وَمِن قَبْلِهِۦ كِتَٰبُ مُوس۪ىٰٓ إِمَاماٗ وَرَحْمَةٗۖ وَهَٰذَا كِتَٰبٞ مُّصَدِّقٞ لِّسَاناً عَرَبِيّاٗ لِّتُنذِرَ اَ۬لذِينَ ظَلَمُواْ وَبُشْر۪ىٰ لِلْمُحْسِنِينَۖ ﰊ
4502,46,12,26,503,الأحقَاف,Al-Aḥqāf,إِنَّ اَ۬لذِينَ قَالُواْ رَبُّنَا اَ۬للَّهُ ثُمَّ اَ۪سْتَقَٰمُواْ فَلَا خَوْفٌ عَلَيْهِمْ وَلَا هُمْ يَحْزَنُونَۖ ﰋ
4503,46,13,26,503,الأحقَاف,Al-Aḥqāf,أُوْلَٰٓئِكَ أَصْحَٰبُ اُ۬لْجَنَّةِ خَٰلِدِينَ فِيهَاۖ جَزَآءَۢ بِمَا كَانُواْ يَعْمَلُونَۖ ﰌ
4504,46,14,26,504,الأحقَاف,Al-Aḥqāf,۞ وَوَصَّيْنَا اَ۬لِانسَٰنَ بِوَٰلِدَيْهِ حُسْناًۖ حَمَلَتْهُ أُمُّهُۥ كَرْهاٗ وَوَضَعَتْهُ كَرْهاٗۖ وَحَمْلُهُۥ وَفِصَٰلُهُۥ ثَلَٰثُونَ شَهْراًۖ حَتَّىٰٓ إِذَا بَلَغَ أَشُدَّهُۥ وَبَلَغَ أَرْبَعِينَ سَنَةٗ قَالَ رَبِّ أَوْزِعْنِيَ أَنَ اَشْكُرَ نِعْمَتَكَ اَ۬لتِےٓ أَنْعَمْتَ عَلَيَّ وَعَلَىٰ وَٰلِدَيَّ وَأَنَ اَعْمَلَ صَٰلِحاٗ تَرْض۪يٰهُۖ وَأَصْلِحْ لِے فِے ذُرِّيَّتِےٓۖ إِنِّے تُبْتُ إِلَيْكَ وَإِنِّے مِنَ اَ۬لْمُسْلِمِينَۖ ﰍ
4505,46,15,26,504,الأحقَاف,Al-Aḥqāf,أُوْلَٰٓئِكَ اَ۬لذِينَ يُتَقَبَّلُ عَنْهُمُۥٓ أَحْسَنُ مَا عَمِلُواْ وَيُتَجَاوَزُ عَن سَيِّـَٔاتِهِمْ فِےٓ أَصْحَٰبِ اِ۬لْجَنَّةِۖ وَعْدَ اَ۬لصِّدْقِ اِ۬لذِے كَانُواْ يُوعَدُونَۖ ﰎ
4506,46,16,26,504,الأحقَاف,Al-Aḥqāf,وَالذِے قَالَ لِوَٰلِدَيْهِ أُفّٖ لَّكُمَآ أَتَعِدَٰنِنِيَ أَنُ ا۟خْرَجَ وَقَدْ خَلَتِ اِ۬لْقُرُونُ مِن قَبْلِے وَهُمَا يَسْتَغِيثَٰنِ اِ۬للَّهَ وَيْلَكَ ءَامِنِ اِنَّ وَعْدَ اَ۬للَّهِ حَقّٞ فَيَقُولُ مَا هَٰذَآ إِلَّآ أَسَٰطِيرُ اُ۬لَاوَّلِينَۖ ﰏ
4507,46,17,26,504,الأحقَاف,Al-Aḥqāf,أُوْلَٰٓئِكَ اَ۬لذِينَ حَقَّ عَلَيْهِمُ اُ۬لْقَوْلُ فِےٓ أُمَمٖ قَدْ خَلَتْ مِن قَبْلِهِم مِّنَ اَ۬لْجِنِّ وَالِانسِۖ إِنَّهُمْ كَانُواْ خَٰسِرِينَۖ ﰐ
4508,46,18,26,504,الأحقَاف,Al-Aḥqāf,وَلِكُلّٖ دَرَجَٰتٞ مِّمَّا عَمِلُواْۖ وَلِنُوَفِّيَهُمُۥٓ أَعْمَٰلَهُمْ وَهُمْ لَا يُظْلَمُونَۖ ﰑ
4509,46,19,26,504,الأحقَاف,Al-Aḥqāf,وَيَوْمَ يُعْرَضُ اُ۬لذِينَ كَفَرُواْ عَلَى اَ۬لنّ۪ارِ أَذْهَبْتُمْ طَيِّبَٰتِكُمْ فِے حَيَاتِكُمُ اُ۬لدُّنْي۪ا وَاسْتَمْتَعْتُم بِهَاۖ فَالْيَوْمَ تُجْزَوْنَ عَذَابَ اَ۬لْهُونِ بِمَا كُنتُمْ تَسْتَكْبِرُونَ فِے اِ۬لَارْضِ بِغَيْرِ اِ۬لْحَقِّ وَبِمَا كُنتُمْ تَفْسُقُونَۖ ﰒ
4510,46,20,26,505,الأحقَاف,Al-Aḥqāf,۞ وَاذْكُرَ اَخَا عَادٍ اِذَ اَنذَرَ قَوْمَهُۥ بِالَاحْقَافِ وَقَدْ خَلَتِ اِ۬لنُّذُرُ مِنۢ بَيْنِ يَدَيْهِ وَمِنْ خَلْفِهِۦٓ أَلَّا تَعْبُدُوٓاْ إِلَّا اَ۬للَّهَۖ إِنِّيَ أَخَافُ عَلَيْكُمْ عَذَابَ يَوْمٍ عَظِيمٖۖ ﰓ
4511,46,21,26,505,الأحقَاف,Al-Aḥqāf,قَالُوٓاْ أَجِئْتَنَا لِتَافِكَنَا عَنَ اٰلِهَتِنَا فَاتِنَا بِمَا تَعِدُنَآ إِن كُنتَ مِنَ اَ۬لصَّٰدِقِينَۖ ﰔ
4512,46,22,26,505,الأحقَاف,Al-Aḥqāf,قَالَ إِنَّمَا اَ۬لْعِلْمُ عِندَ اَ۬للَّهِ وَأُبَلِّغُكُم مَّآ أُرْسِلْتُ بِهِۦ وَلَٰكِنِّيَ أَر۪يٰكُمْ قَوْماٗ تَجْهَلُونَۖ ﰕ
4513,46,23,26,505,الأحقَاف,Al-Aḥqāf,فَلَمَّا رَأَوْهُ عَارِضاٗ مُّسْتَقْبِلَ أَوْدِيَتِهِمْ قَالُواْ هَٰذَا عَارِضٞ مُّمْطِرُنَاۖ بَلْ هُوَ مَا اَ۪سْتَعْجَلْتُم بِهِۦۖ رِيحٞ فِيهَا عَذَابٌ اَلِيمٞۖ ﰖ
4514,46,24,26,505,الأحقَاف,Al-Aḥqāf,تُدَمِّرُ كُلَّ شَےْءِۢ بِأَمْرِ رَبِّهَاۖ فَأَصْبَحُواْ لَا تَر۪ىٰٓ إِلَّا مَسَٰكِنَهُمْۖ كَذَٰلِكَ نَجْزِے اِ۬لْقَوْمَ اَ۬لْمُجْرِمِينَۖ ﰗ
4515,46,25,26,505,الأحقَاف,Al-Aḥqāf,وَلَقَدْ مَكَّنَّٰهُمْ فِيمَآ إِن مَّكَّنَّٰكُمْ فِيهِ وَجَعَلْنَا لَهُمْ سَمْعاٗ وَأَبْصَٰراٗ وَأَفْـِٕدَةٗۖ فَمَآ أَغْن۪ىٰ عَنْهُمْ سَمْعُهُمْ وَلَآ أَبْصَٰرُهُمْ وَلَآ أَفْـِٕدَتُهُم مِّن شَےْءٍ اِذْ كَانُواْ يَجْحَدُونَ بِـَٔايَٰتِ اِ۬للَّهِۖ وَحَاقَ بِهِم مَّا كَانُواْ بِهِۦ يَسْتَهْزِءُونَۖ ﰘ
4516,46,26,26,505,الأحقَاف,Al-Aḥqāf,وَلَقَدَ اَهْلَكْنَا مَا حَوْلَكُم مِّنَ اَ۬لْقُر۪ىٰ وَصَرَّفْنَا اَ۬لَايَٰتِ لَعَلَّهُمْ يَرْجِعُونَۖ ﰙ
4517,46,27,26,505,الأحقَاف,Al-Aḥqāf,فَلَوْلَا نَصَرَهُمُ اُ۬لذِينَ اَ۪تَّخَذُواْ مِن دُونِ اِ۬للَّهِ قُرْبَاناً اٰلِهَةَۢۖ بَلْ ضَلُّواْ عَنْهُمْۖ وَذَٰلِكَ إِفْكُهُمْ وَمَا كَانُواْ يَفْتَرُونَۖ ﰚ
4518,46,28,26,506,الأحقَاف,Al-Aḥqāf,وَإِذْ صَرَفْنَآ إِلَيْكَ نَفَراٗ مِّنَ اَ۬لْجِنِّ يَسْتَمِعُونَ اَ۬لْقُرْءَانَ فَلَمَّا حَضَرُوهُ قَالُوٓاْ أَنصِتُواْۖ فَلَمَّا قُضِيَ وَلَّوِاْ اِلَىٰ قَوْمِهِم مُّنذِرِينَۖ ﰛ
4519,46,29,26,506,الأحقَاف,Al-Aḥqāf,قَالُواْ يَٰقَوْمَنَآ إِنَّا سَمِعْنَا كِتَٰباً ا۟نزِلَ مِنۢ بَعْدِ مُوس۪ىٰ مُصَدِّقاٗ لِّمَا بَيْنَ يَدَيْهِ يَهْدِےٓ إِلَى اَ۬لْحَقِّ وَإِلَىٰ طَرِيقٖ مُّسْتَقِيمٖۖ ﰜ
4520,46,30,26,506,الأحقَاف,Al-Aḥqāf,يَٰقَوْمَنَآ أَجِيبُواْ دَاعِيَ اَ۬للَّهِ وَءَامِنُواْ بِهِۦ يَغْفِرْ لَكُم مِّن ذُنُوبِكُمْ وَيُجِرْكُم مِّنْ عَذَابٍ اَلِيمٖۖ ﰝ
4521,46,31,26,506,الأحقَاف,Al-Aḥqāf,وَمَن لَّا يُجِبْ دَاعِيَ اَ۬للَّهِ فَلَيْسَ بِمُعْجِزٖ فِے اِ۬لَارْضِ وَلَيْسَ لَهُۥ مِن دُونِهِۦٓ أَوْلِيَآءُۖ اوْلَٰٓئِكَ فِے ضَلَٰلٖ مُّبِينٍۖ ﰞ
4522,46,32,26,506,الأحقَاف,Al-Aḥqāf,۞ اَوَلَمْ يَرَوَاْ اَنَّ اَ۬للَّهَ اَ۬لذِے خَلَقَ اَ۬لسَّمَٰوَٰتِ وَالَارْضَ وَلَمْ يَعْيَ بِخَلْقِهِنَّ بِقَٰدِرٍ عَلَىٰٓ أَنْ يُّحْـِۧيَ اَ۬لْمَوْت۪ىٰ بَل۪ىٰٓۖ إِنَّهُۥ عَلَىٰ كُلِّ شَےْءٖ قَدِيرٞۖ ﰟ
4523,46,33,26,506,الأحقَاف,Al-Aḥqāf,وَيَوْمَ يُعْرَضُ اُ۬لذِينَ كَفَرُواْ عَلَى اَ۬لنّ۪ارِ أَلَيْسَ هَٰذَا بِالْحَقِّۖ قَالُواْ بَل۪ىٰ وَرَبِّنَاۖ قَالَ فَذُوقُواْ اُ۬لْعَذَابَ بِمَا كُنتُمْ تَكْفُرُونَۖ ﰠ
4524,46,34,26,506,الأحقَاف,Al-Aḥqāf,فَاصْبِرْ كَمَا صَبَرَ أُوْلُواْ اُ۬لْعَزْمِ مِنَ اَ۬لرُّسُلِ وَلَا تَسْتَعْجِلۖ لَّهُمْ كَأَنَّهُمْ يَوْمَ يَرَوْنَ مَا يُوعَدُونَ لَمْ يَلْبَثُوٓاْ إِلَّا سَاعَةٗ مِّن نَّه۪ارِۢ بَلَٰغٞۖ فَهَلْ يُهْلَكُ إِلَّا اَ۬لْقَوْمُ اُ۬لْفَٰسِقُونَۖ ﰡ
4525,47,1,26,507,مُحمد,Muḥammad,اَ۬لذِينَ كَفَرُواْ وَصَدُّواْ عَن سَبِيلِ اِ۬للَّهِ أَضَلَّ أَعْمَٰلَهُمْۖ ﰀ
4526,47,2,26,507,مُحمد,Muḥammad,وَالذِينَ ءَامَنُواْ وَعَمِلُواْ اُ۬لصَّٰلِحَٰتِ وَءَامَنُواْ بِمَا نُزِّلَ عَلَىٰ مُحَمَّدٖ وَهُوَ اَ۬لْحَقُّ مِن رَّبِّهِمْ كَفَّرَ عَنْهُمْ سَيِّـَٔاتِهِمْ وَأَصْلَحَ بَالَهُمْۖ ﰁ
4527,47,3,26,507,مُحمد,Muḥammad,ذَٰلِكَ بِأَنَّ اَ۬لذِينَ كَفَرُواْ اُ۪تَّبَعُواْ اُ۬لْبَٰطِلَ وَأَنَّ اَ۬لذِينَ ءَامَنُواْ اُ۪تَّبَعُواْ اُ۬لْحَقَّ مِن رَّبِّهِمْۖ كَذَٰلِكَ يَضْرِبُ اُ۬للَّهُ لِلنَّاسِ أَمْثَٰلَهُمْۖ ﰂ
4528,47,4,26,507,مُحمد,Muḥammad,فَإِذَا لَقِيتُمُ اُ۬لذِينَ كَفَرُواْ فَضَرْبَ اَ۬لرِّقَابِۖ حَتَّىٰٓ إِذَآ أَثْخَنتُمُوهُمْ فَشُدُّواْ اُ۬لْوَثَاقَۖ فَإِمَّا مَنّاَۢ بَعْدُ وَإِمَّا فِدَآءً حَتَّىٰ تَضَعَ اَ۬لْحَرْبُ أَوْزَارَهَاۖ ﰃ
4529,47,5,26,507,مُحمد,Muḥammad,ذَٰلِكَ وَلَوْ يَشَآءُ اُ۬للَّهُ لَانتَصَرَ مِنْهُمْۖ وَلَٰكِن لِّيَبْلُوَاْ بَعْضَكُم بِبَعْضٖۖ وَالذِينَ قَٰتَلُواْ فِے سَبِيلِ اِ۬للَّهِ فَلَنْ يُّضِلَّ أَعْمَٰلَهُمْۖ ﰄ
4530,47,6,26,507,مُحمد,Muḥammad,سَيَهْدِيهِمْ وَيُصْلِحُ بَالَهُمْ ﰅ
4531,47,7,26,507,مُحمد,Muḥammad,وَيُدْخِلُهُمُ اُ۬لْجَنَّةَ عَرَّفَهَا لَهُمْۖ ﰆ
4532,47,8,26,507,مُحمد,Muḥammad,يَٰٓأَيُّهَا اَ۬لذِينَ ءَامَنُوٓاْ إِن تَنصُرُواْ اُ۬للَّهَ يَنصُرْكُمْ وَيُثَبِّتَ اَقْدَامَكُمْۖ ﰇ
4533,47,9,26,507,مُحمد,Muḥammad,وَالذِينَ كَفَرُواْ فَتَعْساٗ لَّهُمْ وَأَضَلَّ أَعْمَٰلَهُمْۖ ﰈ
4534,47,10,26,507,مُحمد,Muḥammad,ذَٰلِكَ بِأَنَّهُمْ كَرِهُواْ مَآ أَنزَلَ اَ۬للَّهُ فَأَحْبَطَ أَعْمَٰلَهُمُۥٓۖ ﰉ
4535,47,11,26,507,مُحمد,Muḥammad,۞ أَفَلَمْ يَسِيرُواْ فِے اِ۬لَارْضِ فَيَنظُرُواْ كَيْفَ كَانَ عَٰقِبَةُ اُ۬لذِينَ مِن قَبْلِهِمْ دَمَّرَ اَ۬للَّهُ عَلَيْهِمْۖ وَلِلْكٰ۪فِرِينَ أَمْثَٰلُهَاۖ ﰊ
4536,47,12,26,507,مُحمد,Muḥammad,ذَٰلِكَ بِأَنَّ اَ۬للَّهَ مَوْلَى اَ۬لذِينَ ءَامَنُواْ وَأَنَّ اَ۬لْكٰ۪فِرِينَ لَا مَوْل۪ىٰ لَهُمُۥٓۖ ﰋ
4537,47,13,26,508,مُحمد,Muḥammad,إِنَّ اَ۬للَّهَ يُدْخِلُ اُ۬لذِينَ ءَامَنُواْ وَعَمِلُواْ اُ۬لصَّٰلِحَٰتِ جَنَّٰتٖ تَجْرِے مِن تَحْتِهَا اَ۬لَانْهَٰرُۖ وَالذِينَ كَفَرُواْ يَتَمَتَّعُونَ وَيَاكُلُونَ كَمَا تَاكُلُ اُ۬لَانْعَٰمُ وَالنَّارُ مَثْوىٗ لَّهُمْۖ ﰌ
4538,47,14,26,508,مُحمد,Muḥammad,وَكَأَيِّن مِّن قَرْيَةٍ هِيَ أَشَدُّ قُوَّةٗ مِّن قَرْيَتِكَ اَ۬لتِےٓ أَخْرَجَتْكَ أَهْلَكْنَٰهُمْ فَلَا نَاصِرَ لَهُمُۥٓۖ ﰍ
4539,47,15,26,508,مُحمد,Muḥammad,أَفَمَن كَانَ عَلَىٰ بَيِّنَةٖ مِّن رَّبِّهِۦ كَمَن زُيِّنَ لَهُۥ سُوٓءُ عَمَلِهِۦ وَاتَّبَعُوٓاْ أَهْوَآءَهُمۖ ﰎ
4540,47,16,26,508,مُحمد,Muḥammad,مَّثَلُ اُ۬لْجَنَّةِ اِ۬لتِے وُعِدَ اَ۬لْمُتَّقُونَ فِيهَآ أَنْهَٰرٞ مِّن مَّآءٍ غَيْرِ ءَاسِنٖ وَأَنْهَٰرٞ مِّن لَّبَنٖ لَّمْ يَتَغَيَّرْ طَعْمُهُۥ وَأَنْهَٰرٞ مِّنْ خَمْرٖ لَّذَّةٖ لِّلشَّٰرِبِينَ وَأَنْهَٰرٞ مِّنْ عَسَلٖ مُّصَفّىٗۖ وَلَهُمْ فِيهَا مِن كُلِّ اِ۬لثَّمَرَٰتِ وَمَغْفِرَةٞ مِّن رَّبِّهِمْ كَمَنْ هُوَ خَٰلِدٞ فِے اِ۬لنّ۪ارِ وَسُقُواْ مَآءً حَمِيماٗ فَقَطَّعَ أَمْعَآءَهُمْۖ ﰏ
4541,47,17,26,508,مُحمد,Muḥammad,وَمِنْهُم مَّنْ يَّسْتَمِعُ إِلَيْكَ حَتَّىٰٓ إِذَا خَرَجُواْ مِنْ عِندِكَ قَالُواْ لِلذِينَ أُوتُواْ اُ۬لْعِلْمَ مَاذَا قَالَ ءَانِفاًۖ ا۟وْلَٰٓئِكَ اَ۬لذِينَ طَبَعَ اَ۬للَّهُ عَلَىٰ قُلُوبِهِمْ وَاتَّبَعُوٓاْ أَهْوَآءَهُمْۖ ﰐ
4542,47,18,26,508,مُحمد,Muḥammad,وَالذِينَ اَ۪هْتَدَوْاْ زَادَهُمْ هُدىٗ وَءَات۪يٰهُمْ تَقْو۪يٰهُمْۖ ﰑ
4543,47,19,26,508,مُحمد,Muḥammad,فَهَلْ يَنظُرُونَ إِلَّا اَ۬لسَّاعَةَ أَن تَاتِيَهُم بَغْتَةٗ فَقَدْ جَآءَ اشْرَاطُهَاۖ فَأَنّ۪ىٰ لَهُمُۥٓ إِذَا جَآءَتْهُمْ ذِكْر۪يٰهُمْۖ ﰒ
4544,47,20,26,508,مُحمد,Muḥammad,فَاعْلَمَ اَنَّهُۥ لَآ إِلَٰهَ إِلَّا اَ۬للَّهُ وَاسْتَغْفِرْ لِذَنۢبِكَ وَلِلْمُومِنِينَ وَالْمُومِنَٰتِۖ وَاللَّهُ يَعْلَمُ مُتَقَلَّبَكُمْ وَمَثْو۪يٰكُمْۖ ﰓ
4545,47,21,26,509,مُحمد,Muḥammad,۞ وَيَقُولُ اُ۬لذِينَ ءَامَنُواْ لَوْلَا نُزِّلَتْ سُورَةٞۖ فَإِذَآ أُنزِلَتْ سُورَةٞ مُّحْكَمَةٞ وَذُكِرَ فِيهَا اَ۬لْقِتَالُ رَأَيْتَ اَ۬لذِينَ فِے قُلُوبِهِم مَّرَضٞ يَنظُرُونَ إِلَيْكَ نَظَرَ اَ۬لْمَغْشِيِّ عَلَيْهِ مِنَ اَ۬لْمَوْتِۖ فَأَوْل۪ىٰ لَهُمْۖ ﰔ
4546,47,22,26,509,مُحمد,Muḥammad,طَاعَةٞ وَقَوْلٞ مَّعْرُوفٞۖ فَإِذَا عَزَمَ اَ۬لَامْرُ فَلَوْ صَدَقُواْ اُ۬للَّهَ لَكَانَ خَيْراٗ لَّهُمْۖ ﰕ
4547,47,23,26,509,مُحمد,Muḥammad,فَهَلْ عَسِيتُمُۥٓ إِن تَوَلَّيْتُمُۥٓ أَن تُفْسِدُواْ فِے اِ۬لَارْضِ وَتُقَطِّعُوٓاْ أَرْحَامَكُمُۥٓۖ ﰖ
4548,47,24,26,509,مُحمد,Muḥammad,أُوْلَٰٓئِكَ اَ۬لذِينَ لَعَنَهُمُ اُ۬للَّهُ فَأَصَمَّهُمْ وَأَعْم۪ىٰٓ أَبْصَٰرَهُمُۥٓۖ ﰗ
4549,47,25,26,509,مُحمد,Muḥammad,أَفَلَا يَتَدَبَّرُونَ اَ۬لْقُرْءَانَ أَمْ عَلَىٰ قُلُوبٍ اَقْفَالُهَآۖ ﰘ
4550,47,26,26,509,مُحمد,Muḥammad,إِنَّ اَ۬لذِينَ اَ۪رْتَدُّواْ عَلَىٰٓ أَدْبٰ۪رِهِم مِّنۢ بَعْدِ مَا تَبَيَّنَ لَهُمُ اُ۬لْهُدَى اَ۬لشَّيْطَٰنُ سَوَّلَ لَهُمْۖ وَأَمْل۪ىٰ لَهُمْۖ ﰙ
4551,47,27,26,509,مُحمد,Muḥammad,ذَٰلِكَ بِأَنَّهُمْ قَالُواْ لِلذِينَ كَرِهُواْ مَا نَزَّلَ اَ۬للَّهُ سَنُطِيعُكُمْ فِے بَعْضِ اِ۬لَامْرِۖ وَاللَّهُ يَعْلَمُ أَسْرَارَهُمْۖ ﰚ
4552,47,28,26,509,مُحمد,Muḥammad,فَكَيْفَ إِذَا تَوَفَّتْهُمُ اُ۬لْمَلَٰٓئِكَةُ يَضْرِبُونَ وُجُوهَهُمْ وَأَدْبَٰرَهُمْۖ ﰛ
4553,47,29,26,509,مُحمد,Muḥammad,ذَٰلِكَ بِأَنَّهُمُ اُ۪تَّبَعُواْ مَآ أَسْخَطَ اَ۬للَّهَ وَكَرِهُواْ رِضْوَٰنَهُۥ فَأَحْبَطَ أَعْمَٰلَهُمُۥٓۖ ﰜ
4554,47,30,26,509,مُحمد,Muḥammad,أَمْ حَسِبَ اَ۬لذِينَ فِے قُلُوبِهِم مَّرَضٌ اَن لَّنْ يُّخْرِجَ اَ۬للَّهُ أَضْغَٰنَهُمْۖ ﰝ
4555,47,31,26,510,مُحمد,Muḥammad,وَلَوْ نَشَآءُ لَأَرَيْنَٰكَهُمْ فَلَعَرَفْتَهُم بِسِيمٰ۪هُمْۖ وَلَتَعْرِفَنَّهُمْ فِے لَحْنِ اِ۬لْقَوْلِۖ وَاللَّهُ يَعْلَمُ أَعْمَٰلَكُمْۖ ﰞ
4556,47,32,26,510,مُحمد,Muḥammad,وَلَنَبْلُوَنَّكُمْ حَتَّىٰ نَعْلَمَ اَ۬لْمُجَٰهِدِينَ مِنكُمْ وَالصَّٰبِرِينَ وَنَبْلُوَاْ أَخْبَارَكُمُۥٓۖ ﰟ
4557,47,33,26,510,مُحمد,Muḥammad,إِنَّ اَ۬لذِينَ كَفَرُواْ وَصَدُّواْ عَن سَبِيلِ اِ۬للَّهِ وَشَآقُّواْ اُ۬لرَّسُولَ مِنۢ بَعْدِ مَا تَبَيَّنَ لَهُمُ اُ۬لْهُد۪ىٰ لَنْ يَّضُرُّواْ اُ۬للَّهَ شَئْاٗۖ وَسَيُحْبِطُ أَعْمَٰلَهُمْۖ ﰠ
4558,47,34,26,510,مُحمد,Muḥammad,۞ يَٰٓأَيُّهَا اَ۬لذِينَ ءَامَنُوٓاْ أَطِيعُواْ اُ۬للَّهَ وَأَطِيعُواْ اُ۬لرَّسُولَ وَلَا تُبْطِلُوٓاْ أَعْمَٰلَكُمُۥٓۖ ﰡ
4559,47,35,26,510,مُحمد,Muḥammad,إِنَّ اَ۬لذِينَ كَفَرُواْ وَصَدُّواْ عَن سَبِيلِ اِ۬للَّهِ ثُمَّ مَاتُواْ وَهُمْ كُفَّارٞ فَلَنْ يَّغْفِرَ اَ۬للَّهُ لَهُمْۖ ﰢ
4560,47,36,26,510,مُحمد,Muḥammad,فَلَا تَهِنُواْ وَتَدْعُوٓاْ إِلَى اَ۬لسَّلْمِ وَأَنتُمُ اُ۬لَاعْلَوْنَ وَاللَّهُ مَعَكُمْۖ وَلَنْ يَّتِرَكُمُۥٓ أَعْمَٰلَكُمُۥٓۖ ﰣ
4561,47,37,26,510,مُحمد,Muḥammad,إِنَّمَا اَ۬لْحَيَوٰةُ اُ۬لدُّنْي۪ا لَعِبٞ وَلَهْوٞۖ وَإِن تُومِنُواْ وَتَتَّقُواْ يُوتِكُمُۥٓ أُجُورَكُمْ وَلَا يَسْـَٔلْكُمُۥٓ أَمْوَٰلَكُمُۥٓۖ ﰤ
4562,47,38,26,510,مُحمد,Muḥammad,إِنْ يَّسْـَٔلْكُمُوهَا فَيُحْفِكُمْ تَبْخَلُواْ وَيُخْرِجَ اَضْغَٰنَكُمْۖ ﰥ
4563,47,39,26,510,مُحمد,Muḥammad,هَآنتُمْ هَٰٓؤُلَآءِ تُدْعَوْنَ لِتُنفِقُواْ فِے سَبِيلِ اِ۬للَّهِ فَمِنكُم مَّنْ يَّبْخَلُۖ وَمَنْ يَّبْخَلْ فَإِنَّمَا يَبْخَلُ عَن نَّفْسِهِۦۖ وَاللَّهُ اُ۬لْغَنِيُّۖ وَأَنتُمُ اُ۬لْفُقَرَآءُۖ وَإِن تَتَوَلَّوْاْ يَسْتَبْدِلْ قَوْماً غَيْرَكُمْ ثُمَّ لَا يَكُونُوٓاْ أَمْثَٰلَكُمُۥٓۖ ﰦ
4564,48,1,26,511,الفَتح,Al-Fatḥ,إِنَّا فَتَحْنَا لَكَ فَتْحاٗ مُّبِيناٗ ﰀ
4565,48,2,26,511,الفَتح,Al-Fatḥ,لِّيَغْفِرَ لَكَ اَ۬للَّهُ مَا تَقَدَّمَ مِن ذَنۢبِكَ وَمَا تَأَخَّرَ وَيُتِمَّ نِعْمَتَهُۥ عَلَيْكَ وَيَهْدِيَكَ صِرَٰطاٗ مُّسْتَقِيماٗ ﰁ
4566,48,3,26,511,الفَتح,Al-Fatḥ,وَيَنصُرَكَ اَ۬للَّهُ نَصْراً عَزِيزاًۖ ﰂ
4567,48,4,26,511,الفَتح,Al-Fatḥ,هُوَ اَ۬لذِےٓ أَنزَلَ اَ۬لسَّكِينَةَ فِے قُلُوبِ اِ۬لْمُومِنِينَ لِيَزْدَادُوٓاْ إِيمَٰناٗ مَّعَ إِيمَٰنِهِمْۖ وَلِلهِ جُنُودُ اُ۬لسَّمَٰوَٰتِ وَالَارْضِۖ وَكَانَ اَ۬للَّهُ عَلِيماً حَكِيماٗ ﰃ
4568,48,5,26,511,الفَتح,Al-Fatḥ,لِّيُدْخِلَ اَ۬لْمُومِنِينَ وَالْمُومِنَٰتِ جَنَّٰتٖ تَجْرِے مِن تَحْتِهَا اَ۬لَانْهَٰرُ خَٰلِدِينَ فِيهَا وَيُكَفِّرَ عَنْهُمْ سَيِّـَٔاتِهِمْ وَكَانَ ذَٰلِكَ عِندَ اَ۬للَّهِ فَوْزاً عَظِيماٗ ﰄ
4569,48,6,26,511,الفَتح,Al-Fatḥ,وَيُعَذِّبَ اَ۬لْمُنَٰفِقِينَ وَالْمُنَٰفِقَٰتِ وَالْمُشْرِكِينَ وَالْمُشْرِكَٰتِ اِ۬لظَّآنِّينَ بِاللَّهِ ظَنَّ اَ۬لسَّوْءِۖ عَلَيْهِمْ دَآئِرَةُ اُ۬لسَّوْءِۖ وَغَضِبَ اَ۬للَّهُ عَلَيْهِمْ وَلَعَنَهُمْ وَأَعَدَّ لَهُمْ جَهَنَّمَۖ وَسَآءَتْ مَصِيراٗۖ ﰅ
4570,48,7,26,511,الفَتح,Al-Fatḥ,وَلِلهِ جُنُودُ اُ۬لسَّمَٰوَٰتِ وَالَارْضِۖ وَكَانَ اَ۬للَّهُ عَزِيزاً حَكِيماًۖ ﰆ
4571,48,8,26,511,الفَتح,Al-Fatḥ,۞ اِنَّآ أَرْسَلْنَٰكَ شَٰهِداٗ وَمُبَشِّراٗ وَنَذِيراٗ ﰇ
4572,48,9,26,511,الفَتح,Al-Fatḥ,لِّتُومِنُواْ بِاللَّهِ وَرَسُولِهِۦ وَتُعَزِّرُوهُ وَتُوَقِّرُوهُ وَتُسَبِّحُوهُ بُكْرَةٗ وَأَصِيلاًۖ ﰈ
4573,48,10,26,512,الفَتح,Al-Fatḥ,اِنَّ اَ۬لذِينَ يُبَايِعُونَكَ إِنَّمَا يُبَايِعُونَ اَ۬للَّهَۖ يَدُ اُ۬للَّهِ فَوْقَ أَيْدِيهِمْۖ فَمَن نَّكَثَ فَإِنَّمَا يَنكُثُ عَلَىٰ نَفْسِهِۦۖ وَمَنَ اَوْف۪ىٰ بِمَا عَٰهَدَ عَلَيْهِ اِ۬للَّهَ فَسَنُوتِيهِ أَجْراً عَظِيماٗۖ ﰉ
4574,48,11,26,512,الفَتح,Al-Fatḥ,سَيَقُولُ لَكَ اَ۬لْمُخَلَّفُونَ مِنَ اَ۬لَاعْرَابِ شَغَلَتْنَآ أَمْوَٰلُنَا وَأَهْلُونَا فَاسْتَغْفِرْ لَنَاۖ يَقُولُونَ بِأَلْسِنَتِهِم مَّا لَيْسَ فِے قُلُوبِهِمْۖ قُلْ فَمَنْ يَّمْلِكُ لَكُم مِّنَ اَ۬للَّهِ شَئْاً اِنَ اَرَادَ بِكُمْ ضَرّاً اَوَ اَرَادَ بِكُمْ نَفْعاَۢۖ بَلْ كَانَ اَ۬للَّهُ بِمَا تَعْمَلُونَ خَبِيراَۢۖ ﰊ
4575,48,12,26,512,الفَتح,Al-Fatḥ,بَلْ ظَنَنتُمُۥٓ أَن لَّنْ يَّنقَلِبَ اَ۬لرَّسُولُ وَالْمُومِنُونَ إِلَىٰٓ أَهْلِيهِمُۥٓ أَبَداٗ وَزُيِّنَ ذَٰلِكَ فِے قُلُوبِكُمْ وَظَنَنتُمْ ظَنَّ اَ۬لسَّوْءِ وَكُنتُمْ قَوْماَۢ بُوراٗۖ ﰋ
4576,48,13,26,512,الفَتح,Al-Fatḥ,وَمَن لَّمْ يُومِنۢ بِاللَّهِ وَرَسُولِهِۦ فَإِنَّآ أَعْتَدْنَا لِلْكٰ۪فِرِينَ سَعِيراٗۖ ﰌ
4577,48,14,26,512,الفَتح,Al-Fatḥ,وَلِلهِ مُلْكُ اُ۬لسَّمَٰوَٰتِ وَالَارْضِۖ يَغْفِرُ لِمَنْ يَّشَآءُ وَيُعَذِّبُ مَنْ يَّشَآءُۖ وَكَانَ اَ۬للَّهُ غَفُوراٗ رَّحِيماٗۖ ﰍ
4578,48,15,26,512,الفَتح,Al-Fatḥ,سَيَقُولُ اُ۬لْمُخَلَّفُونَ إِذَا اَ۪نطَلَقْتُمُۥٓ إِلَىٰ مَغَانِمَ لِتَاخُذُوهَا ذَرُونَا نَتَّبِعْكُمْۖ يُرِيدُونَ أَنْ يُّبَدِّلُواْ كَلَٰمَ اَ۬للَّهِۖ قُل لَّن تَتَّبِعُونَاۖ كَذَٰلِكُمْ قَالَ اَ۬للَّهُ مِن قَبْلُۖ فَسَيَقُولُونَ بَلْ تَحْسُدُونَنَاۖ بَلْ كَانُواْ لَا يَفْقَهُونَ إِلَّا قَلِيلاٗۖ ﰎ
4579,48,16,26,513,الفَتح,Al-Fatḥ,قُل لِّلْمُخَلَّفِينَ مِنَ اَ۬لَاعْرَابِ سَتُدْعَوْنَ إِلَىٰ قَوْمٍ ا۟وْلِے بَأْسٖ شَدِيدٖ تُقَٰتِلُونَهُمُۥٓ أَوْ يُسْلِمُونَۖ فَإِن تُطِيعُواْ يُوتِكُمُ اُ۬للَّهُ أَجْراً حَسَناٗۖ وَإِن تَتَوَلَّوْاْ كَمَا تَوَلَّيْتُم مِّن قَبْلُ يُعَذِّبْكُمْ عَذَاباً اَلِيماٗۖ ﰏ
4580,48,17,26,513,الفَتح,Al-Fatḥ,لَّيْسَ عَلَى اَ۬لَاعْم۪ىٰ حَرَجٞ وَلَا عَلَى اَ۬لَاعْرَجِ حَرَجٞ وَلَا عَلَى اَ۬لْمَرِيضِ حَرَجٞۖ وَمَنْ يُّطِعِ اِ۬للَّهَ وَرَسُولَهُۥ نُدْخِلْهُ جَنَّٰتٖ تَجْرِے مِن تَحْتِهَا اَ۬لَانْهَٰرُۖ وَمَنْ يَّتَوَلَّ نُعَذِّبْهُ عَذَاباً اَلِيماٗۖ ﰐ
4581,48,18,26,513,الفَتح,Al-Fatḥ,۞ لَّقَدْ رَضِيَ اَ۬للَّهُ عَنِ اِ۬لْمُومِنِينَ إِذْ يُبَايِعُونَكَ تَحْتَ اَ۬لشَّجَرَةِ فَعَلِمَ مَا فِے قُلُوبِهِمْ فَأَنزَلَ اَ۬لسَّكِينَةَ عَلَيْهِمْ وَأَثَٰبَهُمْ فَتْحاٗ قَرِيباٗ ﰑ
4582,48,19,26,513,الفَتح,Al-Fatḥ,وَمَغَانِمَ كَثِيرَةٗ يَاخُذُونَهَاۖ وَكَانَ اَ۬للَّهُ عَزِيزاً حَكِيماٗۖ ﰒ
4583,48,20,26,513,الفَتح,Al-Fatḥ,وَعَدَكُمُ اُ۬للَّهُ مَغَانِمَ كَثِيرَةٗ تَاخُذُونَهَا فَعَجَّلَ لَكُمْ هَٰذِهِۦ وَكَفَّ أَيْدِيَ اَ۬لنَّاسِ عَنكُمْۖ وَلِتَكُونَ ءَايَةٗ لِّلْمُومِنِينَ وَيَهْدِيَكُمْ صِرَٰطاٗ مُّسْتَقِيماٗۖ ﰓ
4584,48,21,26,513,الفَتح,Al-Fatḥ,وَأُخْر۪ىٰ لَمْ تَقْدِرُواْ عَلَيْهَا قَدَ اَحَاطَ اَ۬للَّهُ بِهَاۖ وَكَانَ اَ۬للَّهُ عَلَىٰ كُلِّ شَےْءٖ قَدِيراٗۖ ﰔ
4585,48,22,26,513,الفَتح,Al-Fatḥ,وَلَوْ قَٰتَلَكُمُ اُ۬لذِينَ كَفَرُواْ لَوَلَّوُاْ اُ۬لَادْبَٰرَ ثُمَّ لَا يَجِدُونَ وَلِيّاٗ وَلَا نَصِيراٗۖ ﰕ
4586,48,23,26,513,الفَتح,Al-Fatḥ,سُنَّةَ اَ۬للَّهِ اِ۬لتِے قَدْ خَلَتْ مِن قَبْلُۖ وَلَن تَجِدَ لِسُنَّةِ اِ۬للَّهِ تَبْدِيلاٗۖ ﰖ
4587,48,24,26,514,الفَتح,Al-Fatḥ,وَهُوَ اَ۬لذِے كَفَّ أَيْدِيَهُمْ عَنكُمْ وَأَيْدِيَكُمْ عَنْهُم بِبَطْنِ مَكَّةَ مِنۢ بَعْدِ أَنَ اَظْفَرَكُمْ عَلَيْهِمْۖ وَكَانَ اَ۬للَّهُ بِمَا تَعْمَلُونَ بَصِيراًۖ ﰗ
4588,48,25,26,514,الفَتح,Al-Fatḥ,هُمُ اُ۬لذِينَ كَفَرُواْ وَصَدُّوكُمْ عَنِ اِ۬لْمَسْجِدِ اِ۬لْحَرَامِ وَالْهَدْيَ مَعْكُوفاً اَنْ يَّبْلُغَ مَحِلَّهُۥۖ وَلَوْلَا رِجَالٞ مُّومِنُونَ وَنِسَآءٞ مُّومِنَٰتٞ لَّمْ تَعْلَمُوهُمُۥٓ أَن تَطَـُٔوهُمْ فَتُصِيبَكُم مِّنْهُم مَّعَرَّةُۢ بِغَيْرِ عِلْمٖ لِّيُدْخِلَ اَ۬للَّهُ فِے رَحْمَتِهِۦ مَنْ يَّشَآءُۖ لَوْ تَزَيَّلُواْ لَعَذَّبْنَا اَ۬لذِينَ كَفَرُواْ مِنْهُمْ عَذَاباً اَلِيماًۖ ﰘ
4589,48,26,26,514,الفَتح,Al-Fatḥ,۞ اِذْ جَعَلَ اَ۬لذِينَ كَفَرُواْ فِے قُلُوبِهِمُ اُ۬لْحَمِيَّةَ حَمِيَّةَ اَ۬لْجَٰهِلِيَّةِۖ فَأَنزَلَ اَ۬للَّهُ سَكِينَتَهُۥ عَلَىٰ رَسُولِهِۦ وَعَلَى اَ۬لْمُومِنِينَ وَأَلْزَمَهُمْ كَلِمَةَ اَ۬لتَّقْو۪ىٰ وَكَانُوٓاْ أَحَقَّ بِهَا وَأَهْلَهَاۖ وَكَانَ اَ۬للَّهُ بِكُلِّ شَےْءٍ عَلِيماٗۖ ﰙ
4590,48,27,26,514,الفَتح,Al-Fatḥ,لَّقَدْ صَدَقَ اَ۬للَّهُ رَسُولَهُ اُ۬لرُّءْي۪ا بِالْحَقِّ لَتَدْخُلُنَّ اَ۬لْمَسْجِدَ اَ۬لْحَرَامَ إِن شَآءَ اَ۬للَّهُ ءَامِنِينَ مُحَلِّقِينَ رُءُوسَكُمْ وَمُقَصِّرِينَ لَا تَخَافُونَۖ فَعَلِمَ مَا لَمْ تَعْلَمُواْ فَجَعَلَ مِن دُونِ ذَٰلِكَ فَتْحاٗ قَرِيباًۖ ﰚ
4591,48,28,26,514,الفَتح,Al-Fatḥ,هُوَ اَ۬لذِےٓ أَرْسَلَ رَسُولَهُۥ بِالْهُد۪ىٰ وَدِينِ اِ۬لْحَقِّ لِيُظْهِرَهُۥ عَلَى اَ۬لدِّينِ كُلِّهِۦۖ وَكَف۪ىٰ بِاللَّهِ شَهِيداٗۖ ﰛ
4592,48,29,26,515,الفَتح,Al-Fatḥ,مُّحَمَّدٞ رَّسُولُ اُ۬للَّهِۖ وَالذِينَ مَعَهُۥٓ أَشِدَّآءُ عَلَى اَ۬لْكُفّ۪ارِ رُحَمَآءُ بَيْنَهُمْۖ تَر۪يٰهُمْ رُكَّعاٗ سُجَّداٗ يَبْتَغُونَ فَضْلاٗ مِّنَ اَ۬للَّهِ وَرِضْوَٰناٗۖ سِيم۪اهُمْ فِے وُجُوهِهِم مِّنَ اَثَرِ اِ۬لسُّجُودِۖ ذَٰلِكَ مَثَلُهُمْ فِے اِ۬لتَّوْر۪يٰةِۖ وَمَثَلُهُمْ فِے اِ۬لِانجِيلِ كَزَرْعٍ اَخْرَجَ شَطْـَٔهُۥ فَـَٔازَرَهُۥ فَاسْتَغْلَظَ فَاسْتَو۪ىٰ عَلَىٰ سُوقِهِۦ يُعْجِبُ اُ۬لزُّرَّاعَ لِيَغِيظَ بِهِمُ اُ۬لْكُفَّارَۖ وَعَدَ اَ۬للَّهُ اُ۬لذِينَ ءَامَنُواْ وَعَمِلُواْ اُ۬لصَّٰلِحَٰتِ مِنْهُم مَّغْفِرَةٗ وَأَجْراً عَظِيماٗۖ ﰜ
4593,49,1,26,515,الحُجُرَات,Al-Ḥujurāt,يَٰٓأَيُّهَا اَ۬لذِينَ ءَامَنُواْ لَا تُقَدِّمُواْ بَيْنَ يَدَيِ اِ۬للَّهِ وَرَسُولِهِۦۖ وَاتَّقُواْ اُ۬للَّهَۖ إِنَّ اَ۬للَّهَ سَمِيعٌ عَلِيمٞۖ ﰀ
4594,49,2,26,515,الحُجُرَات,Al-Ḥujurāt,يَٰٓأَيُّهَا اَ۬لذِينَ ءَامَنُواْ لَا تَرْفَعُوٓاْ أَصْوَٰتَكُمْ فَوْقَ صَوْتِ اِ۬لنَّبِےٓءِ وَلَا تَجْهَرُواْ لَهُۥ بِالْقَوْلِ كَجَهْرِ بَعْضِكُمْ لِبَعْضٍ اَن تَحْبَطَ أَعْمَٰلُكُمْ وَأَنتُمْ لَا تَشْعُرُونَۖ ﰁ
4595,49,3,26,515,الحُجُرَات,Al-Ḥujurāt,إِنَّ اَ۬لذِينَ يَغُضُّونَ أَصْوَٰتَهُمْ عِندَ رَسُولِ اِ۬للَّهِ أُوْلَٰٓئِكَ اَ۬لذِينَ اَ۪مْتَحَنَ اَ۬للَّهُ قُلُوبَهُمْ لِلتَّقْو۪ىٰۖ لَهُم مَّغْفِرَةٞ وَأَجْرٌ عَظِيمٌۖ ﰂ
4596,49,4,26,515,الحُجُرَات,Al-Ḥujurāt,اِنَّ اَ۬لذِينَ يُنَادُونَكَ مِنْ وَّرَآءِ اِ۬لْحُجُرَٰتِ أَكْثَرُهُمْ لَا يَعْقِلُونَۖ ﰃ
4597,49,5,26,516,الحُجُرَات,Al-Ḥujurāt,وَلَوَ اَنَّهُمْ صَبَرُواْ حَتَّىٰ تَخْرُجَ إِلَيْهِمْ لَكَانَ خَيْراٗ لَّهُمْۖ وَاللَّهُ غَفُورٞ رَّحِيمٞۖ ﰄ
4598,49,6,26,516,الحُجُرَات,Al-Ḥujurāt,يَٰٓأَيُّهَا اَ۬لذِينَ ءَامَنُوٓاْ إِن جَآءَكُمْ فَاسِقُۢ بِنَبَإٖ فَتَبَيَّنُوٓاْ أَن تُصِيبُواْ قَوْماَۢ بِجَهَٰلَةٖ فَتُصْبِحُواْ عَلَىٰ مَا فَعَلْتُمْ نَٰدِمِينَۖ ﰅ
4599,49,7,26,516,الحُجُرَات,Al-Ḥujurāt,وَاعْلَمُوٓاْ أَنَّ فِيكُمْ رَسُولَ اَ۬للَّهِ لَوْ يُطِيعُكُمْ فِے كَثِيرٖ مِّنَ اَ۬لَامْرِ لَعَنِتُّمْۖ وَلَٰكِنَّ اَ۬للَّهَ حَبَّبَ إِلَيْكُمُ اُ۬لِايمَٰنَ وَزَيَّنَهُۥ فِے قُلُوبِكُمْ وَكَرَّهَ إِلَيْكُمُ اُ۬لْكُفْرَ وَالْفُسُوقَ وَالْعِصْيَانَۖ أُوْلَٰٓئِكَ هُمُ اُ۬لرَّٰشِدُونَ ﰆ
4600,49,8,26,516,الحُجُرَات,Al-Ḥujurāt,فَضْلاٗ مِّنَ اَ۬للَّهِ وَنِعْمَةٗۖ وَاللَّهُ عَلِيمٌ حَكِيمٞۖ ﰇ
4601,49,9,26,516,الحُجُرَات,Al-Ḥujurāt,۞ وَإِن طَآئِفَتَٰنِ مِنَ اَ۬لْمُومِنِينَ اَ۪قْتَتَلُواْ فَأَصْلِحُواْ بَيْنَهُمَاۖ فَإِنۢ بَغَتِ اِحْد۪يٰهُمَا عَلَى اَ۬لُاخْر۪ىٰ فَقَٰتِلُواْ اُ۬لتِے تَبْغِے حَتَّىٰ تَفِےٓءَ ا۪لَىٰٓ أَمْرِ اِ۬للَّهِۖ فَإِن فَآءَتْ فَأَصْلِحُواْ بَيْنَهُمَا بِالْعَدْلِ وَأَقْسِطُوٓاْۖ إِنَّ اَ۬للَّهَ يُحِبُّ اُ۬لْمُقْسِطِينَۖ ﰈ
4602,49,10,26,516,الحُجُرَات,Al-Ḥujurāt,إِنَّمَا اَ۬لْمُومِنُونَ إِخْوَةٞ فَأَصْلِحُواْ بَيْنَ أَخَوَيْكُمْۖ وَاتَّقُواْ اُ۬للَّهَ لَعَلَّكُمْ تُرْحَمُونَۖ ﰉ
4603,49,11,26,516,الحُجُرَات,Al-Ḥujurāt,يَٰٓأَيُّهَا اَ۬لذِينَ ءَامَنُواْ لَا يَسْخَرْ قَوْمٞ مِّن قَوْمٍ عَس۪ىٰٓ أَنْ يَّكُونُواْ خَيْراٗ مِّنْهُمْ وَلَا نِسَآءٞ مِّن نِّسَآءٍ عَس۪ىٰٓ أَنْ يَّكُنَّ خَيْراٗ مِّنْهُنَّۖ وَلَا تَلْمِزُوٓاْ أَنفُسَكُمْ وَلَا تَنَابَزُواْ بِالَالْقَٰبِۖ بِيسَ اَ۬لِاسْمُ اُ۬لْفُسُوقُ بَعْدَ اَ۬لِايمَٰنِۖ وَمَن لَّمْ يَتُبْ فَأُوْلَٰٓئِكَ هُمُ اُ۬لظَّٰلِمُونَۖ ﰊ
4604,49,12,26,517,الحُجُرَات,Al-Ḥujurāt,يَٰٓأَيُّهَا اَ۬لذِينَ ءَامَنُواْ اُ۪جْتَنِبُواْ كَثِيراٗ مِّنَ اَ۬لظَّنِّۖ إِنَّ بَعْضَ اَ۬لظَّنِّ إِثْمٞۖ وَلَا تَجَسَّسُواْۖ وَلَا يَغْتَب بَّعْضُكُم بَعْضاًۖ اَيُحِبُّ أَحَدُكُمُۥٓ أَنْ يَّاكُلَ لَحْمَ أَخِيهِ مَيِّتاٗ فَكَرِهْتُمُوهُۖ وَاتَّقُواْ اُ۬للَّهَۖ إِنَّ اَ۬للَّهَ تَوَّابٞ رَّحِيمٞۖ ﰋ
4605,49,13,26,517,الحُجُرَات,Al-Ḥujurāt,يَٰٓأَيُّهَا اَ۬لنَّاسُ إِنَّا خَلَقْنَٰكُم مِّن ذَكَرٖ وَأُنث۪ىٰ وَجَعَلْنَٰكُمْ شُعُوباٗ وَقَبَآئِلَ لِتَعَارَفُوٓاْۖ إِنَّ أَكْرَمَكُمْ عِندَ اَ۬للَّهِ أَتْق۪يٰكُمُۥٓۖ إِنَّ اَ۬للَّهَ عَلِيمٌ خَبِيرٞۖ ﰌ
4606,49,14,26,517,الحُجُرَات,Al-Ḥujurāt,۞ قَالَتِ اِ۬لَاعْرَابُ ءَامَنَّا قُل لَّمْ تُومِنُواْ وَلَٰكِن قُولُوٓاْ أَسْلَمْنَا وَلَمَّا يَدْخُلِ اِ۬لِايمَٰنُ فِے قُلُوبِكُمْۖ وَإِن تُطِيعُواْ اُ۬للَّهَ وَرَسُولَهُۥ لَا يَلِتْكُم مِّنَ اَعْمَٰلِكُمْ شَئْاًۖ اِنَّ اَ۬للَّهَ غَفُورٞ رَّحِيمٌۖ ﰍ
4607,49,15,26,517,الحُجُرَات,Al-Ḥujurāt,اِنَّمَا اَ۬لْمُومِنُونَ اَ۬لذِينَ ءَامَنُواْ بِاللَّهِ وَرَسُولِهِۦ ثُمَّ لَمْ يَرْتَابُواْ وَجَٰهَدُواْ بِأَمْوَٰلِهِمْ وَأَنفُسِهِمْ فِے سَبِيلِ اِ۬للَّهِۖ أُوْلَٰٓئِكَ هُمُ اُ۬لصَّٰدِقُونَۖ ﰎ
4608,49,16,26,517,الحُجُرَات,Al-Ḥujurāt,قُلَ اَتُعَلِّمُونَ اَ۬للَّهَ بِدِينِكُمْ وَاللَّهُ يَعْلَمُ مَا فِے اِ۬لسَّمَٰوَٰتِ وَمَا فِے اِ۬لَارْضِۖ وَاللَّهُ بِكُلِّ شَےْءٍ عَلِيمٞۖ ﰏ
4609,49,17,26,517,الحُجُرَات,Al-Ḥujurāt,يَمُنُّونَ عَلَيْكَ أَنَ اَسْلَمُواْۖ قُل لَّا تَمُنُّواْ عَلَيَّ إِسْلَٰمَكُمۖ بَلِ اِ۬للَّهُ يَمُنُّ عَلَيْكُمُۥٓ أَنْ هَد۪يٰكُمْ لِلِايمَٰنِ إِن كُنتُمْ صَٰدِقِينَۖ ﰐ
4610,49,18,26,517,الحُجُرَات,Al-Ḥujurāt,إِنَّ اَ۬للَّهَ يَعْلَمُ غَيْبَ اَ۬لسَّمَٰوَٰتِ وَالَارْضِۖ وَاللَّهُ بَصِيرُۢ بِمَا تَعْمَلُونَۖ ﰑ
4611,50,1,26,518,قٓ,Qāf,قَٓۖ وَالْقُرْءَانِ اِ۬لْمَجِيدِ ﰀ
4612,50,2,26,518,قٓ,Qāf,بَلْ عَجِبُوٓاْ أَن جَآءَهُم مُّنذِرٞ مِّنْهُمْ فَقَالَ اَ۬لْكَٰفِرُونَ هَٰذَا شَےْءٌ عَجِيبٌ ﰁ
4613,50,3,26,518,قٓ,Qāf,اَ۟ذَا مِتْنَا وَكُنَّا تُرَاباٗ ذَٰلِكَ رَجْعُۢ بَعِيدٞۖ ﰂ
4614,50,4,26,518,قٓ,Qāf,قَدْ عَلِمْنَا مَا تَنقُصُ اُ۬لَارْضُ مِنْهُمْ وَعِندَنَا كِتَٰبٌ حَفِيظُۢۖ ﰃ
4615,50,5,26,518,قٓ,Qāf,بَلْ كَذَّبُواْ بِالْحَقِّ لَمَّا جَآءَهُمْ فَهُمْ فِےٓ أَمْرٖ مَّرِيجٍۖ ﰄ
4616,50,6,26,518,قٓ,Qāf,اَفَلَمْ يَنظُرُوٓاْ إِلَى اَ۬لسَّمَآءِ فَوْقَهُمْ كَيْفَ بَنَيْنَٰهَا وَزَيَّنَّٰهَا وَمَا لَهَا مِن فُرُوجٖۖ ﰅ
4617,50,7,26,518,قٓ,Qāf,وَالَارْضَ مَدَدْنَٰهَا وَأَلْقَيْنَا فِيهَا رَوَٰسِيَ وَأَنۢبَتْنَا فِيهَا مِن كُلِّ زَوْجِۢ بَهِيجٖ ﰆ
4618,50,8,26,518,قٓ,Qāf,تَبْصِرَةٗ وَذِكْر۪ىٰ لِكُلِّ عَبْدٖ مُّنِيبٖۖ ﰇ
4619,50,9,26,518,قٓ,Qāf,۞ وَنَزَّلْنَا مِنَ اَ۬لسَّمَآءِ مَآءٗ مُّبَٰرَكاٗ فَأَنۢبَتْنَا بِهِۦ جَنَّٰتٖ وَحَبَّ اَ۬لْحَصِيدِ ﰈ
4620,50,10,26,518,قٓ,Qāf,وَالنَّخْلَ بَاسِقَٰتٖ لَّهَا طَلْعٞ نَّضِيدٞ ﰉ
4621,50,11,26,518,قٓ,Qāf,رِّزْقاٗ لِّلْعِبَادِۖ وَأَحْيَيْنَا بِهِۦ بَلْدَةٗ مَّيْتاٗۖ كَذَٰلِكَ اَ۬لْخُرُوجُۖ ﰊ
4622,50,12,26,518,قٓ,Qāf,كَذَّبَتْ قَبْلَهُمْ قَوْمُ نُوحٖ وَأَصْحَٰبُ اُ۬لرَّسِّ وَثَمُودُ ﰋ
4623,50,13,26,518,قٓ,Qāf,وَعَادٞ وَفِرْعَوْنُ وَإِخْوَٰنُ لُوطٖ ﰌ
4624,50,14,26,518,قٓ,Qāf,وَأَصْحَٰبُ اُ۬لَايْكَةِ وَقَوْمُ تُبَّعٖۖ كُلّٞ كَذَّبَ اَ۬لرُّسُلَ فَحَقَّ وَعِيدِۦٓۖ ﰍ
4625,50,15,26,518,قٓ,Qāf,أَفَعَيِينَا بِالْخَلْقِ اِ۬لَاوَّلِۖ بَلْ هُمْ فِے لَبْسٖ مِّنْ خَلْقٖ جَدِيدٖۖ ﰎ
4626,50,16,26,519,قٓ,Qāf,وَلَقَدْ خَلَقْنَا اَ۬لِانسَٰنَ وَنَعْلَمُ مَا تُوَسْوِسُ بِهِۦ نَفْسُهُۥ وَنَحْنُ أَقْرَبُ إِلَيْهِ مِنْ حَبْلِ اِ۬لْوَرِيدِۖ ﰏ
4627,50,17,26,519,قٓ,Qāf,إِذْ يَتَلَقَّى اَ۬لْمُتَلَقِّيَٰنِ عَنِ اِ۬لْيَمِينِ وَعَنِ اِ۬لشِّمَالِ قَعِيدٞۖ ﰐ
4628,50,18,26,519,قٓ,Qāf,مَّا يَلْفِظُ مِن قَوْلٍ اِلَّا لَدَيْهِ رَقِيبٌ عَتِيدٞۖ ﰑ
4629,50,19,26,519,قٓ,Qāf,وَجَآءَتْ سَكْرَةُ اُ۬لْمَوْتِ بِالْحَقِّۖ ذَٰلِكَ مَا كُنتَ مِنْهُ تَحِيدُۖ ﰒ
4630,50,20,26,519,قٓ,Qāf,وَنُفِخَ فِے اِ۬لصُّورِۖ ذَٰلِكَ يَوْمُ اُ۬لْوَعِيدِۖ ﰓ
4631,50,21,26,519,قٓ,Qāf,وَجَآءَتْ كُلُّ نَفْسٖ مَّعَهَا سَآئِقٞ وَشَهِيدٞۖ ﰔ
4632,50,22,26,519,قٓ,Qāf,لَّقَدْ كُنتَ فِے غَفْلَةٖ مِّنْ هَٰذَا فَكَشَفْنَا عَنكَ غِطَآءَكَ فَبَصَرُكَ اَ۬لْيَوْمَ حَدِيدٞۖ ﰕ
4633,50,23,26,519,قٓ,Qāf,وَقَالَ قَرِينُهُۥ هَٰذَا مَا لَدَيَّ عَتِيدٌۖ ﰖ
4634,50,24,26,519,قٓ,Qāf,اَلْقِيَا فِے جَهَنَّمَ كُلَّ كَفّ۪ارٍ عَنِيدٖ ﰗ
4635,50,25,26,519,قٓ,Qāf,مَّنَّاعٖ لِّلْخَيْرِ مُعْتَدٖ مُّرِيبٍ ﰘ
4636,50,26,26,519,قٓ,Qāf,اِ۬لذِے جَعَلَ مَعَ اَ۬للَّهِ إِلَٰهاً اٰخَرَ فَأَلْقِيَٰهُ فِے اِ۬لْعَذَابِ اِ۬لشَّدِيدِۖ ﰙ
4637,50,27,26,519,قٓ,Qāf,۞ قَالَ قَرِينُهُۥ رَبَّنَا مَآ أَطْغَيْتُهُۥ وَلَٰكِن كَانَ فِے ضَلَٰلِۢ بَعِيدٖۖ ﰚ
4638,50,28,26,519,قٓ,Qāf,قَالَ لَا تَخْتَصِمُواْ لَدَيَّ وَقَدْ قَدَّمْتُ إِلَيْكُم بِالْوَعِيدِۖ ﰛ
4639,50,29,26,519,قٓ,Qāf,مَا يُبَدَّلُ اُ۬لْقَوْلُ لَدَيَّ وَمَآ أَنَا بِظَلَّٰمٖ لِّلْعَبِيدِۖ ﰜ
4640,50,30,26,519,قٓ,Qāf,يَوْمَ يَقُولُ لِجَهَنَّمَ هَلِ اِ۪مْتَلَأْتِ وَتَقُولُ هَلْ مِن مَّزِيدٖۖ ﰝ
4641,50,31,26,519,قٓ,Qāf,وَأُزْلِفَتِ اِ۬لْجَنَّةُ لِلْمُتَّقِينَ غَيْرَ بَعِيدٍۖ ﰞ
4642,50,32,26,519,قٓ,Qāf,هَٰذَا مَا تُوعَدُونَ لِكُلِّ أَوَّابٍ حَفِيظٖۖ ﰟ
4643,50,33,26,519,قٓ,Qāf,مَّنْ خَشِيَ اَ۬لرَّحْمَٰنَ بِالْغَيْبِ وَجَآءَ بِقَلْبٖ مُّنِيبٍ ﰠ
4644,50,34,26,519,قٓ,Qāf,اُ۟دْخُلُوهَا بِسَلَٰمٖۖ ذَٰلِكَ يَوْمُ اُ۬لْخُلُودِۖ ﰡ
4645,50,35,26,519,قٓ,Qāf,لَهُم مَّا يَشَآءُونَ فِيهَاۖ وَلَدَيْنَا مَزِيدٞۖ ﰢ
4646,50,36,26,520,قٓ,Qāf,وَكَمَ اَهْلَكْنَا قَبْلَهُم مِّن قَرْنٍ هُمُۥٓ أَشَدُّ مِنْهُم بَطْشاٗ فَنَقَّبُواْ فِے اِ۬لْبِلَٰدِۖ هَلْ مِن مَّحِيصٍۖ ﰣ
4647,50,37,26,520,قٓ,Qāf,اِنَّ فِے ذَٰلِكَ لَذِكْر۪ىٰ لِمَن كَانَ لَهُۥ قَلْبٌ اَوَ اَلْقَى اَ۬لسَّمْعَ وَهُوَ شَهِيدٞۖ ﰤ
4648,50,38,26,520,قٓ,Qāf,وَلَقَدْ خَلَقْنَا اَ۬لسَّمَٰوَٰتِ وَالَارْضَ وَمَا بَيْنَهُمَا فِے سِتَّةِ أَيَّامٖ وَمَا مَسَّنَا مِن لُّغُوبٖۖ ﰥ
4649,50,39,26,520,قٓ,Qāf,فَاصْبِرْ عَلَىٰ مَا يَقُولُونَۖ وَسَبِّحْ بِحَمْدِ رَبِّكَ قَبْلَ طُلُوعِ اِ۬لشَّمْسِ وَقَبْلَ اَ۬لْغُرُوبِۖ ﰦ
4650,50,40,26,520,قٓ,Qāf,وَمِنَ اَ۬ليْلِ فَسَبِّحْهُ وَإِدْبَٰرَ اَ۬لسُّجُودِۖ ﰧ
4651,50,41,26,520,قٓ,Qāf,وَاسْتَمِعْ يَوْمَ يُنَادِ اِ۬لْمُنَادِۦ مِن مَّكَانٖ قَرِيبٖ ﰨ
4652,50,42,26,520,قٓ,Qāf,يَوْمَ يَسْمَعُونَ اَ۬لصَّيْحَةَ بِالْحَقِّۖ ذَٰلِكَ يَوْمُ اُ۬لْخُرُوجِۖ ﰩ
4653,50,43,26,520,قٓ,Qāf,إِنَّا نَحْنُ نُحْيِۦ وَنُمِيتُ وَإِلَيْنَا اَ۬لْمَصِيرُۖ ﰪ
4654,50,44,26,520,قٓ,Qāf,يَوْمَ تَشَّقَّقُ اُ۬لَارْضُ عَنْهُمْ سِرَاعاٗۖ ذَٰلِكَ حَشْرٌ عَلَيْنَا يَسِيرٞۖ ﰫ
4655,50,45,26,520,قٓ,Qāf,نَّحْنُ أَعْلَمُ بِمَا يَقُولُونَۖ وَمَآ أَنتَ عَلَيْهِم بِجَبّ۪ارٖۖ فَذَكِّرْ بِالْقُرْءَانِ مَنْ يَّخَافُ وَعِيدِۦۖ ﰬ
4656,51,1,26,520,الذَّاريَات,Adh-Dhāriyāt,وَالذَّٰرِيَٰتِ ذَرْواٗ ﰀ
4657,51,2,26,520,الذَّاريَات,Adh-Dhāriyāt,فَالْحَٰمِلَٰتِ وِقْراٗ ﰁ
4658,51,3,26,520,الذَّاريَات,Adh-Dhāriyāt,فَالْجَٰرِيَٰتِ يُسْراٗ ﰂ
4659,51,4,26,520,الذَّاريَات,Adh-Dhāriyāt,فَالْمُقَسِّمَٰتِ أَمْراً ﰃ
4660,51,5,26,520,الذَّاريَات,Adh-Dhāriyāt,اِنَّمَا تُوعَدُونَ لَصَادِقٞ ﰄ
4661,51,6,26,520,الذَّاريَات,Adh-Dhāriyāt,وَإِنَّ اَ۬لدِّينَ لَوَٰقِعٞۖ ﰅ
4662,51,7,26,521,الذَّاريَات,Adh-Dhāriyāt,وَالسَّمَآءِ ذَاتِ اِ۬لْحُبُكِ ﰆ
4663,51,8,26,521,الذَّاريَات,Adh-Dhāriyāt,إِنَّكُمْ لَفِے قَوْلٖ مُّخْتَلِفٖ ﰇ
4664,51,9,26,521,الذَّاريَات,Adh-Dhāriyāt,يُوفَكُ عَنْهُ مَنُ ا۟فِكَۖ ﰈ
4665,51,10,26,521,الذَّاريَات,Adh-Dhāriyāt,قُتِلَ اَ۬لْخَرَّٰصُونَ ﰉ
4666,51,11,26,521,الذَّاريَات,Adh-Dhāriyāt,اَ۬لذِينَ هُمْ فِے غَمْرَةٖ سَاهُونَۖ ﰊ
4667,51,12,26,521,الذَّاريَات,Adh-Dhāriyāt,يَسْـَٔلُونَ أَيَّانَ يَوْمُ اُ۬لدِّينِ ﰋ
4668,51,13,26,521,الذَّاريَات,Adh-Dhāriyāt,يَوْمَ هُمْ عَلَى اَ۬لنّ۪ارِ يُفْتَنُونَۖ ﰌ
4669,51,14,26,521,الذَّاريَات,Adh-Dhāriyāt,ذُوقُواْ فِتْنَتَكُمْۖ هَٰذَا اَ۬لذِے كُنتُم بِهِۦ تَسْتَعْجِلُونَۖ ﰍ
4670,51,15,26,521,الذَّاريَات,Adh-Dhāriyāt,إِنَّ اَ۬لْمُتَّقِينَ فِے جَنَّٰتٖ وَعُيُونٍ ﰎ
4671,51,16,26,521,الذَّاريَات,Adh-Dhāriyāt,اٰخِذِينَ مَآ ءَات۪يٰهُمْ رَبُّهُمُۥٓۖ إِنَّهُمْ كَانُواْ قَبْلَ ذَٰلِكَ مُحْسِنِينَۖ ﰏ
4672,51,17,26,521,الذَّاريَات,Adh-Dhāriyāt,كَانُواْ قَلِيلاٗۖ مِّنَ اَ۬ليْلِ مَا يَهْجَعُونَۖ ﰐ
4673,51,18,26,521,الذَّاريَات,Adh-Dhāriyāt,وَبِالَاسْح۪ارِ هُمْ يَسْتَغْفِرُونَۖ ﰑ
4674,51,19,26,521,الذَّاريَات,Adh-Dhāriyāt,وَفِےٓ أَمْوَٰلِهِمْ حَقّٞ لِّلسَّآئِلِ وَالْمَحْرُومِۖ ﰒ
4675,51,20,26,521,الذَّاريَات,Adh-Dhāriyāt,وَفِے اِ۬لَارْضِ ءَايَٰتٞ لِّلْمُوقِنِينَۖ ﰓ
4676,51,21,26,521,الذَّاريَات,Adh-Dhāriyāt,وَفِےٓ أَنفُسِكُمُۥٓۖ أَفَلَا تُبْصِرُونَۖ ﰔ
4677,51,22,26,521,الذَّاريَات,Adh-Dhāriyāt,وَفِے اِ۬لسَّمَآءِ رِزْقُكُمْۖ وَمَا تُوعَدُونَ ﰕ
4678,51,23,26,521,الذَّاريَات,Adh-Dhāriyāt,فَوَرَبِّ اِ۬لسَّمَآءِ وَالَارْضِ إِنَّهُۥ لَحَقّٞ مِّثْلَ مَآ أَنَّكُمْ تَنطِقُونَۖ ﰖ
4679,51,24,26,521,الذَّاريَات,Adh-Dhāriyāt,هَلَ اَت۪يٰكَ حَدِيثُ ضَيْفِ إِبْرَٰهِيمَ اَ۬لْمُكْرَمِينَ ﰗ
4680,51,25,26,521,الذَّاريَات,Adh-Dhāriyāt,إِذْ دَخَلُواْ عَلَيْهِ فَقَالُواْ سَلَٰماٗۖ قَالَ سَلَٰمٞۖ قَوْمٞ مُّنكَرُونَۖ ﰘ
4681,51,26,26,521,الذَّاريَات,Adh-Dhāriyāt,فَرَاغَ إِلَىٰٓ أَهْلِهِۦ فَجَآءَ بِعِجْلٖ سَمِينٖ ﰙ
4682,51,27,26,521,الذَّاريَات,Adh-Dhāriyāt,فَقَرَّبَهُۥٓ إِلَيْهِمْ قَالَ أَلَا تَاكُلُونَۖ ﰚ
4683,51,28,26,521,الذَّاريَات,Adh-Dhāriyāt,فَأَوْجَسَ مِنْهُمْ خِيفَةٗۖ قَالُواْ لَا تَخَفْۖ وَبَشَّرُوهُ بِغُلَٰمٍ عَلِيمٖۖ ﰛ
4684,51,29,26,521,الذَّاريَات,Adh-Dhāriyāt,فَأَقْبَلَتِ اِ۪مْرَأَتُهُۥ فِے صَرَّةٖ فَصَكَّتْ وَجْهَهَا وَقَالَتْ عَجُوزٌ عَقِيمٞۖ ﰜ
4685,51,30,26,521,الذَّاريَات,Adh-Dhāriyāt,قَالُواْ كَذَٰلِكِ قَالَ رَبُّكِۖ إِنَّهُۥ هُوَ اَ۬لْحَكِيمُ اُ۬لْعَلِيمُۖ ﰝ
4686,51,31,27,522,الذَّاريَات,Adh-Dhāriyāt,۞ قَالَ فَمَا خَطْبُكُمُۥٓ أَيُّهَا اَ۬لْمُرْسَلُونَۖ ﰞ
4687,51,32,27,522,الذَّاريَات,Adh-Dhāriyāt,قَالُوٓاْ إِنَّآ أُرْسِلْنَآ إِلَىٰ قَوْمٖ مُّجْرِمِينَ ﰟ
4688,51,33,27,522,الذَّاريَات,Adh-Dhāriyāt,لِنُرْسِلَ عَلَيْهِمْ حِجَارَةٗ مِّن طِينٖ ﰠ
4689,51,34,27,522,الذَّاريَات,Adh-Dhāriyāt,مُّسَوَّمَةً عِندَ رَبِّكَ لِلْمُسْرِفِينَۖ ﰡ
4690,51,35,27,522,الذَّاريَات,Adh-Dhāriyāt,فَأَخْرَجْنَا مَن كَانَ فِيهَا مِنَ اَ۬لْمُومِنِينَ ﰢ
4691,51,36,27,522,الذَّاريَات,Adh-Dhāriyāt,فَمَا وَجَدْنَا فِيهَا غَيْرَ بَيْتٖ مِّنَ اَ۬لْمُسْلِمِينَ ﰣ
4692,51,37,27,522,الذَّاريَات,Adh-Dhāriyāt,وَتَرَكْنَا فِيهَآ ءَايَةٗ لِّلذِينَ يَخَافُونَ اَ۬لْعَذَابَ اَ۬لَالِيمَۖ ﰤ
4693,51,38,27,522,الذَّاريَات,Adh-Dhāriyāt,وَفِے مُوس۪ىٰٓ إِذَ اَرْسَلْنَٰهُ إِلَىٰ فِرْعَوْنَ بِسُلْطَٰنٖ مُّبِينٖ ﰥ
4694,51,39,27,522,الذَّاريَات,Adh-Dhāriyāt,فَتَوَلّ۪ىٰ بِرُكْنِهِۦ وَقَالَ سَٰحِرٌ اَوْ مَجْنُونٞۖ ﰦ
4695,51,40,27,522,الذَّاريَات,Adh-Dhāriyāt,فَأَخَذْنَٰهُ وَجُنُودَهُۥ فَنَبَذْنَٰهُمْ فِے اِ۬لْيَمِّ وَهُوَ مُلِيمٞۖ ﰧ
4696,51,41,27,522,الذَّاريَات,Adh-Dhāriyāt,وَفِے عَادٍ اِذَ اَرْسَلْنَا عَلَيْهِمُ اُ۬لرِّيحَ اَ۬لْعَقِيمَ ﰨ
4697,51,42,27,522,الذَّاريَات,Adh-Dhāriyāt,مَا تَذَرُ مِن شَےْءٍ اَتَتْ عَلَيْهِ إِلَّا جَعَلَتْهُ كَالرَّمِيمِۖ ﰩ
4698,51,43,27,522,الذَّاريَات,Adh-Dhāriyāt,وَفِے ثَمُودَ إِذْ قِيلَ لَهُمْ تَمَتَّعُواْ حَتَّىٰ حِينٖ ﰪ
4699,51,44,27,522,الذَّاريَات,Adh-Dhāriyāt,فَعَتَوْاْ عَنَ اَمْرِ رَبِّهِمْ فَأَخَذَتْهُمُ اُ۬لصَّٰعِقَةُ وَهُمْ يَنظُرُونَۖ ﰫ
4700,51,45,27,522,الذَّاريَات,Adh-Dhāriyāt,فَمَا اَ۪سْتَطَٰعُواْ مِن قِيَامٖ وَمَا كَانُواْ مُنتَصِرِينَۖ ﰬ
4701,51,46,27,522,الذَّاريَات,Adh-Dhāriyāt,وَقَوْمَ نُوحٖ مِّن قَبْلُۖ إِنَّهُمْ كَانُواْ قَوْماٗ فَٰسِقِينَۖ ﰭ
4702,51,47,27,522,الذَّاريَات,Adh-Dhāriyāt,وَالسَّمَآءَ بَنَيْنَٰهَا بِأَيَيْدٖۖ وَإِنَّا لَمُوسِعُونَۖ ﰮ
4703,51,48,27,522,الذَّاريَات,Adh-Dhāriyāt,وَالَارْضَ فَرَشْنَٰهَاۖ فَنِعْمَ اَ۬لْمَٰهِدُونَۖ ﰯ
4704,51,49,27,522,الذَّاريَات,Adh-Dhāriyāt,وَمِن كُلِّ شَےْءٍ خَلَقْنَا زَوْجَيْنِ لَعَلَّكُمْ تَذَّكَّرُونَۖ ﰰ
4705,51,50,27,522,الذَّاريَات,Adh-Dhāriyāt,فَفِرُّوٓاْ إِلَى اَ۬للَّهِ إِنِّے لَكُم مِّنْهُ نَذِيرٞ مُّبِينٞۖ ﰱ
4706,51,51,27,522,الذَّاريَات,Adh-Dhāriyāt,وَلَا تَجْعَلُواْ مَعَ اَ۬للَّهِ إِلَٰهاً اٰخَرَ إِنِّے لَكُم مِّنْهُ نَذِيرٞ مُّبِينٞۖ ﰲ
4707,51,52,27,523,الذَّاريَات,Adh-Dhāriyāt,كَذَٰلِكَۖ مَآ أَتَى اَ۬لذِينَ مِن قَبْلِهِم مِّن رَّسُولٍ اِلَّا قَالُواْ سَاحِرٌ اَوْ مَجْنُونٌۖ ﰳ
4708,51,53,27,523,الذَّاريَات,Adh-Dhāriyāt,اَتَوَاصَوْاْ بِهِۦۖ بَلْ هُمْ قَوْمٞ طَاغُونَۖ ﰴ
4709,51,54,27,523,الذَّاريَات,Adh-Dhāriyāt,فَتَوَلَّ عَنْهُمْ فَمَآ أَنتَ بِمَلُومٖ ﰵ
4710,51,55,27,523,الذَّاريَات,Adh-Dhāriyāt,وَذَكِّرْۖ فَإِنَّ اَ۬لذِّكْر۪ىٰ تَنفَعُ اُ۬لْمُومِنِينَۖ ﰶ
4711,51,56,27,523,الذَّاريَات,Adh-Dhāriyāt,۞ وَمَا خَلَقْتُ اُ۬لْجِنَّ وَالِانسَ إِلَّا لِيَعْبُدُونِۖ ﰷ
4712,51,57,27,523,الذَّاريَات,Adh-Dhāriyāt,مَآ أُرِيدُ مِنْهُم مِّن رِّزْقٖ وَمَآ أُرِيدُ أَنْ يُّطْعِمُونِۖ ﰸ
4713,51,58,27,523,الذَّاريَات,Adh-Dhāriyāt,إِنَّ اَ۬للَّهَ هُوَ اَ۬لرَّزَّاقُ ذُو اُ۬لْقُوَّةِ اِ۬لْمَتِينُۖ ﰹ
4714,51,59,27,523,الذَّاريَات,Adh-Dhāriyāt,فَإِنَّ لِلذِينَ ظَلَمُواْ ذَنُوباٗ مِّثْلَ ذَنُوبِ أَصْحَٰبِهِمْ فَلَا يَسْتَعْجِلُونِۖ ﰺ
4715,51,60,27,523,الذَّاريَات,Adh-Dhāriyāt,فَوَيْلٞ لِّلذِينَ كَفَرُواْ مِنْ يَّوْمِهِمُ اُ۬لذِے يُوعَدُونَۖ ﰻ
4716,52,1,27,523,الطُّور,Aṭ-Ṭūr,وَالطُّورِ وَكِتَٰبٖ مَّسْطُورٖ ﰀ
4717,52,2,27,523,الطُّور,Aṭ-Ṭūr,فِے رَقّٖ مَّنشُورٖ ﰁ
4718,52,3,27,523,الطُّور,Aṭ-Ṭūr,وَالْبَيْتِ اِ۬لْمَعْمُورِ ﰂ
4719,52,4,27,523,الطُّور,Aṭ-Ṭūr,وَالسَّقْفِ اِ۬لْمَرْفُوعِ ﰃ
4720,52,5,27,523,الطُّور,Aṭ-Ṭūr,وَالْبَحْرِ اِ۬لْمَسْجُورِ ﰄ
4721,52,6,27,523,الطُّور,Aṭ-Ṭūr,إِنَّ عَذَابَ رَبِّكَ لَوَٰقِعٞۖ ﰅ
4722,52,7,27,523,الطُّور,Aṭ-Ṭūr,مَّا لَهُۥ مِن دَافِعٖۖ ﰆ
4723,52,8,27,523,الطُّور,Aṭ-Ṭūr,يَوْمَ تَمُورُ اُ۬لسَّمَآءُ مَوْراٗ ﰇ
4724,52,9,27,523,الطُّور,Aṭ-Ṭūr,وَتَسِيرُ اُ۬لْجِبَالُ سَيْراٗۖ ﰈ
4725,52,10,27,523,الطُّور,Aṭ-Ṭūr,فَوَيْلٞ يَوْمَئِذٖ لِّلْمُكَذِّبِينَ ﰉ
4726,52,11,27,523,الطُّور,Aṭ-Ṭūr,اَ۬لذِينَ هُمْ فِے خَوْضٖ يَلْعَبُونَۖ ﰊ
4727,52,12,27,523,الطُّور,Aṭ-Ṭūr,يَوْمَ يُدَعُّونَ إِلَىٰ ن۪ارِ جَهَنَّمَ دَعّاًۖ هَٰذِهِ اِ۬لنَّارُ اُ۬لتِے كُنتُم بِهَا تُكَذِّبُونَۖ ﰋ
4728,52,13,27,524,الطُّور,Aṭ-Ṭūr,أَفَسِحْرٌ هَٰذَآ أَمَ اَنتُمْ لَا تُبْصِرُونَۖ ﰌ
4729,52,14,27,524,الطُّور,Aṭ-Ṭūr,اَ۪صْلَوْهَا فَاصْبِرُوٓاْ أَوْ لَا تَصْبِرُواْ سَوَآءٌ عَلَيْكُمُۥٓۖ إِنَّمَا تُجْزَوْنَ مَا كُنتُمْ تَعْمَلُونَۖ ﰍ
4730,52,15,27,524,الطُّور,Aṭ-Ṭūr,إِنَّ اَ۬لْمُتَّقِينَ فِے جَنَّٰتٖ وَنَعِيمٖ ﰎ
4731,52,16,27,524,الطُّور,Aṭ-Ṭūr,فَٰكِهِينَ بِمَآ ءَات۪يٰهُمْ رَبُّهُمْۖ وَوَق۪يٰهُمْ رَبُّهُمْ عَذَابَ اَ۬لْجَحِيمِۖ ﰏ
4732,52,17,27,524,الطُّور,Aṭ-Ṭūr,كُلُواْ وَاشْرَبُواْ هَنِيٓـٔاَۢ بِمَا كُنتُمْ تَعْمَلُونَ ﰐ
4733,52,18,27,524,الطُّور,Aṭ-Ṭūr,مُتَّكِـِٕينَ عَلَىٰ سُرُرٖ مَّصْفُوفَةٖ وَزَوَّجْنَٰهُم بِحُورٍ عِينٖۖ ﰑ
4734,52,19,27,524,الطُّور,Aṭ-Ṭūr,وَالذِينَ ءَامَنُواْ وَاتَّبَعَتْهُمْ ذُرِّيَّتُهُم بِإِيمَٰنٍ اَلْحَقْنَا بِهِمْ ذُرِّيَّٰتِهِمْ وَمَآ أَلَتْنَٰهُم مِّنْ عَمَلِهِم مِّن شَےْءٖۖ كُلُّ اُ۪مْرِےِٕۢ بِمَا كَسَبَ رَهِينٞۖ ﰒ
4735,52,20,27,524,الطُّور,Aṭ-Ṭūr,وَأَمْدَدْنَٰهُم بِفَٰكِهَةٖ وَلَحْمٖ مِّمَّا يَشْتَهُونَ ﰓ
4736,52,21,27,524,الطُّور,Aṭ-Ṭūr,يَتَنَٰزَعُونَ فِيهَا كَأْساٗ لَّا لَغْوٞ فِيهَا وَلَا تَاثِيمٞۖ ﰔ
4737,52,22,27,524,الطُّور,Aṭ-Ṭūr,۞ وَيَطُوفُ عَلَيْهِمْ غِلْمَانٞ لَّهُمْ كَأَنَّهُمْ لُؤْلُؤٞ مَّكْنُونٞۖ ﰕ
4738,52,23,27,524,الطُّور,Aṭ-Ṭūr,وَأَقْبَلَ بَعْضُهُمْ عَلَىٰ بَعْضٖ يَتَسَآءَلُونَۖ ﰖ
4739,52,24,27,524,الطُّور,Aṭ-Ṭūr,قَالُوٓاْ إِنَّا كُنَّا قَبْلُ فِےٓ أَهْلِنَا مُشْفِقِينَ ﰗ
4740,52,25,27,524,الطُّور,Aṭ-Ṭūr,فَمَنَّ اَ۬للَّهُ عَلَيْنَا وَوَق۪يٰنَا عَذَابَ اَ۬لسَّمُومِۖ ﰘ
4741,52,26,27,524,الطُّور,Aṭ-Ṭūr,إِنَّا كُنَّا مِن قَبْلُ نَدْعُوهُ أَنَّهُۥ هُوَ اَ۬لْبَرُّ اُ۬لرَّحِيمُۖ ﰙ
4742,52,27,27,524,الطُّور,Aṭ-Ṭūr,فَذَكِّرْ فَمَآ أَنتَ بِنِعْمَتِ رَبِّكَ بِكَاهِنٖ وَلَا مَجْنُونٍۖ ﰚ
4743,52,28,27,524,الطُّور,Aṭ-Ṭūr,اَمْ يَقُولُونَ شَاعِرٞ نَّتَرَبَّصُ بِهِۦ رَيْبَ اَ۬لْمَنُونِۖ ﰛ
4744,52,29,27,524,الطُّور,Aṭ-Ṭūr,قُلْ تَرَبَّصُواْۖ فَإِنِّے مَعَكُم مِّنَ اَ۬لْمُتَرَبِّصِينَۖ ﰜ
4745,52,30,27,525,الطُّور,Aṭ-Ṭūr,أَمْ تَامُرُهُمُۥٓ أَحْلَٰمُهُم بِهَٰذَآ أَمْ هُمْ قَوْمٞ طَاغُونَۖ ﰝ
4746,52,31,27,525,الطُّور,Aṭ-Ṭūr,أَمْ يَقُولُونَ تَقَوَّلَهُۥۖ بَل لَّا يُومِنُونَۖ ﰞ
4747,52,32,27,525,الطُّور,Aṭ-Ṭūr,فَلْيَاتُواْ بِحَدِيثٖ مِّثْلِهِۦٓ إِن كَانُواْ صَٰدِقِينَۖ ﰟ
4748,52,33,27,525,الطُّور,Aṭ-Ṭūr,أَمْ خُلِقُواْ مِنْ غَيْرِ شَےْءٍ اَمْ هُمُ اُ۬لْخَٰلِقُونَۖ ﰠ
4749,52,34,27,525,الطُّور,Aṭ-Ṭūr,أَمْ خَلَقُواْ اُ۬لسَّمَٰوَٰتِ وَالَارْضَۖ بَل لَّا يُوقِنُونَۖ ﰡ
4750,52,35,27,525,الطُّور,Aṭ-Ṭūr,أَمْ عِندَهُمْ خَزَآئِنُ رَبِّكَ أَمْ هُمُ اُ۬لْمُصَيْطِرُونَۖ ﰢ
4751,52,36,27,525,الطُّور,Aṭ-Ṭūr,أَمْ لَهُمْ سُلَّمٞ يَسْتَمِعُونَ فِيهِۖ فَلْيَاتِ مُسْتَمِعُهُم بِسُلْطَٰنٖ مُّبِينٍۖ ﰣ
4752,52,37,27,525,الطُّور,Aṭ-Ṭūr,اَمْ لَهُ اُ۬لْبَنَٰتُ وَلَكُمُ اُ۬لْبَنُونَۖ ﰤ
4753,52,38,27,525,الطُّور,Aṭ-Ṭūr,أَمْ تَسْـَٔلُهُمُۥٓ أَجْراٗ فَهُم مِّن مَّغْرَمٖ مُّثْقَلُونَۖ ﰥ
4754,52,39,27,525,الطُّور,Aṭ-Ṭūr,أَمْ عِندَهُمُ اُ۬لْغَيْبُ فَهُمْ يَكْتُبُونَۖ ﰦ
4755,52,40,27,525,الطُّور,Aṭ-Ṭūr,أَمْ يُرِيدُونَ كَيْداٗۖ فَالذِينَ كَفَرُواْ هُمُ اُ۬لْمَكِيدُونَۖ ﰧ
4756,52,41,27,525,الطُّور,Aṭ-Ṭūr,أَمْ لَهُمُۥٓ إِلَٰهٌ غَيْرُ اُ۬للَّهِۖ سُبْحَٰنَ اَ۬للَّهِ عَمَّا يُشْرِكُونَۖ ﰨ
4757,52,42,27,525,الطُّور,Aṭ-Ṭūr,۞ وَإِنْ يَّرَوْاْ كِسْفاٗ مِّنَ اَ۬لسَّمَآءِ سَاقِطاٗ يَقُولُواْ سَحَابٞ مَّرْكُومٞۖ ﰩ
4758,52,43,27,525,الطُّور,Aṭ-Ṭūr,فَذَرْهُمْ حَتَّىٰ يُلَٰقُواْ يَوْمَهُمُ اُ۬لذِے فِيهِ يَصْعَقُونَ ﰪ
4759,52,44,27,525,الطُّور,Aṭ-Ṭūr,يَوْمَ لَا يُغْنِے عَنْهُمْ كَيْدُهُمْ شَئْاٗ وَلَا هُمْ يُنصَرُونَۖ ﰫ
4760,52,45,27,525,الطُّور,Aṭ-Ṭūr,وَإِنَّ لِلذِينَ ظَلَمُواْ عَذَاباٗ دُونَ ذَٰلِكَۖ وَلَٰكِنَّ أَكْثَرَهُمْ لَا يَعْلَمُونَۖ ﰬ
4761,52,46,27,525,الطُّور,Aṭ-Ṭūr,وَاصْبِرْ لِحُكْمِ رَبِّكَ فَإِنَّكَ بِأَعْيُنِنَاۖ وَسَبِّحْ بِحَمْدِ رَبِّكَ حِينَ تَقُومُۖ ﰭ
4762,52,47,27,525,الطُّور,Aṭ-Ṭūr,وَمِنَ اَ۬ليْلِ فَسَبِّحْهُ وَإِدْبَٰرَ اَ۬لنُّجُومِۖ ﰮ
4763,53,1,27,526,النَّجم,An-Najm,وَالنَّجْمِ إِذَا هَو۪ىٰ ﰀ
4764,53,2,27,526,النَّجم,An-Najm,مَا ضَلَّ صَٰحِبُكُمْ وَمَا غَو۪ىٰ ﰁ
4765,53,3,27,526,النَّجم,An-Najm,وَمَا يَنطِقُ عَنِ اِ۬لْهَو۪ىٰٓ ﰂ
4766,53,4,27,526,النَّجم,An-Najm,إِنْ هُوَ إِلَّا وَحْيٞ يُوح۪ىٰۖ ﰃ
4767,53,5,27,526,النَّجم,An-Najm,عَلَّمَهُۥ شَدِيدُ اُ۬لْقُو۪ىٰ ﰄ
4768,53,6,27,526,النَّجم,An-Najm,ذُو مِرَّةٖۖ فَاسْتَو۪ىٰ ﰅ
4769,53,7,27,526,النَّجم,An-Najm,وَهُوَ بِالُافُقِ اِ۬لَاعْل۪ىٰۖ ﰆ
4770,53,8,27,526,النَّجم,An-Najm,ثُمَّ دَنَا فَتَدَلّ۪ىٰ ﰇ
4771,53,9,27,526,النَّجم,An-Najm,فَكَانَ قَابَ قَوْسَيْنِ أَوَ اَدْن۪ىٰۖ ﰈ
4772,53,10,27,526,النَّجم,An-Najm,فَأَوْح۪ىٰٓ إِلَىٰ عَبْدِهِۦ مَآ أَوْح۪ىٰۖ ﰉ
4773,53,11,27,526,النَّجم,An-Najm,مَا كَذَبَ اَ۬لْفُؤَادُ مَا ر۪أ۪ىٰٓۖ ﰊ
4774,53,12,27,526,النَّجم,An-Najm,أَفَتُمَٰرُونَهُۥ عَلَىٰ مَا يَر۪ىٰۖ ﰋ
4775,53,13,27,526,النَّجم,An-Najm,وَلَقَدْ ر۪ء۪اهُ نَزْلَةً ا۟خْر۪ىٰ ﰌ
4776,53,14,27,526,النَّجم,An-Najm,عِندَ سِدْرَةِ اِ۬لْمُنتَه۪ىٰ ﰍ
4777,53,15,27,526,النَّجم,An-Najm,عِندَهَا جَنَّةُ اُ۬لْمَأْو۪ىٰٓ ﰎ
4778,53,16,27,526,النَّجم,An-Najm,إِذْ يَغْشَى اَ۬لسِّدْرَةَ مَا يَغْش۪ىٰۖ ﰏ
4779,53,17,27,526,النَّجم,An-Najm,مَا زَاغَ اَ۬لْبَصَرُ وَمَا طَغ۪ىٰۖ ﰐ
4780,53,18,27,526,النَّجم,An-Najm,لَقَدْ ر۪أ۪ىٰ مِنَ اٰيَٰتِ رَبِّهِ اِ۬لْكُبْر۪ىٰٓۖ ﰑ
4781,53,19,27,526,النَّجم,An-Najm,أَفَرَٰٓيْتُمُ اُ۬للَّٰتَ وَالْعُزّ۪ىٰ ﰒ
4782,53,20,27,526,النَّجم,An-Najm,وَمَنَوٰةَ اَ۬لثَّالِثَةَ اَ۬لُاخْر۪ىٰٓ ﰓ
4783,53,21,27,526,النَّجم,An-Najm,أَلَكُمُ اُ۬لذَّكَرُ وَلَهُ اُ۬لُانث۪ىٰۖ ﰔ
4784,53,22,27,526,النَّجم,An-Najm,تِلْكَ إِذاٗ قِسْمَةٞ ضِيز۪ىٰٓۖ ﰕ
4785,53,23,27,526,النَّجم,An-Najm,إِنْ هِيَ إِلَّآ أَسْمَآءٞ سَمَّيْتُمُوهَآ أَنتُمْ وَءَابَآؤُكُم مَّآ أَنزَلَ اَ۬للَّهُ بِهَا مِن سُلْطَٰنٍۖ اِنْ يَّتَّبِعُونَ إِلَّا اَ۬لظَّنَّ وَمَا تَهْوَى اَ۬لَانفُسُۖ وَلَقَدْ جَآءَهُم مِّن رَّبِّهِمُ اُ۬لْهُد۪ىٰٓۖ ﰖ
4786,53,24,27,526,النَّجم,An-Najm,أَمْ لِلِانسَٰنِ مَا تَمَنّ۪ىٰۖ ﰗ
4787,53,25,27,526,النَّجم,An-Najm,فَلِلهِ اِ۬لَاخِرَةُ وَالُاول۪ىٰۖ ﰘ
4788,53,26,27,526,النَّجم,An-Najm,۞ وَكَم مِّن مَّلَكٖ فِے اِ۬لسَّمَٰوَٰتِ لَا تُغْنِے شَفَٰعَتُهُمْ شَئْاً اِلَّا مِنۢ بَعْدِ أَنْ يَّاذَنَ اَ۬للَّهُ لِمَنْ يَّشَآءُ وَيَرْض۪ىٰٓۖ ﰙ
4789,53,27,27,527,النَّجم,An-Najm,إِنَّ اَ۬لذِينَ لَا يُومِنُونَ بِالَاخِرَةِ لَيُسَمُّونَ اَ۬لْمَلَٰٓئِكَةَ تَسْمِيَةَ اَ۬لُانث۪ىٰۖ ﰚ
4790,53,28,27,527,النَّجم,An-Najm,وَمَا لَهُم بِهِۦ مِنْ عِلْمٍۖ اِنْ يَّتَّبِعُونَ إِلَّا اَ۬لظَّنَّۖ وَإِنَّ اَ۬لظَّنَّ لَا يُغْنِے مِنَ اَ۬لْحَقِّ شَئْاٗۖ فَأَعْرِضْ عَن مَّن تَوَلّ۪ىٰ عَن ذِكْرِنَا وَلَمْ يُرِدِ اِلَّا اَ۬لْحَيَوٰةَ اَ۬لدُّنْي۪اۖ ﰛ
4791,53,29,27,527,النَّجم,An-Najm,ذَٰلِكَ مَبْلَغُهُم مِّنَ اَ۬لْعِلْمِۖ إِنَّ رَبَّكَ هُوَ أَعْلَمُ بِمَن ضَلَّ عَن سَبِيلِهِۦۖ وَهُوَ أَعْلَمُ بِمَنِ اِ۪هْتَد۪ىٰۖ ﰜ
4792,53,30,27,527,النَّجم,An-Najm,وَلِلهِ مَا فِے اِ۬لسَّمَٰوَٰتِ وَمَا فِے اِ۬لَارْضِ لِيَجْزِيَ اَ۬لذِينَ أَسَٰٓـُٔواْ بِمَا عَمِلُواْ وَيَجْزِيَ اَ۬لذِينَ أَحْسَنُواْ بِالْحُسْنَىۖ ﰝ
4793,53,31,27,527,النَّجم,An-Najm,اَ۬لذِينَ يَجْتَنِبُونَ كَبَٰٓئِرَ اَ۬لِاثْمِ وَالْفَوَٰحِشَ إِلَّا اَ۬للَّمَمَۖ إِنَّ رَبَّكَ وَٰسِعُ اُ۬لْمَغْفِرَةِۖ هُوَ أَعْلَمُ بِكُمُۥٓ إِذَ اَنشَأَكُم مِّنَ اَ۬لَارْضِ وَإِذَ اَنتُمُۥٓ أَجِنَّةٞ فِے بُطُونِ أُمَّهَٰتِكُمْۖ فَلَا تُزَكُّوٓاْ أَنفُسَكُمْۖ هُوَ أَعْلَمُ بِمَنِ اِ۪تَّق۪ىٰٓۖ ﰞ
4794,53,32,27,527,النَّجم,An-Najm,أَفَرَٰٓيْتَ اَ۬لذِے تَوَلّ۪ىٰ ﰟ
4795,53,33,27,527,النَّجم,An-Najm,وَأَعْط۪ىٰ قَلِيلاٗ وَأَكْد۪ىٰٓ ﰠ
4796,53,34,27,527,النَّجم,An-Najm,أَعِندَهُۥ عِلْمُ اُ۬لْغَيْبِ فَهُوَ يَر۪ىٰٓۖ ﰡ
4797,53,35,27,527,النَّجم,An-Najm,أَمْ لَمْ يُنَبَّأْ بِمَا فِے صُحُفِ مُوس۪ىٰ ﰢ
4798,53,36,27,527,النَّجم,An-Najm,وَإِبْرَٰهِيمَ اَ۬لذِے وَفّ۪ىٰٓ ﰣ
4799,53,37,27,527,النَّجم,An-Najm,أَلَّا تَزِرُ وَازِرَةٞ وِزْرَ أُخْر۪ىٰۖ ﰤ
4800,53,38,27,527,النَّجم,An-Najm,وَأَن لَّيْسَ لِلِانسَٰنِ إِلَّا مَا سَع۪ىٰۖ ﰥ
4801,53,39,27,527,النَّجم,An-Najm,وَأَنَّ سَعْيَهُۥ سَوْفَ يُر۪ىٰۖ ﰦ
4802,53,40,27,527,النَّجم,An-Najm,ثُمَّ يُجْز۪يٰهُ اُ۬لْجَزَآءَ اَ۬لَاوْف۪ىٰۖ ﰧ
4803,53,41,27,527,النَّجم,An-Najm,وَأَنَّ إِلَىٰ رَبِّكَ اَ۬لْمُنتَه۪ىٰۖ ﰨ
4804,53,42,27,527,النَّجم,An-Najm,وَأَنَّهُۥ هُوَ أَضْحَكَ وَأَبْك۪ىٰۖ ﰩ
4805,53,43,27,527,النَّجم,An-Najm,وَأَنَّهُۥ هُوَ أَمَاتَ وَأَحْي۪اۖ ﰪ
4806,53,44,27,528,النَّجم,An-Najm,وَأَنَّهُۥ خَلَقَ اَ۬لزَّوْجَيْنِ اِ۬لذَّكَرَ وَالُانث۪ىٰ ﰫ
4807,53,45,27,528,النَّجم,An-Najm,مِن نُّطْفَةٍ اِذَا تُمْن۪ىٰۖ ﰬ
4808,53,46,27,528,النَّجم,An-Najm,۞ وَأَنَّ عَلَيْهِ اِ۬لنَّشْأَةَ اَ۬لُاخْر۪ىٰۖ ﰭ
4809,53,47,27,528,النَّجم,An-Najm,وَأَنَّهُۥ هُوَ أَغْن۪ىٰ وَأَقْن۪ىٰۖ ﰮ
4810,53,48,27,528,النَّجم,An-Najm,وَأَنَّهُۥ هُوَ رَبُّ اُ۬لشِّعْر۪ىٰۖ ﰯ
4811,53,49,27,528,النَّجم,An-Najm,وَأَنَّهُۥٓ أَهْلَكَ عَاداٗ اَ۬لُّاول۪ىٰ ﰰ
4812,53,50,27,528,النَّجم,An-Najm,وَثَمُوداٗ فَمَآ أَبْق۪ىٰ ﰱ
4813,53,51,27,528,النَّجم,An-Najm,وَقَوْمَ نُوحٖ مِّن قَبْلُۖ إِنَّهُمْ كَانُواْ هُمُۥٓ أَظْلَمَ وَأَطْغ۪ىٰۖ ﰲ
4814,53,52,27,528,النَّجم,An-Najm,وَالْمُوتَفِكَةَ أَهْو۪ىٰۖ ﰳ
4815,53,53,27,528,النَّجم,An-Najm,فَغَشّ۪يٰهَا مَا غَشّ۪ىٰۖ ﰴ
4816,53,54,27,528,النَّجم,An-Najm,فَبِأَيِّ ءَالَآءِ رَبِّكَ تَتَمَار۪ىٰۖ ﰵ
4817,53,55,27,528,النَّجم,An-Najm,هَٰذَا نَذِيرٞ مِّنَ اَ۬لنُّذُرِ اِ۬لُاول۪ىٰٓۖ ﰶ
4818,53,56,27,528,النَّجم,An-Najm,أَزِفَتِ اِ۬لَازِفَةُۖ ﰷ
4819,53,57,27,528,النَّجم,An-Najm,لَيْسَ لَهَا مِن دُونِ اِ۬للَّهِ كَاشِفَةٌۖ ﰸ
4820,53,58,27,528,النَّجم,An-Najm,اَفَمِنْ هَٰذَا اَ۬لْحَدِيثِ تَعْجَبُونَ ﰹ
4821,53,59,27,528,النَّجم,An-Najm,وَتَضْحَكُونَ وَلَا تَبْكُونَ ﰺ
4822,53,60,27,528,النَّجم,An-Najm,وَأَنتُمْ سَٰمِدُونَۖ ﰻ
4823,53,61,27,528,النَّجم,An-Najm,فَاسْجُدُواْ لِلهِ وَاعْبُدُواْۖ۩ ﰼ
4824,54,1,27,528,القَمَر,Al-Qamar,اُ۪قْتَرَبَتِ اِ۬لسَّاعَةُ وَانشَقَّ اَ۬لْقَمَرُۖ ﰀ
4825,54,2,27,528,القَمَر,Al-Qamar,وَإِنْ يَّرَوَاْ اٰيَةٗ يُعْرِضُواْ وَيَقُولُواْ سِحْرٞ مُّسْتَمِرّٞۖ ﰁ
4826,54,3,27,528,القَمَر,Al-Qamar,وَكَذَّبُواْ وَاتَّبَعُوٓاْ أَهْوَآءَهُمْۖ وَكُلُّ أَمْرٖ مُّسْتَقِرّٞۖ ﰂ
4827,54,4,27,528,القَمَر,Al-Qamar,وَلَقَدْ جَآءَهُم مِّنَ اَ۬لَانۢبَآءِ مَا فِيهِ مُزْدَجَرٌۖ ﰃ
4828,54,5,27,528,القَمَر,Al-Qamar,حِكْمَةُۢ بَٰلِغَةٞۖ فَمَا تُغْنِ اِ۬لنُّذُرُۖ ﰄ
4829,54,6,27,528,القَمَر,Al-Qamar,فَتَوَلَّ عَنْهُمْۖ يَوْمَ يَدْعُ اُ۬لدَّاعِۦٓ إِلَىٰ شَےْءٖ نُّكُرٍ ﰅ
4830,54,7,27,529,القَمَر,Al-Qamar,خُشَّعاً اَبْصَٰرُهُمْ يَخْرُجُونَ مِنَ اَ۬لَاجْدَاثِ كَأَنَّهُمْ جَرَادٞ مُّنتَشِرٞ ﰆ
4831,54,8,27,529,القَمَر,Al-Qamar,مُّهْطِعِينَ إِلَى اَ۬لدَّاعِۦۖ يَقُولُ اُ۬لْكَٰفِرُونَ هَٰذَا يَوْمٌ عَسِرٞۖ ﰇ
4832,54,9,27,529,القَمَر,Al-Qamar,كَذَّبَتْ قَبْلَهُمْ قَوْمُ نُوحٖ فَكَذَّبُواْ عَبْدَنَا وَقَالُواْ مَجْنُونٞ وَازْدُجِرَۖ ﰈ
4833,54,10,27,529,القَمَر,Al-Qamar,۞ فَدَعَا رَبَّهُۥٓ أَنِّے مَغْلُوبٞ فَانتَصِرْۖ ﰉ
4834,54,11,27,529,القَمَر,Al-Qamar,فَفَتَحْنَآ أَبْوَٰبَ اَ۬لسَّمَآءِ بِمَآءٖ مُّنْهَمِرٖۖ ﰊ
4835,54,12,27,529,القَمَر,Al-Qamar,وَفَجَّرْنَا اَ۬لَارْضَ عُيُوناٗ فَالْتَقَى اَ۬لْمَآءُ عَلَىٰٓ أَمْرٖ قَدْ قُدِرَۖ ﰋ
4836,54,13,27,529,القَمَر,Al-Qamar,وَحَمَلْنَٰهُ عَلَىٰ ذَاتِ أَلْوَٰحٖ وَدُسُرٖۖ ﰌ
4837,54,14,27,529,القَمَر,Al-Qamar,تَجْرِے بِأَعْيُنِنَا جَزَآءٗ لِّمَن كَانَ كُفِرَۖ ﰍ
4838,54,15,27,529,القَمَر,Al-Qamar,وَلَقَد تَّرَكْنَٰهَآ ءَايَةٗ فَهَلْ مِن مُّدَّكِرٖۖ ﰎ
4839,54,16,27,529,القَمَر,Al-Qamar,فَكَيْفَ كَانَ عَذَابِے وَنُذُرِۦۖ ﰏ
4840,54,17,27,529,القَمَر,Al-Qamar,وَلَقَدْ يَسَّرْنَا اَ۬لْقُرْءَانَ لِلذِّكْرِ فَهَلْ مِن مُّدَّكِرٖۖ ﰐ
4841,54,18,27,529,القَمَر,Al-Qamar,كَذَّبَتْ عَادٞ فَكَيْفَ كَانَ عَذَابِے وَنُذُرِۦٓۖ ﰑ
4842,54,19,27,529,القَمَر,Al-Qamar,إِنَّآ أَرْسَلْنَا عَلَيْهِمْ رِيحاٗ صَرْصَراٗ فِے يَوْمِ نَحْسٖ مُّسْتَمِرّٖ ﰒ
4843,54,20,27,529,القَمَر,Al-Qamar,تَنزِعُ اُ۬لنَّاسَ كَأَنَّهُمُۥٓ أَعْجَازُ نَخْلٖ مُّنقَعِرٖۖ ﰓ
4844,54,21,27,529,القَمَر,Al-Qamar,فَكَيْفَ كَانَ عَذَابِے وَنُذُرِۦۖ ﰔ
4845,54,22,27,529,القَمَر,Al-Qamar,وَلَقَدْ يَسَّرْنَا اَ۬لْقُرْءَانَ لِلذِّكْرِ فَهَلْ مِن مُّدَّكِرٖۖ ﰕ
4846,54,23,27,529,القَمَر,Al-Qamar,كَذَّبَتْ ثَمُودُ بِالنُّذُرِۖ ﰖ
4847,54,24,27,529,القَمَر,Al-Qamar,فَقَالُوٓاْ أَبَشَراٗ مِّنَّا وَٰحِداٗ نَّتَّبِعُهُۥٓ إِنَّآ إِذاٗ لَّفِے ضَلَٰلٖ وَسُعُرٍ ﰗ
4848,54,25,27,529,القَمَر,Al-Qamar,اَ۟لْقِيَ اَ۬لذِّكْرُ عَلَيْهِ مِنۢ بَيْنِنَا بَلْ هُوَ كَذَّابٌ اَشِرٞۖ ﰘ
4849,54,26,27,529,القَمَر,Al-Qamar,سَيَعْلَمُونَ غَداٗ مَّنِ اِ۬لْكَذَّابُ اُ۬لَاشِرُۖ ﰙ
4850,54,27,27,529,القَمَر,Al-Qamar,إِنَّا مُرْسِلُواْ اُ۬لنَّاقَةِ فِتْنَةٗ لَّهُمْ فَارْتَقِبْهُمْ وَاصْطَبِرْۖ ﰚ
4851,54,28,27,530,القَمَر,Al-Qamar,وَنَبِّئْهُمُۥٓ أَنَّ اَ۬لْمَآءَ قِسْمَةُۢ بَيْنَهُمْۖ كُلُّ شِرْبٖ مُّحْتَضَرٞۖ ﰛ
4852,54,29,27,530,القَمَر,Al-Qamar,فَنَادَوْاْ صَٰحِبَهُمْ فَتَعَاط۪ىٰ فَعَقَرَۖ ﰜ
4853,54,30,27,530,القَمَر,Al-Qamar,فَكَيْفَ كَانَ عَذَابِے وَنُذُرِۦٓۖ ﰝ
4854,54,31,27,530,القَمَر,Al-Qamar,إِنَّآ أَرْسَلْنَا عَلَيْهِمْ صَيْحَةٗ وَٰحِدَةٗ فَكَانُواْ كَهَشِيمِ اِ۬لْمُحْتَظِرِۖ ﰞ
4855,54,32,27,530,القَمَر,Al-Qamar,وَلَقَدْ يَسَّرْنَا اَ۬لْقُرْءَانَ لِلذِّكْرِ فَهَلْ مِن مُّدَّكِرٖۖ ﰟ
4856,54,33,27,530,القَمَر,Al-Qamar,كَذَّبَتْ قَوْمُ لُوطِۢ بِالنُّذُرِۖ ﰠ
4857,54,34,27,530,القَمَر,Al-Qamar,إِنَّآ أَرْسَلْنَا عَلَيْهِمْ حَاصِباً اِلَّآ ءَالَ لُوطٖ نَّجَّيْنَٰهُم بِسَحَرٖۖ ﰡ
4858,54,35,27,530,القَمَر,Al-Qamar,نِّعْمَةٗ مِّنْ عِندِنَاۖ كَذَٰلِكَ نَجْزِے مَن شَكَرَۖ ﰢ
4859,54,36,27,530,القَمَر,Al-Qamar,وَلَقَدَ اَنذَرَهُم بَطْشَتَنَا فَتَمَارَوْاْ بِالنُّذُرِۖ ﰣ
4860,54,37,27,530,القَمَر,Al-Qamar,۞ وَلَقَدْ رَٰوَدُوهُ عَن ضَيْفِهِۦ فَطَمَسْنَآ أَعْيُنَهُمْ فَذُوقُواْ عَذَابِے وَنُذُرِۦۖ ﰤ
4861,54,38,27,530,القَمَر,Al-Qamar,وَلَقَدْ صَبَّحَهُم بُكْرَةً عَذَابٞ مُّسْتَقِرّٞۖ ﰥ
4862,54,39,27,530,القَمَر,Al-Qamar,فَذُوقُواْ عَذَابِے وَنُذُرِۦۖ ﰦ
4863,54,40,27,530,القَمَر,Al-Qamar,وَلَقَدْ يَسَّرْنَا اَ۬لْقُرْءَانَ لِلذِّكْرِ فَهَلْ مِن مُّدَّكِرٖۖ ﰧ
4864,54,41,27,530,القَمَر,Al-Qamar,وَلَقَدْ جَآءَ ا۟لَ فِرْعَوْنَ اَ۬لنُّذُرُۖ ﰨ
4865,54,42,27,530,القَمَر,Al-Qamar,كَذَّبُواْ بِـَٔايَٰتِنَا كُلِّهَا فَأَخَذْنَٰهُمُۥٓ أَخْذَ عَزِيزٖ مُّقْتَدِرٍۖ ﰩ
4866,54,43,27,530,القَمَر,Al-Qamar,اَكُفَّارُكُمْ خَيْرٞ مِّنُ ا۟وْلَٰٓئِكُمُۥٓ أَمْ لَكُم بَرَآءَةٞ فِے اِ۬لزُّبُرِۖ ﰪ
4867,54,44,27,530,القَمَر,Al-Qamar,أَمْ يَقُولُونَ نَحْنُ جَمِيعٞ مُّنتَصِرٞۖ ﰫ
4868,54,45,27,530,القَمَر,Al-Qamar,سَيُهْزَمُ اُ۬لْجَمْعُ وَيُوَلُّونَ اَ۬لدُّبُرَۖ ﰬ
4869,54,46,27,530,القَمَر,Al-Qamar,بَلِ اِ۬لسَّاعَةُ مَوْعِدُهُمْۖ وَالسَّاعَةُ أَدْه۪ىٰ وَأَمَرُّۖ ﰭ
4870,54,47,27,530,القَمَر,Al-Qamar,إِنَّ اَ۬لْمُجْرِمِينَ فِے ضَلَٰلٖ وَسُعُرٖ ﰮ
4871,54,48,27,530,القَمَر,Al-Qamar,يَوْمَ يُسْحَبُونَ فِے اِ۬لنّ۪ارِ عَلَىٰ وُجُوهِهِمْ ذُوقُواْ مَسَّ سَقَرَۖ ﰯ
4872,54,49,27,530,القَمَر,Al-Qamar,إِنَّا كُلَّ شَےْءٍ خَلَقْنَٰهُ بِقَدَرٖۖ ﰰ
4873,54,50,27,531,القَمَر,Al-Qamar,وَمَآ أَمْرُنَآ إِلَّا وَٰحِدَةٞ كَلَمْحِۢ بِالْبَصَرِۖ ﰱ
4874,54,51,27,531,القَمَر,Al-Qamar,وَلَقَدَ اَهْلَكْنَآ أَشْيَاعَكُمْ فَهَلْ مِن مُّدَّكِرٖۖ ﰲ
4875,54,52,27,531,القَمَر,Al-Qamar,وَكُلُّ شَےْءٖ فَعَلُوهُ فِے اِ۬لزُّبُرِۖ ﰳ
4876,54,53,27,531,القَمَر,Al-Qamar,وَكُلُّ صَغِيرٖ وَكَبِيرٖ مُّسْتَطَرٌۖ ﰴ
4877,54,54,27,531,القَمَر,Al-Qamar,اِنَّ اَ۬لْمُتَّقِينَ فِے جَنَّٰتٖ وَنَهَرٖ ﰵ
4878,54,55,27,531,القَمَر,Al-Qamar,فِے مَقْعَدِ صِدْقٍ عِندَ مَلِيكٖ مُّقْتَدِرٍۖ ﰶ
4879,55,1,27,531,الرَّحمٰن,Ar-Raḥmān,اِ۬لرَّحْمَٰنُ عَلَّمَ اَ۬لْقُرْءَانَۖ ﰀ
4880,55,2,27,531,الرَّحمٰن,Ar-Raḥmān,خَلَقَ اَ۬لِانسَٰنَ عَلَّمَهُ اُ۬لْبَيَانَۖ ﰁ
4881,55,3,27,531,الرَّحمٰن,Ar-Raḥmān,اَ۬لشَّمْسُ وَالْقَمَرُ بِحُسْبَانٖۖ ﰂ
4882,55,4,27,531,الرَّحمٰن,Ar-Raḥmān,وَالنَّجْمُ وَالشَّجَرُ يَسْجُدَٰنِۖ ﰃ
4883,55,5,27,531,الرَّحمٰن,Ar-Raḥmān,وَالسَّمَآءَ رَفَعَهَا وَوَضَعَ اَ۬لْمِيزَانَ ﰄ
4884,55,6,27,531,الرَّحمٰن,Ar-Raḥmān,أَلَّا تَطْغَوْاْ فِے اِ۬لْمِيزَانِ ﰅ
4885,55,7,27,531,الرَّحمٰن,Ar-Raḥmān,وَأَقِيمُواْ اُ۬لْوَزْنَ بِالْقِسْطِ وَلَا تُخْسِرُواْ اُ۬لْمِيزَانَۖ ﰆ
4886,55,8,27,531,الرَّحمٰن,Ar-Raḥmān,وَالَارْضَ وَضَعَهَا لِلَانَامِ ﰇ
4887,55,9,27,531,الرَّحمٰن,Ar-Raḥmān,فِيهَا فَٰكِهَةٞ وَالنَّخْلُ ذَاتُ اُ۬لَاكْمَامِ ﰈ
4888,55,10,27,531,الرَّحمٰن,Ar-Raḥmān,وَالْحَبُّ ذُو اُ۬لْعَصْفِ وَالرَّيْحَانُۖ ﰉ
4889,55,11,27,531,الرَّحمٰن,Ar-Raḥmān,فَبِأَيِّ ءَالَآءِ رَبِّكُمَا تُكَذِّبَانِۖ ﰊ
4890,55,12,27,531,الرَّحمٰن,Ar-Raḥmān,خَلَقَ اَ۬لِانسَٰنَ مِن صَلْصَٰلٖ كَالْفَخّ۪ارِ ﰋ
4891,55,13,27,531,الرَّحمٰن,Ar-Raḥmān,وَخَلَقَ اَ۬لْجَآنَّ مِن مَّارِجٖ مِّن نّ۪ارٖۖ ﰌ
4892,55,14,27,531,الرَّحمٰن,Ar-Raḥmān,فَبِأَيِّ ءَالَآءِ رَبِّكُمَا تُكَذِّبَانِۖ ﰍ
4893,55,15,27,531,الرَّحمٰن,Ar-Raḥmān,رَبُّ اُ۬لْمَشْرِقَيْنِ وَرَبُّ اُ۬لْمَغْرِبَيْنِۖ ﰎ
4894,55,16,27,531,الرَّحمٰن,Ar-Raḥmān,فَبِأَيِّ ءَالَآءِ رَبِّكُمَا تُكَذِّبَانِۖ ﰏ
4895,55,17,27,532,الرَّحمٰن,Ar-Raḥmān,مَرَجَ اَ۬لْبَحْرَيْنِ يَلْتَقِيَٰنِ ﰐ
4896,55,18,27,532,الرَّحمٰن,Ar-Raḥmān,بَيْنَهُمَا بَرْزَخٞ لَّا يَبْغِيَٰنِۖ ﰑ
4897,55,19,27,532,الرَّحمٰن,Ar-Raḥmān,فَبِأَيِّ ءَالَآءِ رَبِّكُمَا تُكَذِّبَانِۖ ﰒ
4898,55,20,27,532,الرَّحمٰن,Ar-Raḥmān,يُخْرَجُ مِنْهُمَا اَ۬للُّؤْلُؤُاْ وَالْمَرْجَانُۖ ﰓ
4899,55,21,27,532,الرَّحمٰن,Ar-Raḥmān,فَبِأَيِّ ءَالَآءِ رَبِّكُمَا تُكَذِّبَانِۖ ﰔ
4900,55,22,27,532,الرَّحمٰن,Ar-Raḥmān,وَلَهُ اُ۬لْجَوَارِ اِ۬لْمُنشَأَٰتُ فِے اِ۬لْبَحْرِ كَالَاعْلَٰمِۖ ﰕ
4901,55,23,27,532,الرَّحمٰن,Ar-Raḥmān,فَبِأَيِّ ءَالَآءِ رَبِّكُمَا تُكَذِّبَانِۖ ﰖ
4902,55,24,27,532,الرَّحمٰن,Ar-Raḥmān,كُلُّ مَنْ عَلَيْهَا فَانٖ ﰗ
4903,55,25,27,532,الرَّحمٰن,Ar-Raḥmān,وَيَبْق۪ىٰ وَجْهُ رَبِّكَ ذُو اُ۬لْجَلَٰلِ وَالِاكْرَامِۖ ﰘ
4904,55,26,27,532,الرَّحمٰن,Ar-Raḥmān,فَبِأَيِّ ءَالَآءِ رَبِّكُمَا تُكَذِّبَانِۖ ﰙ
4905,55,27,27,532,الرَّحمٰن,Ar-Raḥmān,يَسْـَٔلُهُۥ مَن فِے اِ۬لسَّمَٰوَٰتِ وَالَارْضِ كُلَّ يَوْمٍ هُوَ فِے شَأْنٖۖ ﰚ
4906,55,28,27,532,الرَّحمٰن,Ar-Raḥmān,فَبِأَيِّ ءَالَآءِ رَبِّكُمَا تُكَذِّبَانِۖ ﰛ
4907,55,29,27,532,الرَّحمٰن,Ar-Raḥmān,سَنَفْرُغُ لَكُمُۥٓ أَيُّهَ اَ۬لثَّقَلَٰنِۖ ﰜ
4908,55,30,27,532,الرَّحمٰن,Ar-Raḥmān,فَبِأَيِّ ءَالَآءِ رَبِّكُمَا تُكَذِّبَانِۖ ﰝ
4909,55,31,27,532,الرَّحمٰن,Ar-Raḥmān,يَٰمَعْشَرَ اَ۬لْجِنِّ وَالِانسِ إِنِ اِ۪سْتَطَعْتُمُۥٓ أَن تَنفُذُواْ مِنَ اَقْط۪ارِ اِ۬لسَّمَٰوَٰتِ وَالَارْضِ فَانفُذُواْۖ لَا تَنفُذُونَ إِلَّا بِسُلْطَٰنٖۖ ﰞ
4910,55,32,27,532,الرَّحمٰن,Ar-Raḥmān,فَبِأَيِّ ءَالَآءِ رَبِّكُمَا تُكَذِّبَانِۖ ﰟ
4911,55,33,27,532,الرَّحمٰن,Ar-Raḥmān,يُرْسَلُ عَلَيْكُمَا شُوَاظٞ مِّن نّ۪ارٖ ﰠ
4912,55,34,27,532,الرَّحمٰن,Ar-Raḥmān,وَنُحَاسٞ فَلَا تَنتَصِرَٰنِۖ ﰡ
4913,55,35,27,532,الرَّحمٰن,Ar-Raḥmān,فَبِأَيِّ ءَالَآءِ رَبِّكُمَا تُكَذِّبَانِۖ ﰢ
4914,55,36,27,532,الرَّحمٰن,Ar-Raḥmān,فَإِذَا اَ۪نشَقَّتِ اِ۬لسَّمَآءُ فَكَانَتْ وَرْدَةٗ كَالدِّهَانِ ﰣ
4915,55,37,27,532,الرَّحمٰن,Ar-Raḥmān,فَبِأَيِّ ءَالَآءِ رَبِّكُمَا تُكَذِّبَانِ ﰤ
4916,55,38,27,532,الرَّحمٰن,Ar-Raḥmān,فَيَوْمَئِذٖ لَّا يُسْـَٔلُ عَن ذَنۢبِهِۦٓ إِنسٞ وَلَا جَآنّٞۖ ﰥ
4917,55,39,27,532,الرَّحمٰن,Ar-Raḥmān,فَبِأَيِّ ءَالَآءِ رَبِّكُمَا تُكَذِّبَانِۖ ﰦ
4918,55,40,27,532,الرَّحمٰن,Ar-Raḥmān,۞ يُعْرَفُ اُ۬لْمُجْرِمُونَ بِسِيمٰ۪هُمْ فَيُوخَذُ بِالنَّوَٰصِے وَالَاقْدَامِۖ ﰧ
4919,55,41,27,533,الرَّحمٰن,Ar-Raḥmān,فَبِأَيِّ ءَالَآءِ رَبِّكُمَا تُكَذِّبَانِۖ ﰨ
4920,55,42,27,533,الرَّحمٰن,Ar-Raḥmān,هَٰذِهِۦ جَهَنَّمُ اُ۬لتِے يُكَذِّبُ بِهَا اَ۬لْمُجْرِمُونَ ﰩ
4921,55,43,27,533,الرَّحمٰن,Ar-Raḥmān,يَطُوفُونَ بَيْنَهَا وَبَيْنَ حَمِيمٍ اٰنٖۖ ﰪ
4922,55,44,27,533,الرَّحمٰن,Ar-Raḥmān,فَبِأَيِّ ءَالَآءِ رَبِّكُمَا تُكَذِّبَانِۖ ﰫ
4923,55,45,27,533,الرَّحمٰن,Ar-Raḥmān,وَلِمَنْ خَافَ مَقَامَ رَبِّهِۦ جَنَّتَٰنِ ﰬ
4924,55,46,27,533,الرَّحمٰن,Ar-Raḥmān,فَبِأَيِّ ءَالَآءِ رَبِّكُمَا تُكَذِّبَانِ ﰭ
4925,55,47,27,533,الرَّحمٰن,Ar-Raḥmān,ذَوَاتَآ أَفْنَانٖۖ ﰮ
4926,55,48,27,533,الرَّحمٰن,Ar-Raḥmān,فَبِأَيِّ ءَالَآءِ رَبِّكُمَا تُكَذِّبَانِۖ ﰯ
4927,55,49,27,533,الرَّحمٰن,Ar-Raḥmān,فِيهِمَا عَيْنَٰنِ تَجْرِيَٰنِۖ ﰰ
4928,55,50,27,533,الرَّحمٰن,Ar-Raḥmān,فَبِأَيِّ ءَالَآءِ رَبِّكُمَا تُكَذِّبَانِۖ ﰱ
4929,55,51,27,533,الرَّحمٰن,Ar-Raḥmān,فِيهِمَا مِن كُلِّ فَٰكِهَةٖ زَوْجَٰنِۖ ﰲ
4930,55,52,27,533,الرَّحمٰن,Ar-Raḥmān,فَبِأَيِّ ءَالَآءِ رَبِّكُمَا تُكَذِّبَانِۖ ﰳ
4931,55,53,27,533,الرَّحمٰن,Ar-Raḥmān,مُتَّكِـِٕينَ عَلَىٰ فُرُشِۢ بَطَآئِنُهَا مِنِ اِسْتَبْرَقٖ وَجَنَا اَ۬لْجَنَّتَيْنِ دَانٖۖ ﰴ
4932,55,54,27,533,الرَّحمٰن,Ar-Raḥmān,فَبِأَيِّ ءَالَآءِ رَبِّكُمَا تُكَذِّبَانِۖ ﰵ
4933,55,55,27,533,الرَّحمٰن,Ar-Raḥmān,فِيهِنَّ قَٰصِرَٰتُ اُ۬لطَّرْفِ لَمْ يَطْمِثْهُنَّ إِنسٞ قَبْلَهُمْ وَلَا جَآنّٞۖ ﰶ
4934,55,56,27,533,الرَّحمٰن,Ar-Raḥmān,فَبِأَيِّ ءَالَآءِ رَبِّكُمَا تُكَذِّبَانِۖ ﰷ
4935,55,57,27,533,الرَّحمٰن,Ar-Raḥmān,كَأَنَّهُنَّ اَ۬لْيَاقُوتُ وَالْمَرْجَانُۖ ﰸ
4936,55,58,27,533,الرَّحمٰن,Ar-Raḥmān,فَبِأَيِّ ءَالَآءِ رَبِّكُمَا تُكَذِّبَانِۖ ﰹ
4937,55,59,27,533,الرَّحمٰن,Ar-Raḥmān,هَلْ جَزَآءُ اُ۬لِاحْسَٰنِ إِلَّا اَ۬لِاحْسَٰنُۖ ﰺ
4938,55,60,27,533,الرَّحمٰن,Ar-Raḥmān,فَبِأَيِّ ءَالَآءِ رَبِّكُمَا تُكَذِّبَانِۖ ﰻ
4939,55,61,27,533,الرَّحمٰن,Ar-Raḥmān,وَمِن دُونِهِمَا جَنَّتَٰنِ ﰼ
4940,55,62,27,533,الرَّحمٰن,Ar-Raḥmān,فَبِأَيِّ ءَالَآءِ رَبِّكُمَا تُكَذِّبَانِ ﰽ
4941,55,63,27,533,الرَّحمٰن,Ar-Raḥmān,مُدْهَآمَّتَٰنِۖ ﰾ
4942,55,64,27,533,الرَّحمٰن,Ar-Raḥmān,فَبِأَيِّ ءَالَآءِ رَبِّكُمَا تُكَذِّبَانِۖ ﰿ
4943,55,65,27,533,الرَّحمٰن,Ar-Raḥmān,فِيهِمَا عَيْنَٰنِ نَضَّاخَتَٰنِۖ ﱀ
4944,55,66,27,533,الرَّحمٰن,Ar-Raḥmān,فَبِأَيِّ ءَالَآءِ رَبِّكُمَا تُكَذِّبَانِۖ ﱁ
4945,55,67,27,533,الرَّحمٰن,Ar-Raḥmān,فِيهِمَا فَٰكِهَةٞ وَنَخْلٞ وَرُمَّانٞۖ ﱂ
4946,55,68,27,533,الرَّحمٰن,Ar-Raḥmān,فَبِأَيِّ ءَالَآءِ رَبِّكُمَا تُكَذِّبَانِۖ ﱃ
4947,55,69,27,534,الرَّحمٰن,Ar-Raḥmān,فِيهِنَّ خَيْرَٰتٌ حِسَانٞۖ ﱄ
4948,55,70,27,534,الرَّحمٰن,Ar-Raḥmān,فَبِأَيِّ ءَالَآءِ رَبِّكُمَا تُكَذِّبَانِۖ ﱅ
4949,55,71,27,534,الرَّحمٰن,Ar-Raḥmān,حُورٞ مَّقْصُورَٰتٞ فِے اِ۬لْخِيَامِۖ ﱆ
4950,55,72,27,534,الرَّحمٰن,Ar-Raḥmān,فَبِأَيِّ ءَالَآءِ رَبِّكُمَا تُكَذِّبَانِۖ ﱇ
4951,55,73,27,534,الرَّحمٰن,Ar-Raḥmān,لَمْ يَطْمِثْهُنَّ إِنسٞ قَبْلَهُمْ وَلَا جَآنّٞۖ ﱈ
4952,55,74,27,534,الرَّحمٰن,Ar-Raḥmān,فَبِأَيِّ ءَالَآءِ رَبِّكُمَا تُكَذِّبَانِۖ ﱉ
4953,55,75,27,534,الرَّحمٰن,Ar-Raḥmān,مُتَّكِـِٕينَ عَلَىٰ رَفْرَفٍ خُضْرٖ وَعَبْقَرِيٍّ حِسَانٖۖ ﱊ
4954,55,76,27,534,الرَّحمٰن,Ar-Raḥmān,فَبِأَيِّ ءَالَآءِ رَبِّكُمَا تُكَذِّبَانِۖ ﱋ
4955,55,77,27,534,الرَّحمٰن,Ar-Raḥmān,تَبَٰرَكَ اَ۪سْمُ رَبِّكَ ذِے اِ۬لْجَلَٰلِ وَالِاكْرَامِۖ ﱌ
4956,56,1,27,534,الوَاقِعة,Al-Wāqi‘ah,إِذَا وَقَعَتِ اِ۬لْوَاقِعَةُ ﰀ
4957,56,2,27,534,الوَاقِعة,Al-Wāqi‘ah,لَيْسَ لِوَقْعَتِهَا كَٰذِبَةٌۖ ﰁ
4958,56,3,27,534,الوَاقِعة,Al-Wāqi‘ah,خَافِضَةٞ رَّافِعَةٌ ﰂ
4959,56,4,27,534,الوَاقِعة,Al-Wāqi‘ah,اِذَا رُجَّتِ اِ۬لَارْضُ رَجّاٗ ﰃ
4960,56,5,27,534,الوَاقِعة,Al-Wāqi‘ah,وَبُسَّتِ اِ۬لْجِبَالُ بَسّاٗ ﰄ
4961,56,6,27,534,الوَاقِعة,Al-Wāqi‘ah,فَكَانَتْ هَبَآءٗ مُّنۢبَثّاٗ ﰅ
4962,56,7,27,534,الوَاقِعة,Al-Wāqi‘ah,وَكُنتُمُۥٓ أَزْوَٰجاٗ ثَلَٰثَةٗۖ ﰆ
4963,56,8,27,534,الوَاقِعة,Al-Wāqi‘ah,فَأَصْحَٰبُ اُ۬لْمَيْمَنَةِ ﰇ
4964,56,9,27,534,الوَاقِعة,Al-Wāqi‘ah,مَآ أَصْحَٰبُ اُ۬لْمَيْمَنَةِۖ ﰈ
4965,56,10,27,534,الوَاقِعة,Al-Wāqi‘ah,وَأَصْحَٰبُ اُ۬لْمَشْـَٔمَةِ ﰉ
4966,56,11,27,534,الوَاقِعة,Al-Wāqi‘ah,مَآ أَصْحَٰبُ اُ۬لْمَشْـَٔمَةِۖ ﰊ
4967,56,12,27,534,الوَاقِعة,Al-Wāqi‘ah,وَالسَّٰبِقُونَ اَ۬لسَّٰبِقُونَۖ ﰋ
4968,56,13,27,534,الوَاقِعة,Al-Wāqi‘ah,أُوْلَٰٓئِكَ اَ۬لْمُقَرَّبُونَ ﰌ
4969,56,14,27,534,الوَاقِعة,Al-Wāqi‘ah,فِے جَنَّٰتِ اِ۬لنَّعِيمِۖ ﰍ
4970,56,15,27,534,الوَاقِعة,Al-Wāqi‘ah,ثُلَّةٞ مِّنَ اَ۬لَاوَّلِينَ ﰎ
4971,56,16,27,534,الوَاقِعة,Al-Wāqi‘ah,وَقَلِيلٞ مِّنَ اَ۬لَاخِرِينَ ﰏ
4972,56,17,27,534,الوَاقِعة,Al-Wāqi‘ah,عَلَىٰ سُرُرٖ مَّوْضُونَةٖ ﰐ
4973,56,18,27,534,الوَاقِعة,Al-Wāqi‘ah,مُّتَّكِـِٕينَ عَلَيْهَا مُتَقَٰبِلِينَۖ ﰑ
4974,56,19,27,535,الوَاقِعة,Al-Wāqi‘ah,يَطُوفُ عَلَيْهِمْ وِلْدَٰنٞ مُّخَلَّدُونَ ﰒ
4975,56,20,27,535,الوَاقِعة,Al-Wāqi‘ah,بِأَكْوَابٖ وَأَبَارِيقَ ﰓ
4976,56,21,27,535,الوَاقِعة,Al-Wāqi‘ah,وَكَأْسٖ مِّن مَّعِينٖ ﰔ
4977,56,22,27,535,الوَاقِعة,Al-Wāqi‘ah,لَّا يُصَدَّعُونَ عَنْهَا وَلَا يُنزَفُونَ ﰕ
4978,56,23,27,535,الوَاقِعة,Al-Wāqi‘ah,وَفَٰكِهَةٖ مِّمَّا يَتَخَيَّرُونَ ﰖ
4979,56,24,27,535,الوَاقِعة,Al-Wāqi‘ah,وَلَحْمِ طَيْرٖ مِّمَّا يَشْتَهُونَۖ ﰗ
4980,56,25,27,535,الوَاقِعة,Al-Wāqi‘ah,وَحُورٌ عِينٞ كَأَمْثَٰلِ اِ۬للُّؤْلُوِٕ اِ۬لْمَكْنُونِ ﰘ
4981,56,26,27,535,الوَاقِعة,Al-Wāqi‘ah,جَزَآءَۢ بِمَا كَانُواْ يَعْمَلُونَۖ ﰙ
4982,56,27,27,535,الوَاقِعة,Al-Wāqi‘ah,لَا يَسْمَعُونَ فِيهَا لَغْواٗ وَلَا تَاثِيماًۖ ﰚ
4983,56,28,27,535,الوَاقِعة,Al-Wāqi‘ah,اِلَّا قِيلاٗ سَلَٰماٗ سَلَٰماٗۖ ﰛ
4984,56,29,27,535,الوَاقِعة,Al-Wāqi‘ah,وَأَصْحَٰبُ اُ۬لْيَمِينِ مَآ أَصْحَٰبُ اُ۬لْيَمِينِۖ ﰜ
4985,56,30,27,535,الوَاقِعة,Al-Wāqi‘ah,فِے سِدْرٖ مَّخْضُودٖ ﰝ
4986,56,31,27,535,الوَاقِعة,Al-Wāqi‘ah,وَطَلْحٖ مَّنضُودٖ ﰞ
4987,56,32,27,535,الوَاقِعة,Al-Wāqi‘ah,وَظِلّٖ مَّمْدُودٖ ﰟ
4988,56,33,27,535,الوَاقِعة,Al-Wāqi‘ah,وَمَآءٖ مَّسْكُوبٖ ﰠ
4989,56,34,27,535,الوَاقِعة,Al-Wāqi‘ah,وَفَٰكِهَةٖ كَثِيرَةٖ ﰡ
4990,56,35,27,535,الوَاقِعة,Al-Wāqi‘ah,لَّا مَقْطُوعَةٖ وَلَا مَمْنُوعَةٖ ﰢ
4991,56,36,27,535,الوَاقِعة,Al-Wāqi‘ah,وَفُرُشٖ مَّرْفُوعَةٍۖ ﰣ
4992,56,37,27,535,الوَاقِعة,Al-Wāqi‘ah,اِنَّآ أَنشَأْنَٰهُنَّ إِنشَآءٗ ﰤ
4993,56,38,27,535,الوَاقِعة,Al-Wāqi‘ah,فَجَعَلْنَٰهُنَّ أَبْكَاراً ﰥ
4994,56,39,27,535,الوَاقِعة,Al-Wāqi‘ah,عُرُباً اَتْرَاباٗ ﰦ
4995,56,40,27,535,الوَاقِعة,Al-Wāqi‘ah,لِّأَصْحَٰبِ اِ۬لْيَمِينِۖ ﰧ
4996,56,41,27,535,الوَاقِعة,Al-Wāqi‘ah,ثُلَّةٞ مِّنَ اَ۬لَاوَّلِينَ ﰨ
4997,56,42,27,535,الوَاقِعة,Al-Wāqi‘ah,وَثُلَّةٞ مِّنَ اَ۬لَاخِرِينَۖ ﰩ
4998,56,43,27,535,الوَاقِعة,Al-Wāqi‘ah,وَأَصْحَٰبُ اُ۬لشِّمَالِ ﰪ
4999,56,44,27,535,الوَاقِعة,Al-Wāqi‘ah,مَآ أَصْحَٰبُ اُ۬لشِّمَالِۖ ﰫ
5000,56,45,27,535,الوَاقِعة,Al-Wāqi‘ah,فِے سَمُومٖ وَحَمِيمٖ ﰬ
5001,56,46,27,535,الوَاقِعة,Al-Wāqi‘ah,وَظِلّٖ مِّنْ يَّحْمُومٖ ﰭ
5002,56,47,27,535,الوَاقِعة,Al-Wāqi‘ah,لَّا بَارِدٖ وَلَا كَرِيمٍۖ ﰮ
5003,56,48,27,535,الوَاقِعة,Al-Wāqi‘ah,اِنَّهُمْ كَانُواْ قَبْلَ ذَٰلِكَ مُتْرَفِينَۖ ﰯ
5004,56,49,27,535,الوَاقِعة,Al-Wāqi‘ah,وَكَانُواْ يُصِرُّونَ عَلَى اَ۬لْحِنثِ اِ۬لْعَظِيمِۖ ﰰ
5005,56,50,27,535,الوَاقِعة,Al-Wāqi‘ah,وَكَانُواْ يَقُولُونَ أَئِذَا مِتْنَا وَكُنَّا تُرَاباٗ وَعِظَٰماً اِنَّا لَمَبْعُوثُونَ ﰱ
5006,56,51,27,535,الوَاقِعة,Al-Wāqi‘ah,أَوَءَابَآؤُنَا اَ۬لَاوَّلُونَۖ ﰲ
5007,56,52,27,535,الوَاقِعة,Al-Wāqi‘ah,۞ قُلِ اِنَّ اَ۬لَاوَّلِينَ وَالَاخِرِينَ لَمَجْمُوعُونَ ﰳ
5008,56,53,27,535,الوَاقِعة,Al-Wāqi‘ah,إِلَىٰ مِيقَٰتِ يَوْمٖ مَّعْلُومٖۖ ﰴ
5009,56,54,27,536,الوَاقِعة,Al-Wāqi‘ah,ثُمَّ إِنَّكُمُۥٓ أَيُّهَا اَ۬لضَّآلُّونَ اَ۬لْمُكَذِّبُونَ ﰵ
5010,56,55,27,536,الوَاقِعة,Al-Wāqi‘ah,لَأٓكِلُونَ مِن شَجَرٖ مِّن زَقُّومٖ ﰶ
5011,56,56,27,536,الوَاقِعة,Al-Wāqi‘ah,فَمَالِـُٔونَ مِنْهَا اَ۬لْبُطُونَ ﰷ
5012,56,57,27,536,الوَاقِعة,Al-Wāqi‘ah,فَشَٰرِبُونَ عَلَيْهِ مِنَ اَ۬لْحَمِيمِ ﰸ
5013,56,58,27,536,الوَاقِعة,Al-Wāqi‘ah,فَشَٰرِبُونَ شُرْبَ اَ۬لْهِيمِۖ ﰹ
5014,56,59,27,536,الوَاقِعة,Al-Wāqi‘ah,هَٰذَا نُزُلُهُمْ يَوْمَ اَ۬لدِّينِۖ ﰺ
5015,56,60,27,536,الوَاقِعة,Al-Wāqi‘ah,نَحْنُ خَلَقْنَٰكُمْۖ فَلَوْلَا تُصَدِّقُونَۖ ﰻ
5016,56,61,27,536,الوَاقِعة,Al-Wāqi‘ah,أَفَرَٰٓيْتُم مَّا تُمْنُونَ ﰼ
5017,56,62,27,536,الوَاقِعة,Al-Wāqi‘ah,ءَآنتُمْ تَخْلُقُونَهُۥٓ أَمْ نَحْنُ اُ۬لْخَٰلِقُونَۖ ﰽ
5018,56,63,27,536,الوَاقِعة,Al-Wāqi‘ah,نَحْنُ قَدَّرْنَا بَيْنَكُمُ اُ۬لْمَوْتَ وَمَا نَحْنُ بِمَسْبُوقِينَ ﰾ
5019,56,64,27,536,الوَاقِعة,Al-Wāqi‘ah,عَلَىٰٓ أَن نُّبَدِّلَ أَمْثَٰلَكُمْ وَنُنشِئَكُمْ فِے مَا لَا تَعْلَمُونَۖ ﰿ
5020,56,65,27,536,الوَاقِعة,Al-Wāqi‘ah,وَلَقَدْ عَلِمْتُمُ اُ۬لنَّشْأَةَ اَ۬لُاول۪ىٰۖ فَلَوْلَا تَذَّكَّرُونَۖ ﱀ
5021,56,66,27,536,الوَاقِعة,Al-Wāqi‘ah,أَفَرَٰٓيْتُم مَّا تَحْرُثُونَ ﱁ
5022,56,67,27,536,الوَاقِعة,Al-Wāqi‘ah,ءَآنتُمْ تَزْرَعُونَهُۥٓ أَمْ نَحْنُ اُ۬لزَّٰرِعُونَۖ ﱂ
5023,56,68,27,536,الوَاقِعة,Al-Wāqi‘ah,لَوْ نَشَآءُ لَجَعَلْنَٰهُ حُطَٰماٗ فَظَلْتُمْ تَفَكَّهُونَ ﱃ
5024,56,69,27,536,الوَاقِعة,Al-Wāqi‘ah,إِنَّا لَمُغْرَمُونَ ﱄ
5025,56,70,27,536,الوَاقِعة,Al-Wāqi‘ah,بَلْ نَحْنُ مَحْرُومُونَۖ ﱅ
5026,56,71,27,536,الوَاقِعة,Al-Wāqi‘ah,أَفَرَٰٓيْتُمُ اُ۬لْمَآءَ اَ۬لذِے تَشْرَبُونَ ﱆ
5027,56,72,27,536,الوَاقِعة,Al-Wāqi‘ah,ءَآنتُمُۥٓ أَنزَلْتُمُوهُ مِنَ اَ۬لْمُزْنِ أَمْ نَحْنُ اُ۬لْمُنزِلُونَۖ ﱇ
5028,56,73,27,536,الوَاقِعة,Al-Wāqi‘ah,لَوْ نَشَآءُ جَعَلْنَٰهُ أُجَاجاٗۖ فَلَوْلَا تَشْكُرُونَۖ ﱈ
5029,56,74,27,536,الوَاقِعة,Al-Wāqi‘ah,أَفَرَٰٓيْتُمُ اُ۬لنَّارَ اَ۬لتِے تُورُونَ ﱉ
5030,56,75,27,536,الوَاقِعة,Al-Wāqi‘ah,ءَآنتُمُۥٓ أَنشَأْتُمْ شَجَرَتَهَآ أَمْ نَحْنُ اُ۬لْمُنشِـُٔونَۖ ﱊ
5031,56,76,27,536,الوَاقِعة,Al-Wāqi‘ah,نَحْنُ جَعَلْنَٰهَا تَذْكِرَةٗ وَمَتَٰعاٗ لِّلْمُقْوِينَۖ ﱋ
5032,56,77,27,536,الوَاقِعة,Al-Wāqi‘ah,فَسَبِّحْ بِاسْمِ رَبِّكَ اَ۬لْعَظِيمِۖ ﱌ
5033,56,78,27,536,الوَاقِعة,Al-Wāqi‘ah,۞ فَلَآ أُقْسِمُ بِمَوَٰقِعِ اِ۬لنُّجُومِ ﱍ
5034,56,79,27,536,الوَاقِعة,Al-Wāqi‘ah,وَإِنَّهُۥ لَقَسَمٞ لَّوْ تَعْلَمُونَ عَظِيمٌ ﱎ
5035,56,80,27,537,الوَاقِعة,Al-Wāqi‘ah,اِنَّهُۥ لَقُرْءَانٞ كَرِيمٞ ﱏ
5036,56,81,27,537,الوَاقِعة,Al-Wāqi‘ah,فِے كِتَٰبٖ مَّكْنُونٖ ﱐ
5037,56,82,27,537,الوَاقِعة,Al-Wāqi‘ah,لَّا يَمَسُّهُۥٓ إِلَّا اَ۬لْمُطَهَّرُونَۖ ﱑ
5038,56,83,27,537,الوَاقِعة,Al-Wāqi‘ah,تَنزِيلٞ مِّن رَّبِّ اِ۬لْعَٰلَمِينَۖ ﱒ
5039,56,84,27,537,الوَاقِعة,Al-Wāqi‘ah,أَفَبِهَٰذَا اَ۬لْحَدِيثِ أَنتُم مُّدْهِنُونَ ﱓ
5040,56,85,27,537,الوَاقِعة,Al-Wāqi‘ah,وَتَجْعَلُونَ رِزْقَكُمُۥٓ أَنَّكُمْ تُكَذِّبُونَۖ ﱔ
5041,56,86,27,537,الوَاقِعة,Al-Wāqi‘ah,فَلَوْلَآ إِذَا بَلَغَتِ اِ۬لْحُلْقُومَ ﱕ
5042,56,87,27,537,الوَاقِعة,Al-Wāqi‘ah,وَأَنتُمْ حِينَئِذٖ تَنظُرُونَ ﱖ
5043,56,88,27,537,الوَاقِعة,Al-Wāqi‘ah,وَنَحْنُ أَقْرَبُ إِلَيْهِ مِنكُمْ وَلَٰكِن لَّا تُبْصِرُونَ ﱗ
5044,56,89,27,537,الوَاقِعة,Al-Wāqi‘ah,فَلَوْلَآ إِن كُنتُمْ غَيْرَ مَدِينِينَ ﱘ
5045,56,90,27,537,الوَاقِعة,Al-Wāqi‘ah,تَرْجِعُونَهَآ إِن كُنتُمْ صَٰدِقِينَۖ ﱙ
5046,56,91,27,537,الوَاقِعة,Al-Wāqi‘ah,فَأَمَّآ إِن كَانَ مِنَ اَ۬لْمُقَرَّبِينَ ﱚ
5047,56,92,27,537,الوَاقِعة,Al-Wāqi‘ah,فَرَوْحٞ وَرَيْحَانٞ وَجَنَّتُ نَعِيمٖۖ ﱛ
5048,56,93,27,537,الوَاقِعة,Al-Wāqi‘ah,وَأَمَّآ إِن كَانَ مِنَ اَصْحَٰبِ اِ۬لْيَمِينِ ﱜ
5049,56,94,27,537,الوَاقِعة,Al-Wāqi‘ah,فَسَلَٰمٞ لَّكَ مِنَ اَصْحَٰبِ اِ۬لْيَمِينِۖ ﱝ
5050,56,95,27,537,الوَاقِعة,Al-Wāqi‘ah,وَأَمَّآ إِن كَانَ مِنَ اَ۬لْمُكَذِّبِينَ اَ۬لضَّآلِّينَ ﱞ
5051,56,96,27,537,الوَاقِعة,Al-Wāqi‘ah,فَنُزُلٞ مِّنْ حَمِيمٖ ﱟ
5052,56,97,27,537,الوَاقِعة,Al-Wāqi‘ah,وَتَصْلِيَةُ جَحِيمٍۖ ﱠ
5053,56,98,27,537,الوَاقِعة,Al-Wāqi‘ah,اِنَّ هَٰذَا لَهُوَ حَقُّ اُ۬لْيَقِينِۖ ﱡ
5054,56,99,27,537,الوَاقِعة,Al-Wāqi‘ah,فَسَبِّحْ بِاسْمِ رَبِّكَ اَ۬لْعَظِيمِۖ ﱢ
5055,57,1,27,537,الحدِيد,Al-Ḥadīd,سَبَّحَ لِلهِ مَا فِے اِ۬لسَّمَٰوَٰتِ وَالَارْضِۖ وَهُوَ اَ۬لْعَزِيزُ اُ۬لْحَكِيمُۖ ﰀ
5056,57,2,27,537,الحدِيد,Al-Ḥadīd,لَهُۥ مُلْكُ اُ۬لسَّمَٰوَٰتِ وَالَارْضِ يُحْيِۦ وَيُمِيتُۖ وَهُوَ عَلَىٰ كُلِّ شَےْءٖ قَدِيرٌۖ ﰁ
5057,57,3,27,537,الحدِيد,Al-Ḥadīd,هُوَ اَ۬لَاوَّلُ وَالَاخِرُ وَالظَّٰهِرُ وَالْبَاطِنُۖ وَهُوَ بِكُلِّ شَےْءٍ عَلِيمٌۖ ﰂ
5058,57,4,27,538,الحدِيد,Al-Ḥadīd,هُوَ اَ۬لذِے خَلَقَ اَ۬لسَّمَٰوَٰتِ وَالَارْضَ فِے سِتَّةِ أَيَّامٖ ثُمَّ اَ۪سْتَو۪ىٰ عَلَى اَ۬لْعَرْشِۖ يَعْلَمُ مَا يَلِجُ فِے اِ۬لَارْضِ وَمَا يَخْرُجُ مِنْهَا وَمَا يَنزِلُ مِنَ اَ۬لسَّمَآءِ وَمَا يَعْرُجُ فِيهَاۖ وَهُوَ مَعَكُمُۥٓ أَيْنَ مَا كُنتُمْۖ وَاللَّهُ بِمَا تَعْمَلُونَ بَصِيرٞۖ ﰃ
5059,57,5,27,538,الحدِيد,Al-Ḥadīd,لَّهُۥ مُلْكُ اُ۬لسَّمَٰوَٰتِ وَالَارْضِۖ وَإِلَى اَ۬للَّهِ تُرْجَعُ اُ۬لُامُورُۖ ﰄ
5060,57,6,27,538,الحدِيد,Al-Ḥadīd,يُولِجُ اُ۬ليْلَ فِے اِ۬لنَّه۪ارِ وَيُولِجُ اُ۬لنَّهَارَ فِے اِ۬ليْلِۖ وَهُوَ عَلِيمُۢ بِذَاتِ اِ۬لصُّدُورِۖ ﰅ
5061,57,7,27,538,الحدِيد,Al-Ḥadīd,۞ ءَامِنُواْ بِاللَّهِ وَرَسُولِهِۦ وَأَنفِقُواْ مِمَّا جَعَلَكُم مُّسْتَخْلَفِينَ فِيهِۖ فَالذِينَ ءَامَنُواْ مِنكُمْ وَأَنفَقُواْ لَهُمُۥٓ أَجْرٞ كَبِيرٞۖ ﰆ
5062,57,8,27,538,الحدِيد,Al-Ḥadīd,وَمَا لَكُمْ لَا تُومِنُونَ بِاللَّهِ وَالرَّسُولُ يَدْعُوكُمْ لِتُومِنُواْ بِرَبِّكُمْ وَقَدَ اَخَذَ مِيثَٰقَكُمُۥٓ إِن كُنتُم مُّومِنِينَۖ ﰇ
5063,57,9,27,538,الحدِيد,Al-Ḥadīd,هُوَ اَ۬لذِے يُنَزِّلُ عَلَىٰ عَبْدِهِۦٓ ءَايَٰتِۢ بَيِّنَٰتٖ لِّيُخْرِجَكُم مِّنَ اَ۬لظُّلُمَٰتِ إِلَى اَ۬لنُّورِۖ وَإِنَّ اَ۬للَّهَ بِكُمْ لَرَءُوفٞ رَّحِيمٞۖ ﰈ
5064,57,10,27,538,الحدِيد,Al-Ḥadīd,وَمَا لَكُمُۥٓ أَلَّا تُنفِقُواْ فِے سَبِيلِ اِ۬للَّهِ وَلِلهِ مِيرَٰثُ اُ۬لسَّمَٰوَٰتِ وَالَارْضِۖ لَا يَسْتَوِے مِنكُم مَّنَ اَنفَقَ مِن قَبْلِ اِ۬لْفَتْحِ وَقَٰتَلَۖ أُوْلَٰٓئِكَ أَعْظَمُ دَرَجَةٗ مِّنَ اَ۬لذِينَ أَنفَقُواْ مِنۢ بَعْدُ وَقَٰتَلُواْۖ وَكُلّاٗ وَعَدَ اَ۬للَّهُ اُ۬لْحُسْن۪ىٰۖ وَاللَّهُ بِمَا تَعْمَلُونَ خَبِيرٞۖ ﰉ
5065,57,11,27,538,الحدِيد,Al-Ḥadīd,مَّن ذَا اَ۬لذِے يُقْرِضُ اُ۬للَّهَ قَرْضاً حَسَناٗ فَيُضَٰعِفُهُۥ لَهُۥ وَلَهُۥٓ أَجْرٞ كَرِيمٞۖ ﰊ
5066,57,12,27,539,الحدِيد,Al-Ḥadīd,يَوْمَ تَرَى اَ۬لْمُومِنِينَ وَالْمُومِنَٰتِ يَسْع۪ىٰ نُورُهُم بَيْنَ أَيْدِيهِمْ وَبِأَيْمَٰنِهِمۖ بُشْر۪يٰكُمُ اُ۬لْيَوْمَ جَنَّٰتٞ تَجْرِے مِن تَحْتِهَا اَ۬لَانْهَٰرُ خَٰلِدِينَ فِيهَاۖ ذَٰلِكَ هُوَ اَ۬لْفَوْزُ اُ۬لْعَظِيمُۖ ﰋ
5067,57,13,27,539,الحدِيد,Al-Ḥadīd,يَوْمَ يَقُولُ اُ۬لْمُنَٰفِقُونَ وَالْمُنَٰفِقَٰتُ لِلذِينَ ءَامَنُواْ اُ۟نظُرُونَا نَقْتَبِسْ مِن نُّورِكُمْ قِيلَ اَ۪رْجِعُواْ وَرَآءَكُمْ فَالْتَمِسُواْ نُوراٗۖ فَضُرِبَ بَيْنَهُم بِسُورٖ لَّهُۥ بَابُۢ بَاطِنُهُۥ فِيهِ اِ۬لرَّحْمَةُ وَظَٰهِرُهُۥ مِن قِبَلِهِ اِ۬لْعَذَابُۖ يُنَادُونَهُمُۥٓ أَلَمْ نَكُن مَّعَكُمْۖ قَالُواْ بَل۪ىٰ وَلَٰكِنَّكُمْ فَتَنتُمُۥٓ أَنفُسَكُمْ وَتَرَبَّصْتُمْ وَارْتَبْتُمْ وَغَرَّتْكُمُ اُ۬لَامَانِيُّ حَتَّىٰ جَآءَ امْرُ اُ۬للَّهِ وَغَرَّكُم بِاللَّهِ اِ۬لْغَرُورُۖ ﰌ
5068,57,14,27,539,الحدِيد,Al-Ḥadīd,فَالْيَوْمَ لَا يُوخَذُ مِنكُمْ فِدْيَةٞ وَلَا مِنَ اَ۬لذِينَ كَفَرُواْ مَأْو۪يٰكُمُ اُ۬لنَّارُ هِيَ مَوْل۪يٰكُمْۖ وَبِيسَ اَ۬لْمَصِيرُۖ ﰍ
5069,57,15,27,539,الحدِيد,Al-Ḥadīd,۞ أَلَمْ يَانِ لِلذِينَ ءَامَنُوٓاْ أَن تَخْشَعَ قُلُوبُهُمْ لِذِكْرِ اِ۬للَّهِ وَمَا نَزَلَ مِنَ اَ۬لْحَقِّۖ وَلَا يَكُونُواْ كَالذِينَ أُوتُواْ اُ۬لْكِتَٰبَ مِن قَبْلُ فَطَالَ عَلَيْهِمُ اُ۬لَامَدُ فَقَسَتْ قُلُوبُهُمْۖ وَكَثِيرٞ مِّنْهُمْ فَٰسِقُونَۖ ﰎ
5070,57,16,27,539,الحدِيد,Al-Ḥadīd,اَ۪عْلَمُوٓاْ أَنَّ اَ۬للَّهَ يُحْيِ اِ۬لَارْضَ بَعْدَ مَوْتِهَاۖ قَدْ بَيَّنَّا لَكُمُ اُ۬لَايَٰتِ لَعَلَّكُمْ تَعْقِلُونَۖ ﰏ
5071,57,17,27,539,الحدِيد,Al-Ḥadīd,إِنَّ اَ۬لْمُصَّدِّقِينَ وَالْمُصَّدِّقَٰتِ وَأَقْرَضُواْ اُ۬للَّهَ قَرْضاً حَسَناٗ يُضَٰعَفُ لَهُمْ وَلَهُمُۥٓ أَجْرٞ كَرِيمٞۖ ﰐ
5072,57,18,27,540,الحدِيد,Al-Ḥadīd,وَالذِينَ ءَامَنُواْ بِاللَّهِ وَرُسُلِهِۦٓ أُوْلَٰٓئِكَ هُمُ اُ۬لصِّدِّيقُونَۖ وَالشُّهَدَآءُ عِندَ رَبِّهِمْۖ لَهُمُۥٓ أَجْرُهُمْ وَنُورُهُمْۖ وَالذِينَ كَفَرُواْ وَكَذَّبُواْ بِـَٔايَٰتِنَآ أُوْلَٰٓئِكَ أَصْحَٰبُ اُ۬لْجَحِيمِۖ ﰑ
5073,57,19,27,540,الحدِيد,Al-Ḥadīd,اِ۪عْلَمُوٓاْ أَنَّمَا اَ۬لْحَيَوٰةُ اُ۬لدُّنْي۪ا لَعِبٞ وَلَهْوٞ وَزِينَةٞ وَتَفَاخُرُۢ بَيْنَكُمْ وَتَكَاثُرٞ فِے اِ۬لَامْوَٰلِ وَالَاوْلَٰدِ كَمَثَلِ غَيْثٍ اَعْجَبَ اَ۬لْكُفَّارَ نَبَاتُهُۥ ثُمَّ يَهِيجُ فَتَر۪يٰهُ مُصْفَرّاٗ ثُمَّ يَكُونُ حُطَٰماٗۖ وَفِے اِ۬لَاخِرَةِ عَذَابٞ شَدِيدٞ وَمَغْفِرَةٞ مِّنَ اَ۬للَّهِ وَرِضْوَٰنٞۖ وَمَا اَ۬لْحَيَوٰةُ اُ۬لدُّنْي۪آ إِلَّا مَتَٰعُ اُ۬لْغُرُورِۖ ﰒ
5074,57,20,27,540,الحدِيد,Al-Ḥadīd,سَابِقُوٓاْ إِلَىٰ مَغْفِرَةٖ مِّن رَّبِّكُمْ وَجَنَّةٍ عَرْضُهَا كَعَرْضِ اِ۬لسَّمَآءِ وَالَارْضِ أُعِدَّتْ لِلذِينَ ءَامَنُواْ بِاللَّهِ وَرُسُلِهِۦۖ ذَٰلِكَ فَضْلُ اُ۬للَّهِ يُوتِيهِ مَنْ يَّشَآءُۖ وَاللَّهُ ذُو اُ۬لْفَضْلِ اِ۬لْعَظِيمِۖ ﰓ
5075,57,21,27,540,الحدِيد,Al-Ḥadīd,۞ مَآ أَصَابَ مِن مُّصِيبَةٖ فِے اِ۬لَارْضِ وَلَا فِےٓ أَنفُسِكُمُۥٓ إِلَّا فِے كِتَٰبٖ مِّن قَبْلِ أَن نَّبْرَأَهَآۖ إِنَّ ذَٰلِكَ عَلَى اَ۬للَّهِ يَسِيرٞ ﰔ
5076,57,22,27,540,الحدِيد,Al-Ḥadīd,لِّكَيْلَا تَاسَوْاْ عَلَىٰ مَا فَاتَكُمْ وَلَا تَفْرَحُواْ بِمَآ ءَات۪يٰكُمْۖ وَاللَّهُ لَا يُحِبُّ كُلَّ مُخْتَالٖ فَخُورٍۖ ﰕ
5077,57,23,27,540,الحدِيد,Al-Ḥadīd,اِ۬لذِينَ يَبْخَلُونَ وَيَامُرُونَ اَ۬لنَّاسَ بِالْبُخْلِۖ وَمَنْ يَّتَوَلَّ فَإِنَّ اَ۬للَّهَ اَ۬لْغَنِيُّ اُ۬لْحَمِيدُۖ ﰖ
5078,57,24,27,541,الحدِيد,Al-Ḥadīd,لَقَدَ اَرْسَلْنَا رُسُلَنَا بِالْبَيِّنَٰتِ وَأَنزَلْنَا مَعَهُمُ اُ۬لْكِتَٰبَ وَالْمِيزَانَ لِيَقُومَ اَ۬لنَّاسُ بِالْقِسْطِۖ وَأَنزَلْنَا اَ۬لْحَدِيدَ فِيهِ بَأْسٞ شَدِيدٞ وَمَنَٰفِعُ لِلنَّاسِۖ وَلِيَعْلَمَ اَ۬للَّهُ مَنْ يَّنصُرُهُۥ وَرُسُلَهُۥ بِالْغَيْبِۖ إِنَّ اَ۬للَّهَ قَوِيٌّ عَزِيزٞۖ ﰗ
5079,57,25,27,541,الحدِيد,Al-Ḥadīd,وَلَقَدَ اَرْسَلْنَا نُوحاٗ وَإِبْرَٰهِيمَ وَجَعَلْنَا فِے ذُرِّيَّتِهِمَا اَ۬لنُّبُوٓءَةَ وَالْكِتَٰبَۖ فَمِنْهُم مُّهْتَدٖۖ وَكَثِيرٞ مِّنْهُمْ فَٰسِقُونَۖ ﰘ
5080,57,26,27,541,الحدِيد,Al-Ḥadīd,ثُمَّ قَفَّيْنَا عَلَىٰٓ ءَاثٰ۪رِهِم بِرُسُلِنَا وَقَفَّيْنَا بِعِيسَى اَ۪بْنِ مَرْيَمَ وَءَاتَيْنَٰهُ اُ۬لِانجِيلَۖ وَجَعَلْنَا فِے قُلُوبِ اِ۬لذِينَ اَ۪تَّبَعُوهُ رَأْفَةٗ وَرَحْمَةٗ وَرَهْبَانِيَّةً اِ۪بْتَدَعُوهَا مَا كَتَبْنَٰهَا عَلَيْهِمُۥٓ إِلَّا اَ۪بْتِغَآءَ رِضْوَٰنِ اِ۬للَّهِۖ فَمَا رَعَوْهَا حَقَّ رِعَايَتِهَاۖ فَـَٔاتَيْنَا اَ۬لذِينَ ءَامَنُواْ مِنْهُمُۥٓ أَجْرَهُمْۖ وَكَثِيرٞ مِّنْهُمْ فَٰسِقُونَۖ ﰙ
5081,57,27,27,541,الحدِيد,Al-Ḥadīd,يَٰٓأَيُّهَا اَ۬لذِينَ ءَامَنُواْ اُ۪تَّقُواْ اُ۬للَّهَ وَءَامِنُواْ بِرَسُولِهِۦ يُوتِكُمْ كِفْلَيْنِ مِن رَّحْمَتِهِۦ وَيَجْعَل لَّكُمْ نُوراٗ تَمْشُونَ بِهِۦ وَيَغْفِرْ لَكُمْۖ وَاللَّهُ غَفُورٞ رَّحِيمٞ ﰚ
5082,57,28,27,541,الحدِيد,Al-Ḥadīd,لِّيَ۬لَّا يَعْلَمَ أَهْلُ اُ۬لْكِتَٰبِ أَلَّا يَقْدِرُونَ عَلَىٰ شَےْءٖ مِّن فَضْلِ اِ۬للَّهِ وَأَنَّ اَ۬لْفَضْلَ بِيَدِ اِ۬للَّهِ يُوتِيهِ مَنْ يَّشَآءُۖ وَاللَّهُ ذُو اُ۬لْفَضْلِ اِ۬لْعَظِيمِۖ ﰛ
5083,58,1,28,542,المُجَادلة,Al-Mujādilah,قَدْ سَمِعَ اَ۬للَّهُ قَوْلَ اَ۬لتِے تُجَٰدِلُكَ فِے زَوْجِهَا وَتَشْتَكِےٓ إِلَى اَ۬للَّهِ وَاللَّهُ يَسْمَعُ تَحَاوُرَكُمَآۖ إِنَّ اَ۬للَّهَ سَمِيعُۢ بَصِيرٌۖ ﰀ
5084,58,2,28,542,المُجَادلة,Al-Mujādilah,اِ۬لذِينَ يَظَّهَّرُونَ مِنكُم مِّن نِّسَآئِهِم مَّا هُنَّ أُمَّهَٰتِهِمُۥٓۖ إِنُ ا۟مَّهَٰتُهُمُۥٓ إِلَّا اَ۬ل۪ےْ وَلَدْنَهُمْۖ وَإِنَّهُمْ لَيَقُولُونَ مُنكَراٗ مِّنَ اَ۬لْقَوْلِ وَزُوراٗۖ وَإِنَّ اَ۬للَّهَ لَعَفُوٌّ غَفُورٞۖ ﰁ
5085,58,3,28,542,المُجَادلة,Al-Mujādilah,وَالذِينَ يَظَّهَّرُونَ مِن نِّسَآئِهِمْ ثُمَّ يَعُودُونَ لِمَا قَالُواْ فَتَحْرِيرُ رَقَبَةٖ مِّن قَبْلِ أَنْ يَّتَمَآسَّاۖ ذَٰلِكُمْ تُوعَظُونَ بِهِۦۖ وَاللَّهُ بِمَا تَعْمَلُونَ خَبِيرٞۖ ﰂ
5086,58,4,28,542,المُجَادلة,Al-Mujādilah,فَمَن لَّمْ يَجِدْ فَصِيَامُ شَهْرَيْنِ مُتَتَابِعَيْنِ مِن قَبْلِ أَنْ يَّتَمَآسَّاۖ فَمَن لَّمْ يَسْتَطِعْ فَإِطْعَامُ سِتِّينَ مِسْكِيناٗۖ ذَٰلِكَ لِتُومِنُواْ بِاللَّهِ وَرَسُولِهِۦۖ وَتِلْكَ حُدُودُ اُ۬للَّهِۖ وَلِلْكٰ۪فِرِينَ عَذَابٌ اَلِيمٌۖ ﰃ
5087,58,5,28,542,المُجَادلة,Al-Mujādilah,اِنَّ اَ۬لذِينَ يُحَآدُّونَ اَ۬للَّهَ وَرَسُولَهُۥ كُبِتُواْ كَمَا كُبِتَ اَ۬لذِينَ مِن قَبْلِهِمْۖ وَقَدَ اَنزَلْنَآ ءَايَٰتِۢ بَيِّنَٰتٖۖ وَلِلْكٰ۪فِرِينَ عَذَابٞ مُّهِينٞۖ ﰄ
5088,58,6,28,542,المُجَادلة,Al-Mujādilah,يَوْمَ يَبْعَثُهُمُ اُ۬للَّهُ جَمِيعاٗ فَيُنَبِّئُهُم بِمَا عَمِلُوٓاْۖ أَحْص۪يٰهُ اُ۬للَّهُ وَنَسُوهُۖ وَاللَّهُ عَلَىٰ كُلِّ شَےْءٖ شَهِيدٌۖ ﰅ
5089,58,7,28,543,المُجَادلة,Al-Mujādilah,اَلَمْ تَرَ أَنَّ اَ۬للَّهَ يَعْلَمُ مَا فِے اِ۬لسَّمَٰوَٰتِ وَمَا فِے اِ۬لَارْضِۖ مَا يَكُونُ مِن نَّجْو۪ىٰ ثَلَٰثَةٍ اِلَّا هُوَ رَابِعُهُمْ وَلَا خَمْسَةٍ اِلَّا هُوَ سَادِسُهُمْ وَلَآ أَدْن۪ىٰ مِن ذَٰلِكَ وَلَآ أَكْثَرَ إِلَّا هُوَ مَعَهُمُۥٓ أَيْنَ مَا كَانُواْۖ ثُمَّ يُنَبِّئُهُم بِمَا عَمِلُواْ يَوْمَ اَ۬لْقِيَٰمَةِۖ إِنَّ اَ۬للَّهَ بِكُلِّ شَےْءٍ عَلِيمٌۖ ﰆ
5090,58,8,28,543,المُجَادلة,Al-Mujādilah,۞ اَلَمْ تَرَ إِلَى اَ۬لذِينَ نُهُواْ عَنِ اِ۬لنَّجْو۪ىٰ ثُمَّ يَعُودُونَ لِمَا نُهُواْ عَنْهُ وَيَتَنَٰجَوْنَ بِالِاثْمِ وَالْعُدْوَٰنِ وَمَعْصِيَتِ اِ۬لرَّسُولِۖ وَإِذَا جَآءُوكَ حَيَّوْكَ بِمَا لَمْ يُحَيِّكَ بِهِ اِ۬للَّهُ وَيَقُولُونَ فِےٓ أَنفُسِهِمْ لَوْلَا يُعَذِّبُنَا اَ۬للَّهُ بِمَا نَقُولُۖ حَسْبُهُمْ جَهَنَّمُۖ يَصْلَوْنَهَاۖ فَبِيسَ اَ۬لْمَصِيرُۖ ﰇ
5091,58,9,28,543,المُجَادلة,Al-Mujādilah,يَٰٓأَيُّهَا اَ۬لذِينَ ءَامَنُوٓاْ إِذَا تَنَٰجَيْتُمْ فَلَا تَتَنَٰجَوْاْ بِالِاثْمِ وَالْعُدْوَٰنِ وَمَعْصِيَتِ اِ۬لرَّسُولِۖ وَتَنَٰجَوْاْ بِالْبِرِّ وَالتَّقْو۪ىٰۖ وَاتَّقُواْ اُ۬للَّهَ اَ۬لذِےٓ إِلَيْهِ تُحْشَرُونَۖ ﰈ
5092,58,10,28,543,المُجَادلة,Al-Mujādilah,إِنَّمَا اَ۬لنَّجْو۪ىٰ مِنَ اَ۬لشَّيْطَٰنِ لِيُحْزِنَ اَ۬لذِينَ ءَامَنُواْ وَلَيْسَ بِضَآرِّهِمْ شَئْاً اِلَّا بِإِذْنِ اِ۬للَّهِۖ وَعَلَى اَ۬للَّهِ فَلْيَتَوَكَّلِ اِ۬لْمُومِنُونَۖ ﰉ
5093,58,11,28,543,المُجَادلة,Al-Mujādilah,يَٰٓأَيُّهَا اَ۬لذِينَ ءَامَنُوٓاْ إِذَا قِيلَ لَكُمْ تَفَسَّحُواْ فِے اِ۬لْمَجْلِسِ فَافْسَحُواْ يَفْسَحِ اِ۬للَّهُ لَكُمْۖ وَإِذَا قِيلَ اَ۟نشُزُواْ فَانشُزُواْ يَرْفَعِ اِ۬للَّهُ اُ۬لذِينَ ءَامَنُواْ مِنكُمْ وَالذِينَ أُوتُواْ اُ۬لْعِلْمَ دَرَجَٰتٖۖ وَاللَّهُ بِمَا تَعْمَلُونَ خَبِيرٞۖ ﰊ
5094,58,12,28,544,المُجَادلة,Al-Mujādilah,يَٰٓأَيُّهَا اَ۬لذِينَ ءَامَنُوٓاْ إِذَا نَٰجَيْتُمُ اُ۬لرَّسُولَ فَقَدِّمُواْ بَيْنَ يَدَےْ نَجْو۪يٰكُمْ صَدَقَةٗۖ ذَٰلِكَ خَيْرٞ لَّكُمْ وَأَطْهَرُۖ فَإِن لَّمْ تَجِدُواْ فَإِنَّ اَ۬للَّهَ غَفُورٞ رَّحِيمٌۖ ﰋ
5095,58,13,28,544,المُجَادلة,Al-Mujādilah,آٰشْفَقْتُمُۥٓ أَن تُقَدِّمُواْ بَيْنَ يَدَےْ نَجْو۪يٰكُمْ صَدَقَٰتٖۖ فَإِذْ لَمْ تَفْعَلُواْ وَتَابَ اَ۬للَّهُ عَلَيْكُمْ فَأَقِيمُواْ اُ۬لصَّلَوٰةَ وَءَاتُواْ اُ۬لزَّكَوٰةَۖ وَأَطِيعُواْ اُ۬للَّهَ وَرَسُولَهُۥۖ وَاللَّهُ خَبِيرُۢ بِمَا تَعْمَلُونَۖ ﰌ
5096,58,14,28,544,المُجَادلة,Al-Mujādilah,۞ أَلَمْ تَرَ إِلَى اَ۬لذِينَ تَوَلَّوْاْ قَوْماً غَضِبَ اَ۬للَّهُ عَلَيْهِم مَّا هُم مِّنكُمْ وَلَا مِنْهُمْ وَيَحْلِفُونَ عَلَى اَ۬لْكَذِبِ وَهُمْ يَعْلَمُونَۖ ﰍ
5097,58,15,28,544,المُجَادلة,Al-Mujādilah,أَعَدَّ اَ۬للَّهُ لَهُمْ عَذَاباٗ شَدِيداًۖ اِنَّهُمْ سَآءَ مَا كَانُواْ يَعْمَلُونَۖ ﰎ
5098,58,16,28,544,المُجَادلة,Al-Mujādilah,اَ۪تَّخَذُوٓاْ أَيْمَٰنَهُمْ جُنَّةٗ فَصَدُّواْ عَن سَبِيلِ اِ۬للَّهِ فَلَهُمْ عَذَابٞ مُّهِينٞۖ ﰏ
5099,58,17,28,544,المُجَادلة,Al-Mujādilah,لَّن تُغْنِيَ عَنْهُمُۥٓ أَمْوَٰلُهُمْ وَلَآ أَوْلَٰدُهُم مِّنَ اَ۬للَّهِ شَئْاًۖ ا۟وْلَٰٓئِكَ أَصْحَٰبُ اُ۬لنّ۪ارِ هُمْ فِيهَا خَٰلِدُونَۖ ﰐ
5100,58,18,28,544,المُجَادلة,Al-Mujādilah,يَوْمَ يَبْعَثُهُمُ اُ۬للَّهُ جَمِيعاٗ فَيَحْلِفُونَ لَهُۥ كَمَا يَحْلِفُونَ لَكُمْ وَيَحْسِبُونَ أَنَّهُمْ عَلَىٰ شَےْءٍۖ اَلَآ إِنَّهُمْ هُمُ اُ۬لْكَٰذِبُونَۖ ﰑ
5101,58,19,28,544,المُجَادلة,Al-Mujādilah,اَ۪سْتَحْوَذَ عَلَيْهِمُ اُ۬لشَّيْطَٰنُ فَأَنس۪يٰهُمْ ذِكْرَ اَ۬للَّهِۖ أُوْلَٰٓئِكَ حِزْبُ اُ۬لشَّيْطَٰنِۖ أَلَآ إِنَّ حِزْبَ اَ۬لشَّيْطَٰنِ هُمُ اُ۬لْخَٰسِرُونَۖ ﰒ
5102,58,20,28,544,المُجَادلة,Al-Mujādilah,إِنَّ اَ۬لذِينَ يُحَآدُّونَ اَ۬للَّهَ وَرَسُولَهُۥٓ أُوْلَٰٓئِكَ فِے اِ۬لَاذَلِّينَۖ كَتَبَ اَ۬للَّهُ لَأَغْلِبَنَّ أَنَا وَرُسُلِيَۖ إِنَّ اَ۬للَّهَ قَوِيٌّ عَزِيزٞۖ ﰓ
5103,58,21,28,545,المُجَادلة,Al-Mujādilah,لَّا تَجِدُ قَوْماٗ يُومِنُونَ بِاللَّهِ وَالْيَوْمِ اِ۬لَاخِرِ يُوَآدُّونَ مَنْ حَآدَّ اَ۬للَّهَ وَرَسُولَهُۥ وَلَوْ كَانُوٓاْ ءَابَآءَهُمُۥٓ أَوَ اَبْنَآءَهُمُۥٓ أَوِ اِخْوَٰنَهُمُۥٓ أَوْ عَشِيرَتَهُمُۥٓۖ أُوْلَٰٓئِكَ كَتَبَ فِے قُلُوبِهِمُ اُ۬لِايمَٰنَ وَأَيَّدَهُم بِرُوحٖ مِّنْهُ وَيُدْخِلُهُمْ جَنَّٰتٖ تَجْرِے مِن تَحْتِهَا اَ۬لَانْهَٰرُ خَٰلِدِينَ فِيهَاۖ رَضِيَ اَ۬للَّهُ عَنْهُمْ وَرَضُواْ عَنْهُۖ أُوْلَٰٓئِكَ حِزْبُ اُ۬للَّهِۖ أَلَآ إِنَّ حِزْبَ اَ۬للَّهِ هُمُ اُ۬لْمُفْلِحُونَۖ ﰔ
5104,59,1,28,545,الحَشر,Al-Ḥashr,سَبَّحَ لِلهِ مَا فِے اِ۬لسَّمَٰوَٰتِ وَمَا فِے اِ۬لَارْضِۖ وَهُوَ اَ۬لْعَزِيزُ اُ۬لْحَكِيمُۖ ﰀ
5105,59,2,28,545,الحَشر,Al-Ḥashr,هُوَ اَ۬لذِےٓ أَخْرَجَ اَ۬لذِينَ كَفَرُواْ مِنَ اَهْلِ اِ۬لْكِتَٰبِ مِن دِيٰ۪رِهِمْ لِأَوَّلِ اِ۬لْحَشْرِۖ مَا ظَنَنتُمُۥٓ أَنْ يَّخْرُجُواْۖ وَظَنُّوٓاْ أَنَّهُم مَّانِعَتُهُمْ حُصُونُهُم مِّنَ اَ۬للَّهِۖ فَأَت۪يٰهُمُ اُ۬للَّهُ مِنْ حَيْثُ لَمْ يَحْتَسِبُواْۖ ۞ وَقَذَفَ فِے قُلُوبِهِمُ اُ۬لرُّعْبَۖ يُخْرِبُونَ بُيُوتَهُم بِأَيْدِيهِمْ وَأَيْدِے اِ۬لْمُومِنِينَۖ فَاعْتَبِرُواْ يَٰٓأُوْلِے اِ۬لَابْصٰ۪رِۖ ﰁ
5106,59,3,28,545,الحَشر,Al-Ḥashr,وَلَوْلَآ أَن كَتَبَ اَ۬للَّهُ عَلَيْهِمُ اُ۬لْجَلَآءَ لَعَذَّبَهُمْ فِے اِ۬لدُّنْي۪اۖ وَلَهُمْ فِے اِ۬لَاخِرَةِ عَذَابُ اُ۬لنّ۪ارِۖ ﰂ
5107,59,4,28,546,الحَشر,Al-Ḥashr,ذَٰلِكَ بِأَنَّهُمْ شَآقُّواْ اُ۬للَّهَ وَرَسُولَهُۥۖ وَمَنْ يُّشَآقِّ اِ۬للَّهَ فَإِنَّ اَ۬للَّهَ شَدِيدُ اُ۬لْعِقَابِۖ ﰃ
5108,59,5,28,546,الحَشر,Al-Ḥashr,مَا قَطَعْتُم مِّن لِّينَةٍ اَوْ تَرَكْتُمُوهَا قَآئِمَةً عَلَىٰٓ أُصُولِهَا فَبِإِذْنِ اِ۬للَّهِ وَلِيُخْزِيَ اَ۬لْفَٰسِقِينَۖ ﰄ
5109,59,6,28,546,الحَشر,Al-Ḥashr,وَمَآ أَفَآءَ اَ۬للَّهُ عَلَىٰ رَسُولِهِۦ مِنْهُمْ فَمَآ أَوْجَفْتُمْ عَلَيْهِ مِنْ خَيْلٖ وَلَا رِكَابٖۖ وَلَٰكِنَّ اَ۬للَّهَ يُسَلِّطُ رُسُلَهُۥ عَلَىٰ مَنْ يَّشَآءُۖ وَاللَّهُ عَلَىٰ كُلِّ شَےْءٖ قَدِيرٞۖ ﰅ
5110,59,7,28,546,الحَشر,Al-Ḥashr,مَّآ أَفَآءَ اَ۬للَّهُ عَلَىٰ رَسُولِهِۦ مِنَ اَهْلِ اِ۬لْقُر۪ىٰ فَلِلهِ وَلِلرَّسُولِ وَلِذِے اِ۬لْقُرْب۪ىٰ وَالْيَتَٰم۪ىٰ وَالْمَسَٰكِينِ وَابْنِ اِ۬لسَّبِيلِ كَےْ لَا يَكُونَ دُولَةَۢ بَيْنَ اَ۬لَاغْنِيَآءِ مِنكُمْۖ وَمَآ ءَات۪يٰكُمُ اُ۬لرَّسُولُ فَخُذُوهُۖ وَمَا نَه۪يٰكُمْ عَنْهُ فَانتَهُواْۖ وَاتَّقُواْ اُ۬للَّهَۖ إِنَّ اَ۬للَّهَ شَدِيدُ اُ۬لْعِقَابِۖ ﰆ
5111,59,8,28,546,الحَشر,Al-Ḥashr,لِلْفُقَرَآءِ اِ۬لْمُهَٰجِرِينَ اَ۬لذِينَ أُخْرِجُواْ مِن دِيٰ۪رِهِمْ وَأَمْوَٰلِهِمْ يَبْتَغُونَ فَضْلاٗ مِّنَ اَ۬للَّهِ وَرِضْوَٰناٗ وَيَنصُرُونَ اَ۬للَّهَ وَرَسُولَهُۥٓۖ أُوْلَٰٓئِكَ هُمُ اُ۬لصَّٰدِقُونَۖ ﰇ
5112,59,9,28,546,الحَشر,Al-Ḥashr,وَالذِينَ تَبَوَّءُو اُ۬لدَّارَ وَالِايمَٰنَ مِن قَبْلِهِمْ يُحِبُّونَ مَنْ هَاجَرَ إِلَيْهِمْ وَلَا يَجِدُونَ فِے صُدُورِهِمْ حَاجَةٗ مِّمَّآ أُوتُواْ وَيُوثِرُونَ عَلَىٰٓ أَنفُسِهِمْ وَلَوْ كَانَ بِهِمْ خَصَاصَةٞۖ وَمَنْ يُّوقَ شُحَّ نَفْسِهِۦ فَأُوْلَٰٓئِكَ هُمُ اُ۬لْمُفْلِحُونَۖ ﰈ
5113,59,10,28,547,الحَشر,Al-Ḥashr,وَالذِينَ جَآءُو مِنۢ بَعْدِهِمْ يَقُولُونَ رَبَّنَا اَ۪غْفِرْ لَنَا وَلِإِخْوَٰنِنَا اَ۬لذِينَ سَبَقُونَا بِالِايمَٰنِ وَلَا تَجْعَلْ فِے قُلُوبِنَا غِلّاٗ لِّلذِينَ ءَامَنُواْۖ رَبَّنَآ إِنَّكَ رَءُوفٞ رَّحِيمٌۖ ﰉ
5114,59,11,28,547,الحَشر,Al-Ḥashr,۞ اَلَمْ تَرَ إِلَى اَ۬لذِينَ نَافَقُواْ يَقُولُونَ لِإِخْوَٰنِهِمُ اُ۬لذِينَ كَفَرُواْ مِنَ اَهْلِ اِ۬لْكِتَٰبِ لَئِنُ ا۟خْرِجْتُمْ لَنَخْرُجَنَّ مَعَكُمْ وَلَا نُطِيعُ فِيكُمُۥٓ أَحَداً اَبَداٗ وَإِن قُوتِلْتُمْ لَنَنصُرَنَّكُمْۖ وَاللَّهُ يَشْهَدُ إِنَّهُمْ لَكَٰذِبُونَۖ ﰊ
5115,59,12,28,547,الحَشر,Al-Ḥashr,لَئِنُ ا۟خْرِجُواْ لَا يَخْرُجُونَ مَعَهُمْۖ وَلَئِن قُوتِلُواْ لَا يَنصُرُونَهُمْۖ وَلَئِن نَّصَرُوهُمْ لَيُوَلُّنَّ اَ۬لَادْبَٰرَ ثُمَّ لَا يُنصَرُونَۖ ﰋ
5116,59,13,28,547,الحَشر,Al-Ḥashr,لَأَنتُمُۥٓ أَشَدُّ رَهْبَةٗ فِے صُدُورِهِم مِّنَ اَ۬للَّهِۖ ذَٰلِكَ بِأَنَّهُمْ قَوْمٞ لَّا يَفْقَهُونَۖ ﰌ
5117,59,14,28,547,الحَشر,Al-Ḥashr,لَا يُقَٰتِلُونَكُمْ جَمِيعاً اِلَّا فِے قُرىٗ مُّحَصَّنَةٍ اَوْ مِنْ وَّرَآءِ جُدُرِۢۖ بَأْسُهُم بَيْنَهُمْ شَدِيدٞۖ تَحْسِبُهُمْ جَمِيعاٗ وَقُلُوبُهُمْ شَتّ۪ىٰۖ ذَٰلِكَ بِأَنَّهُمْ قَوْمٞ لَّا يَعْقِلُونَۖ ﰍ
5118,59,15,28,547,الحَشر,Al-Ḥashr,كَمَثَلِ اِ۬لذِينَ مِن قَبْلِهِمْ قَرِيباٗۖ ذَاقُواْ وَبَالَ أَمْرِهِمْۖ وَلَهُمْ عَذَابٌ اَلِيمٞۖ ﰎ
5119,59,16,28,547,الحَشر,Al-Ḥashr,كَمَثَلِ اِ۬لشَّيْطَٰنِ إِذْ قَالَ لِلِانسَٰنِ اِ۟كْفُرْ فَلَمَّا كَفَرَ قَالَ إِنِّے بَرِےٓءٞ مِّنكَ إِنِّيَ أَخَافُ اُ۬للَّهَ رَبَّ اَ۬لْعَٰلَمِينَۖ ﰏ
5120,59,17,28,548,الحَشر,Al-Ḥashr,فَكَانَ عَٰقِبَتَهُمَآ أَنَّهُمَا فِے اِ۬لنّ۪ارِ خَالِدَيْنِ فِيهَاۖ وَذَٰلِكَ جَزَٰٓؤُاْ اُ۬لظَّٰلِمِينَۖ ﰐ
5121,59,18,28,548,الحَشر,Al-Ḥashr,يَٰٓأَيُّهَا اَ۬لذِينَ ءَامَنُواْ اُ۪تَّقُواْ اُ۬للَّهَ وَلْتَنظُرْ نَفْسٞ مَّا قَدَّمَتْ لِغَدٖۖ وَاتَّقُواْ اُ۬للَّهَۖ إِنَّ اَ۬للَّهَ خَبِيرُۢ بِمَا تَعْمَلُونَۖ ﰑ
5122,59,19,28,548,الحَشر,Al-Ḥashr,وَلَا تَكُونُواْ كَالذِينَ نَسُواْ اُ۬للَّهَ فَأَنس۪يٰهُمُۥٓ أَنفُسَهُمُۥٓۖ أُوْلَٰٓئِكَ هُمُ اُ۬لْفَٰسِقُونَۖ ﰒ
5123,59,20,28,548,الحَشر,Al-Ḥashr,لَا يَسْتَوِےٓ أَصْحَٰبُ اُ۬لنّ۪ارِ وَأَصْحَٰبُ اُ۬لْجَنَّةِۖ أَصْحَٰبُ اُ۬لْجَنَّةِ هُمُ اُ۬لْفَآئِزُونَۖ ﰓ
5124,59,21,28,548,الحَشر,Al-Ḥashr,لَوَ اَنزَلْنَا هَٰذَا اَ۬لْقُرْءَانَ عَلَىٰ جَبَلٖ لَّرَأَيْتَهُۥ خَٰشِعاٗ مُّتَصَدِّعاٗ مِّنْ خَشْيَةِ اِ۬للَّهِۖ وَتِلْكَ اَ۬لَامْثَٰلُ نَضْرِبُهَا لِلنَّاسِ لَعَلَّهُمْ يَتَفَكَّرُونَۖ ﰔ
5125,59,22,28,548,الحَشر,Al-Ḥashr,هُوَ اَ۬للَّهُ اُ۬لذِے لَآ إِلَٰهَ إِلَّا هُوَۖ عَٰلِمُ اُ۬لْغَيْبِ وَالشَّهَٰدَةِۖ هُوَ اَ۬لرَّحْمَٰنُ اُ۬لرَّحِيمُۖ ﰕ
5126,59,23,28,548,الحَشر,Al-Ḥashr,هُوَ اَ۬للَّهُ اُ۬لذِے لَآ إِلَٰهَ إِلَّا هُوَ اَ۬لْمَلِكُ اُ۬لْقُدُّوسُ اُ۬لسَّلَٰمُ اُ۬لْمُومِنُ اُ۬لْمُهَيْمِنُ اُ۬لْعَزِيزُ اُ۬لْجَبَّارُ اُ۬لْمُتَكَبِّرُۖ سُبْحَٰنَ اَ۬للَّهِ عَمَّا يُشْرِكُونَۖ ﰖ
5127,59,24,28,548,الحَشر,Al-Ḥashr,هُوَ اَ۬للَّهُ اُ۬لْخَٰلِقُ اُ۬لْبَارِۓُ اُ۬لْمُصَوِّرُۖ لَهُ اُ۬لَاسْمَآءُ اُ۬لْحُسْن۪ىٰۖ يُسَبِّحُ لَهُۥ مَا فِے اِ۬لسَّمَٰوَٰتِ وَالَارْضِۖ وَهُوَ اَ۬لْعَزِيزُ اُ۬لْحَكِيمُۖ ﰗ
5128,60,1,28,549,المُمتَحنَة,Al-Mumtaḥanah,يَٰٓأَيُّهَا اَ۬لذِينَ ءَامَنُواْ لَا تَتَّخِذُواْ عَدُوِّے وَعَدُوَّكُمُۥٓ أَوْلِيَآءَۖ تُلْقُونَ إِلَيْهِم بِالْمَوَدَّةِ وَقَدْ كَفَرُواْ بِمَا جَآءَكُم مِّنَ اَ۬لْحَقِّۖ يُخْرِجُونَ اَ۬لرَّسُولَ وَإِيَّاكُمُۥٓ أَن تُومِنُواْ بِاللَّهِ رَبِّكُمُۥٓۖ إِن كُنتُمْ خَرَجْتُمْ جِهَٰداٗ فِے سَبِيلِے وَابْتِغَآءَ مَرْضَاتِے تُسِرُّونَ إِلَيْهِم بِالْمَوَدَّةِ وَأَنَآ أَعْلَمُ بِمَآ أَخْفَيْتُمْ وَمَآ أَعْلَنتُمْۖ وَمَنْ يَّفْعَلْهُ مِنكُمْ فَقَد ضَّلَّ سَوَآءَ اَ۬لسَّبِيلِۖ ﰀ
5129,60,2,28,549,المُمتَحنَة,Al-Mumtaḥanah,إِنْ يَّثْقَفُوكُمْ يَكُونُواْ لَكُمُۥٓ أَعْدَآءٗ وَيَبْسُطُوٓاْ إِلَيْكُمُۥٓ أَيْدِيَهُمْ وَأَلْسِنَتَهُم بِالسُّوٓءِۖ وَوَدُّواْ لَوْ تَكْفُرُونَۖ ﰁ
5130,60,3,28,549,المُمتَحنَة,Al-Mumtaḥanah,لَن تَنفَعَكُمُۥٓ أَرْحَامُكُمْ وَلَآ أَوْلَٰدُكُمْۖ يَوْمَ اَ۬لْقِيَٰمَةِ يُفْصَلُ بَيْنَكُمْۖ وَاللَّهُ بِمَا تَعْمَلُونَ بَصِيرٞۖ ﰂ
5131,60,4,28,549,المُمتَحنَة,Al-Mumtaḥanah,قَدْ كَانَتْ لَكُمُۥٓ إِسْوَةٌ حَسَنَةٞ فِےٓ إِبْرَٰهِيمَ وَالذِينَ مَعَهُۥٓ إِذْ قَالُواْ لِقَوْمِهِمُۥٓ إِنَّا بُرَءَٰٓؤُاْ مِنكُمْ وَمِمَّا تَعْبُدُونَ مِن دُونِ اِ۬للَّهِ كَفَرْنَا بِكُمْ وَبَدَا بَيْنَنَا وَبَيْنَكُمُ اُ۬لْعَدَٰوَةُ وَالْبَغْضَآءُ اَ۬بَداً حَتَّىٰ تُومِنُواْ بِاللَّهِ وَحْدَهُۥٓ إِلَّا قَوْلَ إِبْرَٰهِيمَ لِأَبِيهِ لَأَسْتَغْفِرَنَّ لَكَ وَمَآ أَمْلِكُ لَكَ مِنَ اَ۬للَّهِ مِن شَےْءٖۖ رَّبَّنَا عَلَيْكَ تَوَكَّلْنَا وَإِلَيْكَ أَنَبْنَا وَإِلَيْكَ اَ۬لْمَصِيرُۖ ﰃ
5132,60,5,28,549,المُمتَحنَة,Al-Mumtaḥanah,رَبَّنَا لَا تَجْعَلْنَا فِتْنَةٗ لِّلذِينَ كَفَرُواْۖ وَاغْفِرْ لَنَا رَبَّنَآۖ إِنَّكَ أَنتَ اَ۬لْعَزِيزُ اُ۬لْحَكِيمُۖ ﰄ
5133,60,6,28,550,المُمتَحنَة,Al-Mumtaḥanah,لَقَدْ كَانَ لَكُمْ فِيهِمُۥٓ إِسْوَةٌ حَسَنَةٞ لِّمَن كَانَ يَرْجُواْ اُ۬للَّهَ وَالْيَوْمَ اَ۬لَاخِرَۖ وَمَنْ يَّتَوَلَّ فَإِنَّ اَ۬للَّهَ هُوَ اَ۬لْغَنِيُّ اُ۬لْحَمِيدُۖ ﰅ
5134,60,7,28,550,المُمتَحنَة,Al-Mumtaḥanah,۞ عَسَى اَ۬للَّهُ أَنْ يَّجْعَلَ بَيْنَكُمْ وَبَيْنَ اَ۬لذِينَ عَادَيْتُم مِّنْهُم مَّوَدَّةٗۖ وَاللَّهُ قَدِيرٞۖ وَاللَّهُ غَفُورٞ رَّحِيمٞۖ ﰆ
5135,60,8,28,550,المُمتَحنَة,Al-Mumtaḥanah,لَّا يَنْه۪يٰكُمُ اُ۬للَّهُ عَنِ اِ۬لذِينَ لَمْ يُقَٰتِلُوكُمْ فِے اِ۬لدِّينِ وَلَمْ يُخْرِجُوكُم مِّن دِيٰ۪رِكُمُۥٓ أَن تَبَرُّوهُمْ وَتُقْسِطُوٓاْ إِلَيْهِمُۥٓۖ إِنَّ اَ۬للَّهَ يُحِبُّ اُ۬لْمُقْسِطِينَۖ ﰇ
5136,60,9,28,550,المُمتَحنَة,Al-Mumtaḥanah,إِنَّمَا يَنْه۪يٰكُمُ اُ۬للَّهُ عَنِ اِ۬لذِينَ قَٰتَلُوكُمْ فِے اِ۬لدِّينِ وَأَخْرَجُوكُم مِّن دِيٰ۪رِكُمْ وَظَٰهَرُواْ عَلَىٰٓ إِخْرَاجِكُمُۥٓ أَن تَوَلَّوْهُمْۖ وَمَنْ يَّتَوَلَّهُمْ فَأُوْلَٰٓئِكَ هُمُ اُ۬لظَّٰلِمُونَۖ ﰈ
5137,60,10,28,550,المُمتَحنَة,Al-Mumtaḥanah,يَٰٓأَيُّهَا اَ۬لذِينَ ءَامَنُوٓاْ إِذَا جَآءَكُمُ اُ۬لْمُومِنَٰتُ مُهَٰجِرَٰتٖ فَامْتَحِنُوهُنَّۖ اَ۬للَّهُ أَعْلَمُ بِإِيمَٰنِهِنَّۖ فَإِنْ عَلِمْتُمُوهُنَّ مُومِنَٰتٖ فَلَا تَرْجِعُوهُنَّ إِلَى اَ۬لْكُفّ۪ارِۖ لَا هُنَّ حِلّٞ لَّهُمْ وَلَا هُمْ يَحِلُّونَ لَهُنَّۖ وَءَاتُوهُم مَّآ أَنفَقُواْۖ وَلَا جُنَاحَ عَلَيْكُمُۥٓ أَن تَنكِحُوهُنَّ إِذَآ ءَاتَيْتُمُوهُنَّ أُجُورَهُنَّۖ وَلَا تُمْسِكُواْ بِعِصَمِ اِ۬لْكَوَافِرِۖ وَسْـَٔلُواْ مَآ أَنفَقْتُمْ وَلْيَسْـَٔلُواْ مَآ أَنفَقُواْۖ ذَٰلِكُمْ حُكْمُ اُ۬للَّهِ يَحْكُمُ بَيْنَكُمْۖ وَاللَّهُ عَلِيمٌ حَكِيمٞۖ ﰉ
5138,60,11,28,550,المُمتَحنَة,Al-Mumtaḥanah,وَإِن فَاتَكُمْ شَےْءٞ مِّنَ اَزْوَٰجِكُمُۥٓ إِلَى اَ۬لْكُفّ۪ارِ فَعَاقَبْتُمْ فَـَٔاتُواْ اُ۬لذِينَ ذَهَبَتَ اَزْوَٰجُهُم مِّثْلَ مَآ أَنفَقُواْۖ وَاتَّقُواْ اُ۬للَّهَ اَ۬لذِےٓ أَنتُم بِهِۦ مُومِنُونَۖ ﰊ
5139,60,12,28,551,المُمتَحنَة,Al-Mumtaḥanah,يَٰٓأَيُّهَا‏ اَ۬لنَّبِےٓءُ اِ۪ذَا جَآءَكَ اَ۬لْمُومِنَٰتُ يُبَايِعْنَكَ عَلَىٰٓ أَن لَّا يُشْرِكْنَ بِاللَّهِ شَئْاٗ وَلَا يَسْرِقْنَ وَلَا يَزْنِينَ وَلَا يَقْتُلْنَ أَوْلَٰدَهُنَّ وَلَا يَاتِينَ بِبُهْتَٰنٖ يَفْتَرِينَهُۥ بَيْنَ أَيْدِيهِنَّ وَأَرْجُلِهِنَّ وَلَا يَعْصِينَكَ فِے مَعْرُوفٖ فَبَايِعْهُنَّ وَاسْتَغْفِرْ لَهُنَّ اَ۬للَّهَۖ إِنَّ اَ۬للَّهَ غَفُورٞ رَّحِيمٞۖ ﰋ
5140,60,13,28,551,المُمتَحنَة,Al-Mumtaḥanah,يَٰٓأَيُّهَا اَ۬لذِينَ ءَامَنُواْ لَا تَتَوَلَّوْاْ قَوْماً غَضِبَ اَ۬للَّهُ عَلَيْهِمْ قَدْ يَئِسُواْ مِنَ اَ۬لَاخِرَةِ كَمَا يَئِسَ اَ۬لْكُفَّارُ مِنَ اَصْحَٰبِ اِ۬لْقُبُورِۖ ﰌ
5141,61,1,28,551,الصَّف,Aṣ-Ṣaff,سَبَّحَ لِلهِ مَا فِے اِ۬لسَّمَٰوَٰتِ وَمَا فِے اِ۬لَارْضِۖ وَهُوَ اَ۬لْعَزِيزُ اُ۬لْحَكِيمُۖ ﰀ
5142,61,2,28,551,الصَّف,Aṣ-Ṣaff,يَٰٓأَيُّهَا اَ۬لذِينَ ءَامَنُواْ لِمَ تَقُولُونَ مَا لَا تَفْعَلُونَۖ ﰁ
5143,61,3,28,551,الصَّف,Aṣ-Ṣaff,كَبُرَ مَقْتاً عِندَ اَ۬للَّهِ أَن تَقُولُواْ مَا لَا تَفْعَلُونَۖ ﰂ
5144,61,4,28,551,الصَّف,Aṣ-Ṣaff,إِنَّ اَ۬للَّهَ يُحِبُّ اُ۬لذِينَ يُقَٰتِلُونَ فِے سَبِيلِهِۦ صَفّاٗ كَأَنَّهُم بُنْيَٰنٞ مَّرْصُوصٞۖ ﰃ
5145,61,5,28,551,الصَّف,Aṣ-Ṣaff,وَإِذْ قَالَ مُوس۪ىٰ لِقَوْمِهِۦ يَٰقَوْمِ لِمَ تُوذُونَنِے وَقَد تَّعْلَمُونَ أَنِّے رَسُولُ اُ۬للَّهِ إِلَيْكُمْۖ فَلَمَّا زَاغُوٓاْ أَزَاغَ اَ۬للَّهُ قُلُوبَهُمْۖ وَاللَّهُ لَا يَهْدِے اِ۬لْقَوْمَ اَ۬لْفَٰسِقِينَۖ ﰄ
5146,61,6,28,552,الصَّف,Aṣ-Ṣaff,وَإِذْ قَالَ عِيسَى اَ۪بْنُ مَرْيَمَ يَٰبَنِےٓ إِسْرَآءِيلَ إِنِّے رَسُولُ اُ۬للَّهِ إِلَيْكُم مُّصَدِّقاٗ لِّمَا بَيْنَ يَدَيَّ مِنَ اَ۬لتَّوْر۪يٰةِ وَمُبَشِّراَۢ بِرَسُولٖ يَاتِے مِنۢ بَعْدِيَ اَ۪سْمُهُۥٓ أَحْمَدُۖ فَلَمَّا جَآءَهُم بِالْبَيِّنَٰتِ قَالُواْ هَٰذَا سِحْرٞ مُّبِينٞۖ ﰅ
5147,61,7,28,552,الصَّف,Aṣ-Ṣaff,وَمَنَ اَظْلَمُ مِمَّنِ اِ۪فْتَر۪ىٰ عَلَى اَ۬للَّهِ اِ۬لْكَذِبَ وَهُوَ يُدْع۪ىٰٓ إِلَى اَ۬لِاسْلَٰمِۖ وَاللَّهُ لَا يَهْدِے اِ۬لْقَوْمَ اَ۬لظَّٰلِمِينَۖ ﰆ
5148,61,8,28,552,الصَّف,Aṣ-Ṣaff,يُرِيدُونَ لِيُطْفِـُٔواْ نُورَ اَ۬للَّهِ بِأَفْوَٰهِهِمْ وَاللَّهُ مُتِمّٞ نُّورَهُۥ وَلَوْ كَرِهَ اَ۬لْكَٰفِرُونَۖ ﰇ
5149,61,9,28,552,الصَّف,Aṣ-Ṣaff,هُوَ اَ۬لذِےٓ أَرْسَلَ رَسُولَهُۥ بِالْهُد۪ىٰ وَدِينِ اِ۬لْحَقِّ لِيُظْهِرَهُۥ عَلَى اَ۬لدِّينِ كُلِّهِۦ وَلَوْ كَرِهَ اَ۬لْمُشْرِكُونَۖ ﰈ
5150,61,10,28,552,الصَّف,Aṣ-Ṣaff,يَٰٓأَيُّهَا اَ۬لذِينَ ءَامَنُواْ هَلَ اَدُلُّكُمْ عَلَىٰ تِجَٰرَةٖ تُنجِيكُم مِّنْ عَذَابٍ اَلِيمٖ ﰉ
5151,61,11,28,552,الصَّف,Aṣ-Ṣaff,تُومِنُونَ بِاللَّهِ وَرَسُولِهِۦ وَتُجَٰهِدُونَ فِے سَبِيلِ اِ۬للَّهِ بِأَمْوَٰلِكُمْ وَأَنفُسِكُمْ ذَٰلِكُمْ خَيْرٞ لَّكُمُۥٓ إِن كُنتُمْ تَعْلَمُونَ ﰊ
5152,61,12,28,552,الصَّف,Aṣ-Ṣaff,يَغْفِرْ لَكُمْ ذُنُوبَكُمْ وَيُدْخِلْكُمْ جَنَّٰتٖ تَجْرِے مِن تَحْتِهَا اَ۬لَانْهَٰرُ وَمَسَٰكِنَ طَيِّبَةٗ فِے جَنَّٰتِ عَدْنٖۖ ذَٰلِكَ اَ۬لْفَوْزُ اُ۬لْعَظِيمُۖ ﰋ
5153,61,13,28,552,الصَّف,Aṣ-Ṣaff,وَأُخْر۪ىٰ تُحِبُّونَهَا نَصْرٞ مِّنَ اَ۬للَّهِ وَفَتْحٞ قَرِيبٞۖ وَبَشِّرِ اِ۬لْمُومِنِينَۖ ﰌ
5154,61,14,28,552,الصَّف,Aṣ-Ṣaff,يَٰٓأَيُّهَا اَ۬لذِينَ ءَامَنُواْ كُونُوٓاْ أَنصَاراٗ لِّلهِ كَمَا قَالَ عِيسَى اَ۪بْنُ مَرْيَمَ لِلْحَوَارِيِّـۧنَ مَنَ اَنصَارِيَ إِلَى اَ۬للَّهِۖ قَالَ اَ۬لْحَوَارِيُّونَ نَحْنُ أَنصَارُ اُ۬للَّهِۖ فَـَٔامَنَت طَّآئِفَةٞ مِّنۢ بَنِےٓ إِسْرَآءِيلَ وَكَفَرَت طَّآئِفَةٞۖ فَأَيَّدْنَا اَ۬لذِينَ ءَامَنُواْ عَلَىٰ عَدُوِّهِمْ فَأَصْبَحُواْ ظَٰهِرِينَۖ ﰍ
5155,62,1,28,553,الجُمعَة,Al-Jumu‘ah,يُسَبِّحُ لِلهِ مَا فِے اِ۬لسَّمَٰوَٰتِ وَمَا فِے اِ۬لَارْضِ اِ۬لْمَلِكِ اِ۬لْقُدُّوسِ اِ۬لْعَزِيزِ اِ۬لْحَكِيمِۖ ﰀ
5156,62,2,28,553,الجُمعَة,Al-Jumu‘ah,هُوَ اَ۬لذِے بَعَثَ فِے اِ۬لُامِّيِّـۧنَ رَسُولاٗ مِّنْهُمْ يَتْلُواْ عَلَيْهِمُۥٓ ءَايَٰتِهِۦ وَيُزَكِّيهِمْ وَيُعَلِّمُهُمُ اُ۬لْكِتَٰبَ وَالْحِكْمَةَ وَإِن كَانُواْ مِن قَبْلُ لَفِے ضَلَٰلٖ مُّبِينٖ ﰁ
5157,62,3,28,553,الجُمعَة,Al-Jumu‘ah,وَءَاخَرِينَ مِنْهُمْ لَمَّا يَلْحَقُواْ بِهِمْۖ وَهُوَ اَ۬لْعَزِيزُ اُ۬لْحَكِيمُۖ ﰂ
5158,62,4,28,553,الجُمعَة,Al-Jumu‘ah,ذَٰلِكَ فَضْلُ اُ۬للَّهِ يُوتِيهِ مَنْ يَّشَآءُۖ وَاللَّهُ ذُو اُ۬لْفَضْلِ اِ۬لْعَظِيمِۖ ﰃ
5159,62,5,28,553,الجُمعَة,Al-Jumu‘ah,مَثَلُ اُ۬لذِينَ حُمِّلُواْ اُ۬لتَّوْر۪يٰةَ ثُمَّ لَمْ يَحْمِلُوهَا كَمَثَلِ اِ۬لْحِم۪ارِ يَحْمِلُ أَسْفَاراَۢۖ بِيسَ مَثَلُ اُ۬لْقَوْمِ اِ۬لذِينَ كَذَّبُواْ بِـَٔايَٰتِ اِ۬للَّهِۖ وَاللَّهُ لَا يَهْدِے اِ۬لْقَوْمَ اَ۬لظَّٰلِمِينَۖ ﰄ
5160,62,6,28,553,الجُمعَة,Al-Jumu‘ah,قُلْ يَٰٓأَيُّهَا اَ۬لذِينَ هَادُوٓاْ إِن زَعَمْتُمُۥٓ أَنَّكُمُۥٓ أَوْلِيَآءُ لِلهِ مِن دُونِ اِ۬لنَّاسِ فَتَمَنَّوُاْ اُ۬لْمَوْتَ إِن كُنتُمْ صَٰدِقِينَۖ ﰅ
5161,62,7,28,553,الجُمعَة,Al-Jumu‘ah,وَلَا يَتَمَنَّوْنَهُۥٓ أَبَداَۢ بِمَا قَدَّمَتَ اَيْدِيهِمْۖ وَاللَّهُ عَلِيمُۢ بِالظَّٰلِمِينَۖ ﰆ
5162,62,8,28,553,الجُمعَة,Al-Jumu‘ah,قُلِ اِنَّ اَ۬لْمَوْتَ اَ۬لذِے تَفِرُّونَ مِنْهُ فَإِنَّهُۥ مُلَٰقِيكُمْ ثُمَّ تُرَدُّونَ إِلَىٰ عَٰلِمِ اِ۬لْغَيْبِ وَالشَّهَٰدَةِ فَيُنَبِّئُكُم بِمَا كُنتُمْ تَعْمَلُونَۖ ﰇ
5163,62,9,28,554,الجُمعَة,Al-Jumu‘ah,يَٰٓأَيُّهَا اَ۬لذِينَ ءَامَنُوٓاْ إِذَا نُودِيَ لِلصَّلَوٰةِ مِنْ يَّوْمِ اِ۬لْجُمُعَةِ فَاسْعَوِاْ اِلَىٰ ذِكْرِ اِ۬للَّهِ وَذَرُواْ اُ۬لْبَيْعَۖ ذَٰلِكُمْ خَيْرٞ لَّكُمُۥٓ إِن كُنتُمْ تَعْلَمُونَۖ ﰈ
5164,62,10,28,554,الجُمعَة,Al-Jumu‘ah,فَإِذَا قُضِيَتِ اِ۬لصَّلَوٰةُ فَانتَشِرُواْ فِے اِ۬لَارْضِ وَابْتَغُواْ مِن فَضْلِ اِ۬للَّهِ وَاذْكُرُواْ اُ۬للَّهَ كَثِيراٗ لَّعَلَّكُمْ تُفْلِحُونَۖ ﰉ
5165,62,11,28,554,الجُمعَة,Al-Jumu‘ah,وَإِذَا رَأَوْاْ تِجَٰرَةً اَوْ لَهْواً اِ۪نفَضُّوٓاْ إِلَيْهَا وَتَرَكُوكَ قَآئِماٗۖ قُلْ مَا عِندَ اَ۬للَّهِ خَيْرٞ مِّنَ اَ۬للَّهْوِ وَمِنَ اَ۬لتِّجَٰرَةِۖ وَاللَّهُ خَيْرُ اُ۬لرَّٰزِقِينَۖ ﰊ
5166,63,1,28,554,المُنَافِقُونَ,Al-Munāfiqūn,إِذَا جَآءَكَ اَ۬لْمُنَٰفِقُونَ قَالُواْ نَشْهَدُ إِنَّكَ لَرَسُولُ اُ۬للَّهِۖ وَاللَّهُ يَعْلَمُ إِنَّكَ لَرَسُولُهُۥۖ وَاللَّهُ يَشْهَدُ إِنَّ اَ۬لْمُنَٰفِقِينَ لَكَٰذِبُونَۖ ﰀ
5167,63,2,28,554,المُنَافِقُونَ,Al-Munāfiqūn,اَ۪تَّخَذُوٓاْ أَيْمَٰنَهُمْ جُنَّةٗ فَصَدُّواْ عَن سَبِيلِ اِ۬للَّهِۖ إِنَّهُمْ سَآءَ مَا كَانُواْ يَعْمَلُونَۖ ﰁ
5168,63,3,28,554,المُنَافِقُونَ,Al-Munāfiqūn,ذَٰلِكَ بِأَنَّهُمُۥٓ ءَامَنُواْ ثُمَّ كَفَرُواْ فَطُبِعَ عَلَىٰ قُلُوبِهِمْ فَهُمْ لَا يَفْقَهُونَۖ ﰂ
5169,63,4,28,554,المُنَافِقُونَ,Al-Munāfiqūn,وَإِذَا رَأَيْتَهُمْ تُعْجِبُكَ أَجْسَامُهُمْۖ وَإِنْ يَّقُولُواْ تَسْمَعْ لِقَوْلِهِمْ كَأَنَّهُمْ خُشُبٞ مُّسَنَّدَةٞۖ يَحْسِبُونَ كُلَّ صَيْحَةٍ عَلَيْهِمْۖ هُمُ اُ۬لْعَدُوُّۖ فَاحْذَرْهُمْۖ قَٰتَلَهُمُ اُ۬للَّهُۖ أَنّ۪ىٰ يُوفَكُونَۖ ﰃ
5170,63,5,28,555,المُنَافِقُونَ,Al-Munāfiqūn,وَإِذَا قِيلَ لَهُمْ تَعَالَوْاْ يَسْتَغْفِرْ لَكُمْ رَسُولُ اُ۬للَّهِ لَوَوْاْ رُءُوسَهُمْ وَرَأَيْتَهُمْ يَصُدُّونَ وَهُم مُّسْتَكْبِرُونَۖ ﰄ
5171,63,6,28,555,المُنَافِقُونَ,Al-Munāfiqūn,سَوَآءٌ عَلَيْهِمُۥٓ أَسْتَغْفَرْتَ لَهُمُۥٓ أَمْ لَمْ تَسْتَغْفِرْ لَهُمْۖ لَنْ يَّغْفِرَ اَ۬للَّهُ لَهُمُۥٓۖ إِنَّ اَ۬للَّهَ لَا يَهْدِے اِ۬لْقَوْمَ اَ۬لْفَٰسِقِينَۖ ﰅ
5172,63,7,28,555,المُنَافِقُونَ,Al-Munāfiqūn,هُمُ اُ۬لذِينَ يَقُولُونَ لَا تُنفِقُواْ عَلَىٰ مَنْ عِندَ رَسُولِ اِ۬للَّهِ حَتَّىٰ يَنفَضُّواْۖ وَلِلهِ خَزَآئِنُ اُ۬لسَّمَٰوَٰتِ وَالَارْضِۖ وَلَٰكِنَّ اَ۬لْمُنَٰفِقِينَ لَا يَفْقَهُونَۖ ﰆ
5173,63,8,28,555,المُنَافِقُونَ,Al-Munāfiqūn,يَقُولُونَ لَئِن رَّجَعْنَآ إِلَى اَ۬لْمَدِينَةِ لَيُخْرِجَنَّ اَ۬لَاعَزُّ مِنْهَا اَ۬لَاذَلَّۖ وَلِلهِ اِ۬لْعِزَّةُ وَلِرَسُولِهِۦ وَلِلْمُومِنِينَۖ وَلَٰكِنَّ اَ۬لْمُنَٰفِقِينَ لَا يَعْلَمُونَۖ ﰇ
5174,63,9,28,555,المُنَافِقُونَ,Al-Munāfiqūn,۞ يَٰٓأَيُّهَا اَ۬لذِينَ ءَامَنُواْ لَا تُلْهِكُمُۥٓ أَمْوَٰلُكُمْ وَلَآ أَوْلَٰدُكُمْ عَن ذِكْرِ اِ۬للَّهِۖ وَمَنْ يَّفْعَلْ ذَٰلِكَ فَأُوْلَٰٓئِكَ هُمُ اُ۬لْخَٰسِرُونَۖ ﰈ
5175,63,10,28,555,المُنَافِقُونَ,Al-Munāfiqūn,وَأَنفِقُواْ مِن مَّا رَزَقْنَٰكُم مِّن قَبْلِ أَنْ يَّاتِيَ أَحَدَكُمُ اُ۬لْمَوْتُ فَيَقُولَ رَبِّ لَوْلَآ أَخَّرْتَنِےٓ إِلَىٰٓ أَجَلٖ قَرِيبٖ فَأَصَّدَّقَ وَأَكُن مِّنَ اَ۬لصَّٰلِحِينَۖ ﰉ
5176,63,11,28,555,المُنَافِقُونَ,Al-Munāfiqūn,وَلَنْ يُّوَ۬خِّرَ اَ۬للَّهُ نَفْساً اِذَا جَآءَ اجَلُهَاۖ وَاللَّهُ خَبِيرُۢ بِمَا تَعْمَلُونَۖ ﰊ
5177,64,1,28,556,التغَابُن,At-Taghābun,يُسَبِّحُ لِلهِ مَا فِے اِ۬لسَّمَٰوَٰتِ وَمَا فِے اِ۬لَارْضِۖ لَهُ اُ۬لْمُلْكُ وَلَهُ اُ۬لْحَمْدُۖ وَهُوَ عَلَىٰ كُلِّ شَےْءٖ قَدِيرٌۖ ﰀ
5178,64,2,28,556,التغَابُن,At-Taghābun,هُوَ اَ۬لذِے خَلَقَكُمْ فَمِنكُمْ كَافِرٞ وَمِنكُم مُّومِنٞۖ وَاللَّهُ بِمَا تَعْمَلُونَ بَصِيرٌۖ ﰁ
5179,64,3,28,556,التغَابُن,At-Taghābun,خَلَقَ اَ۬لسَّمَٰوَٰتِ وَالَارْضَ بِالْحَقِّ وَصَوَّرَكُمْ فَأَحْسَنَ صُوَرَكُمْۖ وَإِلَيْهِ اِ۬لْمَصِيرُۖ ﰂ
5180,64,4,28,556,التغَابُن,At-Taghābun,يَعْلَمُ مَا فِے اِ۬لسَّمَٰوَٰتِ وَالَارْضِ وَيَعْلَمُ مَا تُسِرُّونَ وَمَا تُعْلِنُونَۖ وَاللَّهُ عَلِيمُۢ بِذَاتِ اِ۬لصُّدُورِۖ ﰃ
5181,64,5,28,556,التغَابُن,At-Taghābun,أَلَمْ يَاتِكُمْ نَبَؤُاْ اُ۬لذِينَ كَفَرُواْ مِن قَبْلُ فَذَاقُواْ وَبَالَ أَمْرِهِمْ وَلَهُمْ عَذَابٌ اَلِيمٞۖ ﰄ
5182,64,6,28,556,التغَابُن,At-Taghābun,ذَٰلِكَ بِأَنَّهُۥ كَانَت تَّاتِيهِمْ رُسُلُهُم بِالْبَيِّنَٰتِ فَقَالُوٓاْ أَبَشَرٞ يَهْدُونَنَاۖ فَكَفَرُواْ وَتَوَلَّواْ وَّاسْتَغْنَى اَ۬للَّهُۖ وَاللَّهُ غَنِيٌّ حَمِيدٞۖ ﰅ
5183,64,7,28,556,التغَابُن,At-Taghābun,۞ زَعَمَ اَ۬لذِينَ كَفَرُوٓاْ أَن لَّنْ يُّبْعَثُواْۖ قُلْ بَل۪ىٰ وَرَبِّے لَتُبْعَثُنَّ ثُمَّ لَتُنَبَّؤُنَّ بِمَا عَمِلْتُمْۖ وَذَٰلِكَ عَلَى اَ۬للَّهِ يَسِيرٞۖ ﰆ
5184,64,8,28,556,التغَابُن,At-Taghābun,فَـَٔامِنُواْ بِاللَّهِ وَرَسُولِهِۦ وَالنُّورِ اِ۬لذِےٓ أَنزَلْنَاۖ وَاللَّهُ بِمَا تَعْمَلُونَ خَبِيرٞۖ ﰇ
5185,64,9,28,556,التغَابُن,At-Taghābun,يَوْمَ يَجْمَعُكُمْ لِيَوْمِ اِ۬لْجَمْعِ ذَٰلِكَ يَوْمُ اُ۬لتَّغَابُنِۖ وَمَنْ يُّومِنۢ بِاللَّهِ وَيَعْمَلْ صَٰلِحاٗ نُّكَفِّرْ عَنْهُ سَيِّـَٔاتِهِۦ وَنُدْخِلْهُ جَنَّٰتٖ تَجْرِے مِن تَحْتِهَا اَ۬لَانْهَٰرُ خَٰلِدِينَ فِيهَآ أَبَداٗۖ ذَٰلِكَ اَ۬لْفَوْزُ اُ۬لْعَظِيمُۖ ﰈ
5186,64,10,28,557,التغَابُن,At-Taghābun,وَالذِينَ كَفَرُواْ وَكَذَّبُواْ بِـَٔايَٰتِنَآ أُوْلَٰٓئِكَ أَصْحَٰبُ اُ۬لنّ۪ارِ خَٰلِدِينَ فِيهَاۖ وَبِيسَ اَ۬لْمَصِيرُۖ ﰉ
5187,64,11,28,557,التغَابُن,At-Taghābun,مَآ أَصَابَ مِن مُّصِيبَةٍ اِلَّا بِإِذْنِ اِ۬للَّهِۖ وَمَنْ يُّومِنۢ بِاللَّهِ يَهْدِ قَلْبَهُۥۖ وَاللَّهُ بِكُلِّ شَےْءٍ عَلِيمٞۖ ﰊ
5188,64,12,28,557,التغَابُن,At-Taghābun,وَأَطِيعُواْ اُ۬للَّهَ وَأَطِيعُواْ اُ۬لرَّسُولَۖ فَإِن تَوَلَّيْتُمْ فَإِنَّمَا عَلَىٰ رَسُولِنَا اَ۬لْبَلَٰغُ اُ۬لْمُبِينُۖ ﰋ
5189,64,13,28,557,التغَابُن,At-Taghābun,اُ۬للَّهُ لَآ إِلَٰهَ إِلَّا هُوَۖ وَعَلَى اَ۬للَّهِ فَلْيَتَوَكَّلِ اِ۬لْمُومِنُونَۖ ﰌ
5190,64,14,28,557,التغَابُن,At-Taghābun,يَٰٓأَيُّهَا اَ۬لذِينَ ءَامَنُوٓاْ إِنَّ مِنَ اَزْوَٰجِكُمْ وَأَوْلَٰدِكُمْ عَدُوّاٗ لَّكُمْ فَاحْذَرُوهُمْۖ وَإِن تَعْفُواْ وَتَصْفَحُواْ وَتَغْفِرُواْ فَإِنَّ اَ۬للَّهَ غَفُورٞ رَّحِيمٌۖ ﰍ
5191,64,15,28,557,التغَابُن,At-Taghābun,اِنَّمَآ أَمْوَٰلُكُمْ وَأَوْلَٰدُكُمْ فِتْنَةٞۖ وَاللَّهُ عِندَهُۥٓ أَجْرٌ عَظِيمٞۖ ﰎ
5192,64,16,28,557,التغَابُن,At-Taghābun,فَاتَّقُواْ اُ۬للَّهَ مَا اَ۪سْتَطَعْتُمْ وَاسْمَعُواْ وَأَطِيعُواْ وَأَنفِقُواْ خَيْراٗ لِّأَنفُسِكُمْۖ وَمَنْ يُّوقَ شُحَّ نَفْسِهِۦ فَأُوْلَٰٓئِكَ هُمُ اُ۬لْمُفْلِحُونَۖ ﰏ
5193,64,17,28,557,التغَابُن,At-Taghābun,إِن تُقْرِضُواْ اُ۬للَّهَ قَرْضاً حَسَناٗ يُضَٰعِفْهُ لَكُمْ وَيَغْفِرْ لَكُمْۖ وَاللَّهُ شَكُورٌ حَلِيمٌۖ ﰐ
5194,64,18,28,557,التغَابُن,At-Taghābun,عَٰلِمُ اُ۬لْغَيْبِ وَالشَّهَٰدَةِۖ اِ۬لْعَزِيزُ اُ۬لْحَكِيمُۖ ﰑ
5195,65,1,28,558,الطَّلَاق,Aṭ-Ṭalāq,يَٰٓأَيُّهَا‏ اَ۬لنَّبِےٓءُ اِ۪ذَا طَلَّقْتُمُ اُ۬لنِّسَآءَ فَطَلِّقُوهُنَّ لِعِدَّتِهِنَّ وَأَحْصُواْ اُ۬لْعِدَّةَۖ وَاتَّقُواْ اُ۬للَّهَ رَبَّكُمْۖ لَا تُخْرِجُوهُنَّ مِنۢ بُيُوتِهِنَّۖ وَلَا يَخْرُجْنَ إِلَّآ أَنْ يَّاتِينَ بِفَٰحِشَةٖ مُّبَيِّنَةٖۖ وَتِلْكَ حُدُودُ اُ۬للَّهِۖ وَمَنْ يَّتَعَدَّ حُدُودَ اَ۬للَّهِ فَقَد ظَّلَمَ نَفْسَهُۥۖ لَا تَدْرِے لَعَلَّ اَ۬للَّهَ يُحْدِثُ بَعْدَ ذَٰلِكَ أَمْراٗۖ ﰀ
5196,65,2,28,558,الطَّلَاق,Aṭ-Ṭalāq,فَإِذَا بَلَغْنَ أَجَلَهُنَّ فَأَمْسِكُوهُنَّ بِمَعْرُوفٍ اَوْ فَارِقُوهُنَّ بِمَعْرُوفٖۖ وَأَشْهِدُواْ ذَوَےْ عَدْلٖ مِّنكُمْۖ وَأَقِيمُواْ اُ۬لشَّهَٰدَةَ لِلهِۖ ذَٰلِكُمْ يُوعَظُ بِهِۦ مَن كَانَ يُومِنُ بِاللَّهِ وَالْيَوْمِ اِ۬لَاخِرِۖ وَمَنْ يَّتَّقِ اِ۬للَّهَ يَجْعَل لَّهُۥ مَخْرَجاٗ ﰁ
5197,65,3,28,558,الطَّلَاق,Aṭ-Ṭalāq,وَيَرْزُقْهُ مِنْ حَيْثُ لَا يَحْتَسِبُۖ وَمَنْ يَّتَوَكَّلْ عَلَى اَ۬للَّهِ فَهُوَ حَسْبُهُۥٓۖ إِنَّ اَ۬للَّهَ بَٰلِغٌ اَمْرَهُۥۖ قَدْ جَعَلَ اَ۬للَّهُ لِكُلِّ شَےْءٖ قَدْراٗۖ ﰂ
5198,65,4,28,558,الطَّلَاق,Aṭ-Ṭalāq,وَال۪ےْ يَئِسْنَ مِنَ اَ۬لْمَحِيضِ مِن نِّسَآئِكُمُۥٓ إِنِ اِ۪رْتَبْتُمْ فَعِدَّتُهُنَّ ثَلَٰثَةُ أَشْهُرٖ وَال۪ےْ لَمْ يَحِضْنَۖ وَأُوْلَٰتُ اُ۬لَاحْمَالِ أَجَلُهُنَّ أَنْ يَّضَعْنَ حَمْلَهُنَّۖ وَمَنْ يَّتَّقِ اِ۬للَّهَ يَجْعَل لَّهُۥ مِنَ اَمْرِهِۦ يُسْراٗۖ ﰃ
5199,65,5,28,558,الطَّلَاق,Aṭ-Ṭalāq,ذَٰلِكَ أَمْرُ اُ۬للَّهِ أَنزَلَهُۥٓ إِلَيْكُمْۖ وَمَنْ يَّتَّقِ اِ۬للَّهَ يُكَفِّرْ عَنْهُ سَيِّـَٔاتِهِۦ وَيُعْظِمْ لَهُۥٓ أَجْراًۖ ﰄ
5200,65,6,28,559,الطَّلَاق,Aṭ-Ṭalāq,اَسْكِنُوهُنَّ مِنْ حَيْثُ سَكَنتُم مِّنْ وُّجْدِكُمْۖ وَلَا تُضَآرُّوهُنَّ لِتُضَيِّقُواْ عَلَيْهِنَّۖ وَإِن كُنَّ أُوْلَٰتِ حَمْلٖ فَأَنفِقُواْ عَلَيْهِنَّ حَتَّىٰ يَضَعْنَ حَمْلَهُنَّۖ فَإِنَ اَرْضَعْنَ لَكُمْ فَـَٔاتُوهُنَّ أُجُورَهُنَّ وَاتَمِرُواْ بَيْنَكُم بِمَعْرُوفٖۖ ۞ وَإِن تَعَاسَرْتُمْ فَسَتُرْضِعُ لَهُۥٓ أُخْر۪ىٰۖ ﰅ
5201,65,7,28,559,الطَّلَاق,Aṭ-Ṭalāq,لِيُنفِقْ ذُو سَعَةٖ مِّن سَعَتِهِۦۖ وَمَن قُدِرَ عَلَيْهِ رِزْقُهُۥ فَلْيُنفِقْ مِمَّآ ءَات۪يٰهُ اُ۬للَّهُۖ لَا يُكَلِّفُ اُ۬للَّهُ نَفْساً اِلَّا مَآ ءَات۪يٰهَاۖ سَيَجْعَلُ اُ۬للَّهُ بَعْدَ عُسْرٖ يُسْراٗۖ ﰆ
5202,65,8,28,559,الطَّلَاق,Aṭ-Ṭalāq,وَكَأَيِّن مِّن قَرْيَةٍ عَتَتْ عَنَ اَمْرِ رَبِّهَا وَرُسُلِهِۦ فَحَاسَبْنَٰهَا حِسَاباٗ شَدِيداٗ وَعَذَّبْنَٰهَا عَذَاباٗ نُّكُراٗ ﰇ
5203,65,9,28,559,الطَّلَاق,Aṭ-Ṭalāq,فَذَاقَتْ وَبَالَ أَمْرِهَاۖ وَكَانَ عَٰقِبَةُ أَمْرِهَا خُسْراًۖ ﰈ
5204,65,10,28,559,الطَّلَاق,Aṭ-Ṭalāq,اَعَدَّ اَ۬للَّهُ لَهُمْ عَذَاباٗ شَدِيداٗۖ فَاتَّقُواْ اُ۬للَّهَ يَٰٓأُوْلِے اِ۬لَالْبَٰبِۖ اِ۬لذِينَ ءَامَنُواْ قَدَ اَنزَلَ اَ۬للَّهُ إِلَيْكُمْ ذِكْراٗۖ ﰉ
5205,65,11,28,559,الطَّلَاق,Aṭ-Ṭalāq,رَّسُولاٗ يَتْلُواْ عَلَيْكُمُۥٓ ءَايَٰتِ اِ۬للَّهِ مُبَيَّنَٰتٖ لِّيُخْرِجَ اَ۬لذِينَ ءَامَنُواْ وَعَمِلُواْ اُ۬لصَّٰلِحَٰتِ مِنَ اَ۬لظُّلُمَٰتِ إِلَى اَ۬لنُّورِۖ وَمَنْ يُّومِنۢ بِاللَّهِ وَيَعْمَلْ صَٰلِحاٗ نُّدْخِلْهُ جَنَّٰتٖ تَجْرِے مِن تَحْتِهَا اَ۬لَانْهَٰرُ خَٰلِدِينَ فِيهَآ أَبَداٗ قَدَ اَحْسَنَ اَ۬للَّهُ لَهُۥ رِزْقاًۖ ﰊ
5206,65,12,28,559,الطَّلَاق,Aṭ-Ṭalāq,اِ۬للَّهُ اُ۬لذِے خَلَقَ سَبْعَ سَمَٰوَٰتٖ وَمِنَ اَ۬لَارْضِ مِثْلَهُنَّۖ يَتَنَزَّلُ اُ۬لَامْرُ بَيْنَهُنَّ لِتَعْلَمُوٓاْ أَنَّ اَ۬للَّهَ عَلَىٰ كُلِّ شَےْءٖ قَدِيرٞ وَأَنَّ اَ۬للَّهَ قَدَ اَحَاطَ بِكُلِّ شَےْءٍ عِلْماٗۖ ﰋ
5207,66,1,28,560,التَّحرِيم,At-Taḥrīm,يَٰٓأَيُّهَا‏ اَ۬لنَّبِےٓءُ لِمَ تُحَرِّمُ مَآ أَحَلَّ اَ۬للَّهُ لَكَ تَبْتَغِے مَرْضَاتَ أَزْوَٰجِكَۖ وَاللَّهُ غَفُورٞ رَّحِيمٞۖ ﰀ
5208,66,2,28,560,التَّحرِيم,At-Taḥrīm,قَدْ فَرَضَ اَ۬للَّهُ لَكُمْ تَحِلَّةَ أَيْمَٰنِكُمْۖ وَاللَّهُ مَوْل۪يٰكُمْۖ وَهُوَ اَ۬لْعَلِيمُ اُ۬لْحَكِيمُۖ ﰁ
5209,66,3,28,560,التَّحرِيم,At-Taḥrīm,وَإِذَ اَسَرَّ‏ اَ۬لنَّبِےٓءُ اِ۪لَىٰ بَعْضِ أَزْوَٰجِهِۦ حَدِيثاٗۖ فَلَمَّا نَبَّأَتْ بِهِۦ وَأَظْهَرَهُ اُ۬للَّهُ عَلَيْهِ عَرَّفَ بَعْضَهُۥ وَأَعْرَضَ عَنۢ بَعْضٖۖ فَلَمَّا نَبَّأَهَا بِهِۦ قَالَتْ مَنَ اَنۢبَأَكَ هَٰذَا قَالَ نَبَّأَنِيَ اَ۬لْعَلِيمُ اُ۬لْخَبِيرُۖ ﰂ
5210,66,4,28,560,التَّحرِيم,At-Taḥrīm,إِن تَتُوبَآ إِلَى اَ۬للَّهِ فَقَدْ صَغَتْ قُلُوبُكُمَاۖ وَإِن تَظَّٰهَرَا عَلَيْهِ فَإِنَّ اَ۬للَّهَ هُوَ مَوْل۪يٰهُ وَجِبْرِيلُ وَصَٰلِحُ اُ۬لْمُومِنِينَۖ وَالْمَلَٰٓئِكَةُ بَعْدَ ذَٰلِكَ ظَهِيرٌۖ ﰃ
5211,66,5,28,560,التَّحرِيم,At-Taḥrīm,عَس۪ىٰ رَبُّهُۥٓ إِن طَلَّقَكُنَّ أَنْ يُّبَدِّلَهُۥٓ أَزْوَٰجاً خَيْراٗ مِّنكُنَّ مُسْلِمَٰتٖ مُّومِنَٰتٖ قَٰنِتَٰتٖ تَٰٓئِبَٰتٍ عَٰبِدَٰتٖ سَٰٓئِحَٰتٖ ثَيِّبَٰتٖ وَأَبْكَاراٗۖ ﰄ
5212,66,6,28,560,التَّحرِيم,At-Taḥrīm,يَٰٓأَيُّهَا اَ۬لذِينَ ءَامَنُواْ قُوٓاْ أَنفُسَكُمْ وَأَهْلِيكُمْ نَاراٗ وَقُودُهَا اَ۬لنَّاسُ وَالْحِجَارَةُ عَلَيْهَا مَلَٰٓئِكَةٌ غِلَٰظٞ شِدَادٞ لَّا يَعْصُونَ اَ۬للَّهَ مَآ أَمَرَهُمْ وَيَفْعَلُونَ مَا يُومَرُونَۖ ﰅ
5213,66,7,28,560,التَّحرِيم,At-Taḥrīm,يَٰٓأَيُّهَا اَ۬لذِينَ كَفَرُواْ لَا تَعْتَذِرُواْ اُ۬لْيَوْمَ إِنَّمَا تُجْزَوْنَ مَا كُنتُمْ تَعْمَلُونَۖ ﰆ
5214,66,8,28,561,التَّحرِيم,At-Taḥrīm,۞ يَٰٓأَيُّهَا اَ۬لذِينَ ءَامَنُواْ تُوبُوٓاْ إِلَى اَ۬للَّهِ تَوْبَةٗ نَّصُوحاً عَس۪ىٰ رَبُّكُمُۥٓ أَنْ يُّكَفِّرَ عَنكُمْ سَيِّـَٔاتِكُمْ وَيُدْخِلَكُمْ جَنَّٰتٖ تَجْرِے مِن تَحْتِهَا اَ۬لَانْهَٰرُ يَوْمَ لَا يُخْزِے اِ۬للَّهُ اُ۬لنَّبِےٓءَ وَالذِينَ ءَامَنُواْ مَعَهُۥ نُورُهُمْ يَسْع۪ىٰ بَيْنَ أَيْدِيهِمْ وَبِأَيْمَٰنِهِمْۖ يَقُولُونَ رَبَّنَآ أَتْمِمْ لَنَا نُورَنَا وَاغْفِرْ لَنَآۖ إِنَّكَ عَلَىٰ كُلِّ شَےْءٖ قَدِيرٞۖ ﰇ
5215,66,9,28,561,التَّحرِيم,At-Taḥrīm,يَٰٓأَيُّهَا‏ اَ۬لنَّبِےٓءُ جَٰهِدِ اِ۬لْكُفَّارَ وَالْمُنَٰفِقِينَ وَاغْلُظْ عَلَيْهِمْۖ وَمَأْو۪يٰهُمْ جَهَنَّمُۖ وَبِيسَ اَ۬لْمَصِيرُۖ ﰈ
5216,66,10,28,561,التَّحرِيم,At-Taḥrīm,ضَرَبَ اَ۬للَّهُ مَثَلاٗ لِّلذِينَ كَفَرُواْ اُ۪مْرَأَتَ نُوحٖ وَامْرَأَتَ لُوطٖۖ كَانَتَا تَحْتَ عَبْدَيْنِ مِنْ عِبَادِنَا صَالِحَيْنِ فَخَانَتَٰهُمَا فَلَمْ يُغْنِيَا عَنْهُمَا مِنَ اَ۬للَّهِ شَئْاٗۖ وَقِيلَ اَ۟دْخُلَا اَ۬لنَّارَ مَعَ اَ۬لدَّٰخِلِينَۖ ﰉ
5217,66,11,28,561,التَّحرِيم,At-Taḥrīm,وَضَرَبَ اَ۬للَّهُ مَثَلاٗ لِّلذِينَ ءَامَنُواْ اُ۪مْرَأَتَ فِرْعَوْنَ إِذْ قَالَتْ رَبِّ اِ۪بْنِ لِے عِندَكَ بَيْتاٗ فِے اِ۬لْجَنَّةِ وَنَجِّنِے مِن فِرْعَوْنَ وَعَمَلِهِۦ وَنَجِّنِے مِنَ اَ۬لْقَوْمِ اِ۬لظَّٰلِمِينَۖ ﰊ
5218,66,12,28,561,التَّحرِيم,At-Taḥrīm,وَمَرْيَمَ اَ۪بْنَتَ عِمْرَٰنَ اَ۬لتِےٓ أَحْصَنَتْ فَرْجَهَا فَنَفَخْنَا فِيهِ مِن رُّوحِنَا وَصَدَّقَتْ بِكَلِمَٰتِ رَبِّهَا وَكِتَٰبِهِۦ وَكَانَتْ مِنَ اَ۬لْقَٰنِتِينَۖ ﰋ
5219,67,1,29,562,المُلك,Al-Mulk,تَبَٰرَكَ اَ۬لذِے بِيَدِهِ اِ۬لْمُلْكُ وَهُوَ عَلَىٰ كُلِّ شَےْءٖ قَدِيرٌۖ ﰀ
5220,67,2,29,562,المُلك,Al-Mulk,اِ۬لذِے خَلَقَ اَ۬لْمَوْتَ وَالْحَيَوٰةَ لِيَبْلُوَكُمُۥٓ أَيُّكُمُۥٓ أَحْسَنُ عَمَلاٗۖ وَهُوَ اَ۬لْعَزِيزُ اُ۬لْغَفُورُۖ ﰁ
5221,67,3,29,562,المُلك,Al-Mulk,اُ۬لذِے خَلَقَ سَبْعَ سَمَٰوَٰتٖ طِبَاقاٗۖ مَّا تَر۪ىٰ فِے خَلْقِ اِ۬لرَّحْمَٰنِ مِن تَفَٰوُتٖۖ فَارْجِعِ اِ۬لْبَصَرَ هَلْ تَر۪ىٰ مِن فُطُورٖۖ ﰂ
5222,67,4,29,562,المُلك,Al-Mulk,ثُمَّ اَ۪رْجِعِ اِ۬لْبَصَرَ كَرَّتَيْنِ يَنقَلِبِ اِلَيْكَ اَ۬لْبَصَرُ خَاسِئاٗ وَهُوَ حَسِيرٞۖ ﰃ
5223,67,5,29,562,المُلك,Al-Mulk,وَلَقَدْ زَيَّنَّا اَ۬لسَّمَآءَ اَ۬لدُّنْي۪ا بِمَصَٰبِيحَ وَجَعَلْنَٰهَا رُجُوماٗ لِّلشَّيَٰطِينِ وَأَعْتَدْنَا لَهُمْ عَذَابَ اَ۬لسَّعِيرِۖ ﰄ
5224,67,6,29,562,المُلك,Al-Mulk,وَلِلذِينَ كَفَرُواْ بِرَبِّهِمْ عَذَابُ جَهَنَّمَۖ وَبِيسَ اَ۬لْمَصِيرُۖ ﰅ
5225,67,7,29,562,المُلك,Al-Mulk,إِذَآ أُلْقُواْ فِيهَا سَمِعُواْ لَهَا شَهِيقاٗ وَهِيَ تَفُورُ ﰆ
5226,67,8,29,562,المُلك,Al-Mulk,تَكَادُ تَمَيَّزُ مِنَ اَ۬لْغَيْظِۖ كُلَّمَآ أُلْقِيَ فِيهَا فَوْجٞ سَأَلَهُمْ خَزَنَتُهَآ أَلَمْ يَاتِكُمْ نَذِيرٞۖ ﰇ
5227,67,9,29,562,المُلك,Al-Mulk,قَالُواْ بَل۪ىٰ قَدْ جَآءَنَا نَذِيرٞ ﰈ
5228,67,10,29,562,المُلك,Al-Mulk,فَكَذَّبْنَا وَقُلْنَا مَا نَزَّلَ اَ۬للَّهُ مِن شَےْءٍ اِنَ اَنتُمُۥٓ إِلَّا فِے ضَلَٰلٖ كَبِيرٖۖ ﰉ
5229,67,11,29,562,المُلك,Al-Mulk,وَقَالُواْ لَوْ كُنَّا نَسْمَعُ أَوْ نَعْقِلُ مَا كُنَّا فِےٓ أَصْحَٰبِ اِ۬لسَّعِيرِۖ ﰊ
5230,67,12,29,562,المُلك,Al-Mulk,فَاعْتَرَفُواْ بِذَنۢبِهِمْۖ فَسُحْقاٗ لِّأَصْحَٰبِ اِ۬لسَّعِيرِۖ ﰋ
5231,67,13,29,562,المُلك,Al-Mulk,إِنَّ اَ۬لذِينَ يَخْشَوْنَ رَبَّهُم بِالْغَيْبِ لَهُم مَّغْفِرَةٞ وَأَجْرٞ كَبِيرٞۖ ﰌ
5232,67,14,29,563,المُلك,Al-Mulk,وَأَسِرُّواْ قَوْلَكُمُۥٓ أَوِ اِ۪جْهَرُواْ بِهِۦٓۖ إِنَّهُۥ عَلِيمُۢ بِذَاتِ اِ۬لصُّدُورِۖ ﰍ
5233,67,15,29,563,المُلك,Al-Mulk,أَلَا يَعْلَمُ مَنْ خَلَقَ وَهُوَ اَ۬للَّطِيفُ اُ۬لْخَبِيرُۖ ﰎ
5234,67,16,29,563,المُلك,Al-Mulk,هُوَ اَ۬لذِے جَعَلَ لَكُمُ اُ۬لَارْضَ ذَلُولاٗ فَامْشُواْ فِے مَنَاكِبِهَا وَكُلُواْ مِن رِّزْقِهِۦۖ وَإِلَيْهِ اِ۬لنُّشُورُۖ ﰏ
5235,67,17,29,563,المُلك,Al-Mulk,ءَامِنتُم مَّن فِے اِ۬لسَّمَآءِ اَ۬نْ يَّخْسِفَ بِكُمُ اُ۬لَارْضَ فَإِذَا هِيَ تَمُورُۖ ﰐ
5236,67,18,29,563,المُلك,Al-Mulk,أَمَ اَمِنتُم مَّن فِے اِ۬لسَّمَآءِ اَ۬نْ يُّرْسِلَ عَلَيْكُمْ حَاصِباٗۖ فَسَتَعْلَمُونَ كَيْفَ نَذِيرِۦۖ ﰑ
5237,67,19,29,563,المُلك,Al-Mulk,وَلَقَدْ كَذَّبَ اَ۬لذِينَ مِن قَبْلِهِمْۖ فَكَيْفَ كَانَ نَكِيرِۦٓۖ ﰒ
5238,67,20,29,563,المُلك,Al-Mulk,۞ أَوَلَمْ يَرَوِاْ اِلَى اَ۬لطَّيْرِ فَوْقَهُمْ صَٰٓفَّٰتٖ وَيَقْبِضْنَۖ مَا يُمْسِكُهُنَّ إِلَّا اَ۬لرَّحْمَٰنُۖ إِنَّهُۥ بِكُلِّ شَےْءِۢ بَصِيرٌۖ ﰓ
5239,67,21,29,563,المُلك,Al-Mulk,اَمَّنْ هَٰذَا اَ۬لذِے هُوَ جُندٞ لَّكُمْ يَنصُرُكُم مِّن دُونِ اِ۬لرَّحْمَٰنِۖ إِنِ اِ۬لْكَٰفِرُونَ إِلَّا فِے غُرُورٍۖ ﰔ
5240,67,22,29,563,المُلك,Al-Mulk,اَمَّنْ هَٰذَا اَ۬لذِے يَرْزُقُكُمُۥٓ إِنَ اَمْسَكَ رِزْقَهُۥۖ بَل لَّجُّواْ فِے عُتُوّٖ وَنُفُورٍۖ ﰕ
5241,67,23,29,563,المُلك,Al-Mulk,اَفَمَنْ يَّمْشِے مُكِبّاً عَلَىٰ وَجْهِهِۦٓ أَهْد۪ىٰٓ أَمَّنْ يَّمْشِے سَوِيّاً عَلَىٰ صِرَٰطٖ مُّسْتَقِيمٖۖ ﰖ
5242,67,24,29,563,المُلك,Al-Mulk,قُلْ هُوَ اَ۬لذِےٓ أَنشَأَكُمْ وَجَعَلَ لَكُمُ اُ۬لسَّمْعَ وَالَابْصَٰرَ وَالَافْـِٕدَةَۖ قَلِيلاٗ مَّا تَشْكُرُونَۖ ﰗ
5243,67,25,29,563,المُلك,Al-Mulk,قُلْ هُوَ اَ۬لذِے ذَرَأَكُمْ فِے اِ۬لَارْضِ وَإِلَيْهِ تُحْشَرُونَۖ ﰘ
5244,67,26,29,563,المُلك,Al-Mulk,وَيَقُولُونَ مَت۪ىٰ هَٰذَا اَ۬لْوَعْدُ إِن كُنتُمْ صَٰدِقِينَۖ ﰙ
5245,67,27,29,563,المُلك,Al-Mulk,قُلِ اِنَّمَا اَ۬لْعِلْمُ عِندَ اَ۬للَّهِ وَإِنَّمَآ أَنَا نَذِيرٞ مُّبِينٞۖ ﰚ
5246,67,28,29,564,المُلك,Al-Mulk,فَلَمَّا رَأَوْهُ زُلْفَةٗ س۬يَٓٔتْ وُجُوهُ اُ۬لذِينَ كَفَرُواْ وَقِيلَ هَٰذَا اَ۬لذِے كُنتُم بِهِۦ تَدَّعُونَۖ ﰛ
5247,67,29,29,564,المُلك,Al-Mulk,قُلَ اَرَٰٓيْتُمُۥٓ إِنَ اَهْلَكَنِيَ اَ۬للَّهُ وَمَن مَّعِيَ أَوْ رَحِمَنَا فَمَنْ يُّجِيرُ اُ۬لْكٰ۪فِرِينَ مِنْ عَذَابٍ اَلِيمٖۖ ﰜ
5248,67,30,29,564,المُلك,Al-Mulk,قُلْ هُوَ اَ۬لرَّحْمَٰنُ ءَامَنَّا بِهِۦ وَعَلَيْهِ تَوَكَّلْنَاۖ فَسَتَعْلَمُونَ مَنْ هُوَ فِے ضَلَٰلٖ مُّبِينٖۖ ﰝ
5249,67,31,29,564,المُلك,Al-Mulk,قُلَ اَرَٰٓيْتُمُۥٓ إِنَ اَصْبَحَ مَآؤُكُمْ غَوْراٗ فَمَنْ يَّاتِيكُم بِمَآءٖ مَّعِينٖۖ ﰞ
5250,68,1,29,564,القَلَم,Al-Qalam,نُّٓۖ وَالْقَلَمِ وَمَا يَسْطُرُونَ ﰀ
5251,68,2,29,564,القَلَم,Al-Qalam,مَآ أَنتَ بِنِعْمَةِ رَبِّكَ بِمَجْنُونٖ ﰁ
5252,68,3,29,564,القَلَم,Al-Qalam,وَإِنَّ لَكَ لَأَجْراً غَيْرَ مَمْنُونٖ ﰂ
5253,68,4,29,564,القَلَم,Al-Qalam,وَإِنَّكَ لَعَلَىٰ خُلُقٍ عَظِيمٖۖ ﰃ
5254,68,5,29,564,القَلَم,Al-Qalam,فَسَتُبْصِرُ وَيُبْصِرُونَ ﰄ
5255,68,6,29,564,القَلَم,Al-Qalam,بِأَييِّكُمُ اُ۬لْمَفْتُونُۖ ﰅ
5256,68,7,29,564,القَلَم,Al-Qalam,إِنَّ رَبَّكَ هُوَ أَعْلَمُ بِمَن ضَلَّ عَن سَبِيلِهِۦۖ وَهُوَ أَعْلَمُ بِالْمُهْتَدِينَۖ ﰆ
5257,68,8,29,564,القَلَم,Al-Qalam,فَلَا تُطِعِ اِ۬لْمُكَذِّبِينَۖ ﰇ
5258,68,9,29,564,القَلَم,Al-Qalam,وَدُّواْ لَوْ تُدْهِنُ فَيُدْهِنُونَۖ ﰈ
5259,68,10,29,564,القَلَم,Al-Qalam,وَلَا تُطِعْ كُلَّ حَلَّٰفٖ مَّهِينٍ ﰉ
5260,68,11,29,564,القَلَم,Al-Qalam,هَمَّازٖ مَّشَّآءِۢ بِنَمِيمٖ ﰊ
5261,68,12,29,564,القَلَم,Al-Qalam,مَّنَّاعٖ لِّلْخَيْرِ مُعْتَدٍ اَثِيمٍ ﰋ
5262,68,13,29,564,القَلَم,Al-Qalam,عُتُلِّۢ بَعْدَ ذَٰلِكَ زَنِيمٍ ﰌ
5263,68,14,29,564,القَلَم,Al-Qalam,اَن كَانَ ذَا مَالٖ وَبَنِينَ ﰍ
5264,68,15,29,564,القَلَم,Al-Qalam,إِذَا تُتْل۪ىٰ عَلَيْهِ ءَايَٰتُنَا قَالَ أَسَٰطِيرُ اُ۬لَاوَّلِينَۖ ﰎ
5265,68,16,29,564,القَلَم,Al-Qalam,سَنَسِمُهُۥ عَلَى اَ۬لْخُرْطُومِۖ ﰏ
5266,68,17,29,565,القَلَم,Al-Qalam,إِنَّا بَلَوْنَٰهُمْ كَمَا بَلَوْنَآ أَصْحَٰبَ اَ۬لْجَنَّةِ إِذَ اَقْسَمُواْ لَيَصْرِمُنَّهَا مُصْبِحِينَ ﰐ
5267,68,18,29,565,القَلَم,Al-Qalam,وَلَا يَسْتَثْنُونَۖ ﰑ
5268,68,19,29,565,القَلَم,Al-Qalam,۞ فَطَافَ عَلَيْهَا طَآئِفٞ مِّن رَّبِّكَ وَهُمْ نَآئِمُونَ ﰒ
5269,68,20,29,565,القَلَم,Al-Qalam,فَأَصْبَحَتْ كَالصَّرِيمِۖ ﰓ
5270,68,21,29,565,القَلَم,Al-Qalam,فَتَنَادَوْاْ مُصْبِحِينَ ﰔ
5271,68,22,29,565,القَلَم,Al-Qalam,أَنُ اُ۟غْدُواْ عَلَىٰ حَرْثِكُمُۥٓ إِن كُنتُمْ صَٰرِمِينَۖ ﰕ
5272,68,23,29,565,القَلَم,Al-Qalam,فَانطَلَقُواْ وَهُمْ يَتَخَٰفَتُونَ ﰖ
5273,68,24,29,565,القَلَم,Al-Qalam,أَن لَّا يَدْخُلَنَّهَا اَ۬لْيَوْمَ عَلَيْكُم مِّسْكِينٞۖ ﰗ
5274,68,25,29,565,القَلَم,Al-Qalam,وَغَدَوْاْ عَلَىٰ حَرْدٖ قَٰدِرِينَۖ ﰘ
5275,68,26,29,565,القَلَم,Al-Qalam,فَلَمَّا رَأَوْهَا قَالُوٓاْ إِنَّا لَضَآلُّونَ ﰙ
5276,68,27,29,565,القَلَم,Al-Qalam,بَلْ نَحْنُ مَحْرُومُونَۖ ﰚ
5277,68,28,29,565,القَلَم,Al-Qalam,قَالَ أَوْسَطُهُمُۥٓ أَلَمَ اَقُل لَّكُمْ لَوْلَا تُسَبِّحُونَۖ ﰛ
5278,68,29,29,565,القَلَم,Al-Qalam,قَالُواْ سُبْحَٰنَ رَبِّنَآ إِنَّا كُنَّا ظَٰلِمِينَۖ ﰜ
5279,68,30,29,565,القَلَم,Al-Qalam,فَأَقْبَلَ بَعْضُهُمْ عَلَىٰ بَعْضٖ يَتَلَٰوَمُونَۖ ﰝ
5280,68,31,29,565,القَلَم,Al-Qalam,قَالُواْ يَٰوَيْلَنَآ إِنَّا كُنَّا طَٰغِينَ ﰞ
5281,68,32,29,565,القَلَم,Al-Qalam,عَس۪ىٰ رَبُّنَآ أَنْ يُّبَدِّلَنَا خَيْراٗ مِّنْهَآ إِنَّآ إِلَىٰ رَبِّنَا رَٰغِبُونَۖ ﰟ
5282,68,33,29,565,القَلَم,Al-Qalam,كَذَٰلِكَ اَ۬لْعَذَابُۖ وَلَعَذَابُ اُ۬لَاخِرَةِ أَكْبَرُ لَوْ كَانُواْ يَعْلَمُونَۖ ﰠ
5283,68,34,29,565,القَلَم,Al-Qalam,إِنَّ لِلْمُتَّقِينَ عِندَ رَبِّهِمْ جَنَّٰتِ اِ۬لنَّعِيمِۖ ﰡ
5284,68,35,29,565,القَلَم,Al-Qalam,أَفَنَجْعَلُ اُ۬لْمُسْلِمِينَ كَالْمُجْرِمِينَۖ ﰢ
5285,68,36,29,565,القَلَم,Al-Qalam,مَا لَكُمْۖ كَيْفَ تَحْكُمُونَۖ ﰣ
5286,68,37,29,565,القَلَم,Al-Qalam,أَمْ لَكُمْ كِتَٰبٞ فِيهِ تَدْرُسُونَ ﰤ
5287,68,38,29,565,القَلَم,Al-Qalam,إِنَّ لَكُمْ فِيهِ لَمَا تَخَيَّرُونَۖ ﰥ
5288,68,39,29,565,القَلَم,Al-Qalam,أَمْ لَكُمُۥٓ أَيْمَٰنٌ عَلَيْنَا بَٰلِغَةٌ اِلَىٰ يَوْمِ اِ۬لْقِيَٰمَةِ إِنَّ لَكُمْ لَمَا تَحْكُمُونَۖ ﰦ
5289,68,40,29,565,القَلَم,Al-Qalam,سَلْهُمُۥٓ أَيُّهُم بِذَٰلِكَ زَعِيمٌۖ ﰧ
5290,68,41,29,565,القَلَم,Al-Qalam,اَمْ لَهُمْ شُرَكَآءُ فَلْيَاتُواْ بِشُرَكَآئِهِمُۥٓ إِن كَانُواْ صَٰدِقِينَۖ ﰨ
5291,68,42,29,565,القَلَم,Al-Qalam,يَوْمَ يُكْشَفُ عَن سَاقٖ وَيُدْعَوْنَ إِلَى اَ۬لسُّجُودِ فَلَا يَسْتَطِيعُونَۖ ﰩ
5292,68,43,29,566,القَلَم,Al-Qalam,خَٰشِعَةً اَبْصَٰرُهُمْ تَرْهَقُهُمْ ذِلَّةٞۖ وَقَدْ كَانُواْ يُدْعَوْنَ إِلَى اَ۬لسُّجُودِ وَهُمْ سَٰلِمُونَۖ ﰪ
5293,68,44,29,566,القَلَم,Al-Qalam,فَذَرْنِے وَمَنْ يُّكَذِّبُ بِهَٰذَا اَ۬لْحَدِيثِۖ سَنَسْتَدْرِجُهُم مِّنْ حَيْثُ لَا يَعْلَمُونَ ﰫ
5294,68,45,29,566,القَلَم,Al-Qalam,وَأُمْلِے لَهُمُۥٓۖ إِنَّ كَيْدِے مَتِينٌۖ ﰬ
5295,68,46,29,566,القَلَم,Al-Qalam,اَمْ تَسْـَٔلُهُمُۥٓ أَجْراٗ فَهُم مِّن مَّغْرَمٖ مُّثْقَلُونَۖ ﰭ
5296,68,47,29,566,القَلَم,Al-Qalam,أَمْ عِندَهُمُ اُ۬لْغَيْبُ فَهُمْ يَكْتُبُونَۖ ﰮ
5297,68,48,29,566,القَلَم,Al-Qalam,۞ فَاصْبِرْ لِحُكْمِ رَبِّكَ وَلَا تَكُن كَصَٰحِبِ اِ۬لْحُوتِ إِذْ نَاد۪ىٰ وَهُوَ مَكْظُومٞۖ ﰯ
5298,68,49,29,566,القَلَم,Al-Qalam,لَّوْلَآ أَن تَدَٰرَكَهُۥ نِعْمَةٞ مِّن رَّبِّهِۦ لَنُبِذَ بِالْعَرَآءِ وَهُوَ مَذْمُومٞۖ ﰰ
5299,68,50,29,566,القَلَم,Al-Qalam,فَاجْتَبٰ۪هُ رَبُّهُۥ فَجَعَلَهُۥ مِنَ اَ۬لصَّٰلِحِينَۖ ﰱ
5300,68,51,29,566,القَلَم,Al-Qalam,وَإِنْ يَّكَادُ اُ۬لذِينَ كَفَرُواْ لَيَزْلِقُونَكَ بِأَبْصٰ۪رِهِمْ لَمَّا سَمِعُواْ اُ۬لذِّكْرَ وَيَقُولُونَ إِنَّهُۥ لَمَجْنُونٞۖ ﰲ
5301,68,52,29,566,القَلَم,Al-Qalam,وَمَا هُوَ إِلَّا ذِكْرٞ لِّلْعَٰلَمِينَۖ ﰳ
5302,69,1,29,566,الحَاقة,Al-Ḥāqqah,اَ۬لْحَآقَّةُ مَا اَ۬لْحَآقَّةُۖ ﰀ
5303,69,2,29,566,الحَاقة,Al-Ḥāqqah,وَمَآ أَدْر۪يٰكَ مَا اَ۬لْحَآقَّةُۖ ﰁ
5304,69,3,29,566,الحَاقة,Al-Ḥāqqah,كَذَّبَتْ ثَمُودُ وَعَادُۢ بِالْقَارِعَةِۖ ﰂ
5305,69,4,29,566,الحَاقة,Al-Ḥāqqah,فَأَمَّا ثَمُودُ فَأُهْلِكُواْ بِالطَّاغِيَةِۖ ﰃ
5306,69,5,29,566,الحَاقة,Al-Ḥāqqah,وَأَمَّا عَادٞ فَأُهْلِكُواْ بِرِيحٖ صَرْصَرٍ عَاتِيَةٖ ﰄ
5307,69,6,29,566,الحَاقة,Al-Ḥāqqah,سَخَّرَهَا عَلَيْهِمْ سَبْعَ لَيَالٖ وَثَمَٰنِيَةَ أَيَّامٍ حُسُوماٗۖ فَتَرَى اَ۬لْقَوْمَ فِيهَا صَرْع۪ىٰ كَأَنَّهُمُۥٓ أَعْجَازُ نَخْلٍ خَاوِيَةٖۖ ﰅ
5308,69,7,29,566,الحَاقة,Al-Ḥāqqah,فَهَلْ تَر۪ىٰ لَهُم مِّنۢ بَاقِيَةٖۖ ﰆ
5309,69,8,29,567,الحَاقة,Al-Ḥāqqah,وَجَآءَ فِرْعَوْنُ وَمَن قَبْلَهُۥ وَالْمُوتَفِكَٰتُ بِالْخَاطِئَةِ ﰇ
5310,69,9,29,567,الحَاقة,Al-Ḥāqqah,فَعَصَوْاْ رَسُولَ رَبِّهِمْ فَأَخَذَهُمُۥٓ أَخْذَةٗ رَّابِيَةًۖ ﰈ
5311,69,10,29,567,الحَاقة,Al-Ḥāqqah,اِنَّا لَمَّا طَغَا اَ۬لْمَآءُ حَمَلْنَٰكُمْ فِے اِ۬لْجَارِيَةِ ﰉ
5312,69,11,29,567,الحَاقة,Al-Ḥāqqah,لِنَجْعَلَهَا لَكُمْ تَذْكِرَةٗ وَتَعِيَهَآ أُذْنٞ وَٰعِيَةٞۖ ﰊ
5313,69,12,29,567,الحَاقة,Al-Ḥāqqah,فَإِذَا نُفِخَ فِے اِ۬لصُّورِ نَفْخَةٞ وَٰحِدَةٞ ﰋ
5314,69,13,29,567,الحَاقة,Al-Ḥāqqah,وَحُمِلَتِ اِ۬لَارْضُ وَالْجِبَالُ فَدُكَّتَا دَكَّةٗ وَٰحِدَةٗ ﰌ
5315,69,14,29,567,الحَاقة,Al-Ḥāqqah,فَيَوْمَئِذٖ وَقَعَتِ اِ۬لْوَاقِعَةُ ﰍ
5316,69,15,29,567,الحَاقة,Al-Ḥāqqah,وَانشَقَّتِ اِ۬لسَّمَآءُ فَهِيَ يَوْمَئِذٖ وَاهِيَةٞ ﰎ
5317,69,16,29,567,الحَاقة,Al-Ḥāqqah,وَالْمَلَكُ عَلَىٰٓ أَرْجَآئِهَاۖ وَيَحْمِلُ عَرْشَ رَبِّكَ فَوْقَهُمْ يَوْمَئِذٖ ثَمَٰنِيَةٞ ﰏ
5318,69,17,29,567,الحَاقة,Al-Ḥāqqah,يَوْمَئِذٖ تُعْرَضُونَ لَا تَخْف۪ىٰ مِنكُمْ خَافِيَةٞۖ ﰐ
5319,69,18,29,567,الحَاقة,Al-Ḥāqqah,۞ فَأَمَّا مَنُ ا۟وتِيَ كِتَٰبَهُۥ بِيَمِينِهِۦ فَيَقُولُ هَآؤُمُ اُ۪قْرَءُواْ كِتَٰبِيَهْۖ ﰑ
5320,69,19,29,567,الحَاقة,Al-Ḥāqqah,إِنِّے ظَنَنتُ أَنِّے مُلَٰقٍ حِسَابِيَهْۖ ﰒ
5321,69,20,29,567,الحَاقة,Al-Ḥāqqah,فَهُوَ فِے عِيشَةٖ رَّاضِيَةٖ ﰓ
5322,69,21,29,567,الحَاقة,Al-Ḥāqqah,فِے جَنَّةٍ عَالِيَةٖ ﰔ
5323,69,22,29,567,الحَاقة,Al-Ḥāqqah,قُطُوفُهَا دَانِيَةٞۖ ﰕ
5324,69,23,29,567,الحَاقة,Al-Ḥāqqah,كُلُواْ وَاشْرَبُواْۖ هَنِيٓـٔاَۢ بِمَآ أَسْلَفْتُمْ فِے اِ۬لَايَّامِ اِ۬لْخَالِيَةِۖ ﰖ
5325,69,24,29,567,الحَاقة,Al-Ḥāqqah,وَأَمَّا مَنُ ا۟وتِيَ كِتَٰبَهُۥ بِشِمَالِهِۦ ﰗ
5326,69,25,29,567,الحَاقة,Al-Ḥāqqah,فَيَقُولُ يَٰلَيْتَنِے لَمُ ا۟وتَ كِتَٰبِيَهْۖ ﰘ
5327,69,26,29,567,الحَاقة,Al-Ḥāqqah,وَلَمَ اَدْرِ مَا حِسَابِيَهْۖ ﰙ
5328,69,27,29,567,الحَاقة,Al-Ḥāqqah,يَٰلَيْتَهَا كَانَتِ اِ۬لْقَاضِيَةَ ﰚ
5329,69,28,29,567,الحَاقة,Al-Ḥāqqah,مَآ أَغْن۪ىٰ عَنِّے مَالِيَهۖ ﰛ
5330,69,29,29,567,الحَاقة,Al-Ḥāqqah,هَّلَكَ عَنِّے سُلْطَٰنِيَهْۖ ﰜ
5331,69,30,29,567,الحَاقة,Al-Ḥāqqah,خُذُوهُ فَغُلُّوهُ ﰝ
5332,69,31,29,567,الحَاقة,Al-Ḥāqqah,ثُمَّ اَ۬لْجَحِيمَ صَلُّوهُ ﰞ
5333,69,32,29,567,الحَاقة,Al-Ḥāqqah,ثُمَّ فِے سِلْسِلَةٖ ذَرْعُهَا سَبْعُونَ ذِرَاعاٗ فَاسْلُكُوهُۖ ﰟ
5334,69,33,29,567,الحَاقة,Al-Ḥāqqah,إِنَّهُۥ كَانَ لَا يُومِنُ بِاللَّهِ اِ۬لْعَظِيمِ ﰠ
5335,69,34,29,567,الحَاقة,Al-Ḥāqqah,وَلَا يَحُضُّ عَلَىٰ طَعَامِ اِ۬لْمِسْكِينِۖ ﰡ
5336,69,35,29,567,الحَاقة,Al-Ḥāqqah,فَلَيْسَ لَهُ اُ۬لْيَوْمَ هَٰهُنَا حَمِيمٞ ﰢ
5337,69,36,29,568,الحَاقة,Al-Ḥāqqah,وَلَا طَعَامٌ اِلَّا مِنْ غِسْلِينٖ ﰣ
5338,69,37,29,568,الحَاقة,Al-Ḥāqqah,لَّا يَاكُلُهُۥٓ إِلَّا اَ۬لْخَٰطِـُٔونَۖ ﰤ
5339,69,38,29,568,الحَاقة,Al-Ḥāqqah,فَلَآ أُقْسِمُ بِمَا تُبْصِرُونَ ﰥ
5340,69,39,29,568,الحَاقة,Al-Ḥāqqah,وَمَا لَا تُبْصِرُونَ ﰦ
5341,69,40,29,568,الحَاقة,Al-Ḥāqqah,إِنَّهُۥ لَقَوْلُ رَسُولٖ كَرِيمٖ ﰧ
5342,69,41,29,568,الحَاقة,Al-Ḥāqqah,وَمَا هُوَ بِقَوْلِ شَاعِرٖ قَلِيلاٗ مَّا تُومِنُونَ ﰨ
5343,69,42,29,568,الحَاقة,Al-Ḥāqqah,وَلَا بِقَوْلِ كَاهِنٖۖ قَلِيلاٗ مَّا تَذَّكَّرُونَۖ ﰩ
5344,69,43,29,568,الحَاقة,Al-Ḥāqqah,تَنزِيلٞ مِّن رَّبِّ اِ۬لْعَٰلَمِينَۖ ﰪ
5345,69,44,29,568,الحَاقة,Al-Ḥāqqah,وَلَوْ تَقَوَّلَ عَلَيْنَا بَعْضَ اَ۬لَاقَاوِيلِ ﰫ
5346,69,45,29,568,الحَاقة,Al-Ḥāqqah,لَأَخَذْنَا مِنْهُ بِالْيَمِينِ ﰬ
5347,69,46,29,568,الحَاقة,Al-Ḥāqqah,ثُمَّ لَقَطَعْنَا مِنْهُ اُ۬لْوَتِينَ ﰭ
5348,69,47,29,568,الحَاقة,Al-Ḥāqqah,فَمَا مِنكُم مِّنَ اَحَدٍ عَنْهُ حَٰجِزِينَۖ ﰮ
5349,69,48,29,568,الحَاقة,Al-Ḥāqqah,وَإِنَّهُۥ لَتَذْكِرَةٞ لِّلْمُتَّقِينَۖ ﰯ
5350,69,49,29,568,الحَاقة,Al-Ḥāqqah,وَإِنَّا لَنَعْلَمُ أَنَّ مِنكُم مُّكَذِّبِينَۖ ﰰ
5351,69,50,29,568,الحَاقة,Al-Ḥāqqah,وَإِنَّهُۥ لَحَسْرَةٌ عَلَى اَ۬لْكٰ۪فِرِينَۖ ﰱ
5352,69,51,29,568,الحَاقة,Al-Ḥāqqah,وَإِنَّهُۥ لَحَقُّ اُ۬لْيَقِينِۖ ﰲ
5353,69,52,29,568,الحَاقة,Al-Ḥāqqah,فَسَبِّحْ بِاسْمِ رَبِّكَ اَ۬لْعَظِيمِۖ ﰳ
5354,70,1,29,568,المَعَارج,Al-Ma‘ārij,سَالَ سَآئِلُۢ بِعَذَابٖ وَاقِعٖ ﰀ
5355,70,2,29,568,المَعَارج,Al-Ma‘ārij,لِّلْكٰ۪فِرِينَ لَيْسَ لَهُۥ دَافِعٞ ﰁ
5356,70,3,29,568,المَعَارج,Al-Ma‘ārij,مِّنَ اَ۬للَّهِ ذِے اِ۬لْمَعَارِجِۖ ﰂ
5357,70,4,29,568,المَعَارج,Al-Ma‘ārij,تَعْرُجُ اُ۬لْمَلَٰٓئِكَةُ وَالرُّوحُ إِلَيْهِ فِے يَوْمٖ كَانَ مِقْدَارُهُۥ خَمْسِينَ أَلْفَ سَنَةٖۖ ﰃ
5358,70,5,29,568,المَعَارج,Al-Ma‘ārij,فَاصْبِرْ صَبْراٗ جَمِيلاًۖ ﰄ
5359,70,6,29,568,المَعَارج,Al-Ma‘ārij,اِنَّهُمْ يَرَوْنَهُۥ بَعِيداٗ ﰅ
5360,70,7,29,568,المَعَارج,Al-Ma‘ārij,وَنَر۪يٰهُ قَرِيباٗۖ ﰆ
5361,70,8,29,568,المَعَارج,Al-Ma‘ārij,يَوْمَ تَكُونُ اُ۬لسَّمَآءُ كَالْمُهْلِ ﰇ
5362,70,9,29,568,المَعَارج,Al-Ma‘ārij,وَتَكُونُ اُ۬لْجِبَالُ كَالْعِهْنِ ﰈ
5363,70,10,29,568,المَعَارج,Al-Ma‘ārij,وَلَا يَسْـَٔلُ حَمِيمٌ حَمِيماٗ ﰉ
5364,70,11,29,569,المَعَارج,Al-Ma‘ārij,يُبَصَّرُونَهُمْۖ يَوَدُّ اُ۬لْمُجْرِمُ لَوْ يَفْتَدِے مِنْ عَذَابِ يَوْمَئِذِۢ بِبَنِيهِ ﰊ
5365,70,12,29,569,المَعَارج,Al-Ma‘ārij,وَصَٰحِبَتِهِۦ وَأَخِيهِ ﰋ
5366,70,13,29,569,المَعَارج,Al-Ma‘ārij,وَفَصِيلَتِهِ اِ۬لتِے تُـْٔوِيهِ ﰌ
5367,70,14,29,569,المَعَارج,Al-Ma‘ārij,وَمَن فِے اِ۬لَارْضِ جَمِيعاٗ ثُمَّ يُنجِيهِ ﰍ
5368,70,15,29,569,المَعَارج,Al-Ma‘ārij,كَلَّآۖ إِنَّهَا لَظ۪ىٰ ﰎ
5369,70,16,29,569,المَعَارج,Al-Ma‘ārij,نَزَّاعَةٞ لِّلشَّو۪ىٰ ﰏ
5370,70,17,29,569,المَعَارج,Al-Ma‘ārij,تَدْعُواْ مَنَ اَدْبَرَ وَتَوَلّ۪ىٰ ﰐ
5371,70,18,29,569,المَعَارج,Al-Ma‘ārij,وَجَمَعَ فَأَوْع۪ىٰٓۖ ﰑ
5372,70,19,29,569,المَعَارج,Al-Ma‘ārij,إِنَّ اَ۬لِانسَٰنَ خُلِقَ هَلُوعاً ﰒ
5373,70,20,29,569,المَعَارج,Al-Ma‘ārij,اِذَا مَسَّهُ اُ۬لشَّرُّ جَزُوعاٗ ﰓ
5374,70,21,29,569,المَعَارج,Al-Ma‘ārij,وَإِذَا مَسَّهُ اُ۬لْخَيْرُ مَنُوعاً ﰔ
5375,70,22,29,569,المَعَارج,Al-Ma‘ārij,اِلَّا اَ۬لْمُصَلِّينَ ﰕ
5376,70,23,29,569,المَعَارج,Al-Ma‘ārij,اَ۬لذِينَ هُمْ عَلَىٰ صَلَاتِهِمْ دَآئِمُونَۖ ﰖ
5377,70,24,29,569,المَعَارج,Al-Ma‘ārij,وَالذِينَ فِےٓ أَمْوَٰلِهِمْ حَقّٞ مَّعْلُومٞ ﰗ
5378,70,25,29,569,المَعَارج,Al-Ma‘ārij,لِّلسَّآئِلِ وَالْمَحْرُومِۖ ﰘ
5379,70,26,29,569,المَعَارج,Al-Ma‘ārij,وَالذِينَ يُصَدِّقُونَ بِيَوْمِ اِ۬لدِّينِۖ ﰙ
5380,70,27,29,569,المَعَارج,Al-Ma‘ārij,وَالذِينَ هُم مِّنْ عَذَابِ رَبِّهِم مُّشْفِقُونَ ﰚ
5381,70,28,29,569,المَعَارج,Al-Ma‘ārij,إِنَّ عَذَابَ رَبِّهِمْ غَيْرُ مَامُونٖۖ ﰛ
5382,70,29,29,569,المَعَارج,Al-Ma‘ārij,وَالذِينَ هُمْ لِفُرُوجِهِمْ حَٰفِظُونَ ﰜ
5383,70,30,29,569,المَعَارج,Al-Ma‘ārij,إِلَّا عَلَىٰٓ أَزْوَٰجِهِمُۥٓ أَوْ مَا مَلَكَتَ اَيْمَٰنُهُمْ فَإِنَّهُمْ غَيْرُ مَلُومِينَۖ ﰝ
5384,70,31,29,569,المَعَارج,Al-Ma‘ārij,فَمَنِ اِ۪بْتَغ۪ىٰ وَرَآءَ ذَٰلِكَ فَأُوْلَٰٓئِكَ هُمُ اُ۬لْعَادُونَۖ ﰞ
5385,70,32,29,569,المَعَارج,Al-Ma‘ārij,وَالذِينَ هُمْ لِأَمَٰنَٰتِهِمْ وَعَهْدِهِمْ رَٰعُونَۖ ﰟ
5386,70,33,29,569,المَعَارج,Al-Ma‘ārij,وَالذِينَ هُم بِشَهَٰدَتِهِمْ قَآئِمُونَۖ ﰠ
5387,70,34,29,569,المَعَارج,Al-Ma‘ārij,وَالذِينَ هُمْ عَلَىٰ صَلَاتِهِمْ يُحَافِظُونَ ﰡ
5388,70,35,29,569,المَعَارج,Al-Ma‘ārij,أُوْلَٰٓئِكَ فِے جَنَّٰتٖ مُّكْرَمُونَۖ ﰢ
5389,70,36,29,569,المَعَارج,Al-Ma‘ārij,فَمَالِ اِ۬لذِينَ كَفَرُواْ قِبَلَكَ مُهْطِعِينَ ﰣ
5390,70,37,29,569,المَعَارج,Al-Ma‘ārij,عَنِ اِ۬لْيَمِينِ وَعَنِ اِ۬لشِّمَالِ عِزِينَۖ ﰤ
5391,70,38,29,569,المَعَارج,Al-Ma‘ārij,أَيَطْمَعُ كُلُّ اُ۪مْرِےٕٖ مِّنْهُمُۥٓ أَنْ يُّدْخَلَ جَنَّةَ نَعِيمٖ ﰥ
5392,70,39,29,569,المَعَارج,Al-Ma‘ārij,كَلَّآۖ إِنَّا خَلَقْنَٰهُم مِّمَّا يَعْلَمُونَۖ ﰦ
5393,70,40,29,569,المَعَارج,Al-Ma‘ārij,۞ فَلَآ أُقْسِمُ بِرَبِّ اِ۬لْمَشَٰرِقِ وَالْمَغَٰرِبِ إِنَّا لَقَٰدِرُونَ ﰧ
5394,70,41,29,570,المَعَارج,Al-Ma‘ārij,عَلَىٰٓ أَن نُّبَدِّلَ خَيْراٗ مِّنْهُمْ وَمَا نَحْنُ بِمَسْبُوقِينَۖ ﰨ
5395,70,42,29,570,المَعَارج,Al-Ma‘ārij,فَذَرْهُمْ يَخُوضُواْ وَيَلْعَبُواْ حَتَّىٰ يُلَٰقُواْ يَوْمَهُمُ اُ۬لذِے يُوعَدُونَ ﰩ
5396,70,43,29,570,المَعَارج,Al-Ma‘ārij,يَوْمَ يَخْرُجُونَ مِنَ اَ۬لَاجْدَاثِ سِرَاعاٗ كَأَنَّهُمُۥٓ إِلَىٰ نَصْبٖ يُوفِضُونَ ﰪ
5397,70,44,29,570,المَعَارج,Al-Ma‘ārij,خَٰشِعَةً اَبْصَٰرُهُمْ تَرْهَقُهُمْ ذِلَّةٞۖ ذَٰلِكَ اَ۬لْيَوْمُ اُ۬لذِے كَانُواْ يُوعَدُونَۖ ﰫ
5398,71,1,29,570,نُوح,Nūḥ,إِنَّآ أَرْسَلْنَا نُوحاً اِلَىٰ قَوْمِهِۦٓ أَنَ اَنذِرْ قَوْمَكَ مِن قَبْلِ أَنْ يَّاتِيَهُمْ عَذَابٌ اَلِيمٞۖ ﰀ
5399,71,2,29,570,نُوح,Nūḥ,قَالَ يَٰقَوْمِ إِنِّے لَكُمْ نَذِيرٞ مُّبِينٌ ﰁ
5400,71,3,29,570,نُوح,Nūḥ,اَنُ اُ۟عْبُدُواْ اُ۬للَّهَ وَاتَّقُوهُ وَأَطِيعُونِ ﰂ
5401,71,4,29,570,نُوح,Nūḥ,يَغْفِرْ لَكُم مِّن ذُنُوبِكُمْ وَيُوَ۬خِّرْكُمُۥٓ إِلَىٰٓ أَجَلٖ مُّسَمّىًۖ اِنَّ أَجَلَ اَ۬للَّهِ إِذَا جَآءَ لَا يُوَ۬خَّرُ لَوْ كُنتُمْ تَعْلَمُونَۖ ﰃ
5402,71,5,29,570,نُوح,Nūḥ,قَالَ رَبِّ إِنِّے دَعَوْتُ قَوْمِے لَيْلاٗ وَنَهَاراٗ ﰄ
5403,71,6,29,570,نُوح,Nūḥ,فَلَمْ يَزِدْهُمْ دُعَآءِيَ إِلَّا فِرَاراٗۖ ﰅ
5404,71,7,29,570,نُوح,Nūḥ,وَإِنِّے كُلَّمَا دَعَوْتُهُمْ لِتَغْفِرَ لَهُمْ جَعَلُوٓاْ أَصَٰبِعَهُمْ فِےٓ ءَاذَانِهِمْ وَاسْتَغْشَوْاْ ثِيَابَهُمْ وَأَصَرُّواْ وَاسْتَكْبَرُواْ اُ۪سْتِكْبَاراٗۖ ﰆ
5405,71,8,29,570,نُوح,Nūḥ,ثُمَّ إِنِّے دَعَوْتُهُمْ جِهَاراٗۖ ﰇ
5406,71,9,29,570,نُوح,Nūḥ,ثُمَّ إِنِّيَ أَعْلَنتُ لَهُمْ وَأَسْرَرْتُ لَهُمُۥٓ إِسْرَاراٗ ﰈ
5407,71,10,29,570,نُوح,Nūḥ,فَقُلْتُ اُ۪سْتَغْفِرُواْ رَبَّكُمُۥٓ إِنَّهُۥ كَانَ غَفَّاراٗ ﰉ
5408,71,11,29,571,نُوح,Nūḥ,يُرْسِلِ اِ۬لسَّمَآءَ عَلَيْكُم مِّدْرَاراٗ ﰊ
5409,71,12,29,571,نُوح,Nūḥ,وَيُمْدِدْكُم بِأَمْوَٰلٖ وَبَنِينَ وَيَجْعَل لَّكُمْ جَنَّٰتٖ وَيَجْعَل لَّكُمُۥٓ أَنْهَٰراٗۖ ﰋ
5410,71,13,29,571,نُوح,Nūḥ,مَّا لَكُمْ لَا تَرْجُونَ لِلهِ وَقَاراٗ ﰌ
5411,71,14,29,571,نُوح,Nūḥ,وَقَدْ خَلَقَكُمُۥٓ أَطْوَاراًۖ ﰍ
5412,71,15,29,571,نُوح,Nūḥ,۞ اَلَمْ تَرَوْاْ كَيْفَ خَلَقَ اَ۬للَّهُ سَبْعَ سَمَٰوَٰتٖ طِبَاقاٗ ﰎ
5413,71,16,29,571,نُوح,Nūḥ,وَجَعَلَ اَ۬لْقَمَرَ فِيهِنَّ نُوراٗ وَجَعَلَ اَ۬لشَّمْسَ سِرَاجاٗۖ ﰏ
5414,71,17,29,571,نُوح,Nūḥ,وَاللَّهُ أَنۢبَتَكُم مِّنَ اَ۬لَارْضِ نَبَاتاٗ ﰐ
5415,71,18,29,571,نُوح,Nūḥ,ثُمَّ يُعِيدُكُمْ فِيهَا وَيُخْرِجُكُمُۥٓ إِخْرَاجاٗۖ ﰑ
5416,71,19,29,571,نُوح,Nūḥ,وَاللَّهُ جَعَلَ لَكُمُ اُ۬لَارْضَ بِسَاطاٗ ﰒ
5417,71,20,29,571,نُوح,Nūḥ,لِّتَسْلُكُواْ مِنْهَا سُبُلاٗ فِجَاجاٗۖ ﰓ
5418,71,21,29,571,نُوح,Nūḥ,قَالَ نُوحٞ رَّبِّ إِنَّهُمْ عَصَوْنِے وَاتَّبَعُواْ مَن لَّمْ يَزِدْهُ مَالُهُۥ وَوَلَدُهُۥٓ إِلَّا خَسَاراٗ ﰔ
5419,71,22,29,571,نُوح,Nūḥ,وَمَكَرُواْ مَكْراٗ كُبَّاراٗۖ ﰕ
5420,71,23,29,571,نُوح,Nūḥ,وَقَالُواْ لَا تَذَرُنَّ ءَالِهَتَكُمْ وَلَا تَذَرُنَّ وُدّاٗ وَلَا سُوَاعاٗ ﰖ
5421,71,24,29,571,نُوح,Nūḥ,وَلَا يَغُوثَ وَيَعُوقَ وَنَسْراٗۖ ﰗ
5422,71,25,29,571,نُوح,Nūḥ,وَقَدَ اَضَلُّواْ كَثِيراٗۖ وَلَا تَزِدِ اِ۬لظَّٰلِمِينَ إِلَّا ضَلَٰلاٗۖ ﰘ
5423,71,26,29,571,نُوح,Nūḥ,مِّمَّا خَطِيٓـَٰٔتِهِمُۥٓ أُغْرِقُواْ فَأُدْخِلُواْ نَاراٗ ﰙ
5424,71,27,29,571,نُوح,Nūḥ,فَلَمْ يَجِدُواْ لَهُم مِّن دُونِ اِ۬للَّهِ أَنصَاراٗۖ ﰚ
5425,71,28,29,571,نُوح,Nūḥ,وَقَالَ نُوحٞ رَّبِّ لَا تَذَرْ عَلَى اَ۬لَارْضِ مِنَ اَ۬لْكٰ۪فِرِينَ دَيَّاراًۖ ﰛ
5426,71,29,29,571,نُوح,Nūḥ,اِنَّكَ إِن تَذَرْهُمْ يُضِلُّواْ عِبَادَكَ وَلَا يَلِدُوٓاْ إِلَّا فَاجِراٗ كَفَّاراٗۖ ﰜ
5427,71,30,29,571,نُوح,Nūḥ,رَّبِّ اِ۪غْفِرْ لِے وَلِوَٰلِدَيَّ وَلِمَن دَخَلَ بَيْتِے مُومِناٗ وَلِلْمُومِنِينَ وَالْمُومِنَٰتِۖ وَلَا تَزِدِ اِ۬لظَّٰلِمِينَ إِلَّا تَبَاراٗۖ ﰝ
5428,72,1,29,572,الجِن,Al-Jinn,قُلُ ا۟وحِيَ إِلَيَّ أَنَّهُ اُ۪سْتَمَعَ نَفَرٞ مِّنَ اَ۬لْجِنِّ فَقَالُوٓاْ إِنَّا سَمِعْنَا قُرْءَاناً عَجَباٗ ﰀ
5429,72,2,29,572,الجِن,Al-Jinn,يَهْدِےٓ إِلَى اَ۬لرُّشْدِ فَـَٔامَنَّا بِهِۦ وَلَن نُّشْرِكَ بِرَبِّنَآ أَحَداٗۖ ﰁ
5430,72,3,29,572,الجِن,Al-Jinn,وَإِنَّهُۥ تَعَٰل۪ىٰ جَدُّ رَبِّنَا مَا اَ۪تَّخَذَ صَٰحِبَةٗ وَلَا وَلَداٗۖ ﰂ
5431,72,4,29,572,الجِن,Al-Jinn,وَإِنَّهُۥ كَانَ يَقُولُ سَفِيهُنَا عَلَى اَ۬للَّهِ شَطَطاٗۖ ﰃ
5432,72,5,29,572,الجِن,Al-Jinn,وَإِنَّا ظَنَنَّآ أَن لَّن تَقُولَ اَ۬لِانسُ وَالْجِنُّ عَلَى اَ۬للَّهِ كَذِباٗۖ ﰄ
5433,72,6,29,572,الجِن,Al-Jinn,وَإِنَّهُۥ كَانَ رِجَالٞ مِّنَ اَ۬لِانسِ يَعُوذُونَ بِرِجَالٖ مِّنَ اَ۬لْجِنِّ فَزَادُوهُمْ رَهَقاٗۖ ﰅ
5434,72,7,29,572,الجِن,Al-Jinn,وَإِنَّهُمْ ظَنُّواْ كَمَا ظَنَنتُمُۥٓ أَن لَّنْ يَّبْعَثَ اَ۬للَّهُ أَحَداٗۖ ﰆ
5435,72,8,29,572,الجِن,Al-Jinn,وَإِنَّا لَمَسْنَا اَ۬لسَّمَآءَ فَوَجَدْنَٰهَا مُلِئَتْ حَرَساٗ شَدِيداٗ وَشُهُباٗۖ ﰇ
5436,72,9,29,572,الجِن,Al-Jinn,وَإِنَّا كُنَّا نَقْعُدُ مِنْهَا مَقَٰعِدَ لِلسَّمْعِ فَمَنْ يَّسْتَمِعِ اِ۬لَانَ يَجِدْ لَهُۥ شِهَاباٗ رَّصَداٗۖ ﰈ
5437,72,10,29,572,الجِن,Al-Jinn,وَإِنَّا لَا نَدْرِےٓ أَشَرٌّ ا۟رِيدَ بِمَن فِے اِ۬لَارْضِ أَمَ اَرَادَ بِهِمْ رَبُّهُمْ رَشَداٗۖ ﰉ
5438,72,11,29,572,الجِن,Al-Jinn,وَإِنَّا مِنَّا اَ۬لصَّٰلِحُونَ وَمِنَّا دُونَ ذَٰلِكَۖ كُنَّا طَرَآئِقَ قِدَداٗۖ ﰊ
5439,72,12,29,572,الجِن,Al-Jinn,وَإِنَّا ظَنَنَّآ أَن لَّن نُّعْجِزَ اَ۬للَّهَ فِے اِ۬لَارْضِ وَلَن نُّعْجِزَهُۥ هَرَباٗۖ ﰋ
5440,72,13,29,572,الجِن,Al-Jinn,وَإِنَّا لَمَّا سَمِعْنَا اَ۬لْهُد۪ىٰٓ ءَامَنَّا بِهِۦۖ فَمَنْ يُّومِنۢ بِرَبِّهِۦ فَلَا يَخَافُ بَخْساٗ وَلَا رَهَقاٗۖ ﰌ
5441,72,14,29,573,الجِن,Al-Jinn,وَإِنَّا مِنَّا اَ۬لْمُسْلِمُونَ وَمِنَّا اَ۬لْقَٰسِطُونَۖ فَمَنَ اَسْلَمَ فَأُوْلَٰٓئِكَ تَحَرَّوْاْ رَشَداٗۖ ﰍ
5442,72,15,29,573,الجِن,Al-Jinn,وَأَمَّا اَ۬لْقَٰسِطُونَ فَكَانُواْ لِجَهَنَّمَ حَطَباٗۖ ﰎ
5443,72,16,29,573,الجِن,Al-Jinn,وَأَن لَّوِ اِ۪سْتَقَٰمُواْ عَلَى اَ۬لطَّرِيقَةِ لَأَسْقَيْنَٰهُم مَّآءً غَدَقاٗ ﰏ
5444,72,17,29,573,الجِن,Al-Jinn,لِّنَفْتِنَهُمْ فِيهِۖ وَمَنْ يُّعْرِضْ عَن ذِكْرِ رَبِّهِۦ نَسْلُكْهُ عَذَاباٗ صَعَداٗۖ ﰐ
5445,72,18,29,573,الجِن,Al-Jinn,وَأَنَّ اَ۬لْمَسَٰجِدَ لِلهِ فَلَا تَدْعُواْ مَعَ اَ۬للَّهِ أَحَداٗۖ ﰑ
5446,72,19,29,573,الجِن,Al-Jinn,وَإِنَّهُۥ لَمَّا قَامَ عَبْدُ اُ۬للَّهِ يَدْعُوهُ كَادُواْ يَكُونُونَ عَلَيْهِ لِبَداٗۖ ﰒ
5447,72,20,29,573,الجِن,Al-Jinn,قَالَ إِنَّمَآ أَدْعُواْ رَبِّے وَلَآ أُشْرِكُ بِهِۦٓ أَحَداٗۖ ﰓ
5448,72,21,29,573,الجِن,Al-Jinn,قُلِ اِنِّے لَآ أَمْلِكُ لَكُمْ ضَرّاٗ وَلَا رَشَداٗۖ ﰔ
5449,72,22,29,573,الجِن,Al-Jinn,قُلِ اِنِّے لَنْ يُّجِيرَنِے مِنَ اَ۬للَّهِ أَحَدٞ وَلَنَ اَجِدَ مِن دُونِهِۦ مُلْتَحَداً ﰕ
5450,72,23,29,573,الجِن,Al-Jinn,اِلَّا بَلَٰغاٗ مِّنَ اَ۬للَّهِ وَرِسَٰلَٰتِهِۦۖ ۞ وَمَنْ يَّعْصِ اِ۬للَّهَ وَرَسُولَهُۥ فَإِنَّ لَهُۥ نَارَ جَهَنَّمَ خَٰلِدِينَ فِيهَآ أَبَداًۖ ﰖ
5451,72,24,29,573,الجِن,Al-Jinn,حَتَّىٰٓ إِذَا رَأَوْاْ مَا يُوعَدُونَ فَسَيَعْلَمُونَ مَنَ اَضْعَفُ نَاصِراٗ وَأَقَلُّ عَدَداٗۖ ﰗ
5452,72,25,29,573,الجِن,Al-Jinn,قُلِ اِنَ اَدْرِےٓ أَقَرِيبٞ مَّا تُوعَدُونَ أَمْ يَجْعَلُ لَهُۥ رَبِّيَ أَمَداًۖ ﰘ
5453,72,26,29,573,الجِن,Al-Jinn,عَٰلِمُ اُ۬لْغَيْبِ فَلَا يُظْهِرُ عَلَىٰ غَيْبِهِۦٓ أَحَداً ﰙ
5454,72,27,29,573,الجِن,Al-Jinn,اِلَّا مَنِ اِ۪رْتَض۪ىٰ مِن رَّسُولٖ فَإِنَّهُۥ يَسْلُكُ مِنۢ بَيْنِ يَدَيْهِ وَمِنْ خَلْفِهِۦ رَصَداٗ ﰚ
5455,72,28,29,573,الجِن,Al-Jinn,لِّيَعْلَمَ أَن قَدَ اَبْلَغُواْ رِسَٰلَٰتِ رَبِّهِمْ وَأَحَاطَ بِمَا لَدَيْهِمْ وَأَحْص۪ىٰ كُلَّ شَےْءٍ عَدَداٗۖ ﰛ
5456,73,1,29,574,المُزمل,Al-Muzzammil,يَٰٓأَيُّهَا اَ۬لْمُزَّمِّلُ قُمِ اِ۬ليْلَ إِلَّا قَلِيلاٗ ﰀ
5457,73,2,29,574,المُزمل,Al-Muzzammil,نِّصْفَهُۥٓ أَوُ اُ۟نقُصْ مِنْهُ قَلِيلاً ﰁ
5458,73,3,29,574,المُزمل,Al-Muzzammil,اَوْ زِدْ عَلَيْهِ وَرَتِّلِ اِ۬لْقُرْءَانَ تَرْتِيلاًۖ ﰂ
5459,73,4,29,574,المُزمل,Al-Muzzammil,اِنَّا سَنُلْقِے عَلَيْكَ قَوْلاٗ ثَقِيلاًۖ ﰃ
5460,73,5,29,574,المُزمل,Al-Muzzammil,اِنَّ نَاشِئَةَ اَ۬ليْلِ هِيَ أَشَدُّ وَطْـٔاٗ وَأَقْوَمُ قِيلاًۖ ﰄ
5461,73,6,29,574,المُزمل,Al-Muzzammil,اِنَّ لَكَ فِے اِ۬لنَّه۪ارِ سَبْحاٗ طَوِيلاٗۖ ﰅ
5462,73,7,29,574,المُزمل,Al-Muzzammil,وَاذْكُرِ اِ۪سْمَ رَبِّكَ وَتَبَتَّلِ اِلَيْهِ تَبْتِيلاٗۖ ﰆ
5463,73,8,29,574,المُزمل,Al-Muzzammil,رَّبُّ اُ۬لْمَشْرِقِ وَالْمَغْرِبِۖ لَآ إِلَٰهَ إِلَّا هُوَۖ فَاتَّخِذْهُ وَكِيلاٗۖ ﰇ
5464,73,9,29,574,المُزمل,Al-Muzzammil,وَاصْبِرْ عَلَىٰ مَا يَقُولُونَۖ وَاهْجُرْهُمْ هَجْراٗ جَمِيلاٗۖ ﰈ
5465,73,10,29,574,المُزمل,Al-Muzzammil,وَذَرْنِے وَالْمُكَذِّبِينَ أُوْلِے اِ۬لنَّعْمَةِ وَمَهِّلْهُمْ قَلِيلاًۖ ﰉ
5466,73,11,29,574,المُزمل,Al-Muzzammil,اِنَّ لَدَيْنَآ أَنكَالاٗ وَجَحِيماٗ ﰊ
5467,73,12,29,574,المُزمل,Al-Muzzammil,وَطَعَاماٗ ذَا غُصَّةٖ وَعَذَاباً اَلِيماٗ ﰋ
5468,73,13,29,574,المُزمل,Al-Muzzammil,يَوْمَ تَرْجُفُ اُ۬لَارْضُ وَالْجِبَالُ وَكَانَتِ اِ۬لْجِبَالُ كَثِيباٗ مَّهِيلاًۖ ﰌ
5469,73,14,29,574,المُزمل,Al-Muzzammil,اِنَّآ أَرْسَلْنَآ إِلَيْكُمْ رَسُولاٗ شَٰهِداً عَلَيْكُمْ كَمَآ أَرْسَلْنَآ إِلَىٰ فِرْعَوْنَ رَسُولاٗ ﰍ
5470,73,15,29,574,المُزمل,Al-Muzzammil,فَعَص۪ىٰ فِرْعَوْنُ اُ۬لرَّسُولَ فَأَخَذْنَٰهُ أَخْذاٗ وَبِيلاٗۖ ﰎ
5471,73,16,29,574,المُزمل,Al-Muzzammil,فَكَيْفَ تَتَّقُونَ إِن كَفَرْتُمْ يَوْماٗ يَجْعَلُ اُ۬لْوِلْدَٰنَ شِيباً اِ۬لسَّمَآءُ مُنفَطِرُۢ بِهِۦۖ كَانَ وَعْدُهُۥ مَفْعُولاًۖ ﰏ
5472,73,17,29,574,المُزمل,Al-Muzzammil,اِنَّ هَٰذِهِۦ تَذْكِرَةٞۖ فَمَن شَآءَ اَ۪تَّخَذَ إِلَىٰ رَبِّهِۦ سَبِيلاًۖ ﰐ
5473,73,18,29,575,المُزمل,Al-Muzzammil,۞ اِنَّ رَبَّكَ يَعْلَمُ أَنَّكَ تَقُومُ أَدْن۪ىٰ مِن ثُلُثَيِ اِ۬ليْلِ وَنِصْفِهِۦ وَثُلُثِهِۦ وَطَآئِفَةٞ مِّنَ اَ۬لذِينَ مَعَكَۖ وَاللَّهُ يُقَدِّرُ اُ۬ليْلَ وَالنَّهَارَۖ عَلِمَ أَن لَّن تُحْصُوهُ فَتَابَ عَلَيْكُمْۖ فَاقْرَءُواْ مَا تَيَسَّرَ مِنَ اَ۬لْقُرْءَانِۖ عَلِمَ أَن سَيَكُونُ مِنكُم مَّرْض۪ىٰ وَءَاخَرُونَ يَضْرِبُونَ فِے اِ۬لَارْضِ يَبْتَغُونَ مِن فَضْلِ اِ۬للَّهِ وَءَاخَرُونَ يُقَٰتِلُونَ فِے سَبِيلِ اِ۬للَّهِۖ فَاقْرَءُواْ مَا تَيَسَّرَ مِنْهُۖ وَأَقِيمُواْ اُ۬لصَّلَوٰةَ وَءَاتُواْ اُ۬لزَّكَوٰةَۖ وَأَقْرِضُواْ اُ۬للَّهَ قَرْضاً حَسَناٗۖ وَمَا تُقَدِّمُواْ لِأَنفُسِكُم مِّنْ خَيْرٖ تَجِدُوهُ عِندَ اَ۬للَّهِ هُوَ خَيْراٗ وَأَعْظَمَ أَجْراٗۖ وَاسْتَغْفِرُواْ اُ۬للَّهَۖ إِنَّ اَ۬للَّهَ غَفُورٞ رَّحِيمٞۖ ﰑ
5474,74,1,29,575,المُدثر,Al-Muddaththir,يَٰٓأَيُّهَا اَ۬لْمُدَّثِّرُ ﰀ
5475,74,2,29,575,المُدثر,Al-Muddaththir,قُمْ فَأَنذِرْۖ ﰁ
5476,74,3,29,575,المُدثر,Al-Muddaththir,وَرَبَّكَ فَكَبِّرْۖ ﰂ
5477,74,4,29,575,المُدثر,Al-Muddaththir,وَثِيَابَكَ فَطَهِّرْۖ ﰃ
5478,74,5,29,575,المُدثر,Al-Muddaththir,وَالرِّجْزَ فَاهْجُرْۖ ﰄ
5479,74,6,29,575,المُدثر,Al-Muddaththir,وَلَا تَمْنُن تَسْتَكْثِرُۖ ﰅ
5480,74,7,29,575,المُدثر,Al-Muddaththir,وَلِرَبِّكَ فَاصْبِرْۖ ﰆ
5481,74,8,29,575,المُدثر,Al-Muddaththir,فَإِذَا نُقِرَ فِے اِ۬لنَّاقُورِ ﰇ
5482,74,9,29,575,المُدثر,Al-Muddaththir,فَذَٰلِكَ يَوْمَئِذٖ يَوْمٌ عَسِيرٌ ﰈ
5483,74,10,29,575,المُدثر,Al-Muddaththir,عَلَى اَ۬لْكٰ۪فِرِينَ غَيْرُ يَسِيرٖۖ ﰉ
5484,74,11,29,575,المُدثر,Al-Muddaththir,ذَرْنِے وَمَنْ خَلَقْتُ وَحِيداٗ ﰊ
5485,74,12,29,575,المُدثر,Al-Muddaththir,وَجَعَلْتُ لَهُۥ مَالاٗ مَّمْدُوداٗ ﰋ
5486,74,13,29,575,المُدثر,Al-Muddaththir,وَبَنِينَ شُهُوداٗ ﰌ
5487,74,14,29,575,المُدثر,Al-Muddaththir,وَمَهَّدتُّ لَهُۥ تَمْهِيداٗ ﰍ
5488,74,15,29,575,المُدثر,Al-Muddaththir,ثُمَّ يَطْمَعُ أَنَ اَزِيدَ ﰎ
5489,74,16,29,575,المُدثر,Al-Muddaththir,كَلَّآۖ إِنَّهُۥ كَانَ لِأٓيَٰتِنَا عَنِيداٗۖ ﰏ
5490,74,17,29,575,المُدثر,Al-Muddaththir,سَأُرْهِقُهُۥ صَعُوداًۖ ﰐ
5491,74,18,29,575,المُدثر,Al-Muddaththir,اِنَّهُۥ فَكَّرَ وَقَدَّرَ ﰑ
5492,74,19,29,576,المُدثر,Al-Muddaththir,فَقُتِلَ كَيْفَ قَدَّرَ ﰒ
5493,74,20,29,576,المُدثر,Al-Muddaththir,ثُمَّ قُتِلَ كَيْفَ قَدَّرَ ﰓ
5494,74,21,29,576,المُدثر,Al-Muddaththir,ثُمَّ نَظَرَ ﰔ
5495,74,22,29,576,المُدثر,Al-Muddaththir,ثُمَّ عَبَسَ وَبَسَرَ ﰕ
5496,74,23,29,576,المُدثر,Al-Muddaththir,ثُمَّ أَدْبَرَ وَاسْتَكْبَرَ ﰖ
5497,74,24,29,576,المُدثر,Al-Muddaththir,فَقَالَ إِنْ هَٰذَآ إِلَّا سِحْرٞ يُوثَرُ ﰗ
5498,74,25,29,576,المُدثر,Al-Muddaththir,إِنْ هَٰذَآ إِلَّا قَوْلُ اُ۬لْبَشَرِۖ ﰘ
5499,74,26,29,576,المُدثر,Al-Muddaththir,سَأُصْلِيهِ سَقَرَۖ ﰙ
5500,74,27,29,576,المُدثر,Al-Muddaththir,وَمَآ أَدْر۪يٰكَ مَا سَقَرُۖ ﰚ
5501,74,28,29,576,المُدثر,Al-Muddaththir,لَا تُبْقِے وَلَا تَذَرُۖ ﰛ
5502,74,29,29,576,المُدثر,Al-Muddaththir,لَوَّاحَةٞ لِّلْبَشَرِۖ ﰜ
5503,74,30,29,576,المُدثر,Al-Muddaththir,عَلَيْهَا تِسْعَةَ عَشَرَۖ ﰝ
5504,74,31,29,576,المُدثر,Al-Muddaththir,۞ وَمَا جَعَلْنَآ أَصْحَٰبَ اَ۬لنّ۪ارِ إِلَّا مَلَٰٓئِكَةٗۖ وَمَا جَعَلْنَا عِدَّتَهُمُۥٓ إِلَّا فِتْنَةٗ لِّلذِينَ كَفَرُواْ لِيَسْتَيْقِنَ اَ۬لذِينَ أُوتُواْ اُ۬لْكِتَٰبَ وَيَزْدَادَ اَ۬لذِينَ ءَامَنُوٓاْ إِيمَٰناٗ وَلَا يَرْتَابَ اَ۬لذِينَ أُوتُواْ اُ۬لْكِتَٰبَ وَالْمُومِنُونَ وَلِيَقُولَ اَ۬لذِينَ فِے قُلُوبِهِم مَّرَضٞ وَالْكَٰفِرُونَ مَاذَآ أَرَادَ اَ۬للَّهُ بِهَٰذَا مَثَلاٗۖ كَذَٰلِكَ يُضِلُّ اُ۬للَّهُ مَنْ يَّشَآءُ وَيَهْدِے مَنْ يَّشَآءُۖ وَمَا يَعْلَمُ جُنُودَ رَبِّكَ إِلَّا هُوَۖ وَمَا هِيَ إِلَّا ذِكْر۪ىٰ لِلْبَشَرِۖ ﰞ
5505,74,32,29,576,المُدثر,Al-Muddaththir,كَلَّا وَالْقَمَرِ ﰟ
5506,74,33,29,576,المُدثر,Al-Muddaththir,وَاليْلِ إِذَ اَدْبَرَ ﰠ
5507,74,34,29,576,المُدثر,Al-Muddaththir,وَالصُّبْحِ إِذَآ أَسْفَرَ ﰡ
5508,74,35,29,576,المُدثر,Al-Muddaththir,إِنَّهَا لَإِحْدَى اَ۬لْكُبَرِ ﰢ
5509,74,36,29,576,المُدثر,Al-Muddaththir,نَذِيراٗ لِّلْبَشَرِ ﰣ
5510,74,37,29,576,المُدثر,Al-Muddaththir,لِمَن شَآءَ مِنكُمُۥٓ أَنْ يَّتَقَدَّمَ أَوْ يَتَأَخَّرَۖ ﰤ
5511,74,38,29,576,المُدثر,Al-Muddaththir,كُلُّ نَفْسِۢ بِمَا كَسَبَتْ رَهِينَةٌ ﰥ
5512,74,39,29,576,المُدثر,Al-Muddaththir,اِلَّآ أَصْحَٰبَ اَ۬لْيَمِينِۖ ﰦ
5513,74,40,29,576,المُدثر,Al-Muddaththir,فِے جَنَّٰتٖ يَتَسَآءَلُونَ عَنِ اِ۬لْمُجْرِمِينَ ﰧ
5514,74,41,29,576,المُدثر,Al-Muddaththir,مَا سَلَكَكُمْ فِے سَقَرَۖ ﰨ
5515,74,42,29,576,المُدثر,Al-Muddaththir,قَالُواْ لَمْ نَكُ مِنَ اَ۬لْمُصَلِّينَ ﰩ
5516,74,43,29,576,المُدثر,Al-Muddaththir,وَلَمْ نَكُ نُطْعِمُ اُ۬لْمِسْكِينَ ﰪ
5517,74,44,29,576,المُدثر,Al-Muddaththir,وَكُنَّا نَخُوضُ مَعَ اَ۬لْخَآئِضِينَ ﰫ
5518,74,45,29,576,المُدثر,Al-Muddaththir,وَكُنَّا نُكَذِّبُ بِيَوْمِ اِ۬لدِّينِ ﰬ
5519,74,46,29,576,المُدثر,Al-Muddaththir,حَتَّىٰٓ أَت۪يٰنَا اَ۬لْيَقِينُۖ ﰭ
5520,74,47,29,577,المُدثر,Al-Muddaththir,فَمَا تَنفَعُهُمْ شَفَٰعَةُ اُ۬لشَّٰفِعِينَۖ ﰮ
5521,74,48,29,577,المُدثر,Al-Muddaththir,فَمَا لَهُمْ عَنِ اِ۬لتَّذْكِرَةِ مُعْرِضِينَ ﰯ
5522,74,49,29,577,المُدثر,Al-Muddaththir,كَأَنَّهُمْ حُمُرٞ مُّسْتَنفَرَةٞ ﰰ
5523,74,50,29,577,المُدثر,Al-Muddaththir,فَرَّتْ مِن قَسْوَرَةِۢۖ ﰱ
5524,74,51,29,577,المُدثر,Al-Muddaththir,بَلْ يُرِيدُ كُلُّ اُ۪مْرِےٕٖ مِّنْهُمُۥٓ أَنْ يُّوت۪ىٰ صُحُفاٗ مُّنَشَّرَةٗۖ ﰲ
5525,74,52,29,577,المُدثر,Al-Muddaththir,كَلَّا بَل لَّا يَخَافُونَ اَ۬لَاخِرَةَۖ ﰳ
5526,74,53,29,577,المُدثر,Al-Muddaththir,كَلَّآ إِنَّهُۥ تَذْكِرَةٞۖ ﰴ
5527,74,54,29,577,المُدثر,Al-Muddaththir,فَمَن شَآءَ ذَكَرَهُۥۖ ﰵ
5528,74,55,29,577,المُدثر,Al-Muddaththir,وَمَا تَذْكُرُونَ إِلَّآ أَنْ يَّشَآءَ اَ۬للَّهُۖ هُوَ أَهْلُ اُ۬لتَّقْو۪ىٰ وَأَهْلُ اُ۬لْمَغْفِرَةِۖ ﰶ
5529,75,1,29,577,القِيَامة,Al-Qiyāmah,لَآ أُقْسِمُ بِيَوْمِ اِ۬لْقِيَٰمَةِ ﰀ
5530,75,2,29,577,القِيَامة,Al-Qiyāmah,وَلَآ أُقْسِمُ بِالنَّفْسِ اِ۬للَّوَّامَةِۖ ﰁ
5531,75,3,29,577,القِيَامة,Al-Qiyāmah,أَيَحْسِبُ اُ۬لِانسَٰنُ أَلَّن نَّجْمَعَ عِظَامَهُۥ ﰂ
5532,75,4,29,577,القِيَامة,Al-Qiyāmah,بَل۪ىٰۖ قَٰدِرِينَ عَلَىٰٓ أَن نُّسَوِّيَ بَنَانَهُۥۖ ﰃ
5533,75,5,29,577,القِيَامة,Al-Qiyāmah,بَلْ يُرِيدُ اُ۬لِانسَٰنُ لِيَفْجُرَ أَمَامَهُۥۖ ﰄ
5534,75,6,29,577,القِيَامة,Al-Qiyāmah,يَسْـَٔلُ أَيَّانَ يَوْمُ اُ۬لْقِيَٰمَةِۖ ﰅ
5535,75,7,29,577,القِيَامة,Al-Qiyāmah,فَإِذَا بَرَقَ اَ۬لْبَصَرُ ﰆ
5536,75,8,29,577,القِيَامة,Al-Qiyāmah,وَخَسَفَ اَ۬لْقَمَرُ ﰇ
5537,75,9,29,577,القِيَامة,Al-Qiyāmah,وَجُمِعَ اَ۬لشَّمْسُ وَالْقَمَرُ ﰈ
5538,75,10,29,577,القِيَامة,Al-Qiyāmah,يَقُولُ اُ۬لِانسَٰنُ يَوْمَئِذٍ اَيْنَ اَ۬لْمَفَرُّۖ ﰉ
5539,75,11,29,577,القِيَامة,Al-Qiyāmah,كَلَّا لَا وَزَرَۖ ﰊ
5540,75,12,29,577,القِيَامة,Al-Qiyāmah,إِلَىٰ رَبِّكَ يَوْمَئِذٍ اِ۬لْمُسْتَقَرُّۖ ﰋ
5541,75,13,29,577,القِيَامة,Al-Qiyāmah,يُنَبَّؤُاْ اُ۬لِانسَٰنُ يَوْمَئِذِۢ بِمَا قَدَّمَ وَأَخَّرَۖ ﰌ
5542,75,14,29,577,القِيَامة,Al-Qiyāmah,بَلِ اِ۬لِانسَٰنُ عَلَىٰ نَفْسِهِۦ بَصِيرَةٞ ﰍ
5543,75,15,29,577,القِيَامة,Al-Qiyāmah,وَلَوَ اَلْق۪ىٰ مَعَاذِيرَهُۥۖ ﰎ
5544,75,16,29,577,القِيَامة,Al-Qiyāmah,لَا تُحَرِّكْ بِهِۦ لِسَانَكَ لِتَعْجَلَ بِهِۦٓۖ إِنَّ عَلَيْنَا جَمْعَهُۥ وَقُرْءَانَهُۥۖ ﰏ
5545,75,17,29,577,القِيَامة,Al-Qiyāmah,فَإِذَا قَرَأْنَٰهُ فَاتَّبِعْ قُرْءَانَهُۥ ﰐ
5546,75,18,29,577,القِيَامة,Al-Qiyāmah,ثُمَّ إِنَّ عَلَيْنَا بَيَانَهُۥۖ ﰑ
5547,75,19,29,578,القِيَامة,Al-Qiyāmah,كَلَّا بَلْ تُحِبُّونَ اَ۬لْعَاجِلَةَ ﰒ
5548,75,20,29,578,القِيَامة,Al-Qiyāmah,وَتَذَرُونَ اَ۬لَاخِرَةَۖ ﰓ
5549,75,21,29,578,القِيَامة,Al-Qiyāmah,وُجُوهٞ يَوْمَئِذٖ نَّاضِرَةٌ ﰔ
5550,75,22,29,578,القِيَامة,Al-Qiyāmah,اِلَىٰ رَبِّهَا نَاظِرَةٞۖ ﰕ
5551,75,23,29,578,القِيَامة,Al-Qiyāmah,وَوُجُوهٞ يَوْمَئِذِۢ بَاسِرَةٞ ﰖ
5552,75,24,29,578,القِيَامة,Al-Qiyāmah,تَظُنُّ أَنْ يُّفْعَلَ بِهَا فَاقِرَةٞۖ ﰗ
5553,75,25,29,578,القِيَامة,Al-Qiyāmah,كَلَّآ إِذَا بَلَغَتِ اِ۬لتَّرَاقِيَ ﰘ
5554,75,26,29,578,القِيَامة,Al-Qiyāmah,وَقِيلَ مَن رَّاقٖ ﰙ
5555,75,27,29,578,القِيَامة,Al-Qiyāmah,وَظَنَّ أَنَّهُ اُ۬لْفِرَاقُ ﰚ
5556,75,28,29,578,القِيَامة,Al-Qiyāmah,وَالْتَفَّتِ اِ۬لسَّاقُ بِالسَّاقِ ﰛ
5557,75,29,29,578,القِيَامة,Al-Qiyāmah,إِلَىٰ رَبِّكَ يَوْمَئِذٍ اِ۬لْمَسَاقُۖ ﰜ
5558,75,30,29,578,القِيَامة,Al-Qiyāmah,فَلَا صَدَّقَ وَلَا صَلّ۪ىٰۖ ﰝ
5559,75,31,29,578,القِيَامة,Al-Qiyāmah,وَلَٰكِن كَذَّبَ وَتَوَلّ۪ىٰۖ ﰞ
5560,75,32,29,578,القِيَامة,Al-Qiyāmah,ثُمَّ ذَهَبَ إِلَىٰٓ أَهْلِهِۦ يَتَمَطّ۪ىٰٓۖ ﰟ
5561,75,33,29,578,القِيَامة,Al-Qiyāmah,أَوْل۪ىٰ لَكَ فَأَوْل۪ىٰ ﰠ
5562,75,34,29,578,القِيَامة,Al-Qiyāmah,ثُمَّ أَوْل۪ىٰ لَكَ فَأَوْل۪ىٰٓۖ ﰡ
5563,75,35,29,578,القِيَامة,Al-Qiyāmah,أَيَحْسِبُ اُ۬لِانسَٰنُ أَنْ يُّتْرَكَ سُدىًۖ ﰢ
5564,75,36,29,578,القِيَامة,Al-Qiyāmah,اَلَمْ يَكُ نُطْفَةٗ مِّن مَّنِيّٖ تُمْن۪ىٰ ﰣ
5565,75,37,29,578,القِيَامة,Al-Qiyāmah,ثُمَّ كَانَ عَلَقَةٗ فَخَلَقَ فَسَوّ۪ىٰ ﰤ
5566,75,38,29,578,القِيَامة,Al-Qiyāmah,فَجَعَلَ مِنْهُ اُ۬لزَّوْجَيْنِ اِ۬لذَّكَرَ وَالُانث۪ىٰٓۖ ﰥ
5567,75,39,29,578,القِيَامة,Al-Qiyāmah,أَلَيْسَ ذَٰلِكَ بِقَٰدِرٍ عَلَىٰٓ أَنْ يُّحْـِۧيَ اَ۬لْمَوْت۪ىٰۖ ﰦ
5568,76,1,29,578,الإنسَان,Al-Insān,هَلَ اَت۪ىٰ عَلَى اَ۬لِانسَٰنِ حِينٞ مِّنَ اَ۬لدَّهْرِ لَمْ يَكُن شَئْاٗ مَّذْكُوراًۖ ﰀ
5569,76,2,29,578,الإنسَان,Al-Insān,اِنَّا خَلَقْنَا اَ۬لِانسَٰنَ مِن نُّطْفَةٍ اَمْشَاجٖ نَّبْتَلِيهِ فَجَعَلْنَٰهُ سَمِيعاَۢ بَصِيراًۖ ﰁ
5570,76,3,29,578,الإنسَان,Al-Insān,اِنَّا هَدَيْنَٰهُ اُ۬لسَّبِيلَ إِمَّا شَاكِراٗ وَإِمَّا كَفُوراًۖ ﰂ
5571,76,4,29,578,الإنسَان,Al-Insān,اِنَّآ أَعْتَدْنَا لِلْكٰ۪فِرِينَ سَلَٰسِلاٗ وَأَغْلَٰلاٗ وَسَعِيراًۖ ﰃ
5572,76,5,29,578,الإنسَان,Al-Insān,اِنَّ اَ۬لَابْرَارَ يَشْرَبُونَ مِن كَأْسٖ كَانَ مِزَاجُهَا كَافُوراً ﰄ
5573,76,6,29,579,الإنسَان,Al-Insān,عَيْناٗ يَشْرَبُ بِهَا عِبَادُ اُ۬للَّهِ يُفَجِّرُونَهَا تَفْجِيراٗۖ ﰅ
5574,76,7,29,579,الإنسَان,Al-Insān,يُوفُونَ بِالنَّذْرِ وَيَخَافُونَ يَوْماٗ كَانَ شَرُّهُۥ مُسْتَطِيراٗۖ ﰆ
5575,76,8,29,579,الإنسَان,Al-Insān,وَيُطْعِمُونَ اَ۬لطَّعَامَ عَلَىٰ حُبِّهِۦ مِسْكِيناٗ وَيَتِيماٗ وَأَسِيراً ﰇ
5576,76,9,29,579,الإنسَان,Al-Insān,اِنَّمَا نُطْعِمُكُمْ لِوَجْهِ اِ۬للَّهِۖ لَا نُرِيدُ مِنكُمْ جَزَآءٗ وَلَا شُكُوراًۖ ﰈ
5577,76,10,29,579,الإنسَان,Al-Insān,اِنَّا نَخَافُ مِن رَّبِّنَا يَوْماً عَبُوساٗ قَمْطَرِيراٗۖ ﰉ
5578,76,11,29,579,الإنسَان,Al-Insān,فَوَق۪يٰهُمُ اُ۬للَّهُ شَرَّ ذَٰلِكَ اَ۬لْيَوْمِ وَلَقّ۪يٰهُمْ نَضْرَةٗ وَسُرُوراٗۖ ﰊ
5579,76,12,29,579,الإنسَان,Al-Insān,وَجَز۪يٰهُم بِمَا صَبَرُواْ جَنَّةٗ وَحَرِيراٗ ﰋ
5580,76,13,29,579,الإنسَان,Al-Insān,مُّتَّكِـِٕينَ فِيهَا عَلَى اَ۬لَارَآئِكِ لَا يَرَوْنَ فِيهَا شَمْساٗ وَلَا زَمْهَرِيراٗ ﰌ
5581,76,14,29,579,الإنسَان,Al-Insān,وَدَانِيَةً عَلَيْهِمْ ظِلَٰلُهَا وَذُلِّلَتْ قُطُوفُهَا تَذْلِيلاٗۖ ﰍ
5582,76,15,29,579,الإنسَان,Al-Insān,وَيُطَافُ عَلَيْهِم بِـَٔانِيَةٖ مِّن فِضَّةٖ وَأَكْوَابٖ كَانَتْ قَوَارِيراٗۖ ﰎ
5583,76,16,29,579,الإنسَان,Al-Insān,قَوَارِيراٗ مِّن فِضَّةٖ قَدَّرُوهَا تَقْدِيراٗۖ ﰏ
5584,76,17,29,579,الإنسَان,Al-Insān,وَيُسْقَوْنَ فِيهَا كَأْساٗ كَانَ مِزَاجُهَا زَنجَبِيلاً ﰐ
5585,76,18,29,579,الإنسَان,Al-Insān,عَيْناٗ فِيهَا تُسَمّ۪ىٰ سَلْسَبِيلاٗۖ ﰑ
5586,76,19,29,579,الإنسَان,Al-Insān,۞ وَيَطُوفُ عَلَيْهِمْ وِلْدَٰنٞ مُّخَلَّدُونَ إِذَا رَأَيْتَهُمْ حَسِبْتَهُمْ لُؤْلُؤاٗ مَّنثُوراٗۖ ﰒ
5587,76,20,29,579,الإنسَان,Al-Insān,وَإِذَا رَأَيْتَ ثَمَّ رَأَيْتَ نَعِيماٗ وَمُلْكاٗ كَبِيراً ﰓ
5588,76,21,29,579,الإنسَان,Al-Insān,عَٰلِيهِمْ ثِيَابُ سُندُسٍ خُضْرٞ وَإِسْتَبْرَقٞۖ وَحُلُّوٓاْ أَسَاوِرَ مِن فِضَّةٖۖ وَسَق۪يٰهُمْ رَبُّهُمْ شَرَاباٗ طَهُوراًۖ ﰔ
5589,76,22,29,579,الإنسَان,Al-Insān,اِنَّ هَٰذَا كَانَ لَكُمْ جَزَآءٗ وَكَانَ سَعْيُكُم مَّشْكُوراًۖ ﰕ
5590,76,23,29,579,الإنسَان,Al-Insān,اِنَّا نَحْنُ نَزَّلْنَا عَلَيْكَ اَ۬لْقُرْءَانَ تَنزِيلاٗۖ ﰖ
5591,76,24,29,579,الإنسَان,Al-Insān,فَاصْبِرْ لِحُكْمِ رَبِّكَ وَلَا تُطِعْ مِنْهُمُۥٓ ءَاثِماً اَوْ كَفُوراٗۖ ﰗ
5592,76,25,29,579,الإنسَان,Al-Insān,وَاذْكُرِ اِ۪سْمَ رَبِّكَ بُكْرَةٗ وَأَصِيلاٗۖ ﰘ
5593,76,26,29,580,الإنسَان,Al-Insān,وَمِنَ اَ۬ليْلِ فَاسْجُدْ لَهُۥ وَسَبِّحْهُ لَيْلاٗ طَوِيلاًۖ ﰙ
5594,76,27,29,580,الإنسَان,Al-Insān,اِنَّ هَٰٓؤُلَآءِ يُحِبُّونَ اَ۬لْعَاجِلَةَ وَيَذَرُونَ وَرَآءَهُمْ يَوْماٗ ثَقِيلاٗۖ ﰚ
5595,76,28,29,580,الإنسَان,Al-Insān,نَّحْنُ خَلَقْنَٰهُمْ وَشَدَدْنَآ أَسْرَهُمْ وَإِذَا شِئْنَا بَدَّلْنَآ أَمْثَٰلَهُمْ تَبْدِيلاًۖ ﰛ
5596,76,29,29,580,الإنسَان,Al-Insān,اِنَّ هَٰذِهِۦ تَذْكِرَةٞۖ فَمَن شَآءَ اَ۪تَّخَذَ إِلَىٰ رَبِّهِۦ سَبِيلاٗۖ ﰜ
5597,76,30,29,580,الإنسَان,Al-Insān,وَمَا تَشَآءُونَ إِلَّآ أَنْ يَّشَآءَ اَ۬للَّهُۖ إِنَّ اَ۬للَّهَ كَانَ عَلِيماً حَكِيماٗۖ ﰝ
5598,76,31,29,580,الإنسَان,Al-Insān,يُدْخِلُ مَنْ يَّشَآءُ فِے رَحْمَتِهِۦۖ وَالظَّٰلِمِينَ أَعَدَّ لَهُمْ عَذَاباً اَلِيماٗۖ ﰞ
5599,77,1,29,580,المُرسَلات,Al-Mursalāt,وَالْمُرْسَلَٰتِ عُرْفاٗ ﰀ
5600,77,2,29,580,المُرسَلات,Al-Mursalāt,فَالْعَٰصِفَٰتِ عَصْفاٗ ﰁ
5601,77,3,29,580,المُرسَلات,Al-Mursalāt,وَالنَّٰشِرَٰتِ نَشْراٗ ﰂ
5602,77,4,29,580,المُرسَلات,Al-Mursalāt,فَالْفَٰرِقَٰتِ فَرْقاٗ ﰃ
5603,77,5,29,580,المُرسَلات,Al-Mursalāt,فَالْمُلْقِيَٰتِ ذِكْراً ﰄ
5604,77,6,29,580,المُرسَلات,Al-Mursalāt,عُذْراً اَوْ نُذُراً ﰅ
5605,77,7,29,580,المُرسَلات,Al-Mursalāt,اِنَّمَا تُوعَدُونَ لَوَٰقِعٞۖ ﰆ
5606,77,8,29,580,المُرسَلات,Al-Mursalāt,فَإِذَا اَ۬لنُّجُومُ طُمِسَتْ ﰇ
5607,77,9,29,580,المُرسَلات,Al-Mursalāt,وَإِذَا اَ۬لسَّمَآءُ فُرِجَتْ ﰈ
5608,77,10,29,580,المُرسَلات,Al-Mursalāt,وَإِذَا اَ۬لْجِبَالُ نُسِفَتْ ﰉ
5609,77,11,29,580,المُرسَلات,Al-Mursalāt,وَإِذَا اَ۬لرُّسُلُ أُقِّتَتْ ﰊ
5610,77,12,29,580,المُرسَلات,Al-Mursalāt,لِأَيِّ يَوْمٍ ا۟جِّلَتْ ﰋ
5611,77,13,29,580,المُرسَلات,Al-Mursalāt,لِيَوْمِ اِ۬لْفَصْلِۖ ﰌ
5612,77,14,29,580,المُرسَلات,Al-Mursalāt,وَمَآ أَدْر۪يٰكَ مَا يَوْمُ اُ۬لْفَصْلِۖ ﰍ
5613,77,15,29,580,المُرسَلات,Al-Mursalāt,وَيْلٞ يَوْمَئِذٖ لِّلْمُكَذِّبِينَۖ ﰎ
5614,77,16,29,580,المُرسَلات,Al-Mursalāt,۞ أَلَمْ نُهْلِكِ اِ۬لَاوَّلِينَۖ ﰏ
5615,77,17,29,580,المُرسَلات,Al-Mursalāt,ثُمَّ نُتْبِعُهُمُ اُ۬لَاخِرِينَۖ ﰐ
5616,77,18,29,580,المُرسَلات,Al-Mursalāt,كَذَٰلِكَ نَفْعَلُ بِالْمُجْرِمِينَۖ ﰑ
5617,77,19,29,580,المُرسَلات,Al-Mursalāt,وَيْلٞ يَوْمَئِذٖ لِّلْمُكَذِّبِينَۖ ﰒ
5618,77,20,29,581,المُرسَلات,Al-Mursalāt,أَلَمْ نَخْلُقكُّم مِّن مَّآءٖ مَّهِينٖ ﰓ
5619,77,21,29,581,المُرسَلات,Al-Mursalāt,فَجَعَلْنَٰهُ فِے قَر۪ارٖ مَّكِينٍ ﰔ
5620,77,22,29,581,المُرسَلات,Al-Mursalāt,اِلَىٰ قَدَرٖ مَّعْلُومٖ ﰕ
5621,77,23,29,581,المُرسَلات,Al-Mursalāt,فَقَدَّرْنَاۖ فَنِعْمَ اَ۬لْقَٰدِرُونَۖ ﰖ
5622,77,24,29,581,المُرسَلات,Al-Mursalāt,وَيْلٞ يَوْمَئِذٖ لِّلْمُكَذِّبِينَۖ ﰗ
5623,77,25,29,581,المُرسَلات,Al-Mursalāt,أَلَمْ نَجْعَلِ اِ۬لَارْضَ كِفَاتاً ﰘ
5624,77,26,29,581,المُرسَلات,Al-Mursalāt,اَحْيَآءٗ وَأَمْوَٰتاٗ ﰙ
5625,77,27,29,581,المُرسَلات,Al-Mursalāt,وَجَعَلْنَا فِيهَا رَوَٰسِيَ شَٰمِخَٰتٖ وَأَسْقَيْنَٰكُم مَّآءٗ فُرَاتاٗۖ ﰚ
5626,77,28,29,581,المُرسَلات,Al-Mursalāt,وَيْلٞ يَوْمَئِذٖ لِّلْمُكَذِّبِينَۖ ﰛ
5627,77,29,29,581,المُرسَلات,Al-Mursalāt,اَ۪نطَلِقُوٓاْ إِلَىٰ مَا كُنتُم بِهِۦ تُكَذِّبُونَ ﰜ
5628,77,30,29,581,المُرسَلات,Al-Mursalāt,اَ۪نطَلِقُوٓاْ إِلَىٰ ظِلّٖ ذِے ثَلَٰثِ شُعَبٖ ﰝ
5629,77,31,29,581,المُرسَلات,Al-Mursalāt,لَّا ظَلِيلٖ وَلَا يُغْنِے مِنَ اَ۬للَّهَبِۖ ﰞ
5630,77,32,29,581,المُرسَلات,Al-Mursalāt,إِنَّهَا تَرْمِے بِشَرَرٖ كَالْقَصْرِ ﰟ
5631,77,33,29,581,المُرسَلات,Al-Mursalāt,كَأَنَّهُۥ جِمَٰلَٰتٞ صُفْرٞۖ ﰠ
5632,77,34,29,581,المُرسَلات,Al-Mursalāt,وَيْلٞ يَوْمَئِذٖ لِّلْمُكَذِّبِينَۖ ﰡ
5633,77,35,29,581,المُرسَلات,Al-Mursalāt,هَٰذَا يَوْمُ لَا يَنطِقُونَ ﰢ
5634,77,36,29,581,المُرسَلات,Al-Mursalāt,وَلَا يُوذَنُ لَهُمْ فَيَعْتَذِرُونَۖ ﰣ
5635,77,37,29,581,المُرسَلات,Al-Mursalāt,وَيْلٞ يَوْمَئِذٖ لِّلْمُكَذِّبِينَۖ ﰤ
5636,77,38,29,581,المُرسَلات,Al-Mursalāt,هَٰذَا يَوْمُ اُ۬لْفَصْلِ جَمَعْنَٰكُمْ وَالَاوَّلِينَ ﰥ
5637,77,39,29,581,المُرسَلات,Al-Mursalāt,فَإِن كَانَ لَكُمْ كَيْدٞ فَكِيدُونِۖ ﰦ
5638,77,40,29,581,المُرسَلات,Al-Mursalāt,وَيْلٞ يَوْمَئِذٖ لِّلْمُكَذِّبِينَۖ ﰧ
5639,77,41,29,581,المُرسَلات,Al-Mursalāt,إِنَّ اَ۬لْمُتَّقِينَ فِے ظِلَٰلٖ وَعُيُونٖ ﰨ
5640,77,42,29,581,المُرسَلات,Al-Mursalāt,وَفَوَٰكِهَ مِمَّا يَشْتَهُونَۖ ﰩ
5641,77,43,29,581,المُرسَلات,Al-Mursalāt,كُلُواْ وَاشْرَبُواْۖ هَنِيٓـٔاَۢ بِمَا كُنتُمْ تَعْمَلُونَۖ ﰪ
5642,77,44,29,581,المُرسَلات,Al-Mursalāt,إِنَّا كَذَٰلِكَ نَجْزِے اِ۬لْمُحْسِنِينَۖ ﰫ
5643,77,45,29,581,المُرسَلات,Al-Mursalāt,وَيْلٞ يَوْمَئِذٖ لِّلْمُكَذِّبِينَۖ ﰬ
5644,77,46,29,581,المُرسَلات,Al-Mursalāt,كُلُواْ وَتَمَتَّعُواْ قَلِيلاً اِنَّكُم مُّجْرِمُونَۖ ﰭ
5645,77,47,29,581,المُرسَلات,Al-Mursalāt,وَيْلٞ يَوْمَئِذٖ لِّلْمُكَذِّبِينَۖ ﰮ
5646,77,48,29,581,المُرسَلات,Al-Mursalāt,وَإِذَا قِيلَ لَهُمُ اُ۪رْكَعُواْ لَا يَرْكَعُونَۖ ﰯ
5647,77,49,29,581,المُرسَلات,Al-Mursalāt,وَيْلٞ يَوْمَئِذٖ لِّلْمُكَذِّبِينَۖ ﰰ
5648,77,50,29,581,المُرسَلات,Al-Mursalāt,فَبِأَيِّ حَدِيثِۢ بَعْدَهُۥ يُومِنُونَۖ ﰱ
5649,78,1,30,582,النَّبَإ,An-Naba’,عَمَّۖ يَتَسَآءَلُونَ ﰀ
5650,78,2,30,582,النَّبَإ,An-Naba’,عَنِ اِ۬لنَّبَإِ اِ۬لْعَظِيمِ ﰁ
5651,78,3,30,582,النَّبَإ,An-Naba’,اِ۬لذِے هُمْ فِيهِ مُخْتَلِفُونَۖ ﰂ
5652,78,4,30,582,النَّبَإ,An-Naba’,كَلَّا سَيَعْلَمُونَ ﰃ
5653,78,5,30,582,النَّبَإ,An-Naba’,ثُمَّ كَلَّا سَيَعْلَمُونَۖ ﰄ
5654,78,6,30,582,النَّبَإ,An-Naba’,أَلَمْ نَجْعَلِ اِ۬لَارْضَ مِهَٰداٗ ﰅ
5655,78,7,30,582,النَّبَإ,An-Naba’,وَالْجِبَالَ أَوْتَاداٗ ﰆ
5656,78,8,30,582,النَّبَإ,An-Naba’,وَخَلَقْنَٰكُمُۥٓ أَزْوَٰجاٗ ﰇ
5657,78,9,30,582,النَّبَإ,An-Naba’,وَجَعَلْنَا نَوْمَكُمْ سُبَاتاٗ ﰈ
5658,78,10,30,582,النَّبَإ,An-Naba’,وَجَعَلْنَا اَ۬ليْلَ لِبَاساٗ ﰉ
5659,78,11,30,582,النَّبَإ,An-Naba’,وَجَعَلْنَا اَ۬لنَّهَارَ مَعَاشاٗ ﰊ
5660,78,12,30,582,النَّبَإ,An-Naba’,وَبَنَيْنَا فَوْقَكُمْ سَبْعاٗ شِدَاداٗ ﰋ
5661,78,13,30,582,النَّبَإ,An-Naba’,وَجَعَلْنَا سِرَاجاٗ وَهَّاجاٗ ﰌ
5662,78,14,30,582,النَّبَإ,An-Naba’,وَأَنزَلْنَا مِنَ اَ۬لْمُعْصِرَٰتِ مَآءٗ ثَجَّاجاٗ ﰍ
5663,78,15,30,582,النَّبَإ,An-Naba’,لِّنُخْرِجَ بِهِۦ حَبّاٗ وَنَبَاتاٗ ﰎ
5664,78,16,30,582,النَّبَإ,An-Naba’,وَجَنَّٰتٍ اَلْفَافاًۖ ﰏ
5665,78,17,30,582,النَّبَإ,An-Naba’,اِنَّ يَوْمَ اَ۬لْفَصْلِ كَانَ مِيقَٰتاٗ ﰐ
5666,78,18,30,582,النَّبَإ,An-Naba’,يَوْمَ يُنفَخُ فِے اِ۬لصُّورِ فَتَاتُونَ أَفْوَاجاٗ ﰑ
5667,78,19,30,582,النَّبَإ,An-Naba’,وَفُتِّحَتِ اِ۬لسَّمَآءُ فَكَانَتَ اَبْوَٰباٗ ﰒ
5668,78,20,30,582,النَّبَإ,An-Naba’,وَسُيِّرَتِ اِ۬لْجِبَالُ فَكَانَتْ سَرَاباًۖ ﰓ
5669,78,21,30,582,النَّبَإ,An-Naba’,اِنَّ جَهَنَّمَ كَانَتْ مِرْصَاداٗ ﰔ
5670,78,22,30,582,النَّبَإ,An-Naba’,لِّلطَّٰغِينَ مَـَٔاباٗ ﰕ
5671,78,23,30,582,النَّبَإ,An-Naba’,لَّٰبِثِينَ فِيهَآ أَحْقَاباٗۖ ﰖ
5672,78,24,30,582,النَّبَإ,An-Naba’,لَّا يَذُوقُونَ فِيهَا بَرْداٗ وَلَا شَرَاباً ﰗ
5673,78,25,30,582,النَّبَإ,An-Naba’,اِلَّا حَمِيماٗ وَغَسَاقاٗ ﰘ
5674,78,26,30,582,النَّبَإ,An-Naba’,جَزَآءٗ وِفَاقاًۖ ﰙ
5675,78,27,30,582,النَّبَإ,An-Naba’,اِنَّهُمْ كَانُواْ لَا يَرْجُونَ حِسَاباٗ ﰚ
5676,78,28,30,582,النَّبَإ,An-Naba’,وَكَذَّبُواْ بِـَٔايَٰتِنَا كِذَّاباٗۖ ﰛ
5677,78,29,30,582,النَّبَإ,An-Naba’,وَكُلَّ شَےْءٍ اَحْصَيْنَٰهُ كِتَٰباٗۖ ﰜ
5678,78,30,30,582,النَّبَإ,An-Naba’,فَذُوقُواْ فَلَن نَّزِيدَكُمُۥٓ إِلَّا عَذَاباًۖ ﰝ
5679,78,31,30,583,النَّبَإ,An-Naba’,اِنَّ لِلْمُتَّقِينَ مَفَازاً ﰞ
5680,78,32,30,583,النَّبَإ,An-Naba’,حَدَآئِقَ وَأَعْنَٰباٗ ﰟ
5681,78,33,30,583,النَّبَإ,An-Naba’,وَكَوَاعِبَ أَتْرَاباٗ ﰠ
5682,78,34,30,583,النَّبَإ,An-Naba’,وَكَأْساٗ دِهَاقاٗ ﰡ
5683,78,35,30,583,النَّبَإ,An-Naba’,لَّا يَسْمَعُونَ فِيهَا لَغْواٗ وَلَا كِذَّاباٗۖ ﰢ
5684,78,36,30,583,النَّبَإ,An-Naba’,جَزَآءٗ مِّن رَّبِّكَ عَطَآءً حِسَاباٗۖ ﰣ
5685,78,37,30,583,النَّبَإ,An-Naba’,رَّبُّ اُ۬لسَّمَٰوَٰتِ وَالَارْضِ وَمَا بَيْنَهُمَاۖ اَ۬لرَّحْمَٰنُ لَا يَمْلِكُونَ مِنْهُ خِطَاباٗۖ ﰤ
5686,78,38,30,583,النَّبَإ,An-Naba’,يَوْمَ يَقُومُ اُ۬لرُّوحُ وَالْمَلَٰٓئِكَةُ صَفّاٗ لَّا يَتَكَلَّمُونَ إِلَّا مَنَ اَذِنَ لَهُ اُ۬لرَّحْمَٰنُ وَقَالَ صَوَاباٗۖ ﰥ
5687,78,39,30,583,النَّبَإ,An-Naba’,ذَٰلِكَ اَ۬لْيَوْمُ اُ۬لْحَقُّۖ فَمَن شَآءَ اَ۪تَّخَذَ إِلَىٰ رَبِّهِۦ مَـَٔاباًۖ ﰦ
5688,78,40,30,583,النَّبَإ,An-Naba’,اِنَّآ أَنذَرْنَٰكُمْ عَذَاباٗ قَرِيباٗ يَوْمَ يَنظُرُ اُ۬لْمَرْءُ مَا قَدَّمَتْ يَدَٰهُ وَيَقُولُ اُ۬لْكَافِرُ يَٰلَيْتَنِے كُنتُ تُرَٰباٗۖ ﰧ
5689,79,1,30,583,النَّازعَات,An-Nāzi‘āt,وَالنَّٰزِعَٰتِ غَرْقاٗ ﰀ
5690,79,2,30,583,النَّازعَات,An-Nāzi‘āt,وَالنَّٰشِطَٰتِ نَشْطاٗ ﰁ
5691,79,3,30,583,النَّازعَات,An-Nāzi‘āt,وَالسَّٰبِحَٰتِ سَبْحاٗ ﰂ
5692,79,4,30,583,النَّازعَات,An-Nāzi‘āt,فَالسَّٰبِقَٰتِ سَبْقاٗ ﰃ
5693,79,5,30,583,النَّازعَات,An-Nāzi‘āt,فَالْمُدَبِّرَٰتِ أَمْراٗ ﰄ
5694,79,6,30,583,النَّازعَات,An-Nāzi‘āt,يَوْمَ تَرْجُفُ اُ۬لرَّاجِفَةُ ﰅ
5695,79,7,30,583,النَّازعَات,An-Nāzi‘āt,تَتْبَعُهَا اَ۬لرَّادِفَةُۖ ﰆ
5696,79,8,30,583,النَّازعَات,An-Nāzi‘āt,قُلُوبٞ يَوْمَئِذٖ وَاجِفَةٌ ﰇ
5697,79,9,30,583,النَّازعَات,An-Nāzi‘āt,اَبْصَٰرُهَا خَٰشِعَةٞۖ ﰈ
5698,79,10,30,583,النَّازعَات,An-Nāzi‘āt,يَقُولُونَ أَ۟نَّا لَمَرْدُودُونَ فِے اِ۬لْحَافِرَةِ ﰉ
5699,79,11,30,583,النَّازعَات,An-Nāzi‘āt,إِذَا كُنَّا عِظَٰماٗ نَّخِرَةٗۖ ﰊ
5700,79,12,30,583,النَّازعَات,An-Nāzi‘āt,قَالُواْ تِلْكَ إِذاٗ كَرَّةٌ خَاسِرَةٞ ﰋ
5701,79,13,30,583,النَّازعَات,An-Nāzi‘āt,فَإِنَّمَا هِيَ زَجْرَةٞ وَٰحِدَةٞ ﰌ
5702,79,14,30,583,النَّازعَات,An-Nāzi‘āt,فَإِذَا هُم بِالسَّاهِرَةِۖ ﰍ
5703,79,15,30,583,النَّازعَات,An-Nāzi‘āt,هَلَ اَت۪يٰكَ حَدِيثُ مُوس۪ىٰٓ ﰎ
5704,79,16,30,583,النَّازعَات,An-Nāzi‘āt,إِذْ نَاد۪يٰهُ رَبُّهُۥ بِالْوَادِ اِ۬لْمُقَدَّسِ طُوَىۖ ﰏ
5705,79,17,30,584,النَّازعَات,An-Nāzi‘āt,اَ۪ذْهَبِ اِلَىٰ فِرْعَوْنَ إِنَّهُۥ طَغ۪ىٰ ﰐ
5706,79,18,30,584,النَّازعَات,An-Nāzi‘āt,فَقُلْ هَل لَّكَ إِلَىٰٓ أَن تَزَّكّ۪ىٰ ﰑ
5707,79,19,30,584,النَّازعَات,An-Nāzi‘āt,وَأَهْدِيَكَ إِلَىٰ رَبِّكَ فَتَخْش۪ىٰۖ ﰒ
5708,79,20,30,584,النَّازعَات,An-Nāzi‘āt,فَأَر۪يٰهُ اُ۬لَايَةَ اَ۬لْكُبْر۪ىٰ ﰓ
5709,79,21,30,584,النَّازعَات,An-Nāzi‘āt,فَكَذَّبَ وَعَص۪ىٰ ﰔ
5710,79,22,30,584,النَّازعَات,An-Nāzi‘āt,ثُمَّ أَدْبَرَ يَسْع۪ىٰ ﰕ
5711,79,23,30,584,النَّازعَات,An-Nāzi‘āt,فَحَشَرَ فَنَاد۪ىٰ ﰖ
5712,79,24,30,584,النَّازعَات,An-Nāzi‘āt,فَقَالَ أَنَا رَبُّكُمُ اُ۬لَاعْل۪ىٰ ﰗ
5713,79,25,30,584,النَّازعَات,An-Nāzi‘āt,فَأَخَذَهُ اُ۬للَّهُ نَكَالَ اَ۬لَاخِرَةِ وَالُاول۪ىٰٓۖ ﰘ
5714,79,26,30,584,النَّازعَات,An-Nāzi‘āt,إِنَّ فِے ذَٰلِكَ لَعِبْرَةٗ لِّمَنْ يَّخْش۪ىٰٓۖ ﰙ
5715,79,27,30,584,النَّازعَات,An-Nāzi‘āt,ءَآنتُمُۥٓ أَشَدُّ خَلْقاً اَمِ اِ۬لسَّمَآءُۖ بَنَيٰهَا ﰚ
5716,79,28,30,584,النَّازعَات,An-Nāzi‘āt,رَفَعَ سَمْكَهَا فَسَوَّيٰهَا ﰛ
5717,79,29,30,584,النَّازعَات,An-Nāzi‘āt,وَأَغْطَشَ لَيْلَهَا وَأَخْرَجَ ضُحَيٰهَاۖ ﰜ
5718,79,30,30,584,النَّازعَات,An-Nāzi‘āt,وَالَارْضَ بَعْدَ ذَٰلِكَ دَحَيٰهَآ ﰝ
5719,79,31,30,584,النَّازعَات,An-Nāzi‘āt,أَخْرَجَ مِنْهَا مَآءَهَا وَمَرْعَيٰهَا ﰞ
5720,79,32,30,584,النَّازعَات,An-Nāzi‘āt,وَالْجِبَالَ أَرْسَيٰهَا ﰟ
5721,79,33,30,584,النَّازعَات,An-Nāzi‘āt,مَتَٰعاٗ لَّكُمْ وَلِأَنْعَٰمِكُمْۖ ﰠ
5722,79,34,30,584,النَّازعَات,An-Nāzi‘āt,فَإِذَا جَآءَتِ اِ۬لطَّآمَّةُ اُ۬لْكُبْر۪ىٰ ﰡ
5723,79,35,30,584,النَّازعَات,An-Nāzi‘āt,يَوْمَ يَتَذَكَّرُ اُ۬لِانسَٰنُ مَا سَع۪ىٰ ﰢ
5724,79,36,30,584,النَّازعَات,An-Nāzi‘āt,وَبُرِّزَتِ اِ۬لْجَحِيمُ لِمَنْ يَّر۪ىٰۖ ﰣ
5725,79,37,30,584,النَّازعَات,An-Nāzi‘āt,فَأَمَّا مَن طَغ۪ىٰ وَءَاثَرَ اَ۬لْحَيَوٰةَ اَ۬لدُّنْي۪ا ﰤ
5726,79,38,30,584,النَّازعَات,An-Nāzi‘āt,فَإِنَّ اَ۬لْجَحِيمَ هِيَ اَ۬لْمَأْو۪ىٰۖ ﰥ
5727,79,39,30,584,النَّازعَات,An-Nāzi‘āt,وَأَمَّا مَنْ خَافَ مَقَامَ رَبِّهِۦ وَنَهَى اَ۬لنَّفْسَ عَنِ اِ۬لْهَو۪ىٰ ﰦ
5728,79,40,30,584,النَّازعَات,An-Nāzi‘āt,فَإِنَّ اَ۬لْجَنَّةَ هِيَ اَ۬لْمَأْو۪ىٰۖ ﰧ
5729,79,41,30,584,النَّازعَات,An-Nāzi‘āt,۞ يَسْـَٔلُونَكَ عَنِ اِ۬لسَّاعَةِ أَيَّانَ مُرْسَيٰهَاۖ ﰨ
5730,79,42,30,584,النَّازعَات,An-Nāzi‘āt,فِيمَ أَنتَ مِن ذِكْر۪يٰهَآۖ ﰩ
5731,79,43,30,584,النَّازعَات,An-Nāzi‘āt,إِلَىٰ رَبِّكَ مُنتَهَيٰهَآۖ ﰪ
5732,79,44,30,584,النَّازعَات,An-Nāzi‘āt,إِنَّمَآ أَنتَ مُنذِرُ مَنْ يَّخْشَيٰهَاۖ ﰫ
5733,79,45,30,584,النَّازعَات,An-Nāzi‘āt,كَأَنَّهُمْ يَوْمَ يَرَوْنَهَا لَمْ يَلْبَثُوٓاْ إِلَّا عَشِيَّةً اَوْ ضُحَيٰهَاۖ ﰬ
5734,80,1,30,585,عَبَسَ,‘Abasa,عَبَسَ وَتَوَلّ۪ىٰٓ ﰀ
5735,80,2,30,585,عَبَسَ,‘Abasa,أَن جَآءَهُ اُ۬لَاعْم۪ىٰۖ ﰁ
5736,80,3,30,585,عَبَسَ,‘Abasa,وَمَا يُدْرِيكَۖ لَعَلَّهُۥ يَزَّكّ۪ىٰٓ ﰂ
5737,80,4,30,585,عَبَسَ,‘Abasa,أَوْ يَذَّكَّرُ فَتَنفَعُهُ اُ۬لذِّكْر۪ىٰٓۖ ﰃ
5738,80,5,30,585,عَبَسَ,‘Abasa,أَمَّا مَنِ اِ۪سْتَغْن۪ىٰ ﰄ
5739,80,6,30,585,عَبَسَ,‘Abasa,فَأَنتَ لَهُۥ تَصَّدّ۪ىٰ ﰅ
5740,80,7,30,585,عَبَسَ,‘Abasa,وَمَا عَلَيْكَ أَلَّا يَزَّكّ۪ىٰۖ ﰆ
5741,80,8,30,585,عَبَسَ,‘Abasa,وَأَمَّا مَن جَآءَكَ يَسْع۪ىٰ ﰇ
5742,80,9,30,585,عَبَسَ,‘Abasa,وَهُوَ يَخْش۪ىٰ ﰈ
5743,80,10,30,585,عَبَسَ,‘Abasa,فَأَنتَ عَنْهُ تَلَهّ۪ىٰ ﰉ
5744,80,11,30,585,عَبَسَ,‘Abasa,كَلَّآۖ إِنَّهَا تَذْكِرَةٞۖ ﰊ
5745,80,12,30,585,عَبَسَ,‘Abasa,فَمَن شَآءَ ذَكَرَهُۥ ﰋ
5746,80,13,30,585,عَبَسَ,‘Abasa,فِے صُحُفٖ مُّكَرَّمَةٖ ﰌ
5747,80,14,30,585,عَبَسَ,‘Abasa,مَّرْفُوعَةٖ مُّطَهَّرَةِۢ ﰍ
5748,80,15,30,585,عَبَسَ,‘Abasa,بِأَيْدِے سَفَرَةٖ ﰎ
5749,80,16,30,585,عَبَسَ,‘Abasa,كِرَامِۢ بَرَرَةٖۖ ﰏ
5750,80,17,30,585,عَبَسَ,‘Abasa,قُتِلَ اَ۬لِانسَٰنُ مَآ أَكْفَرَهُۥۖ ﰐ
5751,80,18,30,585,عَبَسَ,‘Abasa,مِنَ اَيِّ شَےْءٍ خَلَقَهُۥۖ ﰑ
5752,80,19,30,585,عَبَسَ,‘Abasa,مِن نُّطْفَةٍ خَلَقَهُۥ فَقَدَّرَهُۥ ﰒ
5753,80,20,30,585,عَبَسَ,‘Abasa,ثُمَّ اَ۬لسَّبِيلَ يَسَّرَهُۥ ﰓ
5754,80,21,30,585,عَبَسَ,‘Abasa,ثُمَّ أَمَاتَهُۥ فَأَقْبَرَهُۥۖ ﰔ
5755,80,22,30,585,عَبَسَ,‘Abasa,ثُمَّ إِذَا شَآءَ انشَرَهُۥۖ ﰕ
5756,80,23,30,585,عَبَسَ,‘Abasa,كَلَّا لَمَّا يَقْضِ مَآ أَمَرَهُۥۖ ﰖ
5757,80,24,30,585,عَبَسَ,‘Abasa,فَلْيَنظُرِ اِ۬لِانسَٰنُ إِلَىٰ طَعَامِهِۦٓۖ ﰗ
5758,80,25,30,585,عَبَسَ,‘Abasa,إِنَّا صَبَبْنَا اَ۬لْمَآءَ صَبّاٗ ﰘ
5759,80,26,30,585,عَبَسَ,‘Abasa,ثُمَّ شَقَقْنَا اَ۬لَارْضَ شَقّاٗ ﰙ
5760,80,27,30,585,عَبَسَ,‘Abasa,فَأَنۢبَتْنَا فِيهَا حَبّاٗ ﰚ
5761,80,28,30,585,عَبَسَ,‘Abasa,وَعِنَباٗ وَقَضْباٗ ﰛ
5762,80,29,30,585,عَبَسَ,‘Abasa,وَزَيْتُوناٗ وَنَخْلاٗ ﰜ
5763,80,30,30,585,عَبَسَ,‘Abasa,وَحَدَآئِقَ غُلْباٗ ﰝ
5764,80,31,30,585,عَبَسَ,‘Abasa,وَفَٰكِهَةٗ وَأَبّاٗ ﰞ
5765,80,32,30,585,عَبَسَ,‘Abasa,مَّتَٰعاٗ لَّكُمْ وَلِأَنْعَٰمِكُمْۖ ﰟ
5766,80,33,30,585,عَبَسَ,‘Abasa,فَإِذَا جَآءَتِ اِ۬لصَّآخَّةُ ﰠ
5767,80,34,30,585,عَبَسَ,‘Abasa,يَوْمَ يَفِرُّ اُ۬لْمَرْءُ مِنَ اَخِيهِ ﰡ
5768,80,35,30,585,عَبَسَ,‘Abasa,وَأُمِّهِۦ وَأَبِيهِ ﰢ
5769,80,36,30,585,عَبَسَ,‘Abasa,وَصَٰحِبَتِهِۦ وَبَنِيهِۖ ﰣ
5770,80,37,30,585,عَبَسَ,‘Abasa,لِكُلِّ اِ۪مْرِےٕٖ مِّنْهُمْ يَوْمَئِذٖ شَأْنٞ يُغْنِيهِۖ ﰤ
5771,80,38,30,585,عَبَسَ,‘Abasa,وُجُوهٞ يَوْمَئِذٖ مُّسْفِرَةٞ ﰥ
5772,80,39,30,585,عَبَسَ,‘Abasa,ضَاحِكَةٞ مُّسْتَبْشِرَةٞۖ ﰦ
5773,80,40,30,585,عَبَسَ,‘Abasa,وَوُجُوهٞ يَوْمَئِذٍ عَلَيْهَا غَبَرَةٞ ﰧ
5774,80,41,30,586,عَبَسَ,‘Abasa,تَرْهَقُهَا قَتَرَةٌۖ ﰨ
5775,80,42,30,586,عَبَسَ,‘Abasa,ا۟وْلَٰٓئِكَ هُمُ اُ۬لْكَفَرَةُ اُ۬لْفَجَرَةُۖ ﰩ
5776,81,1,30,586,التَّكوير,At-Takwīr,إِذَا اَ۬لشَّمْسُ كُوِّرَتْ ﰀ
5777,81,2,30,586,التَّكوير,At-Takwīr,وَإِذَا اَ۬لنُّجُومُ اُ۪نكَدَرَتْ ﰁ
5778,81,3,30,586,التَّكوير,At-Takwīr,وَإِذَا اَ۬لْجِبَالُ سُيِّرَتْ ﰂ
5779,81,4,30,586,التَّكوير,At-Takwīr,وَإِذَا اَ۬لْعِشَارُ عُطِّلَتْ ﰃ
5780,81,5,30,586,التَّكوير,At-Takwīr,وَإِذَا اَ۬لْوُحُوشُ حُشِرَتْ ﰄ
5781,81,6,30,586,التَّكوير,At-Takwīr,وَإِذَا اَ۬لْبِحَارُ سُجِّرَتْ ﰅ
5782,81,7,30,586,التَّكوير,At-Takwīr,وَإِذَا اَ۬لنُّفُوسُ زُوِّجَتْ ﰆ
5783,81,8,30,586,التَّكوير,At-Takwīr,وَإِذَا اَ۬لْمَوْءُۥدَةُ سُئِلَتْ ﰇ
5784,81,9,30,586,التَّكوير,At-Takwīr,بِأَيِّ ذَنۢبٖ قُتِلَتْ ﰈ
5785,81,10,30,586,التَّكوير,At-Takwīr,وَإِذَا اَ۬لصُّحُفُ نُشِرَتْ ﰉ
5786,81,11,30,586,التَّكوير,At-Takwīr,وَإِذَا اَ۬لسَّمَآءُ كُشِطَتْ ﰊ
5787,81,12,30,586,التَّكوير,At-Takwīr,وَإِذَا اَ۬لْجَحِيمُ سُعِّرَتْ ﰋ
5788,81,13,30,586,التَّكوير,At-Takwīr,وَإِذَا اَ۬لْجَنَّةُ أُزْلِفَتْ ﰌ
5789,81,14,30,586,التَّكوير,At-Takwīr,عَلِمَتْ نَفْسٞ مَّآ أَحْضَرَتْۖ ﰍ
5790,81,15,30,586,التَّكوير,At-Takwīr,فَلَآ أُقْسِمُ بِالْخُنَّسِ ﰎ
5791,81,16,30,586,التَّكوير,At-Takwīr,اِ۬لْجَوَارِ اِ۬لْكُنَّسِ ﰏ
5792,81,17,30,586,التَّكوير,At-Takwīr,وَاليْلِ إِذَا عَسْعَسَ ﰐ
5793,81,18,30,586,التَّكوير,At-Takwīr,وَالصُّبْحِ إِذَا تَنَفَّسَ ﰑ
5794,81,19,30,586,التَّكوير,At-Takwīr,إِنَّهُۥ لَقَوْلُ رَسُولٖ كَرِيمٖ ﰒ
5795,81,20,30,586,التَّكوير,At-Takwīr,ذِے قُوَّةٍ عِندَ ذِے اِ۬لْعَرْشِ مَكِينٖ ﰓ
5796,81,21,30,586,التَّكوير,At-Takwīr,مُّطَاعٖ ثَمَّ أَمِينٖۖ ﰔ
5797,81,22,30,586,التَّكوير,At-Takwīr,وَمَا صَٰحِبُكُم بِمَجْنُونٖۖ ﰕ
5798,81,23,30,586,التَّكوير,At-Takwīr,وَلَقَدْ ر۪ء۪اهُ بِالُافُقِ اِ۬لْمُبِينِۖ ﰖ
5799,81,24,30,586,التَّكوير,At-Takwīr,وَمَا هُوَ عَلَى اَ۬لْغَيْبِ بِضَنِينٖۖ ﰗ
5800,81,25,30,586,التَّكوير,At-Takwīr,وَمَا هُوَ بِقَوْلِ شَيْطَٰنٖ رَّجِيمٖ ﰘ
5801,81,26,30,586,التَّكوير,At-Takwīr,فَأَيْنَ تَذْهَبُونَۖ ﰙ
5802,81,27,30,586,التَّكوير,At-Takwīr,إِنْ هُوَ إِلَّا ذِكْرٞ لِّلْعَٰلَمِينَ ﰚ
5803,81,28,30,586,التَّكوير,At-Takwīr,لِمَن شَآءَ مِنكُمُۥٓ أَنْ يَّسْتَقِيمَۖ ﰛ
5804,81,29,30,586,التَّكوير,At-Takwīr,وَمَا تَشَآءُونَ إِلَّآ أَنْ يَّشَآءَ اَ۬للَّهُ رَبُّ اُ۬لْعَٰلَمِينَۖ ﰜ
5805,82,1,30,587,الانفِطَار,Al-Infiṭār,إِذَا اَ۬لسَّمَآءُ اُ۪نفَطَرَتْ ﰀ
5806,82,2,30,587,الانفِطَار,Al-Infiṭār,وَإِذَا اَ۬لْكَوَاكِبُ اُ۪نتَثَرَتْ ﰁ
5807,82,3,30,587,الانفِطَار,Al-Infiṭār,وَإِذَا اَ۬لْبِحَارُ فُجِّرَتْ ﰂ
5808,82,4,30,587,الانفِطَار,Al-Infiṭār,وَإِذَا اَ۬لْقُبُورُ بُعْثِرَتْ ﰃ
5809,82,5,30,587,الانفِطَار,Al-Infiṭār,عَلِمَتْ نَفْسٞ مَّا قَدَّمَتْ وَأَخَّرَتْۖ ﰄ
5810,82,6,30,587,الانفِطَار,Al-Infiṭār,يَٰٓأَيُّهَا اَ۬لِانسَٰنُ مَا غَرَّكَ بِرَبِّكَ اَ۬لْكَرِيمِ ﰅ
5811,82,7,30,587,الانفِطَار,Al-Infiṭār,اِ۬لذِے خَلَقَكَ فَسَوّ۪يٰكَ فَعَدَّلَكَ ﰆ
5812,82,8,30,587,الانفِطَار,Al-Infiṭār,فِےٓ أَيِّ صُورَةٖ مَّا شَآءَ رَكَّبَكَۖ ﰇ
5813,82,9,30,587,الانفِطَار,Al-Infiṭār,كَلَّا بَلْ تُكَذِّبُونَ بِالدِّينِ ﰈ
5814,82,10,30,587,الانفِطَار,Al-Infiṭār,وَإِنَّ عَلَيْكُمْ لَحَٰفِظِينَ ﰉ
5815,82,11,30,587,الانفِطَار,Al-Infiṭār,كِرَاماٗ كَٰتِبِينَ ﰊ
5816,82,12,30,587,الانفِطَار,Al-Infiṭār,يَعْلَمُونَ مَا تَفْعَلُونَۖ ﰋ
5817,82,13,30,587,الانفِطَار,Al-Infiṭār,إِنَّ اَ۬لَابْرَارَ لَفِے نَعِيمٖۖ ﰌ
5818,82,14,30,587,الانفِطَار,Al-Infiṭār,وَإِنَّ اَ۬لْفُجَّارَ لَفِے جَحِيمٖ ﰍ
5819,82,15,30,587,الانفِطَار,Al-Infiṭār,يَصْلَوْنَهَا يَوْمَ اَ۬لدِّينِ ﰎ
5820,82,16,30,587,الانفِطَار,Al-Infiṭār,وَمَا هُمْ عَنْهَا بِغَآئِبِينَۖ ﰏ
5821,82,17,30,587,الانفِطَار,Al-Infiṭār,وَمَآ أَدْر۪يٰكَ مَا يَوْمُ اُ۬لدِّينِ ﰐ
5822,82,18,30,587,الانفِطَار,Al-Infiṭār,ثُمَّ مَآ أَدْر۪يٰكَ مَا يَوْمُ اُ۬لدِّينِۖ ﰑ
5823,82,19,30,587,الانفِطَار,Al-Infiṭār,يَوْمَ لَا تَمْلِكُ نَفْسٞ لِّنَفْسٖ شَئْاٗۖ وَالَامْرُ يَوْمَئِذٖ لِّلهِۖ ﰒ
5824,83,1,30,587,المُطَففين,Al-Muṭaffifīn,وَيْلٞ لِّلْمُطَفِّفِينَ ﰀ
5825,83,2,30,587,المُطَففين,Al-Muṭaffifīn,اَ۬لذِينَ إِذَا اَ۪كْتَالُواْ عَلَى اَ۬لنَّاسِ يَسْتَوْفُونَ ﰁ
5826,83,3,30,587,المُطَففين,Al-Muṭaffifīn,وَإِذَا كَالُوهُمُۥٓ أَو وَّزَنُوهُمْ يُخْسِرُونَۖ ﰂ
5827,83,4,30,587,المُطَففين,Al-Muṭaffifīn,أَلَا يَظُنُّ أُوْلَٰٓئِكَ أَنَّهُم مَّبْعُوثُونَ ﰃ
5828,83,5,30,588,المُطَففين,Al-Muṭaffifīn,لِيَوْمٍ عَظِيمٖ ﰄ
5829,83,6,30,588,المُطَففين,Al-Muṭaffifīn,يَوْمَ يَقُومُ اُ۬لنَّاسُ لِرَبِّ اِ۬لْعَٰلَمِينَۖ ﰅ
5830,83,7,30,588,المُطَففين,Al-Muṭaffifīn,كَلَّآ إِنَّ كِتَٰبَ اَ۬لْفُجّ۪ارِ لَفِے سِجِّينٖۖ ﰆ
5831,83,8,30,588,المُطَففين,Al-Muṭaffifīn,وَمَآ أَدْر۪يٰكَ مَا سِجِّينٞ ﰇ
5832,83,9,30,588,المُطَففين,Al-Muṭaffifīn,كِتَٰبٞ مَّرْقُومٞۖ ﰈ
5833,83,10,30,588,المُطَففين,Al-Muṭaffifīn,وَيْلٞ يَوْمَئِذٖ لِّلْمُكَذِّبِينَ ﰉ
5834,83,11,30,588,المُطَففين,Al-Muṭaffifīn,اَ۬لذِينَ يُكَذِّبُونَ بِيَوْمِ اِ۬لدِّينِۖ ﰊ
5835,83,12,30,588,المُطَففين,Al-Muṭaffifīn,وَمَا يُكَذِّبُ بِهِۦٓ إِلَّا كُلُّ مُعْتَدٍ اَثِيمٍ ﰋ
5836,83,13,30,588,المُطَففين,Al-Muṭaffifīn,اِذَا تُتْل۪ىٰ عَلَيْهِ ءَايَٰتُنَا قَالَ أَسَٰطِيرُ اُ۬لَاوَّلِينَۖ ﰌ
5837,83,14,30,588,المُطَففين,Al-Muṭaffifīn,۞ كَلَّا بَل رَّانَ عَلَىٰ قُلُوبِهِم مَّا كَانُواْ يَكْسِبُونَۖ ﰍ
5838,83,15,30,588,المُطَففين,Al-Muṭaffifīn,كَلَّآ إِنَّهُمْ عَن رَّبِّهِمْ يَوْمَئِذٖ لَّمَحْجُوبُونَۖ ﰎ
5839,83,16,30,588,المُطَففين,Al-Muṭaffifīn,ثُمَّ إِنَّهُمْ لَصَالُواْ اُ۬لْجَحِيمِۖ ﰏ
5840,83,17,30,588,المُطَففين,Al-Muṭaffifīn,ثُمَّ يُقَالُ هَٰذَا اَ۬لذِے كُنتُم بِهِۦ تُكَذِّبُونَۖ ﰐ
5841,83,18,30,588,المُطَففين,Al-Muṭaffifīn,كَلَّآ إِنَّ كِتَٰبَ اَ۬لَابْر۪ارِ لَفِے عِلِّيِّينَۖ ﰑ
5842,83,19,30,588,المُطَففين,Al-Muṭaffifīn,وَمَآ أَدْر۪يٰكَ مَا عِلِّيُّونَ ﰒ
5843,83,20,30,588,المُطَففين,Al-Muṭaffifīn,كِتَٰبٞ مَّرْقُومٞ ﰓ
5844,83,21,30,588,المُطَففين,Al-Muṭaffifīn,يَشْهَدُهُ اُ۬لْمُقَرَّبُونَۖ ﰔ
5845,83,22,30,588,المُطَففين,Al-Muṭaffifīn,إِنَّ اَ۬لَابْرَارَ لَفِے نَعِيمٍ ﰕ
5846,83,23,30,588,المُطَففين,Al-Muṭaffifīn,عَلَى اَ۬لَارَآئِكِ يَنظُرُونَ ﰖ
5847,83,24,30,588,المُطَففين,Al-Muṭaffifīn,تَعْرِفُ فِے وُجُوهِهِمْ نَضْرَةَ اَ۬لنَّعِيمِ ﰗ
5848,83,25,30,588,المُطَففين,Al-Muṭaffifīn,يُسْقَوْنَ مِن رَّحِيقٖ مَّخْتُومٍ ﰘ
5849,83,26,30,588,المُطَففين,Al-Muṭaffifīn,خِتَٰمُهُۥ مِسْكٞۖ وَفِے ذَٰلِكَ فَلْيَتَنَافَسِ اِ۬لْمُتَنَٰفِسُونَۖ ﰙ
5850,83,27,30,588,المُطَففين,Al-Muṭaffifīn,وَمِزَاجُهُۥ مِن تَسْنِيمٍ ﰚ
5851,83,28,30,588,المُطَففين,Al-Muṭaffifīn,عَيْناٗ يَشْرَبُ بِهَا اَ۬لْمُقَرَّبُونَۖ ﰛ
5852,83,29,30,588,المُطَففين,Al-Muṭaffifīn,إِنَّ اَ۬لذِينَ أَجْرَمُواْ كَانُواْ مِنَ اَ۬لذِينَ ءَامَنُواْ يَضْحَكُونَ ﰜ
5853,83,30,30,588,المُطَففين,Al-Muṭaffifīn,وَإِذَا مَرُّواْ بِهِمْ يَتَغَامَزُونَ ﰝ
5854,83,31,30,588,المُطَففين,Al-Muṭaffifīn,وَإِذَا اَ۪نقَلَبُوٓاْ إِلَىٰٓ أَهْلِهِمُ اُ۪نقَلَبُواْ فَٰكِهِينَ ﰞ
5855,83,32,30,588,المُطَففين,Al-Muṭaffifīn,وَإِذَا رَأَوْهُمْ قَالُوٓاْ إِنَّ هَٰٓؤُلَآءِ لَضَآلُّونَ ﰟ
5856,83,33,30,588,المُطَففين,Al-Muṭaffifīn,وَمَآ أُرْسِلُواْ عَلَيْهِمْ حَٰفِظِينَۖ ﰠ
5857,83,34,30,589,المُطَففين,Al-Muṭaffifīn,فَالْيَوْمَ اَ۬لذِينَ ءَامَنُواْ مِنَ اَ۬لْكُفّ۪ارِ يَضْحَكُونَ ﰡ
5858,83,35,30,589,المُطَففين,Al-Muṭaffifīn,عَلَى اَ۬لَارَآئِكِۖ يَنظُرُونَ ﰢ
5859,83,36,30,589,المُطَففين,Al-Muṭaffifīn,هَلْ ثُوِّبَ اَ۬لْكُفَّارُ مَا كَانُواْ يَفْعَلُونَۖ ﰣ
5860,84,1,30,589,الانشِقَاق,Al-Inshiqāq,إِذَا اَ۬لسَّمَآءُ اُ۪نشَقَّتْ ﰀ
5861,84,2,30,589,الانشِقَاق,Al-Inshiqāq,وَأَذِنَتْ لِرَبِّهَا وَحُقَّتْ ﰁ
5862,84,3,30,589,الانشِقَاق,Al-Inshiqāq,وَإِذَا اَ۬لَارْضُ مُدَّتْ ﰂ
5863,84,4,30,589,الانشِقَاق,Al-Inshiqāq,وَأَلْقَتْ مَا فِيهَا وَتَخَلَّتْ ﰃ
5864,84,5,30,589,الانشِقَاق,Al-Inshiqāq,وَأَذِنَتْ لِرَبِّهَا وَحُقَّتْۖ ﰄ
5865,84,6,30,589,الانشِقَاق,Al-Inshiqāq,يَٰٓأَيُّهَا اَ۬لِانسَٰنُ إِنَّكَ كَادِحٌ اِلَىٰ رَبِّكَ كَدْحاٗ فَمُلَٰقِيهِۖ ﰅ
5866,84,7,30,589,الانشِقَاق,Al-Inshiqāq,فَأَمَّا مَنُ ا۟وتِيَ كِتَٰبَهُۥ بِيَمِينِهِۦ ﰆ
5867,84,8,30,589,الانشِقَاق,Al-Inshiqāq,فَسَوْفَ يُحَاسَبُ حِسَاباٗ يَسِيراٗ ﰇ
5868,84,9,30,589,الانشِقَاق,Al-Inshiqāq,وَيَنقَلِبُ إِلَىٰٓ أَهْلِهِۦ مَسْرُوراٗۖ ﰈ
5869,84,10,30,589,الانشِقَاق,Al-Inshiqāq,وَأَمَّا مَنُ ا۟وتِيَ كِتَٰبَهُۥ وَرَآءَ ظَهْرِهِۦ ﰉ
5870,84,11,30,589,الانشِقَاق,Al-Inshiqāq,فَسَوْفَ يَدْعُواْ ثُبُوراٗ ﰊ
5871,84,12,30,589,الانشِقَاق,Al-Inshiqāq,وَيُصَلَّىٰ سَعِيراًۖ ﰋ
5872,84,13,30,589,الانشِقَاق,Al-Inshiqāq,اِنَّهُۥ كَانَ فِےٓ أَهْلِهِۦ مَسْرُوراًۖ ﰌ
5873,84,14,30,589,الانشِقَاق,Al-Inshiqāq,اِنَّهُۥ ظَنَّ أَن لَّنْ يَّحُورَ ﰍ
5874,84,15,30,589,الانشِقَاق,Al-Inshiqāq,بَل۪ىٰٓۖ إِنَّ رَبَّهُۥ كَانَ بِهِۦ بَصِيراٗۖ ﰎ
5875,84,16,30,589,الانشِقَاق,Al-Inshiqāq,۞ فَلَآ أُقْسِمُ بِالشَّفَقِ ﰏ
5876,84,17,30,589,الانشِقَاق,Al-Inshiqāq,وَاليْلِ وَمَا وَسَقَ ﰐ
5877,84,18,30,589,الانشِقَاق,Al-Inshiqāq,وَالْقَمَرِ إِذَا اَ۪تَّسَقَ ﰑ
5878,84,19,30,589,الانشِقَاق,Al-Inshiqāq,لَتَرْكَبُنَّ طَبَقاً عَن طَبَقٖۖ ﰒ
5879,84,20,30,589,الانشِقَاق,Al-Inshiqāq,فَمَا لَهُمْ لَا يُومِنُونَ ﰓ
5880,84,21,30,589,الانشِقَاق,Al-Inshiqāq,وَإِذَا قُرِۓَ عَلَيْهِمُ اُ۬لْقُرْءَانُ لَا يَسْجُدُونَۖ۩ ﰔ
5881,84,22,30,589,الانشِقَاق,Al-Inshiqāq,بَلِ اِ۬لذِينَ كَفَرُواْ يُكَذِّبُونَ ﰕ
5882,84,23,30,589,الانشِقَاق,Al-Inshiqāq,وَاللَّهُ أَعْلَمُ بِمَا يُوعُونَۖ ﰖ
5883,84,24,30,589,الانشِقَاق,Al-Inshiqāq,فَبَشِّرْهُم بِعَذَابٍ اَلِيمٍۖ ﰗ
5884,84,25,30,590,الانشِقَاق,Al-Inshiqāq,اِلَّا اَ۬لذِينَ ءَامَنُواْ وَعَمِلُواْ اُ۬لصَّٰلِحَٰتِ لَهُمُۥٓ أَجْرٌ غَيْرُ مَمْنُونٖۖ ﰘ
5885,85,1,30,590,البُرُوج,Al-Burūj,وَالسَّمَآءِ ذَاتِ اِ۬لْبُرُوجِ ﰀ
5886,85,2,30,590,البُرُوج,Al-Burūj,وَالْيَوْمِ اِ۬لْمَوْعُودِ ﰁ
5887,85,3,30,590,البُرُوج,Al-Burūj,وَشَاهِدٖ وَمَشْهُودٖ ﰂ
5888,85,4,30,590,البُرُوج,Al-Burūj,قُتِلَ أَصْحَٰبُ اُ۬لُاخْدُودِ ﰃ
5889,85,5,30,590,البُرُوج,Al-Burūj,اِ۬لنّ۪ارِ ذَاتِ اِ۬لْوَقُودِ ﰄ
5890,85,6,30,590,البُرُوج,Al-Burūj,إِذْ هُمْ عَلَيْهَا قُعُودٞ ﰅ
5891,85,7,30,590,البُرُوج,Al-Burūj,وَهُمْ عَلَىٰ مَا يَفْعَلُونَ بِالْمُومِنِينَ شُهُودٞۖ ﰆ
5892,85,8,30,590,البُرُوج,Al-Burūj,وَمَا نَقَمُواْ مِنْهُمُۥٓ إِلَّآ أَنْ يُّومِنُواْ بِاللَّهِ اِ۬لْعَزِيزِ اِ۬لْحَمِيدِ ﰇ
5893,85,9,30,590,البُرُوج,Al-Burūj,اِ۬لذِے لَهُۥ مُلْكُ اُ۬لسَّمَٰوَٰتِ وَالَارْضِۖ وَاللَّهُ عَلَىٰ كُلِّ شَےْءٖ شَهِيدٌۖ ﰈ
5894,85,10,30,590,البُرُوج,Al-Burūj,اِنَّ اَ۬لذِينَ فَتَنُواْ اُ۬لْمُومِنِينَ وَالْمُومِنَٰتِ ثُمَّ لَمْ يَتُوبُواْ فَلَهُمْ عَذَابُ جَهَنَّمَ وَلَهُمْ عَذَابُ اُ۬لْحَرِيقِۖ ﰉ
5895,85,11,30,590,البُرُوج,Al-Burūj,إِنَّ اَ۬لذِينَ ءَامَنُواْ وَعَمِلُواْ اُ۬لصَّٰلِحَٰتِ لَهُمْ جَنَّٰتٞ تَجْرِے مِن تَحْتِهَا اَ۬لَانْهَٰرُۖ ذَٰلِكَ اَ۬لْفَوْزُ اُ۬لْكَبِيرُۖ ﰊ
5896,85,12,30,590,البُرُوج,Al-Burūj,۞ إِنَّ بَطْشَ رَبِّكَ لَشَدِيدٌۖ ﰋ
5897,85,13,30,590,البُرُوج,Al-Burūj,اِنَّهُۥ هُوَ يُبْدِۓُ وَيُعِيدُۖ ﰌ
5898,85,14,30,590,البُرُوج,Al-Burūj,وَهُوَ اَ۬لْغَفُورُ اُ۬لْوَدُودُ ﰍ
5899,85,15,30,590,البُرُوج,Al-Burūj,ذُو اُ۬لْعَرْشِۖ اِ۬لْمَجِيدُ ﰎ
5900,85,16,30,590,البُرُوج,Al-Burūj,فَعَّالٞ لِّمَا يُرِيدُۖ ﰏ
5901,85,17,30,590,البُرُوج,Al-Burūj,هَلَ اَت۪يٰكَ حَدِيثُ اُ۬لْجُنُودِ ﰐ
5902,85,18,30,590,البُرُوج,Al-Burūj,فِرْعَوْنَ وَثَمُودَۖ ﰑ
5903,85,19,30,590,البُرُوج,Al-Burūj,بَلِ اِ۬لذِينَ كَفَرُواْ فِے تَكْذِيبٖ ﰒ
5904,85,20,30,590,البُرُوج,Al-Burūj,وَاللَّهُ مِنْ وَّرَآئِهِم مُّحِيطُۢۖ ﰓ
5905,85,21,30,590,البُرُوج,Al-Burūj,بَلْ هُوَ قُرْءَانٞ مَّجِيدٞ ﰔ
5906,85,22,30,590,البُرُوج,Al-Burūj,فِے لَوْحٖ مَّحْفُوظٞۖ ﰕ
5907,86,1,30,591,الطَّارق,Aṭ-Ṭāriq,وَالسَّمَآءِ وَالطَّارِقِ ﰀ
5908,86,2,30,591,الطَّارق,Aṭ-Ṭāriq,وَمَآ أَدْر۪يٰكَ مَا اَ۬لطَّارِقُ ﰁ
5909,86,3,30,591,الطَّارق,Aṭ-Ṭāriq,اُ۬لنَّجْمُ اُ۬لثَّاقِبُ ﰂ
5910,86,4,30,591,الطَّارق,Aṭ-Ṭāriq,إِن كُلُّ نَفْسٖ لَّمَا عَلَيْهَا حَافِظٞۖ ﰃ
5911,86,5,30,591,الطَّارق,Aṭ-Ṭāriq,فَلْيَنظُرِ اِ۬لِانسَٰنُ مِمَّ خُلِقَۖ ﰄ
5912,86,6,30,591,الطَّارق,Aṭ-Ṭāriq,خُلِقَ مِن مَّآءٖ دَافِقٖ ﰅ
5913,86,7,30,591,الطَّارق,Aṭ-Ṭāriq,يَخْرُجُ مِنۢ بَيْنِ اِ۬لصُّلْبِ وَالتَّرَآئِبِۖ ﰆ
5914,86,8,30,591,الطَّارق,Aṭ-Ṭāriq,إِنَّهُۥ عَلَىٰ رَجْعِهِۦ لَقَادِرٞ ﰇ
5915,86,9,30,591,الطَّارق,Aṭ-Ṭāriq,يَوْمَ تُبْلَى اَ۬لسَّرَآئِرُ ﰈ
5916,86,10,30,591,الطَّارق,Aṭ-Ṭāriq,فَمَا لَهُۥ مِن قُوَّةٖ وَلَا نَاصِرٖۖ ﰉ
5917,86,11,30,591,الطَّارق,Aṭ-Ṭāriq,وَالسَّمَآءِ ذَاتِ اِ۬لرَّجْعِ ﰊ
5918,86,12,30,591,الطَّارق,Aṭ-Ṭāriq,وَالَارْضِ ذَاتِ اِ۬لصَّدْعِ ﰋ
5919,86,13,30,591,الطَّارق,Aṭ-Ṭāriq,إِنَّهُۥ لَقَوْلٞ فَصْلٞ ﰌ
5920,86,14,30,591,الطَّارق,Aṭ-Ṭāriq,وَمَا هُوَ بِالْهَزْلِۖ ﰍ
5921,86,15,30,591,الطَّارق,Aṭ-Ṭāriq,إِنَّهُمْ يَكِيدُونَ كَيْداٗ ﰎ
5922,86,16,30,591,الطَّارق,Aṭ-Ṭāriq,وَأَكِيدُ كَيْداٗۖ ﰏ
5923,86,17,30,591,الطَّارق,Aṭ-Ṭāriq,فَمَهِّلِ اِ۬لْكٰ۪فِرِينَ أَمْهِلْهُمْ رُوَيْداٗۖ ﰐ
5924,87,1,30,591,الأعلى,Al-A‘lā,سَبِّحِ اِ۪سْمَ رَبِّكَ اَ۬لَاعْلَي ﰀ
5925,87,2,30,591,الأعلى,Al-A‘lā,اَ۬لذِے خَلَقَ فَسَوّ۪ىٰ ﰁ
5926,87,3,30,591,الأعلى,Al-A‘lā,وَالذِے قَدَّرَ فَهَد۪ىٰ ﰂ
5927,87,4,30,591,الأعلى,Al-A‘lā,وَالذِےٓ أَخْرَجَ اَ۬لْمَرْع۪ىٰ ﰃ
5928,87,5,30,591,الأعلى,Al-A‘lā,فَجَعَلَهُۥ غُثَآءً اَحْو۪ىٰۖ ﰄ
5929,87,6,30,591,الأعلى,Al-A‘lā,سَنُقْرِئُكَ فَلَا تَنس۪ىٰٓ ﰅ
5930,87,7,30,591,الأعلى,Al-A‘lā,إِلَّا مَا شَآءَ اَ۬للَّهُۖ إِنَّهُۥ يَعْلَمُ اُ۬لْجَهْرَ وَمَا يَخْف۪ىٰۖ ﰆ
5931,87,8,30,591,الأعلى,Al-A‘lā,وَنُيَسِّرُكَ لِلْيُسْر۪ىٰۖ ﰇ
5932,87,9,30,591,الأعلى,Al-A‘lā,فَذَكِّرِ اِن نَّفَعَتِ اِ۬لذِّكْر۪ىٰۖ ﰈ
5933,87,10,30,591,الأعلى,Al-A‘lā,سَيَذَّكَّرُ مَنْ يَّخْش۪ىٰ ﰉ
5934,87,11,30,592,الأعلى,Al-A‘lā,وَيَتَجَنَّبُهَا اَ۬لَاشْقَي ﰊ
5935,87,12,30,592,الأعلى,Al-A‘lā,اَ۬لذِے يَصْلَى اَ۬لنَّارَ اَ۬لْكُبْر۪ىٰ ﰋ
5936,87,13,30,592,الأعلى,Al-A‘lā,ثُمَّ لَا يَمُوتُ فِيهَا وَلَا يَحْي۪ىٰۖ ﰌ
5937,87,14,30,592,الأعلى,Al-A‘lā,قَدَ اَفْلَحَ مَن تَزَكّ۪ىٰ ﰍ
5938,87,15,30,592,الأعلى,Al-A‘lā,وَذَكَرَ اَ۪سْمَ رَبِّهِۦ فَصَلّ۪ىٰۖ ﰎ
5939,87,16,30,592,الأعلى,Al-A‘lā,بَلْ تُوثِرُونَ اَ۬لْحَيَوٰةَ اَ۬لدُّنْي۪ا ﰏ
5940,87,17,30,592,الأعلى,Al-A‘lā,وَالَاخِرَةُ خَيْرٞ وَأَبْق۪ىٰٓۖ ﰐ
5941,87,18,30,592,الأعلى,Al-A‘lā,إِنَّ هَٰذَا لَفِے اِ۬لصُّحُفِ اِ۬لُاول۪ىٰ ﰑ
5942,87,19,30,592,الأعلى,Al-A‘lā,صُحُفِ إِبْرَٰهِيمَ وَمُوس۪ىٰۖ ﰒ
5943,88,1,30,592,الغَاشِية,Al-Ghāshiyah,هَلَ اَت۪يٰكَ حَدِيثُ اُ۬لْغَٰشِيَةِۖ ﰀ
5944,88,2,30,592,الغَاشِية,Al-Ghāshiyah,وُجُوهٞ يَوْمَئِذٍ خَٰشِعَةٌ ﰁ
5945,88,3,30,592,الغَاشِية,Al-Ghāshiyah,عَامِلَةٞ نَّاصِبَةٞ ﰂ
5946,88,4,30,592,الغَاشِية,Al-Ghāshiyah,تَصْلَىٰ نَاراً حَامِيَةٗ ﰃ
5947,88,5,30,592,الغَاشِية,Al-Ghāshiyah,تُسْق۪ىٰ مِنْ عَيْنٍ اٰنِيَةٖۖ ﰄ
5948,88,6,30,592,الغَاشِية,Al-Ghāshiyah,لَّيْسَ لَهُمْ طَعَامٌ اِلَّا مِن ضَرِيعٖ ﰅ
5949,88,7,30,592,الغَاشِية,Al-Ghāshiyah,لَّا يُسْمِنُ وَلَا يُغْنِے مِن جُوعٖۖ ﰆ
5950,88,8,30,592,الغَاشِية,Al-Ghāshiyah,وُجُوهٞ يَوْمَئِذٖ نَّاعِمَةٞ ﰇ
5951,88,9,30,592,الغَاشِية,Al-Ghāshiyah,لِّسَعْيِهَا رَاضِيَةٞ ﰈ
5952,88,10,30,592,الغَاشِية,Al-Ghāshiyah,فِے جَنَّةٍ عَالِيَةٖ ﰉ
5953,88,11,30,592,الغَاشِية,Al-Ghāshiyah,لَّا تُسْمَعُ فِيهَا لَٰغِيَةٞۖ ﰊ
5954,88,12,30,592,الغَاشِية,Al-Ghāshiyah,فِيهَا عَيْنٞ جَارِيَةٞۖ ﰋ
5955,88,13,30,592,الغَاشِية,Al-Ghāshiyah,فِيهَا سُرُرٞ مَّرْفُوعَةٞ ﰌ
5956,88,14,30,592,الغَاشِية,Al-Ghāshiyah,وَأَكْوَابٞ مَّوْضُوعَةٞ ﰍ
5957,88,15,30,592,الغَاشِية,Al-Ghāshiyah,وَنَمَارِقُ مَصْفُوفَةٞ ﰎ
5958,88,16,30,592,الغَاشِية,Al-Ghāshiyah,وَزَرَابِيُّ مَبْثُوثَةٌۖ ﰏ
5959,88,17,30,592,الغَاشِية,Al-Ghāshiyah,۞ اَفَلَا يَنظُرُونَ إِلَى اَ۬لِابِلِ كَيْفَ خُلِقَتْ ﰐ
5960,88,18,30,592,الغَاشِية,Al-Ghāshiyah,وَإِلَى اَ۬لسَّمَآءِ كَيْفَ رُفِعَتْ ﰑ
5961,88,19,30,592,الغَاشِية,Al-Ghāshiyah,وَإِلَى اَ۬لْجِبَالِ كَيْفَ نُصِبَتْ ﰒ
5962,88,20,30,592,الغَاشِية,Al-Ghāshiyah,وَإِلَى اَ۬لَارْضِ كَيْفَ سُطِحَتْۖ ﰓ
5963,88,21,30,592,الغَاشِية,Al-Ghāshiyah,فَذَكِّرِ اِنَّمَآ أَنتَ مُذَكِّرٞۖ ﰔ
5964,88,22,30,592,الغَاشِية,Al-Ghāshiyah,لَّسْتَ عَلَيْهِم بِمُصَيْطِرٍۖ ﰕ
5965,88,23,30,593,الغَاشِية,Al-Ghāshiyah,اِلَّا مَن تَوَلّ۪ىٰ وَكَفَرَ ﰖ
5966,88,24,30,593,الغَاشِية,Al-Ghāshiyah,فَيُعَذِّبُهُ اُ۬للَّهُ اُ۬لْعَذَابَ اَ۬لَاكْبَرَۖ ﰗ
5967,88,25,30,593,الغَاشِية,Al-Ghāshiyah,إِنَّ إِلَيْنَآ إِيَابَهُمْ ﰘ
5968,88,26,30,593,الغَاشِية,Al-Ghāshiyah,ثُمَّ إِنَّ عَلَيْنَا حِسَابَهُمْۖ ﰙ
5969,89,1,30,593,الفَجر,Al-Fajr,وَالْفَجْرِ ﰀ
5970,89,2,30,593,الفَجر,Al-Fajr,وَلَيَالٍ عَشْرٖ ﰁ
5971,89,3,30,593,الفَجر,Al-Fajr,وَالشَّفْعِ وَالْوَتْرِ ﰂ
5972,89,4,30,593,الفَجر,Al-Fajr,وَاليْلِ إِذَا يَسْرِۦ ﰃ
5973,89,5,30,593,الفَجر,Al-Fajr,هَلْ فِے ذَٰلِكَ قَسَمٞ لِّذِے حِجْرٍۖ ﰄ
5974,89,6,30,593,الفَجر,Al-Fajr,اَلَمْ تَرَ كَيْفَ فَعَلَ رَبُّكَ بِعَادٍ ﰅ
5975,89,7,30,593,الفَجر,Al-Fajr,اِرَمَ ذَاتِ اِ۬لْعِمَادِ ﰆ
5976,89,8,30,593,الفَجر,Al-Fajr,اِ۬لتِے لَمْ يُخْلَقْ مِثْلُهَا فِے اِ۬لْبِلَٰدِ ﰇ
5977,89,9,30,593,الفَجر,Al-Fajr,وَثَمُودَ اَ۬لذِينَ جَابُواْ اُ۬لصَّخْرَ بِالْوَادِۦ ﰈ
5978,89,10,30,593,الفَجر,Al-Fajr,وَفِرْعَوْنَ ذِے اِ۬لَاوْتَادِ ﰉ
5979,89,11,30,593,الفَجر,Al-Fajr,اِ۬لذِينَ طَغَوْاْ فِے اِ۬لْبِلَٰدِ ﰊ
5980,89,12,30,593,الفَجر,Al-Fajr,فَأَكْثَرُواْ فِيهَا اَ۬لْفَسَادَ ﰋ
5981,89,13,30,593,الفَجر,Al-Fajr,فَصَبَّ عَلَيْهِمْ رَبُّكَ سَوْطَ عَذَابٍۖ ﰌ
5982,89,14,30,593,الفَجر,Al-Fajr,اِنَّ رَبَّكَ لَبِالْمِرْصَادِۖ ﰍ
5983,89,15,30,593,الفَجر,Al-Fajr,فَأَمَّا اَ۬لِانسَٰنُ إِذَا مَا اَ۪بْتَل۪يٰهُ رَبُّهُۥ فَأَكْرَمَهُۥ وَنَعَّمَهُۥ ﰎ
5984,89,16,30,593,الفَجر,Al-Fajr,فَيَقُولُ رَبِّيَ أَكْرَمَنِۦۖ ﰏ
5985,89,17,30,593,الفَجر,Al-Fajr,وَأَمَّآ إِذَا مَا اَ۪بْتَل۪يٰهُ فَقَدَرَ عَلَيْهِ رِزْقَهُۥ ﰐ
5986,89,18,30,593,الفَجر,Al-Fajr,فَيَقُولُ رَبِّيَ أَهَٰنَنِۦ ﰑ
5987,89,19,30,593,الفَجر,Al-Fajr,كَلَّاۖ بَل لَّا تُكْرِمُونَ اَ۬لْيَتِيمَ ﰒ
5988,89,20,30,593,الفَجر,Al-Fajr,وَلَا تَحُضُّونَ عَلَىٰ طَعَامِ اِ۬لْمِسْكِينِ ﰓ
5989,89,21,30,593,الفَجر,Al-Fajr,وَتَاكُلُونَ اَ۬لتُّرَاثَ أَكْلاٗ لَّمّاٗ ﰔ
5990,89,22,30,593,الفَجر,Al-Fajr,وَتُحِبُّونَ اَ۬لْمَالَ حُبّاٗ جَمّاٗ ﰕ
5991,89,23,30,593,الفَجر,Al-Fajr,كَلَّآۖ إِذَا دُكَّتِ اِ۬لَارْضُ دَكّاٗ دَكّاٗ ﰖ
5992,89,24,30,593,الفَجر,Al-Fajr,وَجَآءَ رَبُّكَ وَالْمَلَكُ صَفّاٗ صَفّاٗ ﰗ
5993,89,25,30,594,الفَجر,Al-Fajr,وَجِےٓءَ يَوْمَئِذِۢ بِجَهَنَّمَ ﰘ
5994,89,26,30,594,الفَجر,Al-Fajr,يَوْمَئِذٖ يَتَذَكَّرُ اُ۬لِانسَٰنُ وَأَنّ۪ىٰ لَهُ اُ۬لذِّكْر۪ىٰۖ ﰙ
5995,89,27,30,594,الفَجر,Al-Fajr,يَقُولُ يَٰلَيْتَنِے قَدَّمْتُ لِحَيَاتِےۖ ﰚ
5996,89,28,30,594,الفَجر,Al-Fajr,فَيَوْمَئِذٖ لَّا يُعَذِّبُ عَذَابَهُۥٓ أَحَدٞ ﰛ
5997,89,29,30,594,الفَجر,Al-Fajr,وَلَا يُوثِقُ وَثَاقَهُۥٓ أَحَدٞۖ ﰜ
5998,89,30,30,594,الفَجر,Al-Fajr,يَٰٓأَيَّتُهَا اَ۬لنَّفْسُ اُ۬لْمُطْمَئِنَّةُ ﰝ
5999,89,31,30,594,الفَجر,Al-Fajr,اُ۪رْجِعِےٓ إِلَىٰ رَبِّكِ رَاضِيَةٗ مَّرْضِيَّةٗ ﰞ
6000,89,32,30,594,الفَجر,Al-Fajr,فَادْخُلِے فِے عِبَٰدِے وَادْخُلِے جَنَّتِےۖ ﰟ
6001,90,1,30,594,البَلَد,Al-Balad,لَآ أُقْسِمُ بِهَٰذَا اَ۬لْبَلَدِ ﰀ
6002,90,2,30,594,البَلَد,Al-Balad,وَأَنتَ حِلُّۢ بِهَٰذَا اَ۬لْبَلَدِ ﰁ
6003,90,3,30,594,البَلَد,Al-Balad,وَوَالِدٖ وَمَا وَلَدَ ﰂ
6004,90,4,30,594,البَلَد,Al-Balad,لَقَدْ خَلَقْنَا اَ۬لِانسَٰنَ فِے كَبَدٍۖ ﰃ
6005,90,5,30,594,البَلَد,Al-Balad,اَيَحْسِبُ أَن لَّنْ يَّقْدِرَ عَلَيْهِ أَحَدٞ ﰄ
6006,90,6,30,594,البَلَد,Al-Balad,يَقُولُ أَهْلَكْتُ مَالاٗ لُّبَداًۖ ﰅ
6007,90,7,30,594,البَلَد,Al-Balad,اَيَحْسِبُ أَن لَّمْ يَرَهُۥٓ أَحَدٌۖ ﰆ
6008,90,8,30,594,البَلَد,Al-Balad,اَلَمْ نَجْعَل لَّهُۥ عَيْنَيْنِ ﰇ
6009,90,9,30,594,البَلَد,Al-Balad,وَلِسَاناٗ وَشَفَتَيْنِ ﰈ
6010,90,10,30,594,البَلَد,Al-Balad,وَهَدَيْنَٰهُ اُ۬لنَّجْدَيْنِۖ ﰉ
6011,90,11,30,594,البَلَد,Al-Balad,فَلَا اَ۪قْتَحَمَ اَ۬لْعَقَبَةَۖ ﰊ
6012,90,12,30,594,البَلَد,Al-Balad,وَمَآ أَدْر۪يٰكَ مَا اَ۬لْعَقَبَةُۖ ﰋ
6013,90,13,30,594,البَلَد,Al-Balad,فَكُّ رَقَبَةٍ ﰌ
6014,90,14,30,594,البَلَد,Al-Balad,اَوِ اِطْعَامٞ فِے يَوْمٖ ذِے مَسْغَبَةٖ ﰍ
6015,90,15,30,594,البَلَد,Al-Balad,يَتِيماٗ ذَا مَقْرَبَةٍ ﰎ
6016,90,16,30,594,البَلَد,Al-Balad,اَوْ مِسْكِيناٗ ذَا مَتْرَبَةٖۖ ﰏ
6017,90,17,30,594,البَلَد,Al-Balad,ثُمَّ كَانَ مِنَ اَ۬لذِينَ ءَامَنُواْ وَتَوَاصَوْاْ بِالصَّبْرِ وَتَوَاصَوْاْ بِالْمَرْحَمَةِۖ ﰐ
6018,90,18,30,594,البَلَد,Al-Balad,أُوْلَٰٓئِكَ أَصْحَٰبُ اُ۬لْمَيْمَنَةِۖ ﰑ
6019,90,19,30,595,البَلَد,Al-Balad,وَالذِينَ كَفَرُواْ بِـَٔايَٰتِنَا هُمُۥٓ أَصْحَٰبُ اُ۬لْمَشْـَٔمَةِۖ ﰒ
6020,90,20,30,595,البَلَد,Al-Balad,عَلَيْهِمْ نَارٞ مُّوصَدَةٞۖ ﰓ
6021,91,1,30,595,الشَّمس,Ash-Shams,وَالشَّمْسِ وَضُحَيٰهَا ﰀ
6022,91,2,30,595,الشَّمس,Ash-Shams,وَالْقَمَرِ إِذَا تَلَيٰهَا ﰁ
6023,91,3,30,595,الشَّمس,Ash-Shams,وَالنَّه۪ارِ إِذَا جَلَّيٰهَا ﰂ
6024,91,4,30,595,الشَّمس,Ash-Shams,وَاليْلِ إِذَا يَغْشَيٰهَا ﰃ
6025,91,5,30,595,الشَّمس,Ash-Shams,وَالسَّمَآءِ وَمَا بَنَيٰهَا ﰄ
6026,91,6,30,595,الشَّمس,Ash-Shams,وَالَارْضِ وَمَا طَحَيٰهَا ﰅ
6027,91,7,30,595,الشَّمس,Ash-Shams,وَنَفْسٖ وَمَا سَوَّيٰهَا ﰆ
6028,91,8,30,595,الشَّمس,Ash-Shams,فَأَلْهَمَهَا فُجُورَهَا وَتَقْوَيٰهَا ﰇ
6029,91,9,30,595,الشَّمس,Ash-Shams,قَدَ اَفْلَحَ مَن زَكَّيٰهَا ﰈ
6030,91,10,30,595,الشَّمس,Ash-Shams,وَقَدْ خَابَ مَن دَسَّيٰهَاۖ ﰉ
6031,91,11,30,595,الشَّمس,Ash-Shams,كَذَّبَتْ ثَمُودُ بِطَغْوَيٰهَآ ﰊ
6032,91,12,30,595,الشَّمس,Ash-Shams,إِذِ اِ۪نۢبَعَثَ أَشْقَيٰهَا ﰋ
6033,91,13,30,595,الشَّمس,Ash-Shams,فَقَالَ لَهُمْ رَسُولُ اُ۬للَّهِ نَاقَةَ اَ۬للَّهِ وَسُقْيَاهَا ﰌ
6034,91,14,30,595,الشَّمس,Ash-Shams,فَكَذَّبُوهُ فَعَقَرُوهَا فَدَمْدَمَ عَلَيْهِمْ رَبُّهُم بِذَنۢبِهِمْ فَسَوَّيٰهَاۖ ﰍ
6035,91,15,30,595,الشَّمس,Ash-Shams,فَلَا يَخَافُ عُقْبَٰهَاۖ ﰎ
6036,92,1,30,595,اللَّيل,Al-Lail,وَاليْلِ إِذَا يَغْش۪ىٰ ﰀ
6037,92,2,30,595,اللَّيل,Al-Lail,وَالنَّه۪ارِ إِذَا تَجَلّ۪ىٰ ﰁ
6038,92,3,30,595,اللَّيل,Al-Lail,وَمَا خَلَقَ اَ۬لذَّكَرَ وَالُانث۪ىٰٓ ﰂ
6039,92,4,30,595,اللَّيل,Al-Lail,إِنَّ سَعْيَكُمْ لَشَتّ۪ىٰۖ ﰃ
6040,92,5,30,595,اللَّيل,Al-Lail,فَأَمَّا مَنَ اَعْط۪ىٰ وَاتَّق۪ىٰ ﰄ
6041,92,6,30,595,اللَّيل,Al-Lail,وَصَدَّقَ بِالْحُسْن۪ىٰ ﰅ
6042,92,7,30,595,اللَّيل,Al-Lail,فَسَنُيَسِّرُهُۥ لِلْيُسْر۪ىٰۖ ﰆ
6043,92,8,30,595,اللَّيل,Al-Lail,وَأَمَّا مَنۢ بَخِلَ وَاسْتَغْن۪ىٰ ﰇ
6044,92,9,30,595,اللَّيل,Al-Lail,وَكَذَّبَ بِالْحُسْن۪ىٰ ﰈ
6045,92,10,30,596,اللَّيل,Al-Lail,فَسَنُيَسِّرُهُۥ لِلْعُسْر۪ىٰۖ ﰉ
6046,92,11,30,596,اللَّيل,Al-Lail,وَمَا يُغْنِے عَنْهُ مَالُهُۥٓ إِذَا تَرَدّ۪ىٰٓۖ ﰊ
6047,92,12,30,596,اللَّيل,Al-Lail,إِنَّ عَلَيْنَا لَلْهُد۪ىٰ ﰋ
6048,92,13,30,596,اللَّيل,Al-Lail,وَإِنَّ لَنَا لَلَاخِرَةَ وَالُاول۪ىٰۖ ﰌ
6049,92,14,30,596,اللَّيل,Al-Lail,فَأَنذَرْتُكُمْ نَاراٗ تَلَظّ۪ىٰ ﰍ
6050,92,15,30,596,اللَّيل,Al-Lail,لَا يَصْلَيٰهَآ إِلَّا اَ۬لَاشْقَي ﰎ
6051,92,16,30,596,اللَّيل,Al-Lail,اَ۬لذِے كَذَّبَ وَتَوَلّ۪ىٰۖ ﰏ
6052,92,17,30,596,اللَّيل,Al-Lail,وَسَيُجَنَّبُهَا اَ۬لَاتْقَي ﰐ
6053,92,18,30,596,اللَّيل,Al-Lail,اَ۬لذِے يُوتِے مَالَهُۥ يَتَزَكّ۪ىٰۖ ﰑ
6054,92,19,30,596,اللَّيل,Al-Lail,وَمَا لِأَحَدٍ عِندَهُۥ مِن نِّعْمَةٖ تُجْز۪ىٰٓ ﰒ
6055,92,20,30,596,اللَّيل,Al-Lail,إِلَّا اَ۪بْتِغَآءَ وَجْهِ رَبِّهِ اِ۬لَاعْل۪ىٰۖ ﰓ
6056,92,21,30,596,اللَّيل,Al-Lail,وَلَسَوْفَ يَرْض۪ىٰۖ ﰔ
6057,93,1,30,596,الضُّحى,Aḍ-Ḍuḥā,وَالضُّح۪ىٰ ﰀ
6058,93,2,30,596,الضُّحى,Aḍ-Ḍuḥā,وَاليْلِ إِذَا سَج۪ىٰ ﰁ
6059,93,3,30,596,الضُّحى,Aḍ-Ḍuḥā,مَا وَدَّعَكَ رَبُّكَ وَمَا قَل۪ىٰۖ ﰂ
6060,93,4,30,596,الضُّحى,Aḍ-Ḍuḥā,وَلَلَاخِرَةُ خَيْرٞ لَّكَ مِنَ اَ۬لُاول۪ىٰۖ ﰃ
6061,93,5,30,596,الضُّحى,Aḍ-Ḍuḥā,وَلَسَوْفَ يُعْطِيكَ رَبُّكَ فَتَرْض۪ىٰٓۖ ﰄ
6062,93,6,30,596,الضُّحى,Aḍ-Ḍuḥā,أَلَمْ يَجِدْكَ يَتِيماٗ فَـَٔاو۪ىٰ ﰅ
6063,93,7,30,596,الضُّحى,Aḍ-Ḍuḥā,وَوَجَدَكَ ضَآلّاٗ فَهَد۪ىٰ ﰆ
6064,93,8,30,596,الضُّحى,Aḍ-Ḍuḥā,وَوَجَدَكَ عَآئِلاٗ فَأَغْن۪ىٰۖ ﰇ
6065,93,9,30,596,الضُّحى,Aḍ-Ḍuḥā,فَأَمَّا اَ۬لْيَتِيمَ فَلَا تَقْهَرْۖ ﰈ
6066,93,10,30,596,الضُّحى,Aḍ-Ḍuḥā,وَأَمَّا اَ۬لسَّآئِلَ فَلَا تَنْهَرْۖ ﰉ
6067,93,11,30,596,الضُّحى,Aḍ-Ḍuḥā,وَأَمَّا بِنِعْمَةِ رَبِّكَ فَحَدِّثَۖ ﰊ
6068,94,1,30,596,الشَّرح,Ash-Sharḥ,اَلَمْ نَشْرَحْ لَكَ صَدْرَكَ ﰀ
6069,94,2,30,596,الشَّرح,Ash-Sharḥ,وَوَضَعْنَا عَنكَ وِزْرَكَ ﰁ
6070,94,3,30,597,الشَّرح,Ash-Sharḥ,اَ۬لذِےٓ أَنقَضَ ظَهْرَكَ ﰂ
6071,94,4,30,597,الشَّرح,Ash-Sharḥ,وَرَفَعْنَا لَكَ ذِكْرَكَۖ ﰃ
6072,94,5,30,597,الشَّرح,Ash-Sharḥ,فَإِنَّ مَعَ اَ۬لْعُسْرِ يُسْراً ﰄ
6073,94,6,30,597,الشَّرح,Ash-Sharḥ,اِنَّ مَعَ اَ۬لْعُسْرِ يُسْراٗۖ ﰅ
6074,94,7,30,597,الشَّرح,Ash-Sharḥ,فَإِذَا فَرَغْتَ فَانصَبْ ﰆ
6075,94,8,30,597,الشَّرح,Ash-Sharḥ,وَإِلَىٰ رَبِّكَ فَارْغَبْۖ ﰇ
6076,95,1,30,597,التِّين,At-Tīn,وَالتِّينِ وَالزَّيْتُونِ ﰀ
6077,95,2,30,597,التِّين,At-Tīn,وَطُورِ سِينِينَ ﰁ
6078,95,3,30,597,التِّين,At-Tīn,وَهَٰذَا اَ۬لْبَلَدِ اِ۬لَامِينِ ﰂ
6079,95,4,30,597,التِّين,At-Tīn,لَقَدْ خَلَقْنَا اَ۬لِانسَٰنَ فِےٓ أَحْسَنِ تَقْوِيمٖ ﰃ
6080,95,5,30,597,التِّين,At-Tīn,ثُمَّ رَدَدْنَٰهُ أَسْفَلَ سَٰفِلِينَ ﰄ
6081,95,6,30,597,التِّين,At-Tīn,إِلَّا اَ۬لذِينَ ءَامَنُواْ وَعَمِلُواْ اُ۬لصَّٰلِحَٰتِ فَلَهُمُۥٓ أَجْرٌ غَيْرُ مَمْنُونٖۖ ﰅ
6082,95,7,30,597,التِّين,At-Tīn,فَمَا يُكَذِّبُكَ بَعْدُ بِالدِّينِۖ ﰆ
6083,95,8,30,597,التِّين,At-Tīn,أَلَيْسَ اَ۬للَّهُ بِأَحْكَمِ اِ۬لْحَٰكِمِينَۖ ﰇ
6084,96,1,30,597,العَلَق,Al-‘Alaq,اَ۪قْرَأْ بِاسْمِ رَبِّكَ اَ۬لذِے خَلَقَۖ ﰀ
6085,96,2,30,597,العَلَق,Al-‘Alaq,خَلَقَ اَ۬لِانسَٰنَ مِنْ عَلَقٍۖ ﰁ
6086,96,3,30,597,العَلَق,Al-‘Alaq,اِ۪قْرَأْ وَرَبُّكَ اَ۬لَاكْرَمُ ﰂ
6087,96,4,30,597,العَلَق,Al-‘Alaq,اُ۬لذِے عَلَّمَ بِالْقَلَمِ ﰃ
6088,96,5,30,597,العَلَق,Al-‘Alaq,عَلَّمَ اَ۬لِانسَٰنَ مَا لَمْ يَعْلَمْۖ ﰄ
6089,96,6,30,597,العَلَق,Al-‘Alaq,كَلَّآ إِنَّ اَ۬لِانسَٰنَ لَيَطْغ۪ىٰٓ ﰅ
6090,96,7,30,597,العَلَق,Al-‘Alaq,أَن رّ۪ء۪اهُ اُ۪سْتَغْن۪ىٰٓۖ ﰆ
6091,96,8,30,597,العَلَق,Al-‘Alaq,إِنَّ إِلَىٰ رَبِّكَ اَ۬لرُّجْع۪ىٰٓۖ ﰇ
6092,96,9,30,597,العَلَق,Al-‘Alaq,أَرَٰٓيْتَ اَ۬لذِے يَنْه۪ىٰ ﰈ
6093,96,10,30,597,العَلَق,Al-‘Alaq,عَبْداً اِذَا صَلّ۪ىٰٓۖ ﰉ
6094,96,11,30,597,العَلَق,Al-‘Alaq,أَرَٰٓيْتَ إِن كَانَ عَلَى اَ۬لْهُد۪ىٰٓ ﰊ
6095,96,12,30,597,العَلَق,Al-‘Alaq,أَوَ اَمَرَ بِالتَّقْو۪ىٰٓۖ ﰋ
6096,96,13,30,598,العَلَق,Al-‘Alaq,أَرَٰٓيْتَ إِن كَذَّبَ وَتَوَلّ۪ىٰٓ ﰌ
6097,96,14,30,598,العَلَق,Al-‘Alaq,أَلَمْ يَعْلَم بِأَنَّ اَ۬للَّهَ يَر۪ىٰۖ ﰍ
6098,96,15,30,598,العَلَق,Al-‘Alaq,كَلَّا لَئِن لَّمْ يَنتَهِ ﰎ
6099,96,16,30,598,العَلَق,Al-‘Alaq,لَنَسْفَعاَۢ بِالنَّاصِيَةِ ﰏ
6100,96,17,30,598,العَلَق,Al-‘Alaq,نَاصِيَةٖ كَٰذِبَةٍ خَاطِئَةٖۖ ﰐ
6101,96,18,30,598,العَلَق,Al-‘Alaq,فَلْيَدْعُ نَادِيَهُۥ ﰑ
6102,96,19,30,598,العَلَق,Al-‘Alaq,سَنَدْعُ اُ۬لزَّبَانِيَةَۖ ﰒ
6103,96,20,30,598,العَلَق,Al-‘Alaq,كَلَّا لَا تُطِعْهُ وَاسْجُدْ وَاقْتَرِبِۖ۩ ﰓ
6104,97,1,30,598,القَدر,Al-Qadr,اِنَّآ أَنزَلْنَٰهُ فِے لَيْلَةِ اِ۬لْقَدْرِۖ ﰀ
6105,97,2,30,598,القَدر,Al-Qadr,وَمَآ أَدْر۪يٰكَ مَا لَيْلَةُ اُ۬لْقَدْرِۖ ﰁ
6106,97,3,30,598,القَدر,Al-Qadr,لَيْلَةُ اُ۬لْقَدْرِ خَيْرٞ مِّنَ اَلْفِ شَهْرٖۖ ﰂ
6107,97,4,30,598,القَدر,Al-Qadr,تَنَزَّلُ اُ۬لْمَلَٰٓئِكَةُ وَالرُّوحُ فِيهَا بِإِذْنِ رَبِّهِم مِّن كُلِّ أَمْرٖۖ ﰃ
6108,97,5,30,598,القَدر,Al-Qadr,سَلَٰمٌ هِيَ حَتَّىٰ مَطْلَعِ اِ۬لْفَجْرِۖ ﰄ
6109,98,1,30,598,البَينَة,Al-Bayyinah,لَمْ يَكُنِ اِ۬لذِينَ كَفَرُواْ مِنَ اَهْلِ اِ۬لْكِتَٰبِ وَالْمُشْرِكِينَ مُنفَكِّينَ حَتَّىٰ تَاتِيَهُمُ اُ۬لْبَيِّنَةُۖ ﰀ
6110,98,2,30,598,البَينَة,Al-Bayyinah,رَسُولٞ مِّنَ اَ۬للَّهِ يَتْلُواْ صُحُفاٗ مُّطَهَّرَةٗ ﰁ
6111,98,3,30,598,البَينَة,Al-Bayyinah,فِيهَا كُتُبٞ قَيِّمَةٞۖ ﰂ
6112,98,4,30,598,البَينَة,Al-Bayyinah,وَمَا تَفَرَّقَ اَ۬لذِينَ أُوتُواْ اُ۬لْكِتَٰبَ إِلَّا مِنۢ بَعْدِ مَا جَآءَتْهُمُ اُ۬لْبَيِّنَةُۖ ﰃ
6113,98,5,30,598,البَينَة,Al-Bayyinah,وَمَآ أُمِرُوٓاْ إِلَّا لِيَعْبُدُواْ اُ۬للَّهَ مُخْلِصِينَ لَهُ اُ۬لدِّينَ حُنَفَآءَ وَيُقِيمُواْ اُ۬لصَّلَوٰةَ وَيُوتُواْ اُ۬لزَّكَوٰةَۖ وَذَٰلِكَ دِينُ اُ۬لْقَيِّمَةِۖ ﰄ
6114,98,6,30,599,البَينَة,Al-Bayyinah,إِنَّ اَ۬لذِينَ كَفَرُواْ مِنَ اَهْلِ اِ۬لْكِتَٰبِ وَالْمُشْرِكِينَ فِے ن۪ارِ جَهَنَّمَ خَٰلِدِينَ فِيهَآۖ أُوْلَٰٓئِكَ هُمْ شَرُّ اُ۬لْبَرِيَٓٔةِۖ ﰅ
6115,98,7,30,599,البَينَة,Al-Bayyinah,إِنَّ اَ۬لذِينَ ءَامَنُواْ وَعَمِلُواْ اُ۬لصَّٰلِحَٰتِ أُوْلَٰٓئِكَ هُمْ خَيْرُ اُ۬لْبَرِيَٓٔةِۖ ﰆ
6116,98,8,30,599,البَينَة,Al-Bayyinah,جَزَآؤُهُمْ عِندَ رَبِّهِمْ جَنَّٰتُ عَدْنٖ تَجْرِے مِن تَحْتِهَا اَ۬لَانْهَٰرُ خَٰلِدِينَ فِيهَآ أَبَداٗۖ رَّضِيَ اَ۬للَّهُ عَنْهُمْ وَرَضُواْ عَنْهُۖ ذَٰلِكَ لِمَنْ خَشِيَ رَبَّهُۥٓۖ ﰇ
6117,99,1,30,599,الزَّلزَلة,Az-Zalzalah,إِذَا زُلْزِلَتِ اِ۬لَارْضُ زِلْزَالَهَا ﰀ
6118,99,2,30,599,الزَّلزَلة,Az-Zalzalah,وَأَخْرَجَتِ اِ۬لَارْضُ أَثْقَالَهَا ﰁ
6119,99,3,30,599,الزَّلزَلة,Az-Zalzalah,وَقَالَ اَ۬لِانسَٰنُ مَا لَهَا ﰂ
6120,99,4,30,599,الزَّلزَلة,Az-Zalzalah,يَوْمَئِذٖ تُحَدِّثُ أَخْبَارَهَا ﰃ
6121,99,5,30,599,الزَّلزَلة,Az-Zalzalah,بِأَنَّ رَبَّكَ أَوْح۪ىٰ لَهَاۖ ﰄ
6122,99,6,30,599,الزَّلزَلة,Az-Zalzalah,يَوْمَئِذٖ يَصْدُرُ اُ۬لنَّاسُ أَشْتَاتاٗ ﰅ
6123,99,7,30,599,الزَّلزَلة,Az-Zalzalah,لِّيُرَوَاْ اَعْمَٰلَهُمْۖ ﰆ
6124,99,8,30,599,الزَّلزَلة,Az-Zalzalah,فَمَنْ يَّعْمَلْ مِثْقَالَ ذَرَّةٍ خَيْراٗ يَرَهُۥۖ ﰇ
6125,99,9,30,599,الزَّلزَلة,Az-Zalzalah,وَمَنْ يَّعْمَلْ مِثْقَالَ ذَرَّةٖ شَرّاٗ يَرَهُۥۖ ﰈ
6126,100,1,30,599,العَاديَات,Al-‘Ādiyāt,وَالْعَٰدِيَٰتِ ضَبْحاٗ ﰀ
6127,100,2,30,599,العَاديَات,Al-‘Ādiyāt,فَالْمُورِيَٰتِ قَدْحاٗ ﰁ
6128,100,3,30,599,العَاديَات,Al-‘Ādiyāt,فَالْمُغِيرَٰتِ صُبْحاٗ ﰂ
6129,100,4,30,599,العَاديَات,Al-‘Ādiyāt,فَأَثَرْنَ بِهِۦ نَقْعاٗ ﰃ
6130,100,5,30,599,العَاديَات,Al-‘Ādiyāt,فَوَسَطْنَ بِهِۦ جَمْعاً ﰄ
6131,100,6,30,600,العَاديَات,Al-‘Ādiyāt,اِنَّ اَ۬لِانسَٰنَ لِرَبِّهِۦ لَكَنُودٞ ﰅ
6132,100,7,30,600,العَاديَات,Al-‘Ādiyāt,وَإِنَّهُۥ عَلَىٰ ذَٰلِكَ لَشَهِيدٞ ﰆ
6133,100,8,30,600,العَاديَات,Al-‘Ādiyāt,وَإِنَّهُۥ لِحُبِّ اِ۬لْخَيْرِ لَشَدِيدٌۖ ﰇ
6134,100,9,30,600,العَاديَات,Al-‘Ādiyāt,۞ اَفَلَا يَعْلَمُ إِذَا بُعْثِرَ مَا فِے اِ۬لْقُبُورِ ﰈ
6135,100,10,30,600,العَاديَات,Al-‘Ādiyāt,وَحُصِّلَ مَا فِے اِ۬لصُّدُورِ ﰉ
6136,100,11,30,600,العَاديَات,Al-‘Ādiyāt,إِنَّ رَبَّهُم بِهِمْ يَوْمَئِذٖ لَّخَبِيرٌۖ ﰊ
6137,101,1,30,600,القَارعَة,Al-Qāri‘ah,اِ۬لْقَارِعَةُ مَا اَ۬لْقَارِعَةُۖ ﰀ
6138,101,2,30,600,القَارعَة,Al-Qāri‘ah,وَمَآ أَدْر۪يٰكَ مَا اَ۬لْقَارِعَةُۖ ﰁ
6139,101,3,30,600,القَارعَة,Al-Qāri‘ah,يَوْمَ يَكُونُ اُ۬لنَّاسُ كَالْفَرَاشِ اِ۬لْمَبْثُوثِ ﰂ
6140,101,4,30,600,القَارعَة,Al-Qāri‘ah,وَتَكُونُ اُ۬لْجِبَالُ كَالْعِهْنِ اِ۬لْمَنفُوشِۖ ﰃ
6141,101,5,30,600,القَارعَة,Al-Qāri‘ah,فَأَمَّا مَن ثَقُلَتْ مَوَٰزِينُهُۥ ﰄ
6142,101,6,30,600,القَارعَة,Al-Qāri‘ah,فَهُوَ فِے عِيشَةٖ رَّاضِيَةٖۖ ﰅ
6143,101,7,30,600,القَارعَة,Al-Qāri‘ah,وَأَمَّا مَنْ خَفَّتْ مَوَٰزِينُهُۥ ﰆ
6144,101,8,30,600,القَارعَة,Al-Qāri‘ah,فَأُمُّهُۥ هَاوِيَةٞۖ ﰇ
6145,101,9,30,600,القَارعَة,Al-Qāri‘ah,وَمَآ أَدْر۪يٰكَ مَا هِيَهْۖ ﰈ
6146,101,10,30,600,القَارعَة,Al-Qāri‘ah,نَارٌ حَامِيَةٌۖ ﰉ
6147,102,1,30,600,التَّكاثُر,At-Takāthur,اَلْه۪يٰكُمُ اُ۬لتَّكَاثُرُ ﰀ
6148,102,2,30,600,التَّكاثُر,At-Takāthur,حَتَّىٰ زُرْتُمُ اُ۬لْمَقَابِرَۖ ﰁ
6149,102,3,30,600,التَّكاثُر,At-Takāthur,كَلَّا سَوْفَ تَعْلَمُونَ ﰂ
6150,102,4,30,600,التَّكاثُر,At-Takāthur,ثُمَّ كَلَّا سَوْفَ تَعْلَمُونَۖ ﰃ
6151,102,5,30,600,التَّكاثُر,At-Takāthur,كَلَّا لَوْ تَعْلَمُونَ عِلْمَ اَ۬لْيَقِينِۖ ﰄ
6152,102,6,30,600,التَّكاثُر,At-Takāthur,لَتَرَوُنَّ اَ۬لْجَحِيمَ ﰅ
6153,102,7,30,600,التَّكاثُر,At-Takāthur,ثُمَّ لَتَرَوُنَّهَا عَيْنَ اَ۬لْيَقِينِ ﰆ
6154,102,8,30,600,التَّكاثُر,At-Takāthur,ثُمَّ لَتُسْـَٔلُنَّ يَوْمَئِذٍ عَنِ اِ۬لنَّعِيمِۖ ﰇ
6155,103,1,30,601,العَصر,Al-‘Aṣr,وَالْعَصْرِ إِنَّ اَ۬لِانسَٰنَ لَفِے خُسْرٍ ﰀ
6156,103,2,30,601,العَصر,Al-‘Aṣr,اِلَّا اَ۬لذِينَ ءَامَنُواْ وَعَمِلُواْ اُ۬لصَّٰلِحَٰتِ وَتَوَاصَوْاْ بِالْحَقِّ ﰁ
6157,103,3,30,601,العَصر,Al-‘Aṣr,وَتَوَاصَوْاْ بِالصَّبْرِۖ ﰂ
6158,104,1,30,601,الهُمَزة,Al-Humazah,وَيْلٞ لِّكُلِّ هُمَزَةٖ لُّمَزَةٍ ﰀ
6159,104,2,30,601,الهُمَزة,Al-Humazah,اِ۬لذِے جَمَعَ مَالاٗ وَعَدَّدَهُۥ ﰁ
6160,104,3,30,601,الهُمَزة,Al-Humazah,يَحْسِبُ أَنَّ مَالَهُۥٓ أَخْلَدَهُۥ ﰂ
6161,104,4,30,601,الهُمَزة,Al-Humazah,كَلَّاۖ لَيُنۢبَذَنَّ فِے اِ۬لْحُطَمَةِۖ ﰃ
6162,104,5,30,601,الهُمَزة,Al-Humazah,وَمَآ أَدْر۪يٰكَ مَا اَ۬لْحُطَمَةُۖ ﰄ
6163,104,6,30,601,الهُمَزة,Al-Humazah,نَارُ اُ۬للَّهِ اِ۬لْمُوقَدَةُ ﰅ
6164,104,7,30,601,الهُمَزة,Al-Humazah,اُ۬لتِے تَطَّلِعُ عَلَى اَ۬لَافْـِٕدَةِۖ ﰆ
6165,104,8,30,601,الهُمَزة,Al-Humazah,إِنَّهَا عَلَيْهِم مُّوصَدَةٞ ﰇ
6166,104,9,30,601,الهُمَزة,Al-Humazah,فِے عَمَدٖ مُّمَدَّدَةٍۖ ﰈ
6167,105,1,30,601,الفِيل,Al-Fīl,اَلَمْ تَرَ كَيْفَ فَعَلَ رَبُّكَ بِأَصْحَٰبِ اِ۬لْفِيلِۖ ﰀ
6168,105,2,30,601,الفِيل,Al-Fīl,أَلَمْ يَجْعَلْ كَيْدَهُمْ فِے تَضْلِيلٖ ﰁ
6169,105,3,30,601,الفِيل,Al-Fīl,وَأَرْسَلَ عَلَيْهِمْ طَيْراً اَبَابِيلَ ﰂ
6170,105,4,30,601,الفِيل,Al-Fīl,تَرْمِيهِم بِحِجَارَةٖ مِّن سِجِّيلٖ ﰃ
6171,105,5,30,601,الفِيل,Al-Fīl,فَجَعَلَهُمْ كَعَصْفٖ مَّاكُولٖۖ ﰄ
6172,106,1,30,602,قُرَيش,Quraish,لِّإِيلَٰفِ قُرَيْشٍ ﰀ
6173,106,2,30,602,قُرَيش,Quraish,اِيلَٰفِهِمْ رِحْلَةَ اَ۬لشِّتَآءِ وَالصَّيْفِۖ ﰁ
6174,106,3,30,602,قُرَيش,Quraish,فَلْيَعْبُدُواْ رَبَّ هَٰذَا اَ۬لْبَيْتِ ﰂ
6175,106,4,30,602,قُرَيش,Quraish,اِ۬لذِےٓ أَطْعَمَهُم مِّن جُوعٖ ﰃ
6176,106,5,30,602,قُرَيش,Quraish,وَءَامَنَهُم مِّنْ خَوْفٍۖ ﰄ
6177,107,1,30,602,المَاعُون,Al-Mā‘ūn,اَرَٰٓيْتَ اَ۬لذِے يُكَذِّبُ بِالدِّينِ ﰀ
6178,107,2,30,602,المَاعُون,Al-Mā‘ūn,فَذَٰلِكَ اَ۬لذِے يَدُعُّ اُ۬لْيَتِيمَ ﰁ
6179,107,3,30,602,المَاعُون,Al-Mā‘ūn,وَلَا يَحُضُّ عَلَىٰ طَعَامِ اِ۬لْمِسْكِينِۖ ﰂ
6180,107,4,30,602,المَاعُون,Al-Mā‘ūn,فَوَيْلٞ لِّلْمُصَلِّينَ ﰃ
6181,107,5,30,602,المَاعُون,Al-Mā‘ūn,اَ۬لذِينَ هُمْ عَن صَلَاتِهِمْ سَاهُونَ ﰄ
6182,107,6,30,602,المَاعُون,Al-Mā‘ūn,اَ۬لذِينَ هُمْ يُرَآءُونَ وَيَمْنَعُونَ اَ۬لْمَاعُونَۖ ﰅ
6183,108,1,30,602,الكَوثر,Al-Kauthar,إِنَّآ أَعْطَيْنَٰكَ اَ۬لْكَوْثَرَ ﰀ
6184,108,2,30,602,الكَوثر,Al-Kauthar,فَصَلِّ لِرَبِّكَ وَانْحَرِۖ ﰁ
6185,108,3,30,602,الكَوثر,Al-Kauthar,اِنَّ شَانِئَكَ هُوَ اَ۬لَابْتَرُۖ ﰂ
6186,109,1,30,603,الكافِرون,Al-Kāfirūn,قُلْ يَٰٓأَيُّهَا اَ۬لْكَٰفِرُونَ ﰀ
6187,109,2,30,603,الكافِرون,Al-Kāfirūn,لَآ أَعْبُدُ مَا تَعْبُدُونَ ﰁ
6188,109,3,30,603,الكافِرون,Al-Kāfirūn,وَلَآ أَنتُمْ عَٰبِدُونَ مَآ أَعْبُدُۖ ﰂ
6189,109,4,30,603,الكافِرون,Al-Kāfirūn,وَلَآ أَنَا عَابِدٞ مَّا عَبَدتُّمْ ﰃ
6190,109,5,30,603,الكافِرون,Al-Kāfirūn,وَلَآ أَنتُمْ عَٰبِدُونَ مَآ أَعْبُدُۖ ﰄ
6191,109,6,30,603,الكافِرون,Al-Kāfirūn,لَكُمْ دِينُكُمْ وَلِيَ دِينِۖ ﰅ
6192,110,1,30,603,النَّصر,An-Naṣr,إِذَا جَآءَ نَصْرُ اُ۬للَّهِ وَالْفَتْحُ ﰀ
6193,110,2,30,603,النَّصر,An-Naṣr,وَرَأَيْتَ اَ۬لنَّاسَ يَدْخُلُونَ فِے دِينِ اِ۬للَّهِ أَفْوَاجاٗ ﰁ
6194,110,3,30,603,النَّصر,An-Naṣr,فَسَبِّحْ بِحَمْدِ رَبِّكَ وَاسْتَغْفِرْهُۖ إِنَّهُۥ كَانَ تَوَّاباٗۖ ﰂ
6195,111,1,30,603,المَسَد,Al-Masad,تَبَّتْ يَدَآ أَبِے لَهَبٖ وَتَبَّۖ ﰀ
6196,111,2,30,603,المَسَد,Al-Masad,مَآ أَغْن۪ىٰ عَنْهُ مَالُهُۥ وَمَا كَسَبَۖ ﰁ
6197,111,3,30,603,المَسَد,Al-Masad,سَيَصْلَىٰ نَاراٗ ذَاتَ لَهَبٖ ﰂ
6198,111,4,30,603,المَسَد,Al-Masad,وَامْرَأَتُهُۥۖ حَمَّالَةُ اُ۬لْحَطَبِ ﰃ
6199,111,5,30,603,المَسَد,Al-Masad,فِے جِيدِهَا حَبْلٞ مِّن مَّسَدٖۖ ﰄ
6200,112,1,30,604,الإخلَاص,Al-Ikhlāṣ,قُلْ هُوَ اَ۬للَّهُ أَحَدٌۖ ﰀ
6201,112,2,30,604,الإخلَاص,Al-Ikhlāṣ,اِ۬للَّهُ اُ۬لصَّمَدُۖ ﰁ
6202,112,3,30,604,الإخلَاص,Al-Ikhlāṣ,لَمْ يَلِدْ وَلَمْ يُولَدْۖ ﰂ
6203,112,4,30,604,الإخلَاص,Al-Ikhlāṣ,وَلَمْ يَكُن لَّهُۥ كُفُؤاً اَحَدٞۖ ﰃ
6204,113,1,30,604,الفَلَق,Al-Falaq,قُلَ اَعُوذُ بِرَبِّ اِ۬لْفَلَقِ ﰀ
6205,113,2,30,604,الفَلَق,Al-Falaq,مِن شَرِّ مَا خَلَقَ ﰁ
6206,113,3,30,604,الفَلَق,Al-Falaq,وَمِن شَرِّ غَاسِقٍ اِذَا وَقَبَ ﰂ
6207,113,4,30,604,الفَلَق,Al-Falaq,وَمِن شَرِّ اِ۬لنَّفَّٰثَٰتِ فِے اِ۬لْعُقَدِ ﰃ
6208,113,5,30,604,الفَلَق,Al-Falaq,وَمِن شَرِّ حَاسِدٍ اِذَا حَسَدَۖ ﰄ
6209,114,1,30,604,النَّاس,An-Nās,قُلَ اَعُوذُ بِرَبِّ اِ۬لنَّاسِ ﰀ
6210,114,2,30,604,النَّاس,An-Nās,مَلِكِ اِ۬لنَّاسِ ﰁ
6211,114,3,30,604,النَّاس,An-Nās,إِلَٰهِ اِ۬لنَّاسِ ﰂ
6212,114,4,30,604,النَّاس,An-Nās,مِن شَرِّ اِ۬لْوَسْوَاسِ اِ۬لْخَنَّاسِ ﰃ
6213,114,5,30,604,النَّاس,An-Nās,اِ۬لذِے يُوَسْوِسُ فِے صُدُورِ اِ۬لنَّاسِ ﰄ
6214,114,6,30,604,النَّاس,An-Nās,مِنَ اَ۬لْجِنَّةِ وَالنَّاسِۖ ﰅ
